mediaID,mediaComments,sequenceID,eventID,deploymentID,observationType,scientificName,confidence,classifiedBy,deploymentTags,true_species,pred_species
63028379-6538-4441-8d4c-17dbfc0a39b2,sequenceID:fdc345f2-323c-4304-aae8-88e70c309f14,fdc345f2-323c-4304-aae8-88e70c309f14,fdc345f2-323c-4304-aae8-88e70c309f14,097f6b30-6c02-4e99-8e75-794640936b75,unclassified,Unclassified,0.0,,Oryctolagus cuniculus,oryctolagus cuniculus,unclassified
3db3420d-c277-4a40-a2a6-4f9a4c1d6156,sequenceID:c92b5c7a-991d-43dd-8a4c-31a991e4cecb,c92b5c7a-991d-43dd-8a4c-31a991e4cecb,c92b5c7a-991d-43dd-8a4c-31a991e4cecb,097f6b30-6c02-4e99-8e75-794640936b75,unclassified,Unclassified,0.0,,Oryctolagus cuniculus,oryctolagus cuniculus,unclassified
5cbe5c7f-a1d8-4072-b1b8-d9b7ebbd2e30,sequenceID:afda266a-5bba-40ae-90f8-3a69daf68c85,afda266a-5bba-40ae-90f8-3a69daf68c85,afda266a-5bba-40ae-90f8-3a69daf68c85,097f6b30-6c02-4e99-8e75-794640936b75,unclassified,Unclassified,0.95,addaxai VIC,Oryctolagus cuniculus,oryctolagus cuniculus,unclassified
cc409fe7-e450-4c8c-bdc0-46bc864591df,sequenceID:0652720f-5bf0-449e-a09a-1cdbdbd503de,0652720f-5bf0-449e-a09a-1cdbdbd503de,0652720f-5bf0-449e-a09a-1cdbdbd503de,097f6b30-6c02-4e99-8e75-794640936b75,animal,Charadriiformes,0.92,addaxai VIC,Oryctolagus cuniculus,oryctolagus cuniculus,charadriiformes
8a1ef594-8c29-4b8e-9e3e-359dc6e47a22,sequenceID:0652720f-5bf0-449e-a09a-1cdbdbd503de,0652720f-5bf0-449e-a09a-1cdbdbd503de,0652720f-5bf0-449e-a09a-1cdbdbd503de,097f6b30-6c02-4e99-8e75-794640936b75,animal,Charadriiformes,0.92,addaxai VIC,Oryctolagus cuniculus,oryctolagus cuniculus,charadriiformes
83efeba1-50ae-45df-be7b-72b365eaa67a,sequenceID:6e785723-dc9b-438b-ba34-2ca9016ca753,6e785723-dc9b-438b-ba34-2ca9016ca753,6e785723-dc9b-438b-ba34-2ca9016ca753,097f6b30-6c02-4e99-8e75-794640936b75,unclassified,Unclassified,0.0,,Oryctolagus cuniculus,oryctolagus cuniculus,unclassified
c930c76a-c84d-4009-8334-60d1d9b0f228,sequenceID:3d57fe84-5fa0-418c-842f-e42820c2c43e,3d57fe84-5fa0-418c-842f-e42820c2c43e,3d57fe84-5fa0-418c-842f-e42820c2c43e,097f6b30-6c02-4e99-8e75-794640936b75,animal,Leporidae,0.72,addaxai VIC,Oryctolagus cuniculus,oryctolagus cuniculus,leporidae
3445d741-29dd-48fe-bf3b-e3219cf2ab5c,sequenceID:b4ac1666-dfda-4ef7-b55b-d8562c44fa67,b4ac1666-dfda-4ef7-b55b-d8562c44fa67,b4ac1666-dfda-4ef7-b55b-d8562c44fa67,097f6b30-6c02-4e99-8e75-794640936b75,unclassified,Unclassified,0.0,,Oryctolagus cuniculus,oryctolagus cuniculus,unclassified
53dbb360-9df1-44cf-9436-e4099f10d756,sequenceID:14f429ff-4d62-453d-aa0e-1360903a5595,14f429ff-4d62-453d-aa0e-1360903a5595,14f429ff-4d62-453d-aa0e-1360903a5595,097f6b30-6c02-4e99-8e75-794640936b75,unclassified,Unclassified,0.0,,Oryctolagus cuniculus,oryctolagus cuniculus,unclassified
b0e4d784-bf94-461e-a9dd-0847c5231cb8,sequenceID:9d72901c-14b0-48e7-acc5-aa5506ce6009,9d72901c-14b0-48e7-acc5-aa5506ce6009,9d72901c-14b0-48e7-acc5-aa5506ce6009,097f6b30-6c02-4e99-8e75-794640936b75,unclassified,Unclassified,0.0,,Oryctolagus cuniculus,oryctolagus cuniculus,unclassified
78fc3197-e239-40c2-997f-4d24f85a0122,sequenceID:ab30e5a5-c868-44db-be66-cb4bf228c5f7,ab30e5a5-c868-44db-be66-cb4bf228c5f7,ab30e5a5-c868-44db-be66-cb4bf228c5f7,097f6b30-6c02-4e99-8e75-794640936b75,unclassified,Unclassified,0.0,,Oryctolagus cuniculus,oryctolagus cuniculus,unclassified
f847e0a3-8c42-4a94-b133-4fb0bf21de43,sequenceID:ab30e5a5-c868-44db-be66-cb4bf228c5f7,ab30e5a5-c868-44db-be66-cb4bf228c5f7,ab30e5a5-c868-44db-be66-cb4bf228c5f7,097f6b30-6c02-4e99-8e75-794640936b75,unclassified,Unclassified,0.0,,Oryctolagus cuniculus,oryctolagus cuniculus,unclassified
2c5da584-535e-4e48-87fc-aaaf4b8f3077,sequenceID:8a8a5c7d-70b4-4510-96a1-818c128403e9,8a8a5c7d-70b4-4510-96a1-818c128403e9,8a8a5c7d-70b4-4510-96a1-818c128403e9,097f6b30-6c02-4e99-8e75-794640936b75,unclassified,Unclassified,0.87,addaxai VIC,Oryctolagus cuniculus,oryctolagus cuniculus,unclassified
42308f54-ed95-4c34-9b34-9c4764cde2b0,sequenceID:dc6cfc37-6c78-4de6-b4b0-88a19415193e,dc6cfc37-6c78-4de6-b4b0-88a19415193e,dc6cfc37-6c78-4de6-b4b0-88a19415193e,097f6b30-6c02-4e99-8e75-794640936b75,unclassified,Unclassified,0.91,addaxai VIC,Oryctolagus cuniculus,oryctolagus cuniculus,unclassified
222be79e-6fcd-46b0-891b-9e3fc325b5c7,sequenceID:07bb9eda-39ee-4153-a75e-60ac7b018d60,07bb9eda-39ee-4153-a75e-60ac7b018d60,07bb9eda-39ee-4153-a75e-60ac7b018d60,097f6b30-6c02-4e99-8e75-794640936b75,unclassified,Unclassified,0.97,addaxai VIC,Oryctolagus cuniculus,oryctolagus cuniculus,unclassified
e544a46c-d331-49c2-8bb2-ffd367510b78,sequenceID:f165d888-80f8-431b-afaa-395e1c214be1,f165d888-80f8-431b-afaa-395e1c214be1,f165d888-80f8-431b-afaa-395e1c214be1,097f6b30-6c02-4e99-8e75-794640936b75,animal,Lepus capensis,0.77,addaxai VIC,Oryctolagus cuniculus,oryctolagus cuniculus,lepus capensis
9507d955-629e-448b-b777-e2232aa9c9af,sequenceID:470c835c-d606-4aa6-99c5-48dcd6a2a1e1,470c835c-d606-4aa6-99c5-48dcd6a2a1e1,470c835c-d606-4aa6-99c5-48dcd6a2a1e1,097f6b30-6c02-4e99-8e75-794640936b75,animal,Leporidae,0.86,addaxai VIC,Oryctolagus cuniculus,oryctolagus cuniculus,leporidae
3acd56b8-772e-4d93-a456-33aa5ca37a02,sequenceID:b42bb192-330b-4020-8508-c9ade8917b5a,b42bb192-330b-4020-8508-c9ade8917b5a,b42bb192-330b-4020-8508-c9ade8917b5a,097f6b30-6c02-4e99-8e75-794640936b75,unclassified,Unclassified,0.84,addaxai VIC,Oryctolagus cuniculus,oryctolagus cuniculus,unclassified
6bcd8153-6d8a-4cdb-8893-8e3cb9ed13cb,sequenceID:1f8c664b-60bc-44c2-afea-812b4793b38c,1f8c664b-60bc-44c2-afea-812b4793b38c,1f8c664b-60bc-44c2-afea-812b4793b38c,097f6b30-6c02-4e99-8e75-794640936b75,unclassified,Unclassified,0.95,addaxai VIC,Oryctolagus cuniculus,oryctolagus cuniculus,unclassified
d3eddb4a-0ff7-4c5c-9088-cdac9356cac5,sequenceID:b5470373-2a2e-48c8-8775-882814c6398d,b5470373-2a2e-48c8-8775-882814c6398d,b5470373-2a2e-48c8-8775-882814c6398d,097f6b30-6c02-4e99-8e75-794640936b75,unclassified,Unclassified,0.0,,Oryctolagus cuniculus,oryctolagus cuniculus,unclassified
a20d5d47-0ef4-4623-857c-7463a489b82c,sequenceID:7f8285ca-861b-43fe-bb00-2ca5767b742e,7f8285ca-861b-43fe-bb00-2ca5767b742e,7f8285ca-861b-43fe-bb00-2ca5767b742e,097f6b30-6c02-4e99-8e75-794640936b75,unclassified,Unclassified,0.0,,Oryctolagus cuniculus,oryctolagus cuniculus,unclassified
adb1675b-a2c3-439e-8c7c-b75819bccaa2,sequenceID:065e7393-6fb4-4c76-9f5f-40dbd3b1cc61,065e7393-6fb4-4c76-9f5f-40dbd3b1cc61,065e7393-6fb4-4c76-9f5f-40dbd3b1cc61,097f6b30-6c02-4e99-8e75-794640936b75,unclassified,Unclassified,0.0,,Oryctolagus cuniculus,oryctolagus cuniculus,unclassified
a634b859-fc0c-4fa6-ad55-fac83430329f,sequenceID:b2a4d99b-8387-4853-994a-62ae05c4fcc8,b2a4d99b-8387-4853-994a-62ae05c4fcc8,b2a4d99b-8387-4853-994a-62ae05c4fcc8,097f6b30-6c02-4e99-8e75-794640936b75,unclassified,Unclassified,0.9,addaxai VIC,Oryctolagus cuniculus,oryctolagus cuniculus,unclassified
cd2d203e-6b00-4e17-85c5-de61dd0fd4e6,sequenceID:d3107cef-3073-483c-acc7-ef5ab91efa87,d3107cef-3073-483c-acc7-ef5ab91efa87,d3107cef-3073-483c-acc7-ef5ab91efa87,097f6b30-6c02-4e99-8e75-794640936b75,animal,Leporidae,0.86,addaxai VIC,Oryctolagus cuniculus,oryctolagus cuniculus,leporidae
4427e8ed-5eb9-4912-803a-6f72c9041003,sequenceID:0bd5fd45-7751-49ec-a5d0-148d868ee65d,0bd5fd45-7751-49ec-a5d0-148d868ee65d,0bd5fd45-7751-49ec-a5d0-148d868ee65d,097f6b30-6c02-4e99-8e75-794640936b75,animal,Leporidae,0.96,addaxai VIC,Oryctolagus cuniculus,oryctolagus cuniculus,leporidae
d39f3ddf-b26e-4938-82ed-e6b13161270f,sequenceID:f340af68-16e2-4f8a-91d4-9d96f97cb2f1,f340af68-16e2-4f8a-91d4-9d96f97cb2f1,f340af68-16e2-4f8a-91d4-9d96f97cb2f1,097f6b30-6c02-4e99-8e75-794640936b75,unclassified,Unclassified,0.95,addaxai VIC,Oryctolagus cuniculus,oryctolagus cuniculus,unclassified
2e5e54c2-3f03-4969-96ba-1cb2bbf0a08a,sequenceID:51ae7ad1-9db7-494d-b551-b05822573616,51ae7ad1-9db7-494d-b551-b05822573616,51ae7ad1-9db7-494d-b551-b05822573616,097f6b30-6c02-4e99-8e75-794640936b75,unclassified,Unclassified,0.95,addaxai VIC,Oryctolagus cuniculus,oryctolagus cuniculus,unclassified
263a2d3d-24f0-4d7f-9d3d-6074d8095977,sequenceID:f9942445-c803-419f-a265-7150316304ae,f9942445-c803-419f-a265-7150316304ae,f9942445-c803-419f-a265-7150316304ae,097f6b30-6c02-4e99-8e75-794640936b75,unclassified,Unclassified,0.0,,Oryctolagus cuniculus,oryctolagus cuniculus,unclassified
2a7b5a9b-41c8-4ac5-af3b-8f22e7eb8a7f,sequenceID:f9a784ff-bec3-4145-bac6-793882a584c3,f9a784ff-bec3-4145-bac6-793882a584c3,f9a784ff-bec3-4145-bac6-793882a584c3,097f6b30-6c02-4e99-8e75-794640936b75,unclassified,Unclassified,0.94,addaxai VIC,Oryctolagus cuniculus,oryctolagus cuniculus,unclassified
3f864e5a-4877-439c-b588-ea88ce8dd495,sequenceID:f9a784ff-bec3-4145-bac6-793882a584c3,f9a784ff-bec3-4145-bac6-793882a584c3,f9a784ff-bec3-4145-bac6-793882a584c3,097f6b30-6c02-4e99-8e75-794640936b75,unclassified,Unclassified,0.94,addaxai VIC,Oryctolagus cuniculus,oryctolagus cuniculus,unclassified
72cba50e-ec66-402b-8a2c-020f9903ef22,sequenceID:1edf6503-33c0-4188-b483-825a7afa110f,1edf6503-33c0-4188-b483-825a7afa110f,1edf6503-33c0-4188-b483-825a7afa110f,097f6b30-6c02-4e99-8e75-794640936b75,animal,Mammalia,0.75,addaxai VIC,Oryctolagus cuniculus,oryctolagus cuniculus,mammalia
72cba50e-ec66-402b-8a2c-020f9903ef22,sequenceID:1edf6503-33c0-4188-b483-825a7afa110f,1edf6503-33c0-4188-b483-825a7afa110f,1edf6503-33c0-4188-b483-825a7afa110f,097f6b30-6c02-4e99-8e75-794640936b75,unclassified,Unclassified,0.91,addaxai VIC,Oryctolagus cuniculus,oryctolagus cuniculus,unclassified
3b301750-966f-4dd7-8e90-6235b2dd697a,sequenceID:98e064a7-7576-4bd4-ac30-f4b0b96c5195,98e064a7-7576-4bd4-ac30-f4b0b96c5195,98e064a7-7576-4bd4-ac30-f4b0b96c5195,097f6b30-6c02-4e99-8e75-794640936b75,unclassified,Unclassified,0.86,addaxai VIC,Oryctolagus cuniculus,oryctolagus cuniculus,unclassified
3b301750-966f-4dd7-8e90-6235b2dd697a,sequenceID:98e064a7-7576-4bd4-ac30-f4b0b96c5195,98e064a7-7576-4bd4-ac30-f4b0b96c5195,98e064a7-7576-4bd4-ac30-f4b0b96c5195,097f6b30-6c02-4e99-8e75-794640936b75,animal,Charadriiformes,0.91,addaxai VIC,Oryctolagus cuniculus,oryctolagus cuniculus,charadriiformes
c65f2cc5-4585-4ba7-b0db-40258ee9ba76,sequenceID:b3d08d51-8c1d-416a-9437-6e153df46887,b3d08d51-8c1d-416a-9437-6e153df46887,b3d08d51-8c1d-416a-9437-6e153df46887,097f6b30-6c02-4e99-8e75-794640936b75,animal,Charadriiformes,0.77,addaxai VIC,Oryctolagus cuniculus,oryctolagus cuniculus,charadriiformes
2a51f024-59bb-41eb-9feb-4028df11af18,sequenceID:6e88f6de-25b0-4ce2-a085-51a98bddf872,6e88f6de-25b0-4ce2-a085-51a98bddf872,6e88f6de-25b0-4ce2-a085-51a98bddf872,097f6b30-6c02-4e99-8e75-794640936b75,unclassified,Unclassified,0.94,addaxai VIC,Oryctolagus cuniculus,oryctolagus cuniculus,unclassified
3968aae3-ddb9-49fc-9fa7-3a7c102d0ba5,sequenceID:6e88f6de-25b0-4ce2-a085-51a98bddf872,6e88f6de-25b0-4ce2-a085-51a98bddf872,6e88f6de-25b0-4ce2-a085-51a98bddf872,097f6b30-6c02-4e99-8e75-794640936b75,unclassified,Unclassified,0.94,addaxai VIC,Oryctolagus cuniculus,oryctolagus cuniculus,unclassified
11c9c2b8-4b2b-41e6-97c4-23d714755cbf,sequenceID:555866c5-6303-460d-82f4-755e8068c1ed,555866c5-6303-460d-82f4-755e8068c1ed,555866c5-6303-460d-82f4-755e8068c1ed,097f6b30-6c02-4e99-8e75-794640936b75,animal,Leporidae,0.7,addaxai VIC,Oryctolagus cuniculus,oryctolagus cuniculus,leporidae
b295ab7b-53ca-4b60-84bf-69530581db28,sequenceID:61144d1b-1daa-4143-8e85-02144ff30446,61144d1b-1daa-4143-8e85-02144ff30446,61144d1b-1daa-4143-8e85-02144ff30446,097f6b30-6c02-4e99-8e75-794640936b75,unclassified,Unclassified,0.81,addaxai VIC,Oryctolagus cuniculus,oryctolagus cuniculus,unclassified
65357e49-89ac-4c12-b6b5-f588abed458c,sequenceID:093ffca4-6ca0-4dbe-afd5-8d988ac7a79a,093ffca4-6ca0-4dbe-afd5-8d988ac7a79a,093ffca4-6ca0-4dbe-afd5-8d988ac7a79a,097f6b30-6c02-4e99-8e75-794640936b75,unclassified,Unclassified,0.97,addaxai VIC,Oryctolagus cuniculus,oryctolagus cuniculus,unclassified
97c2c53a-8f2d-4c9e-bc81-5092a92d2b87,sequenceID:43ebc7c7-e459-46e0-ad49-9bc21ec4f464,43ebc7c7-e459-46e0-ad49-9bc21ec4f464,43ebc7c7-e459-46e0-ad49-9bc21ec4f464,097f6b30-6c02-4e99-8e75-794640936b75,animal,Mammalia,0.65,addaxai VIC,Oryctolagus cuniculus,oryctolagus cuniculus,mammalia
26c60260-a253-4173-acaf-1e2e58f9799f,sequenceID:a24ccd58-2db4-4909-9003-0dacca25930f,a24ccd58-2db4-4909-9003-0dacca25930f,a24ccd58-2db4-4909-9003-0dacca25930f,097f6b30-6c02-4e99-8e75-794640936b75,animal,Mammalia,0.87,addaxai VIC,Oryctolagus cuniculus,oryctolagus cuniculus,mammalia
60f68ada-4e5a-4ec0-9f52-5e8335abb5b1,sequenceID:a2a06603-e3ca-40db-a8c5-696390945752,a2a06603-e3ca-40db-a8c5-696390945752,a2a06603-e3ca-40db-a8c5-696390945752,097f6b30-6c02-4e99-8e75-794640936b75,unclassified,Unclassified,0.8,addaxai VIC,Oryctolagus cuniculus,oryctolagus cuniculus,unclassified
5f1aa1b6-db33-43b5-bb6d-03c0b8949d9f,sequenceID:faf4c5f0-04cf-4087-8088-70ef8e83a966,faf4c5f0-04cf-4087-8088-70ef8e83a966,faf4c5f0-04cf-4087-8088-70ef8e83a966,097f6b30-6c02-4e99-8e75-794640936b75,unclassified,Unclassified,0.92,addaxai VIC,Oryctolagus cuniculus,oryctolagus cuniculus,unclassified
db85bdfd-ccd9-45d1-9b1b-282921c21297,sequenceID:8153e533-19c1-4d47-86fe-bd94d1af7526,8153e533-19c1-4d47-86fe-bd94d1af7526,8153e533-19c1-4d47-86fe-bd94d1af7526,097f6b30-6c02-4e99-8e75-794640936b75,unclassified,Unclassified,0.91,addaxai VIC,Oryctolagus cuniculus,oryctolagus cuniculus,unclassified
53f5cebb-0761-4b80-a7ea-4d2b250cd7ff,sequenceID:269a4ad3-1e6d-49d7-8f6e-e753e29253b9,269a4ad3-1e6d-49d7-8f6e-e753e29253b9,269a4ad3-1e6d-49d7-8f6e-e753e29253b9,097f6b30-6c02-4e99-8e75-794640936b75,unclassified,Unclassified,0.9,addaxai VIC,Oryctolagus cuniculus,oryctolagus cuniculus,unclassified
27c7011a-6a0d-475e-a6d3-a58f4569c77d,sequenceID:4704c71b-6957-42a3-958a-b74514ddd99c,4704c71b-6957-42a3-958a-b74514ddd99c,4704c71b-6957-42a3-958a-b74514ddd99c,097f6b30-6c02-4e99-8e75-794640936b75,unclassified,Unclassified,0.87,addaxai VIC,Oryctolagus cuniculus,oryctolagus cuniculus,unclassified
81fa1a97-4c27-41b8-85f4-96455d5788c2,sequenceID:52ba137b-7ffc-4b54-b103-c5ff68d6e219,52ba137b-7ffc-4b54-b103-c5ff68d6e219,52ba137b-7ffc-4b54-b103-c5ff68d6e219,097f6b30-6c02-4e99-8e75-794640936b75,unclassified,Unclassified,0.0,,Oryctolagus cuniculus,oryctolagus cuniculus,unclassified
b6111397-dde4-4fa8-8448-cd1afe1d9497,sequenceID:52ba137b-7ffc-4b54-b103-c5ff68d6e219,52ba137b-7ffc-4b54-b103-c5ff68d6e219,52ba137b-7ffc-4b54-b103-c5ff68d6e219,097f6b30-6c02-4e99-8e75-794640936b75,unclassified,Unclassified,0.0,,Oryctolagus cuniculus,oryctolagus cuniculus,unclassified
e237e579-f1c7-4829-bade-d4217c055204,sequenceID:c7b027d6-e257-43ee-9187-3bab2915bde1,c7b027d6-e257-43ee-9187-3bab2915bde1,c7b027d6-e257-43ee-9187-3bab2915bde1,097f6b30-6c02-4e99-8e75-794640936b75,unclassified,Unclassified,0.93,addaxai VIC,Oryctolagus cuniculus,oryctolagus cuniculus,unclassified
4aba4bbf-653a-47fa-aeb9-7b664d7fad7d,sequenceID:33d997b9-e0df-4bd8-b968-591489e02a5f,33d997b9-e0df-4bd8-b968-591489e02a5f,33d997b9-e0df-4bd8-b968-591489e02a5f,097f6b30-6c02-4e99-8e75-794640936b75,unclassified,Unclassified,0.0,,Oryctolagus cuniculus,oryctolagus cuniculus,unclassified
e3a9f380-fcf8-4f44-bef0-a4ebabdfa4a5,sequenceID:442c1b2e-ffcb-4dd8-9624-d47d7dbe307a,442c1b2e-ffcb-4dd8-9624-d47d7dbe307a,442c1b2e-ffcb-4dd8-9624-d47d7dbe307a,097f6b30-6c02-4e99-8e75-794640936b75,animal,Leporidae,0.92,addaxai VIC,Oryctolagus cuniculus,oryctolagus cuniculus,leporidae
f5bf5fdd-cdc9-438f-912e-82d8930fa743,sequenceID:a9723219-1a7c-463d-997d-d6c21882c75a,a9723219-1a7c-463d-997d-d6c21882c75a,a9723219-1a7c-463d-997d-d6c21882c75a,097f6b30-6c02-4e99-8e75-794640936b75,unclassified,Unclassified,0.97,addaxai VIC,Oryctolagus cuniculus,oryctolagus cuniculus,unclassified
f5bf5fdd-cdc9-438f-912e-82d8930fa743,sequenceID:a9723219-1a7c-463d-997d-d6c21882c75a,a9723219-1a7c-463d-997d-d6c21882c75a,a9723219-1a7c-463d-997d-d6c21882c75a,097f6b30-6c02-4e99-8e75-794640936b75,animal,Leporidae,0.8,addaxai VIC,Oryctolagus cuniculus,oryctolagus cuniculus,leporidae
40293e1f-5d10-4d52-943a-97b11a8fe2e4,sequenceID:8eb21476-a81b-4b0b-bcb9-c3f9b3375c73,8eb21476-a81b-4b0b-bcb9-c3f9b3375c73,8eb21476-a81b-4b0b-bcb9-c3f9b3375c73,097f6b30-6c02-4e99-8e75-794640936b75,animal,Leporidae,0.84,addaxai VIC,Oryctolagus cuniculus,oryctolagus cuniculus,leporidae
66aacbdc-4a1d-4c74-aabe-351fadd5d8f2,sequenceID:8eb21476-a81b-4b0b-bcb9-c3f9b3375c73,8eb21476-a81b-4b0b-bcb9-c3f9b3375c73,8eb21476-a81b-4b0b-bcb9-c3f9b3375c73,097f6b30-6c02-4e99-8e75-794640936b75,animal,Leporidae,0.84,addaxai VIC,Oryctolagus cuniculus,oryctolagus cuniculus,leporidae
f81ba764-dfd0-4ca3-bc97-fe4086ab7da3,sequenceID:5d64b8dc-5c4e-47b3-9faa-545d0f5e7206,5d64b8dc-5c4e-47b3-9faa-545d0f5e7206,5d64b8dc-5c4e-47b3-9faa-545d0f5e7206,097f6b30-6c02-4e99-8e75-794640936b75,unclassified,Unclassified,0.0,,Oryctolagus cuniculus,oryctolagus cuniculus,unclassified
06fcef5d-01bf-49d8-aacd-7538e1142ede,sequenceID:5d64b8dc-5c4e-47b3-9faa-545d0f5e7206,5d64b8dc-5c4e-47b3-9faa-545d0f5e7206,5d64b8dc-5c4e-47b3-9faa-545d0f5e7206,097f6b30-6c02-4e99-8e75-794640936b75,unclassified,Unclassified,0.0,,Oryctolagus cuniculus,oryctolagus cuniculus,unclassified
89f50ff8-084d-4fae-9982-6a7126682610,sequenceID:c1d8b1e9-330f-4a19-b1c7-000a47a5aae8,c1d8b1e9-330f-4a19-b1c7-000a47a5aae8,c1d8b1e9-330f-4a19-b1c7-000a47a5aae8,097f6b30-6c02-4e99-8e75-794640936b75,animal,Leporidae,0.96,addaxai VIC,Oryctolagus cuniculus,oryctolagus cuniculus,leporidae
f8d8ea4e-affe-435c-ac33-109bdb2714dc,sequenceID:573f6bf3-28b9-47f9-9ccd-e9910afee76f,573f6bf3-28b9-47f9-9ccd-e9910afee76f,573f6bf3-28b9-47f9-9ccd-e9910afee76f,097f6b30-6c02-4e99-8e75-794640936b75,animal,Leporidae,0.94,addaxai VIC,Oryctolagus cuniculus,oryctolagus cuniculus,leporidae
b89754b4-379c-45ca-8fec-44df5b7e715f,sequenceID:7fe70976-d1b8-4bf8-9011-d8f5a9293edf,7fe70976-d1b8-4bf8-9011-d8f5a9293edf,7fe70976-d1b8-4bf8-9011-d8f5a9293edf,097f6b30-6c02-4e99-8e75-794640936b75,animal,Leporidae,0.83,addaxai VIC,Oryctolagus cuniculus,oryctolagus cuniculus,leporidae
de23e1d9-7b25-4b33-ba30-1c154f001a21,sequenceID:d7a285d1-a126-4f80-9e0d-edd1f09ab7f6,d7a285d1-a126-4f80-9e0d-edd1f09ab7f6,d7a285d1-a126-4f80-9e0d-edd1f09ab7f6,097f6b30-6c02-4e99-8e75-794640936b75,unclassified,Unclassified,0.85,addaxai VIC,Oryctolagus cuniculus,oryctolagus cuniculus,unclassified
2846e885-be51-442b-a3e0-9f1add2ed5db,sequenceID:89773776-c7b9-496f-a178-f8a3a6ede12e,89773776-c7b9-496f-a178-f8a3a6ede12e,89773776-c7b9-496f-a178-f8a3a6ede12e,097f6b30-6c02-4e99-8e75-794640936b75,unclassified,Unclassified,0.0,,Oryctolagus cuniculus,oryctolagus cuniculus,unclassified
8b2d7dec-2fb8-49fa-a1d6-37f3d64a552f,sequenceID:13189535-4495-49d7-ad91-9b072a8614fc,13189535-4495-49d7-ad91-9b072a8614fc,13189535-4495-49d7-ad91-9b072a8614fc,097f6b30-6c02-4e99-8e75-794640936b75,animal,Leporidae,0.81,addaxai VIC,Oryctolagus cuniculus,oryctolagus cuniculus,leporidae
0be3d842-530f-4944-a7f8-91e78db1ecbc,sequenceID:e145fceb-dc1a-487a-9cce-7b463191368d,e145fceb-dc1a-487a-9cce-7b463191368d,e145fceb-dc1a-487a-9cce-7b463191368d,097f6b30-6c02-4e99-8e75-794640936b75,animal,Leporidae,0.84,addaxai VIC,Oryctolagus cuniculus,oryctolagus cuniculus,leporidae
0c543617-d01c-4c76-b596-e8edd25445ac,sequenceID:94998052-6a93-45ae-bf9e-7e7028f2d33a,94998052-6a93-45ae-bf9e-7e7028f2d33a,94998052-6a93-45ae-bf9e-7e7028f2d33a,097f6b30-6c02-4e99-8e75-794640936b75,unclassified,Unclassified,0.86,addaxai VIC,Oryctolagus cuniculus,oryctolagus cuniculus,unclassified
072b35f9-43f5-4d1c-9b40-5c3c30a40f55,sequenceID:01d5dec8-4d93-4c57-90e1-46b87f339823,01d5dec8-4d93-4c57-90e1-46b87f339823,01d5dec8-4d93-4c57-90e1-46b87f339823,097f6b30-6c02-4e99-8e75-794640936b75,animal,Mammalia,0.67,addaxai VIC,Oryctolagus cuniculus,oryctolagus cuniculus,mammalia
0c9ae19b-3b79-4518-9468-be4bec414a05,sequenceID:f6002f52-8538-47bc-b941-c2052b915417,f6002f52-8538-47bc-b941-c2052b915417,f6002f52-8538-47bc-b941-c2052b915417,097f6b30-6c02-4e99-8e75-794640936b75,animal,Mammalia,0.67,addaxai VIC,Oryctolagus cuniculus,oryctolagus cuniculus,mammalia
c21cf9f6-627d-4a05-9d2d-4a83a6ec1527,sequenceID:7b18a1ca-5e11-49d7-b820-874db9f8f265,7b18a1ca-5e11-49d7-b820-874db9f8f265,7b18a1ca-5e11-49d7-b820-874db9f8f265,097f6b30-6c02-4e99-8e75-794640936b75,unclassified,Unclassified,0.0,,Oryctolagus cuniculus,oryctolagus cuniculus,unclassified
d3fbee92-6cd9-4d51-a4d1-591ce6e8368c,sequenceID:e0fc6597-6cf7-4866-8ca2-4d0819a77eed,e0fc6597-6cf7-4866-8ca2-4d0819a77eed,e0fc6597-6cf7-4866-8ca2-4d0819a77eed,097f6b30-6c02-4e99-8e75-794640936b75,animal,Lepus europaeus,0.66,addaxai VIC,Oryctolagus cuniculus,oryctolagus cuniculus,lepus europaeus
e9228801-1639-469a-b9f0-45d1c03f1465,sequenceID:50f33a44-9cc1-4bba-8fd2-8d0ef68266b1,50f33a44-9cc1-4bba-8fd2-8d0ef68266b1,50f33a44-9cc1-4bba-8fd2-8d0ef68266b1,097f6b30-6c02-4e99-8e75-794640936b75,unclassified,Unclassified,0.97,addaxai VIC,Oryctolagus cuniculus,oryctolagus cuniculus,unclassified
5dbea3a5-09b3-4e72-b963-e783dca0dea2,sequenceID:60a9c0fe-c811-44f8-992d-99ae94a5246e,60a9c0fe-c811-44f8-992d-99ae94a5246e,60a9c0fe-c811-44f8-992d-99ae94a5246e,097f6b30-6c02-4e99-8e75-794640936b75,unclassified,Unclassified,0.97,addaxai VIC,Oryctolagus cuniculus,oryctolagus cuniculus,unclassified
bab2548c-80e6-4571-82e9-db84fe6394cb,sequenceID:60a9c0fe-c811-44f8-992d-99ae94a5246e,60a9c0fe-c811-44f8-992d-99ae94a5246e,60a9c0fe-c811-44f8-992d-99ae94a5246e,097f6b30-6c02-4e99-8e75-794640936b75,unclassified,Unclassified,0.97,addaxai VIC,Oryctolagus cuniculus,oryctolagus cuniculus,unclassified
16fc09ab-d0fd-4f0c-bbf6-96aeed23bdca,sequenceID:f74f908c-82da-449c-82e3-66f6229df467,f74f908c-82da-449c-82e3-66f6229df467,f74f908c-82da-449c-82e3-66f6229df467,097f6b30-6c02-4e99-8e75-794640936b75,animal,Leporidae,0.91,addaxai VIC,Oryctolagus cuniculus,oryctolagus cuniculus,leporidae
eccc12dd-e9e5-4a5f-86fc-c7fad1dbaf5e,sequenceID:11b7bfb4-7cfb-46c6-bb1a-8788fd10b7ab,11b7bfb4-7cfb-46c6-bb1a-8788fd10b7ab,11b7bfb4-7cfb-46c6-bb1a-8788fd10b7ab,097f6b30-6c02-4e99-8e75-794640936b75,unclassified,Unclassified,0.0,,Oryctolagus cuniculus,oryctolagus cuniculus,unclassified
5668d942-3103-45a8-b767-6d22dc222627,sequenceID:99cfe2ee-aea3-4acf-8e77-09c7102481d5,99cfe2ee-aea3-4acf-8e77-09c7102481d5,99cfe2ee-aea3-4acf-8e77-09c7102481d5,097f6b30-6c02-4e99-8e75-794640936b75,animal,Leporidae,0.76,addaxai VIC,Oryctolagus cuniculus,oryctolagus cuniculus,leporidae
03c14eea-e9b5-4bc6-8d5a-a40d2a7d379e,sequenceID:5971bfe6-ef1b-4085-9c15-e709905995b9,5971bfe6-ef1b-4085-9c15-e709905995b9,5971bfe6-ef1b-4085-9c15-e709905995b9,097f6b30-6c02-4e99-8e75-794640936b75,animal,Leporidae,0.95,addaxai VIC,Oryctolagus cuniculus,oryctolagus cuniculus,leporidae
6cdfcd71-3d4e-481c-994e-1d28c2cc52d8,sequenceID:a02bc270-17cc-431b-a1d1-e31413f6e97d,a02bc270-17cc-431b-a1d1-e31413f6e97d,a02bc270-17cc-431b-a1d1-e31413f6e97d,097f6b30-6c02-4e99-8e75-794640936b75,animal,Leporidae,0.9,addaxai VIC,Oryctolagus cuniculus,oryctolagus cuniculus,leporidae
0fbcc93a-d341-4798-88f5-c17738cbf64e,sequenceID:fa1fd2b5-612b-4ce6-bc34-e959a46eb05e,fa1fd2b5-612b-4ce6-bc34-e959a46eb05e,fa1fd2b5-612b-4ce6-bc34-e959a46eb05e,097f6b30-6c02-4e99-8e75-794640936b75,animal,Leporidae,0.75,addaxai VIC,Oryctolagus cuniculus,oryctolagus cuniculus,leporidae
40f71973-a5c9-40dc-9324-12137bdb13c6,sequenceID:2c5fa496-404a-42f0-a01e-9a587fe94b7f,2c5fa496-404a-42f0-a01e-9a587fe94b7f,2c5fa496-404a-42f0-a01e-9a587fe94b7f,097f6b30-6c02-4e99-8e75-794640936b75,animal,Mammalia,0.84,addaxai VIC,Oryctolagus cuniculus,oryctolagus cuniculus,mammalia
40f71973-a5c9-40dc-9324-12137bdb13c6,sequenceID:2c5fa496-404a-42f0-a01e-9a587fe94b7f,2c5fa496-404a-42f0-a01e-9a587fe94b7f,2c5fa496-404a-42f0-a01e-9a587fe94b7f,097f6b30-6c02-4e99-8e75-794640936b75,animal,Charadriiformes,0.76,addaxai VIC,Oryctolagus cuniculus,oryctolagus cuniculus,charadriiformes
9501ef02-e8d7-471b-86a4-03b7a34dc568,sequenceID:fceb7259-35fb-47d5-8216-dac54db110c3,fceb7259-35fb-47d5-8216-dac54db110c3,fceb7259-35fb-47d5-8216-dac54db110c3,097f6b30-6c02-4e99-8e75-794640936b75,animal,Leporidae,0.97,addaxai VIC,Oryctolagus cuniculus,oryctolagus cuniculus,leporidae
e41fa579-3077-449d-aa40-47aa0f60425f,sequenceID:a90c5559-11cd-4ae0-87ee-7095a4921c8c,a90c5559-11cd-4ae0-87ee-7095a4921c8c,a90c5559-11cd-4ae0-87ee-7095a4921c8c,097f6b30-6c02-4e99-8e75-794640936b75,unclassified,Unclassified,0.0,,Oryctolagus cuniculus,oryctolagus cuniculus,unclassified
8570f186-3750-45e3-b5ed-535b972ddc94,sequenceID:cba89ddc-33a6-48e6-97c5-c49039fd5715,cba89ddc-33a6-48e6-97c5-c49039fd5715,cba89ddc-33a6-48e6-97c5-c49039fd5715,097f6b30-6c02-4e99-8e75-794640936b75,unclassified,Unclassified,0.97,addaxai VIC,Oryctolagus cuniculus,oryctolagus cuniculus,unclassified
07964607-1654-4401-8207-9914bc34f2b5,sequenceID:cba89ddc-33a6-48e6-97c5-c49039fd5715,cba89ddc-33a6-48e6-97c5-c49039fd5715,cba89ddc-33a6-48e6-97c5-c49039fd5715,097f6b30-6c02-4e99-8e75-794640936b75,unclassified,Unclassified,0.97,addaxai VIC,Oryctolagus cuniculus,oryctolagus cuniculus,unclassified
e4d9da79-64b8-4767-9762-68b0007f40d8,sequenceID:2fd8fe3b-8b64-4fcb-9753-e4862cec94b9,2fd8fe3b-8b64-4fcb-9753-e4862cec94b9,2fd8fe3b-8b64-4fcb-9753-e4862cec94b9,097f6b30-6c02-4e99-8e75-794640936b75,unclassified,Unclassified,0.0,,Oryctolagus cuniculus,oryctolagus cuniculus,unclassified
bc38c24e-5cd8-42d6-97bb-3eedb71d7025,sequenceID:3ecc34ad-513e-4515-a1e5-7b4d6157ee7d,3ecc34ad-513e-4515-a1e5-7b4d6157ee7d,3ecc34ad-513e-4515-a1e5-7b4d6157ee7d,097f6b30-6c02-4e99-8e75-794640936b75,unclassified,Unclassified,0.95,addaxai VIC,Oryctolagus cuniculus,oryctolagus cuniculus,unclassified
2ede62ac-c108-4045-af3a-5dc0d4ebb6b1,sequenceID:0a30f31c-ada5-44c6-aa98-dcfdfc2da862,0a30f31c-ada5-44c6-aa98-dcfdfc2da862,0a30f31c-ada5-44c6-aa98-dcfdfc2da862,097f6b30-6c02-4e99-8e75-794640936b75,animal,Leporidae,0.92,addaxai VIC,Oryctolagus cuniculus,oryctolagus cuniculus,leporidae
157b63e7-1629-45b7-9e9d-96043d97f4af,sequenceID:1b7b39dd-36c6-48cd-9503-99661dd51248,1b7b39dd-36c6-48cd-9503-99661dd51248,1b7b39dd-36c6-48cd-9503-99661dd51248,097f6b30-6c02-4e99-8e75-794640936b75,unclassified,Unclassified,0.96,addaxai VIC,Oryctolagus cuniculus,oryctolagus cuniculus,unclassified
d18a207a-b75a-464d-b36a-4951a384226b,sequenceID:e43eac21-da5b-4b2b-8363-37694507429e,e43eac21-da5b-4b2b-8363-37694507429e,e43eac21-da5b-4b2b-8363-37694507429e,097f6b30-6c02-4e99-8e75-794640936b75,unclassified,Unclassified,0.95,addaxai VIC,Oryctolagus cuniculus,oryctolagus cuniculus,unclassified
7a164ac7-032f-4b66-a289-03c0f43299e4,sequenceID:91cc9396-8c3e-4ba8-a092-b8a451ed964f,91cc9396-8c3e-4ba8-a092-b8a451ed964f,91cc9396-8c3e-4ba8-a092-b8a451ed964f,097f6b30-6c02-4e99-8e75-794640936b75,animal,Charadriiformes,0.88,addaxai VIC,Oryctolagus cuniculus,oryctolagus cuniculus,charadriiformes
d9a8ed3d-d2cd-404c-98e8-529adecdbd6b,sequenceID:91cc9396-8c3e-4ba8-a092-b8a451ed964f,91cc9396-8c3e-4ba8-a092-b8a451ed964f,91cc9396-8c3e-4ba8-a092-b8a451ed964f,097f6b30-6c02-4e99-8e75-794640936b75,animal,Charadriiformes,0.88,addaxai VIC,Oryctolagus cuniculus,oryctolagus cuniculus,charadriiformes
c979ca67-aa63-4aae-813f-7ad27d55de28,sequenceID:77ef6e8f-d08f-4802-b922-a929341fc49e,77ef6e8f-d08f-4802-b922-a929341fc49e,77ef6e8f-d08f-4802-b922-a929341fc49e,097f6b30-6c02-4e99-8e75-794640936b75,animal,Leporidae,0.92,addaxai VIC,Oryctolagus cuniculus,oryctolagus cuniculus,leporidae
7d1fe5bf-3656-4d3f-a5ea-e7f26c38c8e2,sequenceID:0684bf2b-4fc5-4f7c-b945-afaec88f5729,0684bf2b-4fc5-4f7c-b945-afaec88f5729,0684bf2b-4fc5-4f7c-b945-afaec88f5729,097f6b30-6c02-4e99-8e75-794640936b75,unclassified,Unclassified,0.0,,Oryctolagus cuniculus,oryctolagus cuniculus,unclassified
a89197d8-4488-479f-bc4a-ec930c280150,sequenceID:095594cf-a913-44b1-8385-3edcf915daa1,095594cf-a913-44b1-8385-3edcf915daa1,095594cf-a913-44b1-8385-3edcf915daa1,097f6b30-6c02-4e99-8e75-794640936b75,animal,Lepus europaeus,0.79,addaxai VIC,Oryctolagus cuniculus,oryctolagus cuniculus,lepus europaeus
2a16bbee-5a3c-49a2-9e2f-1565b30937a9,sequenceID:095594cf-a913-44b1-8385-3edcf915daa1,095594cf-a913-44b1-8385-3edcf915daa1,095594cf-a913-44b1-8385-3edcf915daa1,097f6b30-6c02-4e99-8e75-794640936b75,animal,Lepus europaeus,0.79,addaxai VIC,Oryctolagus cuniculus,oryctolagus cuniculus,lepus europaeus
17d7ed18-3c4f-4f04-a265-b6e85765613a,sequenceID:95fe62da-0fff-4505-8096-62781ba93919,95fe62da-0fff-4505-8096-62781ba93919,95fe62da-0fff-4505-8096-62781ba93919,097f6b30-6c02-4e99-8e75-794640936b75,animal,Mammalia,0.66,addaxai VIC,Oryctolagus cuniculus,oryctolagus cuniculus,mammalia
aae043e4-5485-460a-a94d-0681ad691f51,sequenceID:0af56b8d-caa9-4c5c-acf1-ffd72c9d0a8e,0af56b8d-caa9-4c5c-acf1-ffd72c9d0a8e,0af56b8d-caa9-4c5c-acf1-ffd72c9d0a8e,097f6b30-6c02-4e99-8e75-794640936b75,animal,Leporidae,0.92,addaxai VIC,Oryctolagus cuniculus,oryctolagus cuniculus,leporidae
867b2df1-333f-4860-9f07-de40252f690d,sequenceID:abe3722b-5b84-440d-b732-c7fd39ac94dc,abe3722b-5b84-440d-b732-c7fd39ac94dc,abe3722b-5b84-440d-b732-c7fd39ac94dc,097f6b30-6c02-4e99-8e75-794640936b75,animal,Leporidae,0.89,addaxai VIC,Oryctolagus cuniculus,oryctolagus cuniculus,leporidae
4a0a60fa-bae3-414b-9d40-3d202ba925f0,sequenceID:d3f72f50-27d7-48a1-896a-ad7b85d180ad,d3f72f50-27d7-48a1-896a-ad7b85d180ad,d3f72f50-27d7-48a1-896a-ad7b85d180ad,097f6b30-6c02-4e99-8e75-794640936b75,animal,Lepus europaeus,0.94,addaxai VIC,Oryctolagus cuniculus,oryctolagus cuniculus,lepus europaeus
f8f3be7e-a165-4e1f-9b5d-647be7ab7df4,sequenceID:d5dedfcc-c75b-4e4e-9adf-77c40544f3c0,d5dedfcc-c75b-4e4e-9adf-77c40544f3c0,d5dedfcc-c75b-4e4e-9adf-77c40544f3c0,097f6b30-6c02-4e99-8e75-794640936b75,unclassified,Unclassified,0.0,,Oryctolagus cuniculus,oryctolagus cuniculus,unclassified
05317154-915a-448e-b2b4-79728308b222,sequenceID:b81ec50a-8032-4ea4-a396-f0c444e098c2,b81ec50a-8032-4ea4-a396-f0c444e098c2,b81ec50a-8032-4ea4-a396-f0c444e098c2,097f6b30-6c02-4e99-8e75-794640936b75,animal,Leporidae,0.67,addaxai VIC,Oryctolagus cuniculus,oryctolagus cuniculus,leporidae
68b6a0b2-2eef-4724-b0f8-8965e1668178,sequenceID:e55dd206-e10e-430d-a004-237806404329,e55dd206-e10e-430d-a004-237806404329,e55dd206-e10e-430d-a004-237806404329,097f6b30-6c02-4e99-8e75-794640936b75,unclassified,Unclassified,0.95,addaxai VIC,Oryctolagus cuniculus,oryctolagus cuniculus,unclassified
62cc49eb-5ef6-44ad-9500-b69b6dd56d7d,sequenceID:a7685501-3340-4111-9618-4e1341c566b7,a7685501-3340-4111-9618-4e1341c566b7,a7685501-3340-4111-9618-4e1341c566b7,097f6b30-6c02-4e99-8e75-794640936b75,unclassified,Unclassified,0.91,addaxai VIC,Oryctolagus cuniculus,oryctolagus cuniculus,unclassified
62cc49eb-5ef6-44ad-9500-b69b6dd56d7d,sequenceID:a7685501-3340-4111-9618-4e1341c566b7,a7685501-3340-4111-9618-4e1341c566b7,a7685501-3340-4111-9618-4e1341c566b7,097f6b30-6c02-4e99-8e75-794640936b75,animal,Leporidae,0.95,addaxai VIC,Oryctolagus cuniculus,oryctolagus cuniculus,leporidae
02a061ee-b637-4b6b-ab5b-27dcf1173d03,sequenceID:6d5c772c-dfa5-468a-aa76-9bc7f7347d02,6d5c772c-dfa5-468a-aa76-9bc7f7347d02,6d5c772c-dfa5-468a-aa76-9bc7f7347d02,097f6b30-6c02-4e99-8e75-794640936b75,animal,Leporidae,0.9,addaxai VIC,Oryctolagus cuniculus,oryctolagus cuniculus,leporidae
2c2ef3b2-a90c-4303-848c-7a2764ac4770,sequenceID:8b9544a7-b6ce-40ac-bc77-bd8eab698c23,8b9544a7-b6ce-40ac-bc77-bd8eab698c23,8b9544a7-b6ce-40ac-bc77-bd8eab698c23,097f6b30-6c02-4e99-8e75-794640936b75,animal,Leporidae,0.96,addaxai VIC,Oryctolagus cuniculus,oryctolagus cuniculus,leporidae
0c91e393-9266-4843-be96-1bdd1f386e1b,sequenceID:d201d197-b9ea-431c-b273-ae5dc32568ea,d201d197-b9ea-431c-b273-ae5dc32568ea,d201d197-b9ea-431c-b273-ae5dc32568ea,097f6b30-6c02-4e99-8e75-794640936b75,animal,Leporidae,0.8,addaxai VIC,Oryctolagus cuniculus,oryctolagus cuniculus,leporidae
a20a94a6-672a-455c-b127-91c5ef85b08a,sequenceID:2e0e59e8-a1ef-499c-ba0f-ed9ae2980ca6,2e0e59e8-a1ef-499c-ba0f-ed9ae2980ca6,2e0e59e8-a1ef-499c-ba0f-ed9ae2980ca6,097f6b30-6c02-4e99-8e75-794640936b75,animal,Leporidae,0.86,addaxai VIC,Oryctolagus cuniculus,oryctolagus cuniculus,leporidae
c3c36b72-9673-4845-8d9f-71611293485b,sequenceID:08f3d621-0a78-49d7-9a4e-72e4864865e1,08f3d621-0a78-49d7-9a4e-72e4864865e1,08f3d621-0a78-49d7-9a4e-72e4864865e1,097f6b30-6c02-4e99-8e75-794640936b75,unclassified,Unclassified,0.95,addaxai VIC,Oryctolagus cuniculus,oryctolagus cuniculus,unclassified
3c98a598-86c4-4e3a-81d0-f30ec5ada4bd,sequenceID:3013e467-010b-4d23-9466-e53ca884cd73,3013e467-010b-4d23-9466-e53ca884cd73,3013e467-010b-4d23-9466-e53ca884cd73,097f6b30-6c02-4e99-8e75-794640936b75,unclassified,Unclassified,0.93,addaxai VIC,Oryctolagus cuniculus,oryctolagus cuniculus,unclassified
53e8a4e2-109d-49fe-b616-9a868346e63f,sequenceID:ddf1f604-c4f6-4e4e-9f30-8a549c50f315,ddf1f604-c4f6-4e4e-9f30-8a549c50f315,ddf1f604-c4f6-4e4e-9f30-8a549c50f315,097f6b30-6c02-4e99-8e75-794640936b75,unclassified,Unclassified,0.66,addaxai VIC,Oryctolagus cuniculus,oryctolagus cuniculus,unclassified
4ab94a30-f96c-4da9-8c80-d37f89996801,sequenceID:37a3507b-1d1d-4e4c-af19-8f4ba92100f1,37a3507b-1d1d-4e4c-af19-8f4ba92100f1,37a3507b-1d1d-4e4c-af19-8f4ba92100f1,097f6b30-6c02-4e99-8e75-794640936b75,animal,Wallabia bicolor,0.96,addaxai VIC,Oryctolagus cuniculus,oryctolagus cuniculus,wallabia bicolor
7abd88f3-65a3-4832-a01e-4dafd3cd469d,sequenceID:79753d2d-0af0-4faf-be49-e66f2b5eddfe,79753d2d-0af0-4faf-be49-e66f2b5eddfe,79753d2d-0af0-4faf-be49-e66f2b5eddfe,097f6b30-6c02-4e99-8e75-794640936b75,unclassified,Unclassified,0.96,addaxai VIC,Oryctolagus cuniculus,oryctolagus cuniculus,unclassified
2a1928ac-a559-440f-8366-05b5afbac252,sequenceID:0d14cdd9-06b3-40a6-a97f-aa418bfc88b5,0d14cdd9-06b3-40a6-a97f-aa418bfc88b5,0d14cdd9-06b3-40a6-a97f-aa418bfc88b5,097f6b30-6c02-4e99-8e75-794640936b75,unclassified,Unclassified,0.97,addaxai VIC,Oryctolagus cuniculus,oryctolagus cuniculus,unclassified
bd396b80-84c0-4641-8f49-3542d67f9ced,sequenceID:0d14cdd9-06b3-40a6-a97f-aa418bfc88b5,0d14cdd9-06b3-40a6-a97f-aa418bfc88b5,0d14cdd9-06b3-40a6-a97f-aa418bfc88b5,097f6b30-6c02-4e99-8e75-794640936b75,unclassified,Unclassified,0.97,addaxai VIC,Oryctolagus cuniculus,oryctolagus cuniculus,unclassified
f86873e4-2d42-4293-aba5-3cafbfbd31bf,sequenceID:f736bd77-cab6-462d-8a4d-5a3878e7461f,f736bd77-cab6-462d-8a4d-5a3878e7461f,f736bd77-cab6-462d-8a4d-5a3878e7461f,097f6b30-6c02-4e99-8e75-794640936b75,unclassified,Unclassified,0.0,,Oryctolagus cuniculus,oryctolagus cuniculus,unclassified
b9752b7b-66ca-4815-8b0f-ad42f3ac2f01,sequenceID:55aad007-425d-4947-a32a-4e2890845484,55aad007-425d-4947-a32a-4e2890845484,55aad007-425d-4947-a32a-4e2890845484,097f6b30-6c02-4e99-8e75-794640936b75,animal,Leporidae,0.86,addaxai VIC,Oryctolagus cuniculus,oryctolagus cuniculus,leporidae
83ba3333-b31c-4e93-858c-2ca278529773,sequenceID:f6665f0a-da8e-488f-901f-cc299d1d4013,f6665f0a-da8e-488f-901f-cc299d1d4013,f6665f0a-da8e-488f-901f-cc299d1d4013,097f6b30-6c02-4e99-8e75-794640936b75,animal,Lepus europaeus,0.85,addaxai VIC,Oryctolagus cuniculus,oryctolagus cuniculus,lepus europaeus
2f434466-0a7b-4257-a6a6-000df3a1aa72,sequenceID:36e24fa7-2595-4249-88db-14e1e41944d5,36e24fa7-2595-4249-88db-14e1e41944d5,36e24fa7-2595-4249-88db-14e1e41944d5,097f6b30-6c02-4e99-8e75-794640936b75,unclassified,Unclassified,0.0,,Oryctolagus cuniculus,oryctolagus cuniculus,unclassified
d125c73a-06e5-46e3-ba4c-a7c61c7e1443,sequenceID:bcf3ebed-e228-4f47-a22f-6e181999634e,bcf3ebed-e228-4f47-a22f-6e181999634e,bcf3ebed-e228-4f47-a22f-6e181999634e,097f6b30-6c02-4e99-8e75-794640936b75,animal,Mammalia,0.91,addaxai VIC,Oryctolagus cuniculus,oryctolagus cuniculus,mammalia
224cfd5d-fa12-42fd-896c-153a86936af3,sequenceID:c745d553-f444-4e97-a03f-75f6349a6d28,c745d553-f444-4e97-a03f-75f6349a6d28,c745d553-f444-4e97-a03f-75f6349a6d28,097f6b30-6c02-4e99-8e75-794640936b75,unclassified,Unclassified,0.9,addaxai VIC,Oryctolagus cuniculus,oryctolagus cuniculus,unclassified
224cfd5d-fa12-42fd-896c-153a86936af3,sequenceID:c745d553-f444-4e97-a03f-75f6349a6d28,c745d553-f444-4e97-a03f-75f6349a6d28,c745d553-f444-4e97-a03f-75f6349a6d28,097f6b30-6c02-4e99-8e75-794640936b75,animal,Mammalia,0.66,addaxai VIC,Oryctolagus cuniculus,oryctolagus cuniculus,mammalia
0bde53cb-fed7-451b-a91e-f943540b32fe,sequenceID:7bf2a013-68cc-4529-8f6e-ff134b675dbc,7bf2a013-68cc-4529-8f6e-ff134b675dbc,7bf2a013-68cc-4529-8f6e-ff134b675dbc,097f6b30-6c02-4e99-8e75-794640936b75,unclassified,Unclassified,0.95,addaxai VIC,Oryctolagus cuniculus,oryctolagus cuniculus,unclassified
18fc3454-49de-41a2-a987-fb8ba33dd435,sequenceID:7bf2a013-68cc-4529-8f6e-ff134b675dbc,7bf2a013-68cc-4529-8f6e-ff134b675dbc,7bf2a013-68cc-4529-8f6e-ff134b675dbc,097f6b30-6c02-4e99-8e75-794640936b75,unclassified,Unclassified,0.95,addaxai VIC,Oryctolagus cuniculus,oryctolagus cuniculus,unclassified
4aad4eb5-59f2-402f-babe-cb8be9b964eb,sequenceID:8d9f1f1e-1bfb-4c57-bd44-e1dbd92116bc,8d9f1f1e-1bfb-4c57-bd44-e1dbd92116bc,8d9f1f1e-1bfb-4c57-bd44-e1dbd92116bc,097f6b30-6c02-4e99-8e75-794640936b75,animal,Leporidae,0.83,addaxai VIC,Oryctolagus cuniculus,oryctolagus cuniculus,leporidae
98fbe1bf-53fe-4f0e-ae93-16583fb823f2,sequenceID:8d9f1f1e-1bfb-4c57-bd44-e1dbd92116bc,8d9f1f1e-1bfb-4c57-bd44-e1dbd92116bc,8d9f1f1e-1bfb-4c57-bd44-e1dbd92116bc,097f6b30-6c02-4e99-8e75-794640936b75,animal,Leporidae,0.83,addaxai VIC,Oryctolagus cuniculus,oryctolagus cuniculus,leporidae
55debbe4-eac1-4675-a621-f21744f7130f,sequenceID:c75ea3b3-3674-40c5-a7f2-603821ecb62d,c75ea3b3-3674-40c5-a7f2-603821ecb62d,c75ea3b3-3674-40c5-a7f2-603821ecb62d,097f6b30-6c02-4e99-8e75-794640936b75,animal,Mammalia,0.67,addaxai VIC,Oryctolagus cuniculus,oryctolagus cuniculus,mammalia
774d0b3b-96b8-442a-b5c3-1aaaa30a01e4,sequenceID:5c88b752-5bc1-4388-9305-b3555ac67d93,5c88b752-5bc1-4388-9305-b3555ac67d93,5c88b752-5bc1-4388-9305-b3555ac67d93,097f6b30-6c02-4e99-8e75-794640936b75,animal,Lepus europaeus,0.71,addaxai VIC,Oryctolagus cuniculus,oryctolagus cuniculus,lepus europaeus
2ae77ddd-6874-40a7-8385-dc54de873e17,sequenceID:5f708199-0355-4828-8290-c5c21503c486,5f708199-0355-4828-8290-c5c21503c486,5f708199-0355-4828-8290-c5c21503c486,097f6b30-6c02-4e99-8e75-794640936b75,unclassified,Unclassified,0.0,,Oryctolagus cuniculus,oryctolagus cuniculus,unclassified
ec19f2f8-4dde-42ed-a1ea-4baae0fbfe51,sequenceID:5f708199-0355-4828-8290-c5c21503c486,5f708199-0355-4828-8290-c5c21503c486,5f708199-0355-4828-8290-c5c21503c486,097f6b30-6c02-4e99-8e75-794640936b75,unclassified,Unclassified,0.0,,Oryctolagus cuniculus,oryctolagus cuniculus,unclassified
98a14ca8-03f8-4602-9554-741dd9c0c164,sequenceID:a9f17ce4-8cfd-4755-900e-a7ab4e959411,a9f17ce4-8cfd-4755-900e-a7ab4e959411,a9f17ce4-8cfd-4755-900e-a7ab4e959411,097f6b30-6c02-4e99-8e75-794640936b75,unclassified,Unclassified,0.0,,Oryctolagus cuniculus,oryctolagus cuniculus,unclassified
32d3410f-7736-47d8-881f-97ee56df0aa1,sequenceID:282714f3-ecd2-484f-9b8a-bb8278f7442a,282714f3-ecd2-484f-9b8a-bb8278f7442a,282714f3-ecd2-484f-9b8a-bb8278f7442a,097f6b30-6c02-4e99-8e75-794640936b75,animal,Mammalia,0.71,addaxai VIC,Oryctolagus cuniculus,oryctolagus cuniculus,mammalia
463aac16-1bd4-4718-832a-613fb9f3d789,sequenceID:6d84c2f4-945c-4d6a-b9c4-2f9331ec0fd2,6d84c2f4-945c-4d6a-b9c4-2f9331ec0fd2,6d84c2f4-945c-4d6a-b9c4-2f9331ec0fd2,097f6b30-6c02-4e99-8e75-794640936b75,unclassified,Unclassified,0.0,,Oryctolagus cuniculus,oryctolagus cuniculus,unclassified
e0588ebf-2433-44aa-8148-97e5c8c777d4,sequenceID:ad669f3b-797c-47ca-a6a9-5ab6731ce003,ad669f3b-797c-47ca-a6a9-5ab6731ce003,ad669f3b-797c-47ca-a6a9-5ab6731ce003,097f6b30-6c02-4e99-8e75-794640936b75,unclassified,Unclassified,0.0,,Oryctolagus cuniculus,oryctolagus cuniculus,unclassified
54378a60-5aca-462c-91ed-2e9dddfcf238,sequenceID:701567d0-03d8-4864-9696-575e2489902e,701567d0-03d8-4864-9696-575e2489902e,701567d0-03d8-4864-9696-575e2489902e,097f6b30-6c02-4e99-8e75-794640936b75,blank,Blank,0.5,addaxai VIC,Oryctolagus cuniculus,oryctolagus cuniculus,blank
d47777ba-9a17-4745-b743-5d7f82649140,sequenceID:a4d004a2-558f-499b-aa7d-eae23fbda9cd,a4d004a2-558f-499b-aa7d-eae23fbda9cd,a4d004a2-558f-499b-aa7d-eae23fbda9cd,097f6b30-6c02-4e99-8e75-794640936b75,unclassified,Unclassified,0.0,,Oryctolagus cuniculus,oryctolagus cuniculus,unclassified
5c9e7c62-b297-4f38-8206-ff5a2f45095a,sequenceID:1ae3066b-b9d7-4a8c-98bd-5af9c4eb0266,1ae3066b-b9d7-4a8c-98bd-5af9c4eb0266,1ae3066b-b9d7-4a8c-98bd-5af9c4eb0266,097f6b30-6c02-4e99-8e75-794640936b75,unclassified,Unclassified,0.0,,Oryctolagus cuniculus,oryctolagus cuniculus,unclassified
9c88abbc-0a4f-4779-97bf-613501b0da95,sequenceID:b0915800-d680-42dc-ab49-e64f8e7d0796,b0915800-d680-42dc-ab49-e64f8e7d0796,b0915800-d680-42dc-ab49-e64f8e7d0796,097f6b30-6c02-4e99-8e75-794640936b75,animal,Leporidae,0.94,addaxai VIC,Oryctolagus cuniculus,oryctolagus cuniculus,leporidae
fd91abb5-2036-423d-9704-390268f5b3f5,sequenceID:f4d6cf37-4bb3-4ca7-9c03-35b51233bd9f,f4d6cf37-4bb3-4ca7-9c03-35b51233bd9f,f4d6cf37-4bb3-4ca7-9c03-35b51233bd9f,097f6b30-6c02-4e99-8e75-794640936b75,animal,Leporidae,0.93,addaxai VIC,Oryctolagus cuniculus,oryctolagus cuniculus,leporidae
b26644a1-95b0-40ad-b958-0717cdc21138,sequenceID:a0aa54a5-cd1c-4064-b7fc-038fdbd09a55,a0aa54a5-cd1c-4064-b7fc-038fdbd09a55,a0aa54a5-cd1c-4064-b7fc-038fdbd09a55,097f6b30-6c02-4e99-8e75-794640936b75,unclassified,Unclassified,0.0,,Oryctolagus cuniculus,oryctolagus cuniculus,unclassified
e356affd-03bd-49a4-b2c2-cc9dd0b1e609,sequenceID:59c4fea6-945c-491e-a6fb-cadd17fc3f62,59c4fea6-945c-491e-a6fb-cadd17fc3f62,59c4fea6-945c-491e-a6fb-cadd17fc3f62,097f6b30-6c02-4e99-8e75-794640936b75,unclassified,Unclassified,0.0,,Oryctolagus cuniculus,oryctolagus cuniculus,unclassified
c348ab3e-4fb9-4f79-99aa-f8d288f6cd16,sequenceID:00aff5fb-7781-4abe-9fc0-cf444cdb1e69,00aff5fb-7781-4abe-9fc0-cf444cdb1e69,00aff5fb-7781-4abe-9fc0-cf444cdb1e69,097f6b30-6c02-4e99-8e75-794640936b75,animal,Leporidae,0.85,addaxai VIC,Oryctolagus cuniculus,oryctolagus cuniculus,leporidae
503ba053-f294-4e9f-b112-d4408de859ba,sequenceID:bf4587de-2f46-4aaf-a8a8-71f34907c72f,bf4587de-2f46-4aaf-a8a8-71f34907c72f,bf4587de-2f46-4aaf-a8a8-71f34907c72f,097f6b30-6c02-4e99-8e75-794640936b75,animal,Leporidae,0.92,addaxai VIC,Oryctolagus cuniculus,oryctolagus cuniculus,leporidae
adf33d2d-9341-41ed-aff8-97db02e9315a,sequenceID:bf4587de-2f46-4aaf-a8a8-71f34907c72f,bf4587de-2f46-4aaf-a8a8-71f34907c72f,bf4587de-2f46-4aaf-a8a8-71f34907c72f,097f6b30-6c02-4e99-8e75-794640936b75,animal,Leporidae,0.92,addaxai VIC,Oryctolagus cuniculus,oryctolagus cuniculus,leporidae
3eb32bb6-bc72-42cc-a6b2-1bb1d428bf6a,sequenceID:33bcec8c-537f-4bf6-bf74-a66c04274e1a,33bcec8c-537f-4bf6-bf74-a66c04274e1a,33bcec8c-537f-4bf6-bf74-a66c04274e1a,097f6b30-6c02-4e99-8e75-794640936b75,animal,Leporidae,0.75,addaxai VIC,Oryctolagus cuniculus,oryctolagus cuniculus,leporidae
4316aa4f-9328-47ee-b244-60266901028a,sequenceID:78b24a46-a327-47b7-9e1d-c74291374e05,78b24a46-a327-47b7-9e1d-c74291374e05,78b24a46-a327-47b7-9e1d-c74291374e05,097f6b30-6c02-4e99-8e75-794640936b75,unclassified,Unclassified,0.0,,Oryctolagus cuniculus,oryctolagus cuniculus,unclassified
27fb2bc9-8d15-45f2-9910-18063eb74efa,sequenceID:78b24a46-a327-47b7-9e1d-c74291374e05,78b24a46-a327-47b7-9e1d-c74291374e05,78b24a46-a327-47b7-9e1d-c74291374e05,097f6b30-6c02-4e99-8e75-794640936b75,unclassified,Unclassified,0.0,,Oryctolagus cuniculus,oryctolagus cuniculus,unclassified
61d9c146-eff7-442a-bea1-d5fdcdc40d58,sequenceID:70c747eb-76a2-448c-8071-804cbb66b69f,70c747eb-76a2-448c-8071-804cbb66b69f,70c747eb-76a2-448c-8071-804cbb66b69f,097f6b30-6c02-4e99-8e75-794640936b75,unclassified,Unclassified,0.0,,Oryctolagus cuniculus,oryctolagus cuniculus,unclassified
56fa2950-2ebb-4de9-bff9-c3be682d6480,sequenceID:d75348d4-c45e-40c8-bb5b-ae7e00846ccb,d75348d4-c45e-40c8-bb5b-ae7e00846ccb,d75348d4-c45e-40c8-bb5b-ae7e00846ccb,097f6b30-6c02-4e99-8e75-794640936b75,animal,Leporidae,0.85,addaxai VIC,Oryctolagus cuniculus,oryctolagus cuniculus,leporidae
cb8dfd68-7e04-4f58-a845-18b854954454,sequenceID:1b885370-6806-46b2-a47d-edd754de0d09,1b885370-6806-46b2-a47d-edd754de0d09,1b885370-6806-46b2-a47d-edd754de0d09,097f6b30-6c02-4e99-8e75-794640936b75,animal,Lepus capensis,0.68,addaxai VIC,Oryctolagus cuniculus,oryctolagus cuniculus,lepus capensis
4993952c-d147-4434-96be-a6d9fe62525e,sequenceID:da19ab6f-23fb-43a8-8968-eded46f290a9,da19ab6f-23fb-43a8-8968-eded46f290a9,da19ab6f-23fb-43a8-8968-eded46f290a9,097f6b30-6c02-4e99-8e75-794640936b75,animal,Leporidae,0.88,addaxai VIC,Oryctolagus cuniculus,oryctolagus cuniculus,leporidae
16d74437-6712-4122-b9fa-0672fe1d289c,sequenceID:b892755e-ed22-4cb8-82be-a92feeb5d04a,b892755e-ed22-4cb8-82be-a92feeb5d04a,b892755e-ed22-4cb8-82be-a92feeb5d04a,097f6b30-6c02-4e99-8e75-794640936b75,animal,Mammalia,0.69,addaxai VIC,Oryctolagus cuniculus,oryctolagus cuniculus,mammalia
063aec01-f03d-4d83-b6fd-da2407cd6849,sequenceID:499f20b4-803e-4bd1-8fd3-12004e65672c,499f20b4-803e-4bd1-8fd3-12004e65672c,499f20b4-803e-4bd1-8fd3-12004e65672c,097f6b30-6c02-4e99-8e75-794640936b75,unclassified,Unclassified,0.0,,Oryctolagus cuniculus,oryctolagus cuniculus,unclassified
b3e7de96-6ae9-4617-9686-17141b222bc9,sequenceID:ec824dbf-4d3b-4109-a14c-d04dab6ee50f,ec824dbf-4d3b-4109-a14c-d04dab6ee50f,ec824dbf-4d3b-4109-a14c-d04dab6ee50f,097f6b30-6c02-4e99-8e75-794640936b75,animal,Mammalia,0.71,addaxai VIC,Oryctolagus cuniculus,oryctolagus cuniculus,mammalia
65f0e8e6-2984-4322-9062-2908a3ef8326,sequenceID:e42934ff-975c-4a3a-a0ec-9239038a21f3,e42934ff-975c-4a3a-a0ec-9239038a21f3,e42934ff-975c-4a3a-a0ec-9239038a21f3,097f6b30-6c02-4e99-8e75-794640936b75,unclassified,Unclassified,0.94,addaxai VIC,Oryctolagus cuniculus,oryctolagus cuniculus,unclassified
2a7e0f45-8313-4113-adb2-571c244d16c9,sequenceID:14c6ff1b-cfe5-4ee6-acbd-fee805be4c29,14c6ff1b-cfe5-4ee6-acbd-fee805be4c29,14c6ff1b-cfe5-4ee6-acbd-fee805be4c29,097f6b30-6c02-4e99-8e75-794640936b75,animal,Mammalia,0.74,addaxai VIC,Oryctolagus cuniculus,oryctolagus cuniculus,mammalia
a76e088d-47b9-406f-a754-0863465fd3f2,sequenceID:8ceb7bad-f718-4b7f-8842-ad637aa66040,8ceb7bad-f718-4b7f-8842-ad637aa66040,8ceb7bad-f718-4b7f-8842-ad637aa66040,097f6b30-6c02-4e99-8e75-794640936b75,unclassified,Unclassified,0.96,addaxai VIC,Oryctolagus cuniculus,oryctolagus cuniculus,unclassified
f23b7d9e-cbf7-4e15-81e6-7c44811f0373,sequenceID:ce36f2a1-445a-45f9-8c24-0297f85aaf32,ce36f2a1-445a-45f9-8c24-0297f85aaf32,ce36f2a1-445a-45f9-8c24-0297f85aaf32,097f6b30-6c02-4e99-8e75-794640936b75,animal,Mammalia,0.82,addaxai VIC,Oryctolagus cuniculus,oryctolagus cuniculus,mammalia
680dc354-1aea-420f-82cf-031810ed05af,sequenceID:e6d3632a-bfcc-451a-bb6b-aefa86472755,e6d3632a-bfcc-451a-bb6b-aefa86472755,e6d3632a-bfcc-451a-bb6b-aefa86472755,097f6b30-6c02-4e99-8e75-794640936b75,animal,Leporidae,0.91,addaxai VIC,Oryctolagus cuniculus,oryctolagus cuniculus,leporidae
09e14997-c799-4290-b8b0-0d6d258ad2d4,sequenceID:768826ef-b194-4417-b6eb-a6e2fdf3a739,768826ef-b194-4417-b6eb-a6e2fdf3a739,768826ef-b194-4417-b6eb-a6e2fdf3a739,097f6b30-6c02-4e99-8e75-794640936b75,animal,Lepus capensis,0.66,addaxai VIC,Oryctolagus cuniculus,oryctolagus cuniculus,lepus capensis
de585b4c-6e49-43c1-abf2-effad8d317e4,sequenceID:2ba76fb3-b0c7-46f0-9e3e-cfb0e730e2f0,2ba76fb3-b0c7-46f0-9e3e-cfb0e730e2f0,2ba76fb3-b0c7-46f0-9e3e-cfb0e730e2f0,097f6b30-6c02-4e99-8e75-794640936b75,animal,Mammalia,0.76,addaxai VIC,Oryctolagus cuniculus,oryctolagus cuniculus,mammalia
7e57ec13-8e7d-4b61-a191-754318a89e24,sequenceID:d54ca12b-e220-4c8a-b352-c218c6589769,d54ca12b-e220-4c8a-b352-c218c6589769,d54ca12b-e220-4c8a-b352-c218c6589769,097f6b30-6c02-4e99-8e75-794640936b75,unclassified,Unclassified,0.0,,Oryctolagus cuniculus,oryctolagus cuniculus,unclassified
4baea4eb-5d3d-4212-ba81-b9cd2a752ea8,sequenceID:0d40bf56-66fe-49b2-9693-a27c24e41bfc,0d40bf56-66fe-49b2-9693-a27c24e41bfc,0d40bf56-66fe-49b2-9693-a27c24e41bfc,097f6b30-6c02-4e99-8e75-794640936b75,unclassified,Unclassified,0.84,addaxai VIC,Oryctolagus cuniculus,oryctolagus cuniculus,unclassified
da5af52f-9c26-4cf4-af07-2fb79cbcdbbb,sequenceID:3686af0c-4b45-4561-a1f8-e394e55ac9a8,3686af0c-4b45-4561-a1f8-e394e55ac9a8,3686af0c-4b45-4561-a1f8-e394e55ac9a8,097f6b30-6c02-4e99-8e75-794640936b75,unclassified,Unclassified,0.96,addaxai VIC,Oryctolagus cuniculus,oryctolagus cuniculus,unclassified
16dc7cdb-de00-4467-8f8c-7c55fcea75e3,sequenceID:8ad0569d-9cfb-4bfe-b587-80fa197d3699,8ad0569d-9cfb-4bfe-b587-80fa197d3699,8ad0569d-9cfb-4bfe-b587-80fa197d3699,097f6b30-6c02-4e99-8e75-794640936b75,unclassified,Unclassified,0.0,,Oryctolagus cuniculus,oryctolagus cuniculus,unclassified
6f7cbdd4-0f00-4573-a18f-5d74b71e83dc,sequenceID:d11ae3c4-d7dc-4855-af17-6e99b51a4f19,d11ae3c4-d7dc-4855-af17-6e99b51a4f19,d11ae3c4-d7dc-4855-af17-6e99b51a4f19,097f6b30-6c02-4e99-8e75-794640936b75,animal,Mammalia,0.81,addaxai VIC,Oryctolagus cuniculus,oryctolagus cuniculus,mammalia
9066ce99-4143-41ba-bff0-8ec408aa17aa,sequenceID:c271721c-23b1-4f49-90ee-e4b710333271,c271721c-23b1-4f49-90ee-e4b710333271,c271721c-23b1-4f49-90ee-e4b710333271,097f6b30-6c02-4e99-8e75-794640936b75,animal,Mammalia,0.81,addaxai VIC,Oryctolagus cuniculus,oryctolagus cuniculus,mammalia
3ae2c492-aaf3-4e31-b253-0f86948a3426,sequenceID:559c7894-94c6-4c66-9933-26260edc471c,559c7894-94c6-4c66-9933-26260edc471c,559c7894-94c6-4c66-9933-26260edc471c,097f6b30-6c02-4e99-8e75-794640936b75,animal,Leporidae,0.91,addaxai VIC,Oryctolagus cuniculus,oryctolagus cuniculus,leporidae
5cc573ab-13d4-4442-ab20-fe413042db06,sequenceID:98496162-5313-4348-92fb-3275e03b4333,98496162-5313-4348-92fb-3275e03b4333,98496162-5313-4348-92fb-3275e03b4333,097f6b30-6c02-4e99-8e75-794640936b75,animal,Leporidae,0.81,addaxai VIC,Oryctolagus cuniculus,oryctolagus cuniculus,leporidae
41731d3b-e5ab-4203-94db-2abf50ca6917,sequenceID:e4373ac9-6980-40c8-abd6-291a1710705a,e4373ac9-6980-40c8-abd6-291a1710705a,e4373ac9-6980-40c8-abd6-291a1710705a,097f6b30-6c02-4e99-8e75-794640936b75,animal,Leporidae,0.73,addaxai VIC,Oryctolagus cuniculus,oryctolagus cuniculus,leporidae
ede33b45-10d1-4faf-9b43-a2d6648948f5,sequenceID:96473863-3534-477e-b96c-0757e77b69e2,96473863-3534-477e-b96c-0757e77b69e2,96473863-3534-477e-b96c-0757e77b69e2,097f6b30-6c02-4e99-8e75-794640936b75,animal,Leporidae,0.93,addaxai VIC,Oryctolagus cuniculus,oryctolagus cuniculus,leporidae
928519a9-abdc-4a13-8f8b-9ac7aacf0857,sequenceID:96473863-3534-477e-b96c-0757e77b69e2,96473863-3534-477e-b96c-0757e77b69e2,96473863-3534-477e-b96c-0757e77b69e2,097f6b30-6c02-4e99-8e75-794640936b75,animal,Leporidae,0.93,addaxai VIC,Oryctolagus cuniculus,oryctolagus cuniculus,leporidae
422d33f4-4068-4069-a3a7-0686bffd94bd,sequenceID:e7a7b289-658e-4881-8143-7ca5e7c9fe8d,e7a7b289-658e-4881-8143-7ca5e7c9fe8d,e7a7b289-658e-4881-8143-7ca5e7c9fe8d,097f6b30-6c02-4e99-8e75-794640936b75,animal,Leporidae,0.86,addaxai VIC,Oryctolagus cuniculus,oryctolagus cuniculus,leporidae
380bba82-c95f-414d-8a69-ebf08f5e4637,sequenceID:d3870b6e-aa9e-4add-9935-b1706f8ac711,d3870b6e-aa9e-4add-9935-b1706f8ac711,d3870b6e-aa9e-4add-9935-b1706f8ac711,097f6b30-6c02-4e99-8e75-794640936b75,unclassified,Unclassified,0.66,addaxai VIC,Oryctolagus cuniculus,oryctolagus cuniculus,unclassified
4034fcf0-2bbd-4b6d-a9af-4c1059227e1e,sequenceID:afef9f15-21e6-4ac7-82f1-62f19e25b030,afef9f15-21e6-4ac7-82f1-62f19e25b030,afef9f15-21e6-4ac7-82f1-62f19e25b030,097f6b30-6c02-4e99-8e75-794640936b75,unclassified,Unclassified,0.96,addaxai VIC,Oryctolagus cuniculus,oryctolagus cuniculus,unclassified
14e3bd6e-7c2d-45a4-9bff-b6db4fd3cb11,sequenceID:55cb8ca9-a46d-4310-b724-463f07122a77,55cb8ca9-a46d-4310-b724-463f07122a77,55cb8ca9-a46d-4310-b724-463f07122a77,097f6b30-6c02-4e99-8e75-794640936b75,animal,Mammalia,0.7,addaxai VIC,Oryctolagus cuniculus,oryctolagus cuniculus,mammalia
0f4ad519-3ccf-4f2c-9af4-866cc730ab13,sequenceID:3398b259-64cd-489b-9c45-302dd7949f71,3398b259-64cd-489b-9c45-302dd7949f71,3398b259-64cd-489b-9c45-302dd7949f71,097f6b30-6c02-4e99-8e75-794640936b75,unclassified,Unclassified,0.0,,Oryctolagus cuniculus,oryctolagus cuniculus,unclassified
de637515-39ab-4b5d-b716-fa82767f89a4,sequenceID:7d926b2e-1265-4172-9217-ef8431e58127,7d926b2e-1265-4172-9217-ef8431e58127,7d926b2e-1265-4172-9217-ef8431e58127,097f6b30-6c02-4e99-8e75-794640936b75,animal,Leporidae,0.91,addaxai VIC,Oryctolagus cuniculus,oryctolagus cuniculus,leporidae
37c70963-ab11-4b38-afdb-d541ca329377,sequenceID:7d926b2e-1265-4172-9217-ef8431e58127,7d926b2e-1265-4172-9217-ef8431e58127,7d926b2e-1265-4172-9217-ef8431e58127,097f6b30-6c02-4e99-8e75-794640936b75,animal,Leporidae,0.91,addaxai VIC,Oryctolagus cuniculus,oryctolagus cuniculus,leporidae
bfb18249-d83e-405e-97cb-bf086196c715,sequenceID:89a40b14-d45e-4a18-87be-219483cd22c9,89a40b14-d45e-4a18-87be-219483cd22c9,89a40b14-d45e-4a18-87be-219483cd22c9,097f6b30-6c02-4e99-8e75-794640936b75,animal,Leporidae,0.97,addaxai VIC,Oryctolagus cuniculus,oryctolagus cuniculus,leporidae
ce372677-5cb8-49d6-9e79-b6f6c4ceb18e,sequenceID:276fec44-2717-4353-9193-3a06c8f5a3ce,276fec44-2717-4353-9193-3a06c8f5a3ce,276fec44-2717-4353-9193-3a06c8f5a3ce,097f6b30-6c02-4e99-8e75-794640936b75,animal,Leporidae,0.88,addaxai VIC,Oryctolagus cuniculus,oryctolagus cuniculus,leporidae
28be13d3-5462-472b-8fcf-e745d11f6996,sequenceID:6fdd3ac1-89fe-4576-971a-b98fee5fc96c,6fdd3ac1-89fe-4576-971a-b98fee5fc96c,6fdd3ac1-89fe-4576-971a-b98fee5fc96c,097f6b30-6c02-4e99-8e75-794640936b75,animal,Leporidae,0.84,addaxai VIC,Oryctolagus cuniculus,oryctolagus cuniculus,leporidae
14a9565f-294b-4257-b212-25f7d4fa9fcd,sequenceID:d04dc387-cc6b-4126-9731-01ea30794ad1,d04dc387-cc6b-4126-9731-01ea30794ad1,d04dc387-cc6b-4126-9731-01ea30794ad1,097f6b30-6c02-4e99-8e75-794640936b75,animal,Leporidae,0.88,addaxai VIC,Oryctolagus cuniculus,oryctolagus cuniculus,leporidae
6c60470b-366a-4944-92cb-021b1aaec23b,sequenceID:594aff7c-f3a0-42e1-ac97-01565b637f70,594aff7c-f3a0-42e1-ac97-01565b637f70,594aff7c-f3a0-42e1-ac97-01565b637f70,097f6b30-6c02-4e99-8e75-794640936b75,unclassified,Unclassified,0.0,,Oryctolagus cuniculus,oryctolagus cuniculus,unclassified
4cfb9e5e-a4f1-4d21-af03-1cff6a5e1655,sequenceID:f90d67c5-4627-46c8-98b7-a8eb9e37a5cc,f90d67c5-4627-46c8-98b7-a8eb9e37a5cc,f90d67c5-4627-46c8-98b7-a8eb9e37a5cc,097f6b30-6c02-4e99-8e75-794640936b75,unclassified,Unclassified,0.88,addaxai VIC,Oryctolagus cuniculus,oryctolagus cuniculus,unclassified
4767c99c-de14-48ac-acd5-0c77eef43d94,sequenceID:a8e46728-c6ad-4ca2-84bc-a28373d8a402,a8e46728-c6ad-4ca2-84bc-a28373d8a402,a8e46728-c6ad-4ca2-84bc-a28373d8a402,097f6b30-6c02-4e99-8e75-794640936b75,unclassified,Unclassified,0.0,,Oryctolagus cuniculus,oryctolagus cuniculus,unclassified
b998dfa6-12be-47d7-bb6c-ca7262997e68,sequenceID:7d8b31c6-905e-4348-861a-2f229c4dfa53,7d8b31c6-905e-4348-861a-2f229c4dfa53,7d8b31c6-905e-4348-861a-2f229c4dfa53,097f6b30-6c02-4e99-8e75-794640936b75,animal,Lepus europaeus,0.87,addaxai VIC,Oryctolagus cuniculus,oryctolagus cuniculus,lepus europaeus
fc270fee-fdb8-4c3d-b27b-aadfec45a9d0,sequenceID:154f84d9-b47f-4f5c-b409-0f378fcd4431,154f84d9-b47f-4f5c-b409-0f378fcd4431,154f84d9-b47f-4f5c-b409-0f378fcd4431,097f6b30-6c02-4e99-8e75-794640936b75,unclassified,Unclassified,0.0,,Oryctolagus cuniculus,oryctolagus cuniculus,unclassified
ba0a7631-3c9f-42b5-9b7d-9305b799af6f,sequenceID:27725c03-4418-4189-ba23-130b7ff23040,27725c03-4418-4189-ba23-130b7ff23040,27725c03-4418-4189-ba23-130b7ff23040,097f6b30-6c02-4e99-8e75-794640936b75,animal,Mammalia,0.85,addaxai VIC,Oryctolagus cuniculus,oryctolagus cuniculus,mammalia
c057d00f-df0c-44f5-8ac9-4c82426c7e0b,sequenceID:27725c03-4418-4189-ba23-130b7ff23040,27725c03-4418-4189-ba23-130b7ff23040,27725c03-4418-4189-ba23-130b7ff23040,097f6b30-6c02-4e99-8e75-794640936b75,animal,Mammalia,0.85,addaxai VIC,Oryctolagus cuniculus,oryctolagus cuniculus,mammalia
83e28a3b-355b-4a9d-aad4-fa13d27f0f14,sequenceID:f3faaaac-eb9f-4b10-b457-325bc25b19d0,f3faaaac-eb9f-4b10-b457-325bc25b19d0,f3faaaac-eb9f-4b10-b457-325bc25b19d0,097f6b30-6c02-4e99-8e75-794640936b75,unclassified,Unclassified,0.0,,Oryctolagus cuniculus,oryctolagus cuniculus,unclassified
5d10ef41-d14c-42d1-8bae-8d4ef5a67c1d,sequenceID:e81ba2aa-24ec-41eb-a615-80775d97fdbb,e81ba2aa-24ec-41eb-a615-80775d97fdbb,e81ba2aa-24ec-41eb-a615-80775d97fdbb,097f6b30-6c02-4e99-8e75-794640936b75,unclassified,Unclassified,0.0,,Oryctolagus cuniculus,oryctolagus cuniculus,unclassified
48e6daf2-1d07-4669-ad12-9225149be516,sequenceID:0c16824b-5857-487a-a1be-bee8ad2927dc,0c16824b-5857-487a-a1be-bee8ad2927dc,0c16824b-5857-487a-a1be-bee8ad2927dc,097f6b30-6c02-4e99-8e75-794640936b75,animal,Leporidae,0.89,addaxai VIC,Oryctolagus cuniculus,oryctolagus cuniculus,leporidae
22bc8cb7-2566-4236-a8b1-00d652a579cf,sequenceID:77e8babe-e72a-4e8f-b79e-750886122ae4,77e8babe-e72a-4e8f-b79e-750886122ae4,77e8babe-e72a-4e8f-b79e-750886122ae4,097f6b30-6c02-4e99-8e75-794640936b75,animal,Leporidae,0.91,addaxai VIC,Oryctolagus cuniculus,oryctolagus cuniculus,leporidae
954f9e96-2d3b-4c2d-a955-62d1a86db12e,sequenceID:fc51fdc8-f541-447d-bc3e-5f2dd5212935,fc51fdc8-f541-447d-bc3e-5f2dd5212935,fc51fdc8-f541-447d-bc3e-5f2dd5212935,097f6b30-6c02-4e99-8e75-794640936b75,unclassified,Unclassified,0.0,,Oryctolagus cuniculus,oryctolagus cuniculus,unclassified
5a0e16a9-5efa-484d-82e7-6a885aa68a77,sequenceID:552d6d41-ca2a-4ec9-8e92-23e623fce9b0,552d6d41-ca2a-4ec9-8e92-23e623fce9b0,552d6d41-ca2a-4ec9-8e92-23e623fce9b0,097f6b30-6c02-4e99-8e75-794640936b75,unclassified,Unclassified,0.96,addaxai VIC,Oryctolagus cuniculus,oryctolagus cuniculus,unclassified
7f7170fa-07d1-4746-8a5f-a607060ddd8f,sequenceID:f6563a0d-e2c6-4086-b743-25e5dc4b07bd,f6563a0d-e2c6-4086-b743-25e5dc4b07bd,f6563a0d-e2c6-4086-b743-25e5dc4b07bd,097f6b30-6c02-4e99-8e75-794640936b75,animal,Leporidae,0.89,addaxai VIC,Oryctolagus cuniculus,oryctolagus cuniculus,leporidae
2b67c6b5-d54f-4897-bace-521a516e115c,sequenceID:84b4e9f1-da6d-4183-b6b0-61d3d34f5274,84b4e9f1-da6d-4183-b6b0-61d3d34f5274,84b4e9f1-da6d-4183-b6b0-61d3d34f5274,097f6b30-6c02-4e99-8e75-794640936b75,animal,Leporidae,0.84,addaxai VIC,Oryctolagus cuniculus,oryctolagus cuniculus,leporidae
3ad80e14-c45f-4f12-b5de-296ff7dea964,sequenceID:b6116cfa-2f14-4b9e-8662-ac1da50e42aa,b6116cfa-2f14-4b9e-8662-ac1da50e42aa,b6116cfa-2f14-4b9e-8662-ac1da50e42aa,097f6b30-6c02-4e99-8e75-794640936b75,animal,Leporidae,0.92,addaxai VIC,Oryctolagus cuniculus,oryctolagus cuniculus,leporidae
9d84474d-34c5-4cd5-88e8-244bf8eaedee,sequenceID:bb230120-d18d-410c-a5f3-9ccb28a7560b,bb230120-d18d-410c-a5f3-9ccb28a7560b,bb230120-d18d-410c-a5f3-9ccb28a7560b,097f6b30-6c02-4e99-8e75-794640936b75,unclassified,Unclassified,0.96,addaxai VIC,Oryctolagus cuniculus,oryctolagus cuniculus,unclassified
15af4981-a626-487a-a9af-0aa8ebdbd7e5,sequenceID:30058f3f-be94-4e05-a4b1-9af17d7071ea,30058f3f-be94-4e05-a4b1-9af17d7071ea,30058f3f-be94-4e05-a4b1-9af17d7071ea,097f6b30-6c02-4e99-8e75-794640936b75,unclassified,Unclassified,0.93,addaxai VIC,Oryctolagus cuniculus,oryctolagus cuniculus,unclassified
848ef604-3934-4039-832a-11ba5b9da926,sequenceID:b3257357-5faf-4260-bda9-a7031a57bf59,b3257357-5faf-4260-bda9-a7031a57bf59,b3257357-5faf-4260-bda9-a7031a57bf59,097f6b30-6c02-4e99-8e75-794640936b75,animal,Leporidae,0.94,addaxai VIC,Oryctolagus cuniculus,oryctolagus cuniculus,leporidae
f1d786b9-5305-4eba-8253-1d52b2996231,sequenceID:51f3e6c6-e2e8-4843-bc3e-89ae91a73807,51f3e6c6-e2e8-4843-bc3e-89ae91a73807,51f3e6c6-e2e8-4843-bc3e-89ae91a73807,097f6b30-6c02-4e99-8e75-794640936b75,unclassified,Unclassified,0.0,,Oryctolagus cuniculus,oryctolagus cuniculus,unclassified
b75b41a4-9b34-4312-a3f1-65f0edbc4865,sequenceID:3731efff-26fc-4787-b85a-422b75f33e5d,3731efff-26fc-4787-b85a-422b75f33e5d,3731efff-26fc-4787-b85a-422b75f33e5d,097f6b30-6c02-4e99-8e75-794640936b75,unclassified,Unclassified,0.95,addaxai VIC,Oryctolagus cuniculus,oryctolagus cuniculus,unclassified
2202e073-0177-4544-955c-13c534605953,sequenceID:ba4da0dc-c503-429a-901a-6161808a78b1,ba4da0dc-c503-429a-901a-6161808a78b1,ba4da0dc-c503-429a-901a-6161808a78b1,097f6b30-6c02-4e99-8e75-794640936b75,unclassified,Unclassified,0.0,,Oryctolagus cuniculus,oryctolagus cuniculus,unclassified
06191b9d-5ea6-4453-b522-9a4958f01349,sequenceID:0363b126-1cfa-4f2a-a5f5-927e0bb495b6,0363b126-1cfa-4f2a-a5f5-927e0bb495b6,0363b126-1cfa-4f2a-a5f5-927e0bb495b6,097f6b30-6c02-4e99-8e75-794640936b75,animal,Leporidae,0.89,addaxai VIC,Oryctolagus cuniculus,oryctolagus cuniculus,leporidae
047f796e-b84f-4b75-9a7f-df14bb482a4f,sequenceID:877066d4-c460-41c3-9c8f-b618b254f112,877066d4-c460-41c3-9c8f-b618b254f112,877066d4-c460-41c3-9c8f-b618b254f112,097f6b30-6c02-4e99-8e75-794640936b75,animal,Mammalia,0.68,addaxai VIC,Oryctolagus cuniculus,oryctolagus cuniculus,mammalia
f45bd6ea-85c6-44fb-9b17-61008f087f00,sequenceID:60adc1ca-5184-4ea1-ae3f-b696329096b3,60adc1ca-5184-4ea1-ae3f-b696329096b3,60adc1ca-5184-4ea1-ae3f-b696329096b3,097f6b30-6c02-4e99-8e75-794640936b75,unclassified,Unclassified,0.0,,Oryctolagus cuniculus,oryctolagus cuniculus,unclassified
9657c5ac-21c7-4b8e-ad6d-310c44f97be3,sequenceID:87f8d150-1095-497b-a85a-6f6683be0965,87f8d150-1095-497b-a85a-6f6683be0965,87f8d150-1095-497b-a85a-6f6683be0965,097f6b30-6c02-4e99-8e75-794640936b75,unclassified,Unclassified,0.91,addaxai VIC,Oryctolagus cuniculus,oryctolagus cuniculus,unclassified
47ea24ae-b69f-4365-abfa-3c7f79e5ff18,sequenceID:a772d277-bc45-486a-a74f-cfe234afa164,a772d277-bc45-486a-a74f-cfe234afa164,a772d277-bc45-486a-a74f-cfe234afa164,097f6b30-6c02-4e99-8e75-794640936b75,unclassified,Unclassified,0.9,addaxai VIC,Oryctolagus cuniculus,oryctolagus cuniculus,unclassified
c8d449e5-b6f2-49c6-a551-a913e8bd53f5,sequenceID:e2ca6d8d-3b63-451e-8448-15a2e5fa14ba,e2ca6d8d-3b63-451e-8448-15a2e5fa14ba,e2ca6d8d-3b63-451e-8448-15a2e5fa14ba,097f6b30-6c02-4e99-8e75-794640936b75,unclassified,Unclassified,0.0,,Oryctolagus cuniculus,oryctolagus cuniculus,unclassified
9b69db4e-b78e-4f47-a8d1-08972293c62d,sequenceID:2f1ddd40-7271-4c40-9a88-138c5e1264c8,2f1ddd40-7271-4c40-9a88-138c5e1264c8,2f1ddd40-7271-4c40-9a88-138c5e1264c8,097f6b30-6c02-4e99-8e75-794640936b75,animal,Leporidae,0.85,addaxai VIC,Oryctolagus cuniculus,oryctolagus cuniculus,leporidae
e0165d43-9503-4af9-85cb-408ee3fbb524,sequenceID:30c4448f-02b7-47ec-93c4-1c15c7fda30f,30c4448f-02b7-47ec-93c4-1c15c7fda30f,30c4448f-02b7-47ec-93c4-1c15c7fda30f,097f6b30-6c02-4e99-8e75-794640936b75,unclassified,Unclassified,0.0,,Oryctolagus cuniculus,oryctolagus cuniculus,unclassified
ffa8a6a3-7aee-4eb1-83e1-d6ed3a55f365,sequenceID:0a7c77cf-75df-4c7c-8366-a5812a0e78a2,0a7c77cf-75df-4c7c-8366-a5812a0e78a2,0a7c77cf-75df-4c7c-8366-a5812a0e78a2,097f6b30-6c02-4e99-8e75-794640936b75,animal,Leporidae,0.89,addaxai VIC,Oryctolagus cuniculus,oryctolagus cuniculus,leporidae
82a49fa9-eaf9-418b-8897-6c35fe41ed43,sequenceID:529d40f7-473c-4b05-a3dc-839078756392,529d40f7-473c-4b05-a3dc-839078756392,529d40f7-473c-4b05-a3dc-839078756392,097f6b30-6c02-4e99-8e75-794640936b75,unclassified,Unclassified,0.92,addaxai VIC,Oryctolagus cuniculus,oryctolagus cuniculus,unclassified
82e4b5db-7e99-4bfd-8c66-8d19be7e17a9,sequenceID:529d40f7-473c-4b05-a3dc-839078756392,529d40f7-473c-4b05-a3dc-839078756392,529d40f7-473c-4b05-a3dc-839078756392,097f6b30-6c02-4e99-8e75-794640936b75,unclassified,Unclassified,0.92,addaxai VIC,Oryctolagus cuniculus,oryctolagus cuniculus,unclassified
5c92dd92-a0a4-4fbd-b2cb-2b0d2e8f0f8f,sequenceID:be2843b9-9df3-4f14-b00f-ba20e2b7872a,be2843b9-9df3-4f14-b00f-ba20e2b7872a,be2843b9-9df3-4f14-b00f-ba20e2b7872a,097f6b30-6c02-4e99-8e75-794640936b75,unclassified,Unclassified,0.95,addaxai VIC,Oryctolagus cuniculus,oryctolagus cuniculus,unclassified
ef859b8d-2f41-4299-b852-12d5930eb3ea,sequenceID:ecf079d5-f9be-40f1-8b96-c69748a80309,ecf079d5-f9be-40f1-8b96-c69748a80309,ecf079d5-f9be-40f1-8b96-c69748a80309,097f6b30-6c02-4e99-8e75-794640936b75,unclassified,Unclassified,0.0,,Oryctolagus cuniculus,oryctolagus cuniculus,unclassified
dcb35ebd-3850-4df6-9385-b7df01558992,sequenceID:ecf079d5-f9be-40f1-8b96-c69748a80309,ecf079d5-f9be-40f1-8b96-c69748a80309,ecf079d5-f9be-40f1-8b96-c69748a80309,097f6b30-6c02-4e99-8e75-794640936b75,unclassified,Unclassified,0.0,,Oryctolagus cuniculus,oryctolagus cuniculus,unclassified
75180864-795a-4a78-80a8-22db0010fc36,sequenceID:a2070490-bfe5-43c9-bc3a-1689a4495745,a2070490-bfe5-43c9-bc3a-1689a4495745,a2070490-bfe5-43c9-bc3a-1689a4495745,097f6b30-6c02-4e99-8e75-794640936b75,animal,Leporidae,0.89,addaxai VIC,Oryctolagus cuniculus,oryctolagus cuniculus,leporidae
cc692aa9-90f4-4bc5-9560-a609ccbb556d,sequenceID:88a68f0e-4423-4955-a06a-cdeff8291f2f,88a68f0e-4423-4955-a06a-cdeff8291f2f,88a68f0e-4423-4955-a06a-cdeff8291f2f,097f6b30-6c02-4e99-8e75-794640936b75,animal,Leporidae,0.87,addaxai VIC,Oryctolagus cuniculus,oryctolagus cuniculus,leporidae
f221c17a-1e1e-4146-b410-60535c7f2427,sequenceID:e537803b-8e99-459a-8f57-f25e1977ef95,e537803b-8e99-459a-8f57-f25e1977ef95,e537803b-8e99-459a-8f57-f25e1977ef95,097f6b30-6c02-4e99-8e75-794640936b75,unclassified,Unclassified,0.91,addaxai VIC,Oryctolagus cuniculus,oryctolagus cuniculus,unclassified
fb1b7510-6fa0-4935-9210-e5c5cf2c2146,sequenceID:6fc3296a-f3aa-4118-abb8-37bb77648569,6fc3296a-f3aa-4118-abb8-37bb77648569,6fc3296a-f3aa-4118-abb8-37bb77648569,097f6b30-6c02-4e99-8e75-794640936b75,animal,Leporidae,0.7,addaxai VIC,Oryctolagus cuniculus,oryctolagus cuniculus,leporidae
4f10c19b-3ae0-4e5e-b2b2-c7b067dc4102,sequenceID:c92256a6-3bcb-41a0-8138-1fe6ad697f1e,c92256a6-3bcb-41a0-8138-1fe6ad697f1e,c92256a6-3bcb-41a0-8138-1fe6ad697f1e,097f6b30-6c02-4e99-8e75-794640936b75,unclassified,Unclassified,0.0,,Oryctolagus cuniculus,oryctolagus cuniculus,unclassified
83fd4340-e9aa-49b2-a699-71512555f10c,sequenceID:d62e9d78-16c2-42f0-b700-747ed34fd58c,d62e9d78-16c2-42f0-b700-747ed34fd58c,d62e9d78-16c2-42f0-b700-747ed34fd58c,097f6b30-6c02-4e99-8e75-794640936b75,unclassified,Unclassified,0.0,,Oryctolagus cuniculus,oryctolagus cuniculus,unclassified
4cc63e7f-f342-4a04-bb25-f585d06bb40a,sequenceID:72c1737f-1710-4ad3-aa24-c524f1b8a4be,72c1737f-1710-4ad3-aa24-c524f1b8a4be,72c1737f-1710-4ad3-aa24-c524f1b8a4be,097f6b30-6c02-4e99-8e75-794640936b75,animal,Leporidae,0.81,addaxai VIC,Oryctolagus cuniculus,oryctolagus cuniculus,leporidae
ee447004-1402-4f58-a857-6679354f87b4,sequenceID:5a469c6f-bbce-4113-94fa-dcfb9fc49f4f,5a469c6f-bbce-4113-94fa-dcfb9fc49f4f,5a469c6f-bbce-4113-94fa-dcfb9fc49f4f,097f6b30-6c02-4e99-8e75-794640936b75,animal,Lepus europaeus,0.72,addaxai VIC,Oryctolagus cuniculus,oryctolagus cuniculus,lepus europaeus
67ed7477-e754-4e11-973a-f49e9fd3a7bb,sequenceID:fd6be307-2561-45df-a284-10aff9fef6d6,fd6be307-2561-45df-a284-10aff9fef6d6,fd6be307-2561-45df-a284-10aff9fef6d6,097f6b30-6c02-4e99-8e75-794640936b75,animal,Lepus europaeus,0.71,addaxai VIC,Oryctolagus cuniculus,oryctolagus cuniculus,lepus europaeus
fb4f6494-b983-4b14-ad87-c66dcbf2fd54,sequenceID:691b8ad2-3c61-4fb5-a336-220c7dcd4bab,691b8ad2-3c61-4fb5-a336-220c7dcd4bab,691b8ad2-3c61-4fb5-a336-220c7dcd4bab,097f6b30-6c02-4e99-8e75-794640936b75,animal,Leporidae,0.76,addaxai VIC,Oryctolagus cuniculus,oryctolagus cuniculus,leporidae
89e8a1bb-b7f2-4707-ae66-eb14c7e1eada,sequenceID:d72875f1-db22-405d-aacf-7f646f3dcf41,d72875f1-db22-405d-aacf-7f646f3dcf41,d72875f1-db22-405d-aacf-7f646f3dcf41,097f6b30-6c02-4e99-8e75-794640936b75,animal,Leporidae,0.76,addaxai VIC,Oryctolagus cuniculus,oryctolagus cuniculus,leporidae
77fed10c-0565-420b-a097-e491e9f1099b,sequenceID:60fd0b92-318d-447e-8e11-b2b9045dd4ad,60fd0b92-318d-447e-8e11-b2b9045dd4ad,60fd0b92-318d-447e-8e11-b2b9045dd4ad,097f6b30-6c02-4e99-8e75-794640936b75,animal,Leporidae,0.69,addaxai VIC,Oryctolagus cuniculus,oryctolagus cuniculus,leporidae
f7223350-3113-4cea-88b3-0f2d46d5ca4c,sequenceID:12279117-d875-41ee-9e0f-fedf4b572456,12279117-d875-41ee-9e0f-fedf4b572456,12279117-d875-41ee-9e0f-fedf4b572456,097f6b30-6c02-4e99-8e75-794640936b75,unclassified,Unclassified,0.0,,Oryctolagus cuniculus,oryctolagus cuniculus,unclassified
ecaf05cd-7412-436d-9462-18169da8f14a,sequenceID:0553360c-7819-48fd-8242-bacae54ab1c3,0553360c-7819-48fd-8242-bacae54ab1c3,0553360c-7819-48fd-8242-bacae54ab1c3,097f6b30-6c02-4e99-8e75-794640936b75,unclassified,Unclassified,0.94,addaxai VIC,Oryctolagus cuniculus,oryctolagus cuniculus,unclassified
8facb9cc-c859-4898-88d4-57a4586c8622,sequenceID:cdab3cfe-9d97-4da7-92e3-7bcbc10ff6dd,cdab3cfe-9d97-4da7-92e3-7bcbc10ff6dd,cdab3cfe-9d97-4da7-92e3-7bcbc10ff6dd,097f6b30-6c02-4e99-8e75-794640936b75,animal,Mammalia,0.75,addaxai VIC,Oryctolagus cuniculus,oryctolagus cuniculus,mammalia
fd8d3208-f023-4071-bab7-86c1b4488a17,sequenceID:3f1338d5-6929-45e5-9e63-e8d1c00d85d1,3f1338d5-6929-45e5-9e63-e8d1c00d85d1,3f1338d5-6929-45e5-9e63-e8d1c00d85d1,0f460ab2-bd64-472c-b1bd-a91393d823d0,unclassified,Unclassified,0.97,addaxai VIC,Dromaius novaehollandiae,dromaius novaehollandiae,unclassified
e70cf29b-f158-4273-8b40-31c2a6ed927d,sequenceID:118159b8-eedb-4e5e-9673-cc65d05bcdf0,118159b8-eedb-4e5e-9673-cc65d05bcdf0,118159b8-eedb-4e5e-9673-cc65d05bcdf0,0f460ab2-bd64-472c-b1bd-a91393d823d0,unclassified,Unclassified,0.95,addaxai VIC,Dromaius novaehollandiae,dromaius novaehollandiae,unclassified
d6409aba-a628-4ea7-a6d0-ca2f0fcc7b5b,sequenceID:7ce9ca91-8c3b-4bef-81ee-5e2c983ce226,7ce9ca91-8c3b-4bef-81ee-5e2c983ce226,7ce9ca91-8c3b-4bef-81ee-5e2c983ce226,0f460ab2-bd64-472c-b1bd-a91393d823d0,unclassified,Unclassified,0.86,addaxai VIC,Dromaius novaehollandiae,dromaius novaehollandiae,unclassified
4045777f-0979-4f4c-a816-038f13d0e634,sequenceID:fa869c11-6473-4271-ad60-62c5e1c84ca8,fa869c11-6473-4271-ad60-62c5e1c84ca8,fa869c11-6473-4271-ad60-62c5e1c84ca8,0f460ab2-bd64-472c-b1bd-a91393d823d0,unclassified,Unclassified,0.92,addaxai VIC,Dromaius novaehollandiae,dromaius novaehollandiae,unclassified
4281042b-62ed-4165-81f9-17a90cee996f,sequenceID:1627d509-ebd0-496c-8db1-1a8c21efd242,1627d509-ebd0-496c-8db1-1a8c21efd242,1627d509-ebd0-496c-8db1-1a8c21efd242,0f460ab2-bd64-472c-b1bd-a91393d823d0,unclassified,Unclassified,0.95,addaxai VIC,Dromaius novaehollandiae,dromaius novaehollandiae,unclassified
c7e757e5-eb5b-44ee-ad42-6f908065c243,sequenceID:a625408a-53b9-4351-868f-d8735832f0b0,a625408a-53b9-4351-868f-d8735832f0b0,a625408a-53b9-4351-868f-d8735832f0b0,0f460ab2-bd64-472c-b1bd-a91393d823d0,unclassified,Unclassified,0.81,addaxai VIC,Dromaius novaehollandiae,dromaius novaehollandiae,unclassified
456e38e3-56a3-46f7-a49a-f6da0c65a9b2,sequenceID:e27cd9e6-b386-4922-9f8c-75e547c53fcb,e27cd9e6-b386-4922-9f8c-75e547c53fcb,e27cd9e6-b386-4922-9f8c-75e547c53fcb,0f460ab2-bd64-472c-b1bd-a91393d823d0,unclassified,Unclassified,0.0,,Dromaius novaehollandiae,dromaius novaehollandiae,unclassified
34512741-2a36-453d-b22e-781075a95ce4,sequenceID:581d2faf-b32a-45fe-826d-f0385674b339,581d2faf-b32a-45fe-826d-f0385674b339,581d2faf-b32a-45fe-826d-f0385674b339,0f460ab2-bd64-472c-b1bd-a91393d823d0,animal,Aves,0.89,addaxai VIC,Dromaius novaehollandiae,dromaius novaehollandiae,aves
34512741-2a36-453d-b22e-781075a95ce4,sequenceID:581d2faf-b32a-45fe-826d-f0385674b339,581d2faf-b32a-45fe-826d-f0385674b339,581d2faf-b32a-45fe-826d-f0385674b339,0f460ab2-bd64-472c-b1bd-a91393d823d0,unclassified,Unclassified,0.72,addaxai VIC,Dromaius novaehollandiae,dromaius novaehollandiae,unclassified
5ac853f9-bd84-49de-a730-4d8d0bec145e,sequenceID:5f3997e3-8cf9-4240-9e83-016cd2e551c6,5f3997e3-8cf9-4240-9e83-016cd2e551c6,5f3997e3-8cf9-4240-9e83-016cd2e551c6,0f460ab2-bd64-472c-b1bd-a91393d823d0,animal,Aves,0.85,addaxai VIC,Dromaius novaehollandiae,dromaius novaehollandiae,aves
b701704d-169d-494f-8e54-3d1e33bde5ea,sequenceID:eddf5a58-7d09-4169-905e-ec4fb3f59932,eddf5a58-7d09-4169-905e-ec4fb3f59932,eddf5a58-7d09-4169-905e-ec4fb3f59932,0f460ab2-bd64-472c-b1bd-a91393d823d0,unclassified,Unclassified,0.93,addaxai VIC,Dromaius novaehollandiae,dromaius novaehollandiae,unclassified
6cc851af-7cf6-4fec-b3ef-960b021ee4be,sequenceID:120ca5bb-a947-4462-ad07-2ebce0539662,120ca5bb-a947-4462-ad07-2ebce0539662,120ca5bb-a947-4462-ad07-2ebce0539662,0f460ab2-bd64-472c-b1bd-a91393d823d0,animal,Aves,0.7,addaxai VIC,Dromaius novaehollandiae,dromaius novaehollandiae,aves
1fa03a32-d23c-4eeb-9952-7771aea28972,sequenceID:1c2e78f1-a963-47ce-bc9c-ddc3d221d00d,1c2e78f1-a963-47ce-bc9c-ddc3d221d00d,1c2e78f1-a963-47ce-bc9c-ddc3d221d00d,0f460ab2-bd64-472c-b1bd-a91393d823d0,unclassified,Unclassified,0.94,addaxai VIC,Dromaius novaehollandiae,dromaius novaehollandiae,unclassified
1dcd7e6a-e429-4392-baf9-3ecb59f21b08,sequenceID:efdb2f7d-e2e4-4ee2-b2fa-32cbe0c769fd,efdb2f7d-e2e4-4ee2-b2fa-32cbe0c769fd,efdb2f7d-e2e4-4ee2-b2fa-32cbe0c769fd,0f460ab2-bd64-472c-b1bd-a91393d823d0,unclassified,Unclassified,0.91,addaxai VIC,Dromaius novaehollandiae,dromaius novaehollandiae,unclassified
4c0bd06c-9301-4ad6-ad31-cdede6df549a,sequenceID:b93b1c9a-a9ba-48d3-99ba-f31c87f41446,b93b1c9a-a9ba-48d3-99ba-f31c87f41446,b93b1c9a-a9ba-48d3-99ba-f31c87f41446,0f460ab2-bd64-472c-b1bd-a91393d823d0,unclassified,Unclassified,0.87,addaxai VIC,Dromaius novaehollandiae,dromaius novaehollandiae,unclassified
3e087a8f-9de0-4d16-addc-18d68b086029,sequenceID:bf6e3a05-a80e-4068-ad38-fa948d353d05,bf6e3a05-a80e-4068-ad38-fa948d353d05,bf6e3a05-a80e-4068-ad38-fa948d353d05,0f460ab2-bd64-472c-b1bd-a91393d823d0,unclassified,Unclassified,0.95,addaxai VIC,Dromaius novaehollandiae,dromaius novaehollandiae,unclassified
797d3d53-2901-4e11-8123-4be1aa3fb565,sequenceID:4d240014-1861-4468-a472-da0dea2df46a,4d240014-1861-4468-a472-da0dea2df46a,4d240014-1861-4468-a472-da0dea2df46a,0f460ab2-bd64-472c-b1bd-a91393d823d0,unclassified,Unclassified,0.85,addaxai VIC,Dromaius novaehollandiae,dromaius novaehollandiae,unclassified
50a7dd40-c823-4d58-a820-c52979ca3389,sequenceID:576b4c1c-8032-4256-937d-18a2239846cb,576b4c1c-8032-4256-937d-18a2239846cb,576b4c1c-8032-4256-937d-18a2239846cb,0f460ab2-bd64-472c-b1bd-a91393d823d0,unclassified,Unclassified,0.78,addaxai VIC,Dromaius novaehollandiae,dromaius novaehollandiae,unclassified
b11cc5a7-e9ad-49a1-a23d-11971d3cc9fd,sequenceID:7341eed3-a7dd-4ce5-a706-3ebd68322a5a,7341eed3-a7dd-4ce5-a706-3ebd68322a5a,7341eed3-a7dd-4ce5-a706-3ebd68322a5a,0f460ab2-bd64-472c-b1bd-a91393d823d0,animal,Aves,0.67,addaxai VIC,Dromaius novaehollandiae,dromaius novaehollandiae,aves
f539048f-ef7d-4471-b427-89b5d6984bda,sequenceID:0f651f4e-a31a-400a-9ab0-7a9afec66e5d,0f651f4e-a31a-400a-9ab0-7a9afec66e5d,0f651f4e-a31a-400a-9ab0-7a9afec66e5d,0f460ab2-bd64-472c-b1bd-a91393d823d0,unclassified,Unclassified,0.0,,Dromaius novaehollandiae,dromaius novaehollandiae,unclassified
2dc149f2-15e4-4dce-869a-7128b2d1ad2b,sequenceID:9847510b-d617-4b83-a1bf-cca54ee692c8,9847510b-d617-4b83-a1bf-cca54ee692c8,9847510b-d617-4b83-a1bf-cca54ee692c8,0f460ab2-bd64-472c-b1bd-a91393d823d0,unclassified,Unclassified,0.94,addaxai VIC,Dromaius novaehollandiae,dromaius novaehollandiae,unclassified
2dc149f2-15e4-4dce-869a-7128b2d1ad2b,sequenceID:9847510b-d617-4b83-a1bf-cca54ee692c8,9847510b-d617-4b83-a1bf-cca54ee692c8,9847510b-d617-4b83-a1bf-cca54ee692c8,0f460ab2-bd64-472c-b1bd-a91393d823d0,animal,Aves,0.84,addaxai VIC,Dromaius novaehollandiae,dromaius novaehollandiae,aves
352f3c32-ab02-4aee-a0c1-432a300b3e8d,sequenceID:47f23822-4a6f-42c7-8c12-dce93bbaaf7d,47f23822-4a6f-42c7-8c12-dce93bbaaf7d,47f23822-4a6f-42c7-8c12-dce93bbaaf7d,0f460ab2-bd64-472c-b1bd-a91393d823d0,animal,Aves,0.83,addaxai VIC,Dromaius novaehollandiae,dromaius novaehollandiae,aves
bb2790f4-c84a-4a1c-920f-7a364eebe6f1,sequenceID:a3b0acad-ec98-46e9-af7b-488218750c3a,a3b0acad-ec98-46e9-af7b-488218750c3a,a3b0acad-ec98-46e9-af7b-488218750c3a,0f460ab2-bd64-472c-b1bd-a91393d823d0,unclassified,Unclassified,0.0,,Dromaius novaehollandiae,dromaius novaehollandiae,unclassified
363cccce-3e74-4d6d-95a3-d838de7ab093,sequenceID:e04b0546-3c3b-47e4-8c82-5d7852eb81e2,e04b0546-3c3b-47e4-8c82-5d7852eb81e2,e04b0546-3c3b-47e4-8c82-5d7852eb81e2,0f460ab2-bd64-472c-b1bd-a91393d823d0,unclassified,Unclassified,0.0,,Dromaius novaehollandiae,dromaius novaehollandiae,unclassified
14853ffd-0338-4a13-8de1-f9f7293cd799,sequenceID:47bac40d-0d84-4dbf-8594-f937ea73444f,47bac40d-0d84-4dbf-8594-f937ea73444f,47bac40d-0d84-4dbf-8594-f937ea73444f,0f460ab2-bd64-472c-b1bd-a91393d823d0,unclassified,Unclassified,0.84,addaxai VIC,Dromaius novaehollandiae,dromaius novaehollandiae,unclassified
d9302422-d262-4208-9f75-61d13b570080,sequenceID:a4b14b31-d95d-4f99-ac82-d4a5c99537ee,a4b14b31-d95d-4f99-ac82-d4a5c99537ee,a4b14b31-d95d-4f99-ac82-d4a5c99537ee,0f460ab2-bd64-472c-b1bd-a91393d823d0,unclassified,Unclassified,0.68,addaxai VIC,Dromaius novaehollandiae,dromaius novaehollandiae,unclassified
ef0fd0fc-933a-4e30-87c3-428e517d7054,sequenceID:9de013ce-45f6-406d-b702-2b8fbe0ec395,9de013ce-45f6-406d-b702-2b8fbe0ec395,9de013ce-45f6-406d-b702-2b8fbe0ec395,0f460ab2-bd64-472c-b1bd-a91393d823d0,unclassified,Unclassified,0.78,addaxai VIC,Dromaius novaehollandiae,dromaius novaehollandiae,unclassified
fb6bf9d5-1156-4c3d-97be-8f822cf0a1e5,sequenceID:15661e1a-80ed-41b7-8ff0-83222300b0ea,15661e1a-80ed-41b7-8ff0-83222300b0ea,15661e1a-80ed-41b7-8ff0-83222300b0ea,0f460ab2-bd64-472c-b1bd-a91393d823d0,unclassified,Unclassified,0.8,addaxai VIC,Dromaius novaehollandiae,dromaius novaehollandiae,unclassified
e8398e2e-406d-47ca-a7f0-1998c61f38eb,sequenceID:04c5a584-09d2-4aed-a1db-338a028c9ddb,04c5a584-09d2-4aed-a1db-338a028c9ddb,04c5a584-09d2-4aed-a1db-338a028c9ddb,0f460ab2-bd64-472c-b1bd-a91393d823d0,unclassified,Unclassified,0.0,,Dromaius novaehollandiae,dromaius novaehollandiae,unclassified
5ff6a37f-3668-46e2-b531-fe98287374ce,sequenceID:74f9375f-65a3-41ad-af1a-9690cb26b24e,74f9375f-65a3-41ad-af1a-9690cb26b24e,74f9375f-65a3-41ad-af1a-9690cb26b24e,0f460ab2-bd64-472c-b1bd-a91393d823d0,unclassified,Unclassified,0.0,,Dromaius novaehollandiae,dromaius novaehollandiae,unclassified
eea85c2e-2a1d-4642-abb6-6a9c64ecbeb3,sequenceID:30fe3480-fcd3-4239-9299-038244e94ec5,30fe3480-fcd3-4239-9299-038244e94ec5,30fe3480-fcd3-4239-9299-038244e94ec5,0f460ab2-bd64-472c-b1bd-a91393d823d0,unclassified,Unclassified,0.85,addaxai VIC,Dromaius novaehollandiae,dromaius novaehollandiae,unclassified
f52d91a6-209f-4ad4-a16b-c45287ea4e4b,sequenceID:3b951554-644b-49a9-9aa0-c8c1363dc512,3b951554-644b-49a9-9aa0-c8c1363dc512,3b951554-644b-49a9-9aa0-c8c1363dc512,0f460ab2-bd64-472c-b1bd-a91393d823d0,unclassified,Unclassified,0.9,addaxai VIC,Dromaius novaehollandiae,dromaius novaehollandiae,unclassified
c4439b05-e35d-4c0f-b4ce-2a34a35609e8,sequenceID:8b257274-5264-4f05-9e67-4e4d023a7593,8b257274-5264-4f05-9e67-4e4d023a7593,8b257274-5264-4f05-9e67-4e4d023a7593,0f460ab2-bd64-472c-b1bd-a91393d823d0,unclassified,Unclassified,0.87,addaxai VIC,Dromaius novaehollandiae,dromaius novaehollandiae,unclassified
12869e04-b604-45fa-a40d-11669515c079,sequenceID:7285dddd-a428-488b-a268-d832272199be,7285dddd-a428-488b-a268-d832272199be,7285dddd-a428-488b-a268-d832272199be,0f460ab2-bd64-472c-b1bd-a91393d823d0,unclassified,Unclassified,0.94,addaxai VIC,Dromaius novaehollandiae,dromaius novaehollandiae,unclassified
60405f68-0ebf-4812-9abb-6780c088401d,sequenceID:716a1532-a6b7-4f8f-a757-6ab8c565bd71,716a1532-a6b7-4f8f-a757-6ab8c565bd71,716a1532-a6b7-4f8f-a757-6ab8c565bd71,0f460ab2-bd64-472c-b1bd-a91393d823d0,unclassified,Unclassified,0.94,addaxai VIC,Dromaius novaehollandiae,dromaius novaehollandiae,unclassified
b404210b-7806-471c-934b-1bd11a2b5984,sequenceID:8908be37-7a34-4cb4-9c95-14dfec6f4767,8908be37-7a34-4cb4-9c95-14dfec6f4767,8908be37-7a34-4cb4-9c95-14dfec6f4767,0f460ab2-bd64-472c-b1bd-a91393d823d0,unclassified,Unclassified,0.84,addaxai VIC,Dromaius novaehollandiae,dromaius novaehollandiae,unclassified
14d3788d-41ae-4557-9209-0367297b2114,sequenceID:b05fe45c-e881-4a70-9b35-ab7ce7ec9dc9,b05fe45c-e881-4a70-9b35-ab7ce7ec9dc9,b05fe45c-e881-4a70-9b35-ab7ce7ec9dc9,0f460ab2-bd64-472c-b1bd-a91393d823d0,animal,Aves,0.69,addaxai VIC,Dromaius novaehollandiae,dromaius novaehollandiae,aves
22e1a13d-0873-4927-86a3-5fb291454bb1,sequenceID:9ed70299-516b-45a1-91f2-5fef2bf5185a,9ed70299-516b-45a1-91f2-5fef2bf5185a,9ed70299-516b-45a1-91f2-5fef2bf5185a,0f460ab2-bd64-472c-b1bd-a91393d823d0,animal,Aves,0.68,addaxai VIC,Dromaius novaehollandiae,dromaius novaehollandiae,aves
60dab8ae-439f-4b90-834e-d83b561cc670,sequenceID:f0e16724-906b-4842-aa94-383ff608202c,f0e16724-906b-4842-aa94-383ff608202c,f0e16724-906b-4842-aa94-383ff608202c,0f460ab2-bd64-472c-b1bd-a91393d823d0,unclassified,Unclassified,0.88,addaxai VIC,Dromaius novaehollandiae,dromaius novaehollandiae,unclassified
f5afb94e-e212-4550-80dd-dd5978d4b7be,sequenceID:be9e41d1-8b7e-4b49-b4c2-1ded7399c77e,be9e41d1-8b7e-4b49-b4c2-1ded7399c77e,be9e41d1-8b7e-4b49-b4c2-1ded7399c77e,0f460ab2-bd64-472c-b1bd-a91393d823d0,unclassified,Unclassified,0.82,addaxai VIC,Dromaius novaehollandiae,dromaius novaehollandiae,unclassified
5b2534d1-b681-44b8-b86d-62c52bbea03b,sequenceID:ccddb09d-0864-4f33-9b12-15ad55f044c6,ccddb09d-0864-4f33-9b12-15ad55f044c6,ccddb09d-0864-4f33-9b12-15ad55f044c6,0f460ab2-bd64-472c-b1bd-a91393d823d0,unclassified,Unclassified,0.92,addaxai VIC,Dromaius novaehollandiae,dromaius novaehollandiae,unclassified
7954eb9f-1111-4c80-a48d-e29e984dfd1c,sequenceID:d782859e-631f-4520-a032-8c1d1ff4bc1a,d782859e-631f-4520-a032-8c1d1ff4bc1a,d782859e-631f-4520-a032-8c1d1ff4bc1a,0f460ab2-bd64-472c-b1bd-a91393d823d0,unclassified,Unclassified,0.0,,Dromaius novaehollandiae,dromaius novaehollandiae,unclassified
84bcfdea-280e-4ab6-8230-bd4f15b33afc,sequenceID:aeee62c8-9a16-4e41-89d4-33558984729e,aeee62c8-9a16-4e41-89d4-33558984729e,aeee62c8-9a16-4e41-89d4-33558984729e,0f460ab2-bd64-472c-b1bd-a91393d823d0,unclassified,Unclassified,0.97,addaxai VIC,Dromaius novaehollandiae,dromaius novaehollandiae,unclassified
edddb6a1-ffd8-4b51-a543-aea44aba10b5,sequenceID:9e9e63db-21a4-44aa-a53d-1e88511b9443,9e9e63db-21a4-44aa-a53d-1e88511b9443,9e9e63db-21a4-44aa-a53d-1e88511b9443,0f460ab2-bd64-472c-b1bd-a91393d823d0,unclassified,Unclassified,0.83,addaxai VIC,Dromaius novaehollandiae,dromaius novaehollandiae,unclassified
6217f073-db01-4566-8188-b4e5099a744b,sequenceID:0be88ecf-5a35-43a4-a5e0-64a215ff1623,0be88ecf-5a35-43a4-a5e0-64a215ff1623,0be88ecf-5a35-43a4-a5e0-64a215ff1623,0f460ab2-bd64-472c-b1bd-a91393d823d0,unclassified,Unclassified,0.0,,Dromaius novaehollandiae,dromaius novaehollandiae,unclassified
f5e9bc26-53ca-48e1-8a36-60a54713bd48,sequenceID:bc706e08-03d1-408a-9bf8-b2b5755b244c,bc706e08-03d1-408a-9bf8-b2b5755b244c,bc706e08-03d1-408a-9bf8-b2b5755b244c,0f460ab2-bd64-472c-b1bd-a91393d823d0,unclassified,Unclassified,0.87,addaxai VIC,Dromaius novaehollandiae,dromaius novaehollandiae,unclassified
c41888ea-3d39-462e-b1e4-3f06da7779ed,sequenceID:af13d1f2-cfdb-4bda-bbc2-850812bbef7f,af13d1f2-cfdb-4bda-bbc2-850812bbef7f,af13d1f2-cfdb-4bda-bbc2-850812bbef7f,0f460ab2-bd64-472c-b1bd-a91393d823d0,unclassified,Unclassified,0.95,addaxai VIC,Dromaius novaehollandiae,dromaius novaehollandiae,unclassified
c41888ea-3d39-462e-b1e4-3f06da7779ed,sequenceID:af13d1f2-cfdb-4bda-bbc2-850812bbef7f,af13d1f2-cfdb-4bda-bbc2-850812bbef7f,af13d1f2-cfdb-4bda-bbc2-850812bbef7f,0f460ab2-bd64-472c-b1bd-a91393d823d0,animal,Equus caballus,0.76,addaxai VIC,Dromaius novaehollandiae,dromaius novaehollandiae,equus caballus
b6673a78-d4a7-43bb-8111-45530bd98cda,sequenceID:97273d74-4656-4b8c-aba4-0a7f2ad55c88,97273d74-4656-4b8c-aba4-0a7f2ad55c88,97273d74-4656-4b8c-aba4-0a7f2ad55c88,0f460ab2-bd64-472c-b1bd-a91393d823d0,unclassified,Unclassified,0.96,addaxai VIC,Dromaius novaehollandiae,dromaius novaehollandiae,unclassified
07d1ff2d-d4cc-4619-b544-94d17ef901cd,sequenceID:fe1ff4f6-da57-40cd-8b87-5e4afb86583a,fe1ff4f6-da57-40cd-8b87-5e4afb86583a,fe1ff4f6-da57-40cd-8b87-5e4afb86583a,0f460ab2-bd64-472c-b1bd-a91393d823d0,unclassified,Unclassified,0.94,addaxai VIC,Dromaius novaehollandiae,dromaius novaehollandiae,unclassified
6bf02de4-a504-4535-8c12-c33fccbcf3a9,sequenceID:b928ac54-8e27-4a8a-832a-4b587d163a97,b928ac54-8e27-4a8a-832a-4b587d163a97,b928ac54-8e27-4a8a-832a-4b587d163a97,0f460ab2-bd64-472c-b1bd-a91393d823d0,unclassified,Unclassified,0.92,addaxai VIC,Dromaius novaehollandiae,dromaius novaehollandiae,unclassified
0f9ecdab-3ead-4e50-ac1c-207a6b3be832,sequenceID:5f7e7984-a5ad-4ce7-9b3c-f74b6dbdd842,5f7e7984-a5ad-4ce7-9b3c-f74b6dbdd842,5f7e7984-a5ad-4ce7-9b3c-f74b6dbdd842,0f460ab2-bd64-472c-b1bd-a91393d823d0,unclassified,Unclassified,0.95,addaxai VIC,Dromaius novaehollandiae,dromaius novaehollandiae,unclassified
c0f096e6-8a4d-4c61-940e-1b9ce8f3667f,sequenceID:0ffc8267-aae5-441d-b22f-efe1e9e4d502,0ffc8267-aae5-441d-b22f-efe1e9e4d502,0ffc8267-aae5-441d-b22f-efe1e9e4d502,0f460ab2-bd64-472c-b1bd-a91393d823d0,unclassified,Unclassified,0.96,addaxai VIC,Dromaius novaehollandiae,dromaius novaehollandiae,unclassified
2670632d-1c16-413a-9061-ad798df33039,sequenceID:529b675b-6aaf-433c-9ebf-b8abefd8b2c4,529b675b-6aaf-433c-9ebf-b8abefd8b2c4,529b675b-6aaf-433c-9ebf-b8abefd8b2c4,0f460ab2-bd64-472c-b1bd-a91393d823d0,unclassified,Unclassified,0.95,addaxai VIC,Dromaius novaehollandiae,dromaius novaehollandiae,unclassified
2065b66e-c86f-4875-899d-e87166876c75,sequenceID:012b68e7-475a-49cb-9fb1-8d6a20ffe6ca,012b68e7-475a-49cb-9fb1-8d6a20ffe6ca,012b68e7-475a-49cb-9fb1-8d6a20ffe6ca,0f460ab2-bd64-472c-b1bd-a91393d823d0,unclassified,Unclassified,0.7,addaxai VIC,Dromaius novaehollandiae,dromaius novaehollandiae,unclassified
b0a72222-6f09-4906-bf85-26f9c8de8336,sequenceID:7429caf3-a2b7-4c2a-badd-296e7776466e,7429caf3-a2b7-4c2a-badd-296e7776466e,7429caf3-a2b7-4c2a-badd-296e7776466e,0f460ab2-bd64-472c-b1bd-a91393d823d0,unclassified,Unclassified,0.96,addaxai VIC,Dromaius novaehollandiae,dromaius novaehollandiae,unclassified
ffe985e4-bab4-4598-98b9-7088c50bcec0,sequenceID:878f9a5c-2fd7-4565-8e00-7b0ef82f5933,878f9a5c-2fd7-4565-8e00-7b0ef82f5933,878f9a5c-2fd7-4565-8e00-7b0ef82f5933,0f460ab2-bd64-472c-b1bd-a91393d823d0,unclassified,Unclassified,0.96,addaxai VIC,Dromaius novaehollandiae,dromaius novaehollandiae,unclassified
703c41b8-ed4e-4f04-a918-e0817d04a898,sequenceID:884248e0-c751-4b29-a03d-4ba1bd2c1409,884248e0-c751-4b29-a03d-4ba1bd2c1409,884248e0-c751-4b29-a03d-4ba1bd2c1409,0f460ab2-bd64-472c-b1bd-a91393d823d0,unclassified,Unclassified,0.95,addaxai VIC,Dromaius novaehollandiae,dromaius novaehollandiae,unclassified
5f63a967-7c7b-46b9-85dc-96190eca446f,sequenceID:d97d9b8e-d0eb-44ba-9b52-e10940f226c0,d97d9b8e-d0eb-44ba-9b52-e10940f226c0,d97d9b8e-d0eb-44ba-9b52-e10940f226c0,0f460ab2-bd64-472c-b1bd-a91393d823d0,unclassified,Unclassified,0.92,addaxai VIC,Dromaius novaehollandiae,dromaius novaehollandiae,unclassified
c75686d1-bb81-4520-add7-83bd0a4e04ce,sequenceID:808a529a-148c-40fb-a844-c213944d243c,808a529a-148c-40fb-a844-c213944d243c,808a529a-148c-40fb-a844-c213944d243c,0f460ab2-bd64-472c-b1bd-a91393d823d0,unclassified,Unclassified,0.7,addaxai VIC,Dromaius novaehollandiae,dromaius novaehollandiae,unclassified
39bb42fc-0b2c-42ce-b0c4-46a1bc8c2362,sequenceID:e0d80e91-0ae8-4717-bfbb-51f8e43dea9b,e0d80e91-0ae8-4717-bfbb-51f8e43dea9b,e0d80e91-0ae8-4717-bfbb-51f8e43dea9b,0f460ab2-bd64-472c-b1bd-a91393d823d0,unclassified,Unclassified,0.83,addaxai VIC,Dromaius novaehollandiae,dromaius novaehollandiae,unclassified
b0994cb6-15aa-4b58-a7b3-8acfa3e30878,sequenceID:40518ebd-834a-462a-a6b1-ef6f5101dc6c,40518ebd-834a-462a-a6b1-ef6f5101dc6c,40518ebd-834a-462a-a6b1-ef6f5101dc6c,0f460ab2-bd64-472c-b1bd-a91393d823d0,animal,Cervus elaphus,0.83,addaxai VIC,Dromaius novaehollandiae,dromaius novaehollandiae,cervus elaphus
90ec98b5-817d-496d-9505-f31be895f7f4,sequenceID:fc51d30a-cf84-4bf7-9a03-9406e42c9d07,fc51d30a-cf84-4bf7-9a03-9406e42c9d07,fc51d30a-cf84-4bf7-9a03-9406e42c9d07,0f460ab2-bd64-472c-b1bd-a91393d823d0,unclassified,Unclassified,0.95,addaxai VIC,Dromaius novaehollandiae,dromaius novaehollandiae,unclassified
0d9816b0-9189-455a-b7e6-635b2b15c62e,sequenceID:4a127bab-aeb7-4b1c-bb7e-8d21962905f5,4a127bab-aeb7-4b1c-bb7e-8d21962905f5,4a127bab-aeb7-4b1c-bb7e-8d21962905f5,0f460ab2-bd64-472c-b1bd-a91393d823d0,unclassified,Unclassified,0.95,addaxai VIC,Dromaius novaehollandiae,dromaius novaehollandiae,unclassified
cea44309-946f-4002-a2c0-3aaf8e5d9405,sequenceID:6f0246f1-1fda-471f-9857-b05cbc61ea03,6f0246f1-1fda-471f-9857-b05cbc61ea03,6f0246f1-1fda-471f-9857-b05cbc61ea03,0f460ab2-bd64-472c-b1bd-a91393d823d0,unclassified,Unclassified,0.87,addaxai VIC,Dromaius novaehollandiae,dromaius novaehollandiae,unclassified
c7d8528b-7da2-4fe4-a6b0-960ca98065a1,sequenceID:37aa37a1-2c30-4db6-a59a-d6cf3bac6f88,37aa37a1-2c30-4db6-a59a-d6cf3bac6f88,37aa37a1-2c30-4db6-a59a-d6cf3bac6f88,0f460ab2-bd64-472c-b1bd-a91393d823d0,animal,Equus caballus,0.83,addaxai VIC,Dromaius novaehollandiae,dromaius novaehollandiae,equus caballus
92234a87-e788-4d73-9b10-f5431842a0ae,sequenceID:395bc3b2-5a8a-40bb-a6da-12344bf28a15,395bc3b2-5a8a-40bb-a6da-12344bf28a15,395bc3b2-5a8a-40bb-a6da-12344bf28a15,0f460ab2-bd64-472c-b1bd-a91393d823d0,unclassified,Unclassified,0.0,,Dromaius novaehollandiae,dromaius novaehollandiae,unclassified
a42401d7-104a-4381-af1d-92320f4565a8,sequenceID:230d2e28-a6e5-40b1-ac66-5e47547306e3,230d2e28-a6e5-40b1-ac66-5e47547306e3,230d2e28-a6e5-40b1-ac66-5e47547306e3,0f460ab2-bd64-472c-b1bd-a91393d823d0,unclassified,Unclassified,0.0,,Dromaius novaehollandiae,dromaius novaehollandiae,unclassified
b83d4ce8-0362-49e2-ac17-915288cfb806,sequenceID:b056ee73-f418-45e5-bff8-3c89dfa216fc,b056ee73-f418-45e5-bff8-3c89dfa216fc,b056ee73-f418-45e5-bff8-3c89dfa216fc,0f460ab2-bd64-472c-b1bd-a91393d823d0,animal,Aves,0.69,addaxai VIC,Dromaius novaehollandiae,dromaius novaehollandiae,aves
b83d4ce8-0362-49e2-ac17-915288cfb806,sequenceID:b056ee73-f418-45e5-bff8-3c89dfa216fc,b056ee73-f418-45e5-bff8-3c89dfa216fc,b056ee73-f418-45e5-bff8-3c89dfa216fc,0f460ab2-bd64-472c-b1bd-a91393d823d0,unclassified,Unclassified,0.89,addaxai VIC,Dromaius novaehollandiae,dromaius novaehollandiae,unclassified
b83d4ce8-0362-49e2-ac17-915288cfb806,sequenceID:b056ee73-f418-45e5-bff8-3c89dfa216fc,b056ee73-f418-45e5-bff8-3c89dfa216fc,b056ee73-f418-45e5-bff8-3c89dfa216fc,0f460ab2-bd64-472c-b1bd-a91393d823d0,animal,Macropus fuliginosus,0.7,addaxai VIC,Dromaius novaehollandiae,dromaius novaehollandiae,macropus fuliginosus
60f5a967-4271-4274-9c25-323930c6f34d,sequenceID:640acf21-de16-40fc-806f-e652f24f0660,640acf21-de16-40fc-806f-e652f24f0660,640acf21-de16-40fc-806f-e652f24f0660,0f460ab2-bd64-472c-b1bd-a91393d823d0,unclassified,Unclassified,0.0,,Dromaius novaehollandiae,dromaius novaehollandiae,unclassified
c731e1cb-c469-4fa4-9521-25956ef6294f,sequenceID:16d53196-15f3-4e64-8494-9cb13414ba4b,16d53196-15f3-4e64-8494-9cb13414ba4b,16d53196-15f3-4e64-8494-9cb13414ba4b,0f460ab2-bd64-472c-b1bd-a91393d823d0,unclassified,Unclassified,0.95,addaxai VIC,Dromaius novaehollandiae,dromaius novaehollandiae,unclassified
a484695b-67e0-4111-bc14-c6f229fe2bdb,sequenceID:0cf7338c-db7c-4f51-b227-09561951fe08,0cf7338c-db7c-4f51-b227-09561951fe08,0cf7338c-db7c-4f51-b227-09561951fe08,0f460ab2-bd64-472c-b1bd-a91393d823d0,unclassified,Unclassified,0.0,,Dromaius novaehollandiae,dromaius novaehollandiae,unclassified
c1334a28-65c7-4ada-a66e-398b68a05880,sequenceID:a71dc267-0957-4391-aeb5-07aa61fd2c73,a71dc267-0957-4391-aeb5-07aa61fd2c73,a71dc267-0957-4391-aeb5-07aa61fd2c73,0f460ab2-bd64-472c-b1bd-a91393d823d0,unclassified,Unclassified,0.94,addaxai VIC,Dromaius novaehollandiae,dromaius novaehollandiae,unclassified
54ff3e92-3b02-4435-87ea-27a7025a81be,sequenceID:838006cd-1a8c-4a24-825c-52c5d1ef4604,838006cd-1a8c-4a24-825c-52c5d1ef4604,838006cd-1a8c-4a24-825c-52c5d1ef4604,0f460ab2-bd64-472c-b1bd-a91393d823d0,blank,Blank,0.5,addaxai VIC,Dromaius novaehollandiae,dromaius novaehollandiae,blank
80dad5c0-f649-4898-8b07-9e0b50c216ef,sequenceID:c8f2f667-8e32-4616-8529-0055df24a806,c8f2f667-8e32-4616-8529-0055df24a806,c8f2f667-8e32-4616-8529-0055df24a806,0f460ab2-bd64-472c-b1bd-a91393d823d0,unclassified,Unclassified,0.94,addaxai VIC,Dromaius novaehollandiae,dromaius novaehollandiae,unclassified
017d1127-5487-4b88-97b4-2f2ff132b01e,sequenceID:7fa63666-558a-4efe-bde3-0597680cdcd8,7fa63666-558a-4efe-bde3-0597680cdcd8,7fa63666-558a-4efe-bde3-0597680cdcd8,0f460ab2-bd64-472c-b1bd-a91393d823d0,unclassified,Unclassified,0.87,addaxai VIC,Dromaius novaehollandiae,dromaius novaehollandiae,unclassified
30a5c604-1d54-4255-9845-fd07c5c9c8f8,sequenceID:db2f9225-b8d9-43ae-8594-4ee14b970a98,db2f9225-b8d9-43ae-8594-4ee14b970a98,db2f9225-b8d9-43ae-8594-4ee14b970a98,0f460ab2-bd64-472c-b1bd-a91393d823d0,unclassified,Unclassified,0.0,,Dromaius novaehollandiae,dromaius novaehollandiae,unclassified
e8c40aa8-6b60-4222-b772-5f4fbdda8dd1,sequenceID:26370d26-cb86-447e-a3ae-5a08226c3829,26370d26-cb86-447e-a3ae-5a08226c3829,26370d26-cb86-447e-a3ae-5a08226c3829,0f460ab2-bd64-472c-b1bd-a91393d823d0,unclassified,Unclassified,0.94,addaxai VIC,Dromaius novaehollandiae,dromaius novaehollandiae,unclassified
f8fe02bf-3fe9-46a0-b78d-67e4c3b61951,sequenceID:d56d5390-6895-4747-89d4-a94739334433,d56d5390-6895-4747-89d4-a94739334433,d56d5390-6895-4747-89d4-a94739334433,0f460ab2-bd64-472c-b1bd-a91393d823d0,unclassified,Unclassified,0.93,addaxai VIC,Dromaius novaehollandiae,dromaius novaehollandiae,unclassified
8c1bbca5-d54a-41bf-9dd7-d27507065fd8,sequenceID:6c2b573c-8e4e-49cd-8d6c-2f5045d8751b,6c2b573c-8e4e-49cd-8d6c-2f5045d8751b,6c2b573c-8e4e-49cd-8d6c-2f5045d8751b,0f460ab2-bd64-472c-b1bd-a91393d823d0,unclassified,Unclassified,0.95,addaxai VIC,Dromaius novaehollandiae,dromaius novaehollandiae,unclassified
019162e7-3d8a-46b6-8dc5-08c330ce8029,sequenceID:255c9256-a00f-41f4-8f1f-1362c3c8c4f2,255c9256-a00f-41f4-8f1f-1362c3c8c4f2,255c9256-a00f-41f4-8f1f-1362c3c8c4f2,0f460ab2-bd64-472c-b1bd-a91393d823d0,animal,Cervus elaphus,0.71,addaxai VIC,Dromaius novaehollandiae,dromaius novaehollandiae,cervus elaphus
aa22ad38-ca14-469a-8516-248fc037af55,sequenceID:a75e2a86-0bf2-4c91-b589-7f7577835834,a75e2a86-0bf2-4c91-b589-7f7577835834,a75e2a86-0bf2-4c91-b589-7f7577835834,0f460ab2-bd64-472c-b1bd-a91393d823d0,unclassified,Unclassified,0.96,addaxai VIC,Dromaius novaehollandiae,dromaius novaehollandiae,unclassified
1b178884-ece0-4a06-afbe-4a6be8dfe855,sequenceID:a7098c4b-f4da-4339-b41a-6c5ddd635760,a7098c4b-f4da-4339-b41a-6c5ddd635760,a7098c4b-f4da-4339-b41a-6c5ddd635760,0f460ab2-bd64-472c-b1bd-a91393d823d0,unclassified,Unclassified,0.0,,Dromaius novaehollandiae,dromaius novaehollandiae,unclassified
084f544b-8a3c-414f-8fa9-bf292a9f2795,sequenceID:b8e61cb5-c4e6-4882-9cf7-cc556c58ee36,b8e61cb5-c4e6-4882-9cf7-cc556c58ee36,b8e61cb5-c4e6-4882-9cf7-cc556c58ee36,0f460ab2-bd64-472c-b1bd-a91393d823d0,unclassified,Unclassified,0.94,addaxai VIC,Dromaius novaehollandiae,dromaius novaehollandiae,unclassified
8e5b4d40-cee1-416f-88fd-1000ac14fce8,sequenceID:55a621b4-5e25-4a01-bc7a-5c404647ee6e,55a621b4-5e25-4a01-bc7a-5c404647ee6e,55a621b4-5e25-4a01-bc7a-5c404647ee6e,0f460ab2-bd64-472c-b1bd-a91393d823d0,unclassified,Unclassified,0.65,addaxai VIC,Dromaius novaehollandiae,dromaius novaehollandiae,unclassified
64adbb56-c94f-4ae3-ba92-5387643900c0,sequenceID:2cd9133c-7aa6-4481-9246-15d91d6914ed,2cd9133c-7aa6-4481-9246-15d91d6914ed,2cd9133c-7aa6-4481-9246-15d91d6914ed,0f460ab2-bd64-472c-b1bd-a91393d823d0,unclassified,Unclassified,0.97,addaxai VIC,Dromaius novaehollandiae,dromaius novaehollandiae,unclassified
d468b7cd-1c5a-47f1-a577-370b0894d90e,sequenceID:89e787f0-2f09-4b5a-88b8-9f72cd671dd7,89e787f0-2f09-4b5a-88b8-9f72cd671dd7,89e787f0-2f09-4b5a-88b8-9f72cd671dd7,0f460ab2-bd64-472c-b1bd-a91393d823d0,unclassified,Unclassified,0.94,addaxai VIC,Dromaius novaehollandiae,dromaius novaehollandiae,unclassified
1a7534c3-bf70-4181-a1b0-cf50795444d4,sequenceID:83ec1db6-d5cc-4285-8f1f-fdf005f6e98f,83ec1db6-d5cc-4285-8f1f-fdf005f6e98f,83ec1db6-d5cc-4285-8f1f-fdf005f6e98f,0f460ab2-bd64-472c-b1bd-a91393d823d0,unclassified,Unclassified,0.97,addaxai VIC,Dromaius novaehollandiae,dromaius novaehollandiae,unclassified
0b933cc1-a54a-4c1c-8132-c73301b25f98,sequenceID:50e0e444-71f8-49ee-bfba-4ddd0f672bcd,50e0e444-71f8-49ee-bfba-4ddd0f672bcd,50e0e444-71f8-49ee-bfba-4ddd0f672bcd,0f460ab2-bd64-472c-b1bd-a91393d823d0,unclassified,Unclassified,0.95,addaxai VIC,Dromaius novaehollandiae,dromaius novaehollandiae,unclassified
7b69eceb-2059-4b42-bf47-861c8852938b,sequenceID:6f6ff3b0-9ed6-4bdd-a0dd-ab95f496c8db,6f6ff3b0-9ed6-4bdd-a0dd-ab95f496c8db,6f6ff3b0-9ed6-4bdd-a0dd-ab95f496c8db,0f460ab2-bd64-472c-b1bd-a91393d823d0,unclassified,Unclassified,0.91,addaxai VIC,Dromaius novaehollandiae,dromaius novaehollandiae,unclassified
d52ab2c0-1eea-43a0-8def-b30ea9da507d,sequenceID:905f9c1d-62a1-4701-87ea-62486800efac,905f9c1d-62a1-4701-87ea-62486800efac,905f9c1d-62a1-4701-87ea-62486800efac,0f460ab2-bd64-472c-b1bd-a91393d823d0,unclassified,Unclassified,0.83,addaxai VIC,Dromaius novaehollandiae,dromaius novaehollandiae,unclassified
b17a54a6-085f-4b00-9e25-312496d6bb7b,sequenceID:62e22a24-07d7-499c-b3fc-920229ca3552,62e22a24-07d7-499c-b3fc-920229ca3552,62e22a24-07d7-499c-b3fc-920229ca3552,0f460ab2-bd64-472c-b1bd-a91393d823d0,animal,Cervus elaphus,0.8,addaxai VIC,Dromaius novaehollandiae,dromaius novaehollandiae,cervus elaphus
63b2560d-04fa-494b-8546-2337a3fc4264,sequenceID:6da06a00-9514-4ec1-8731-5876e2fff8ef,6da06a00-9514-4ec1-8731-5876e2fff8ef,6da06a00-9514-4ec1-8731-5876e2fff8ef,0f460ab2-bd64-472c-b1bd-a91393d823d0,unclassified,Unclassified,0.83,addaxai VIC,Dromaius novaehollandiae,dromaius novaehollandiae,unclassified
3a165d4a-28a0-48a2-ad35-db5eb89fb787,sequenceID:b556f8a3-64db-442c-9c92-6ed88cadd853,b556f8a3-64db-442c-9c92-6ed88cadd853,b556f8a3-64db-442c-9c92-6ed88cadd853,0f460ab2-bd64-472c-b1bd-a91393d823d0,unclassified,Unclassified,0.0,,Dromaius novaehollandiae,dromaius novaehollandiae,unclassified
5eaade45-e24e-42e0-8477-90845d23ee16,sequenceID:267f0615-8341-4520-b92e-9c556878a689,267f0615-8341-4520-b92e-9c556878a689,267f0615-8341-4520-b92e-9c556878a689,0f460ab2-bd64-472c-b1bd-a91393d823d0,unclassified,Unclassified,0.0,,Dromaius novaehollandiae,dromaius novaehollandiae,unclassified
902ca3b1-eb6c-4b32-aa9e-00f351ab5adb,sequenceID:9fad4f85-a4f2-4f42-b9f7-0196b6a4daf1,9fad4f85-a4f2-4f42-b9f7-0196b6a4daf1,9fad4f85-a4f2-4f42-b9f7-0196b6a4daf1,0f460ab2-bd64-472c-b1bd-a91393d823d0,unclassified,Unclassified,0.0,,Dromaius novaehollandiae,dromaius novaehollandiae,unclassified
f0550f13-6843-4e00-88db-8ad8fb945801,sequenceID:d34fa451-1f53-4b14-b651-64aedaa41574,d34fa451-1f53-4b14-b651-64aedaa41574,d34fa451-1f53-4b14-b651-64aedaa41574,0f460ab2-bd64-472c-b1bd-a91393d823d0,animal,Equus,0.69,addaxai VIC,Dromaius novaehollandiae,dromaius novaehollandiae,equus
03d839d7-8c4a-44ef-b6f4-ad133bfd82f9,sequenceID:4e45b146-88a8-4c51-8647-85d415a13232,4e45b146-88a8-4c51-8647-85d415a13232,4e45b146-88a8-4c51-8647-85d415a13232,0f460ab2-bd64-472c-b1bd-a91393d823d0,unclassified,Unclassified,0.97,addaxai VIC,Dromaius novaehollandiae,dromaius novaehollandiae,unclassified
8a2cc404-3476-4eab-a545-3eeba8758824,sequenceID:60308f81-7dd2-45b2-9e2c-92c7838609e6,60308f81-7dd2-45b2-9e2c-92c7838609e6,60308f81-7dd2-45b2-9e2c-92c7838609e6,0f460ab2-bd64-472c-b1bd-a91393d823d0,blank,Blank,0.5,addaxai VIC,Dromaius novaehollandiae,dromaius novaehollandiae,blank
cbd4c8ac-c3e2-4b7c-b0a5-db5d897a612b,sequenceID:8d4506f4-2bc7-42bd-993a-225ccfd2015a,8d4506f4-2bc7-42bd-993a-225ccfd2015a,8d4506f4-2bc7-42bd-993a-225ccfd2015a,0f460ab2-bd64-472c-b1bd-a91393d823d0,unclassified,Unclassified,0.0,,Dromaius novaehollandiae,dromaius novaehollandiae,unclassified
91e141b5-2f59-4717-bff8-9a65540f5f8b,sequenceID:dce01438-5b19-42e7-ad3e-bde9da1b84b5,dce01438-5b19-42e7-ad3e-bde9da1b84b5,dce01438-5b19-42e7-ad3e-bde9da1b84b5,0f460ab2-bd64-472c-b1bd-a91393d823d0,unclassified,Unclassified,0.95,addaxai VIC,Dromaius novaehollandiae,dromaius novaehollandiae,unclassified
cd2973be-811f-42a2-bae9-29526fc709e0,sequenceID:40ba201c-9f49-4d36-b592-3af94bdd62ee,40ba201c-9f49-4d36-b592-3af94bdd62ee,40ba201c-9f49-4d36-b592-3af94bdd62ee,0f460ab2-bd64-472c-b1bd-a91393d823d0,unclassified,Unclassified,0.95,addaxai VIC,Dromaius novaehollandiae,dromaius novaehollandiae,unclassified
cea7faef-5cc4-4897-a113-09d4e78d54bb,sequenceID:eaddaf9e-cf14-4656-aec8-beffd91f704c,eaddaf9e-cf14-4656-aec8-beffd91f704c,eaddaf9e-cf14-4656-aec8-beffd91f704c,0f460ab2-bd64-472c-b1bd-a91393d823d0,unclassified,Unclassified,0.0,,Dromaius novaehollandiae,dromaius novaehollandiae,unclassified
18e37359-c60d-41ee-9062-fdcafd315ba4,sequenceID:c89a4f50-0d55-4263-bd46-9157113e3c21,c89a4f50-0d55-4263-bd46-9157113e3c21,c89a4f50-0d55-4263-bd46-9157113e3c21,0f460ab2-bd64-472c-b1bd-a91393d823d0,animal,Mammalia,0.75,addaxai VIC,Dromaius novaehollandiae,dromaius novaehollandiae,mammalia
bc08d9b2-0a29-43e7-8096-aa0467d6523e,sequenceID:0cea51e5-a4bd-46d5-abb9-64f956ae841b,0cea51e5-a4bd-46d5-abb9-64f956ae841b,0cea51e5-a4bd-46d5-abb9-64f956ae841b,0f460ab2-bd64-472c-b1bd-a91393d823d0,unclassified,Unclassified,0.0,,Dromaius novaehollandiae,dromaius novaehollandiae,unclassified
f13ca632-3d3d-4c9d-a9f2-40442ec05e2c,sequenceID:61b646bc-ef0f-463f-bc95-85a18d9e91d1,61b646bc-ef0f-463f-bc95-85a18d9e91d1,61b646bc-ef0f-463f-bc95-85a18d9e91d1,0f460ab2-bd64-472c-b1bd-a91393d823d0,unclassified,Unclassified,0.93,addaxai VIC,Dromaius novaehollandiae,dromaius novaehollandiae,unclassified
0385abd5-65a5-4365-86b1-d66628902c33,sequenceID:2489c435-faef-468d-83ef-ed584ee6c5fd,2489c435-faef-468d-83ef-ed584ee6c5fd,2489c435-faef-468d-83ef-ed584ee6c5fd,0f460ab2-bd64-472c-b1bd-a91393d823d0,blank,Blank,0.5,addaxai VIC,Dromaius novaehollandiae,dromaius novaehollandiae,blank
1fb3b337-3997-4800-9bb6-5a02f0c58046,sequenceID:86da11aa-010f-49d5-a7ac-4d1b0df0c84c,86da11aa-010f-49d5-a7ac-4d1b0df0c84c,86da11aa-010f-49d5-a7ac-4d1b0df0c84c,0f460ab2-bd64-472c-b1bd-a91393d823d0,unclassified,Unclassified,0.92,addaxai VIC,Dromaius novaehollandiae,dromaius novaehollandiae,unclassified
6e3f8c7d-c094-4d33-9049-ea76501f1382,sequenceID:fe3a4ac1-17a6-488a-9cc8-c8ae5dff12ad,fe3a4ac1-17a6-488a-9cc8-c8ae5dff12ad,fe3a4ac1-17a6-488a-9cc8-c8ae5dff12ad,0f460ab2-bd64-472c-b1bd-a91393d823d0,unclassified,Unclassified,0.94,addaxai VIC,Dromaius novaehollandiae,dromaius novaehollandiae,unclassified
c1068e5b-0bc8-4d4b-8379-dd9ac9260a99,sequenceID:7bdaddd0-ccf1-4dc8-94d8-ace967996f84,7bdaddd0-ccf1-4dc8-94d8-ace967996f84,7bdaddd0-ccf1-4dc8-94d8-ace967996f84,0f460ab2-bd64-472c-b1bd-a91393d823d0,unclassified,Unclassified,0.95,addaxai VIC,Dromaius novaehollandiae,dromaius novaehollandiae,unclassified
6348a2e3-a035-474c-8ec6-741297b55963,sequenceID:86b24340-2ce8-4a05-bc06-ee4fd1ed64b0,86b24340-2ce8-4a05-bc06-ee4fd1ed64b0,86b24340-2ce8-4a05-bc06-ee4fd1ed64b0,0f460ab2-bd64-472c-b1bd-a91393d823d0,unclassified,Unclassified,0.94,addaxai VIC,Dromaius novaehollandiae,dromaius novaehollandiae,unclassified
5b2ac006-d92c-429d-a5be-f15e79cd38a0,sequenceID:1c24bc91-3a22-4278-b5e5-1e652ce69f20,1c24bc91-3a22-4278-b5e5-1e652ce69f20,1c24bc91-3a22-4278-b5e5-1e652ce69f20,0f460ab2-bd64-472c-b1bd-a91393d823d0,unclassified,Unclassified,0.97,addaxai VIC,Dromaius novaehollandiae,dromaius novaehollandiae,unclassified
68a52a71-a56e-4a66-b0f4-c350cb8a417c,sequenceID:5858ea88-aa4a-4e1c-97e1-9f69bc0a183f,5858ea88-aa4a-4e1c-97e1-9f69bc0a183f,5858ea88-aa4a-4e1c-97e1-9f69bc0a183f,0f460ab2-bd64-472c-b1bd-a91393d823d0,unclassified,Unclassified,0.9,addaxai VIC,Dromaius novaehollandiae,dromaius novaehollandiae,unclassified
14a25b0e-97bd-4024-a29d-084cb2a72e72,sequenceID:c28c8d32-3d7b-4046-b3c7-b9b59a677073,c28c8d32-3d7b-4046-b3c7-b9b59a677073,c28c8d32-3d7b-4046-b3c7-b9b59a677073,0f460ab2-bd64-472c-b1bd-a91393d823d0,blank,Blank,0.5,addaxai VIC,Dromaius novaehollandiae,dromaius novaehollandiae,blank
705edeec-1cad-4420-ba1f-6723fe030f6d,sequenceID:946a8568-340a-4140-8f31-6d256e9e2ced,946a8568-340a-4140-8f31-6d256e9e2ced,946a8568-340a-4140-8f31-6d256e9e2ced,0f460ab2-bd64-472c-b1bd-a91393d823d0,unclassified,Unclassified,0.93,addaxai VIC,Dromaius novaehollandiae,dromaius novaehollandiae,unclassified
600272f7-5dec-42bf-87e6-141d27b6bbf9,sequenceID:f5f7ea79-df05-4075-81b7-df7bc178001a,f5f7ea79-df05-4075-81b7-df7bc178001a,f5f7ea79-df05-4075-81b7-df7bc178001a,0f460ab2-bd64-472c-b1bd-a91393d823d0,unclassified,Unclassified,0.89,addaxai VIC,Dromaius novaehollandiae,dromaius novaehollandiae,unclassified
7711b4eb-31b2-4792-8c9a-5b022ec51864,sequenceID:7ac7fc2b-ed6a-4ce4-b166-efbed4d15c71,7ac7fc2b-ed6a-4ce4-b166-efbed4d15c71,7ac7fc2b-ed6a-4ce4-b166-efbed4d15c71,0f460ab2-bd64-472c-b1bd-a91393d823d0,unclassified,Unclassified,0.95,addaxai VIC,Dromaius novaehollandiae,dromaius novaehollandiae,unclassified
ecf01727-3354-4a9e-a4ba-81759fdaebed,sequenceID:4349d23c-a1d6-480f-9cdc-fc3b3c8c5cf8,4349d23c-a1d6-480f-9cdc-fc3b3c8c5cf8,4349d23c-a1d6-480f-9cdc-fc3b3c8c5cf8,0f460ab2-bd64-472c-b1bd-a91393d823d0,unclassified,Unclassified,0.79,addaxai VIC,Dromaius novaehollandiae,dromaius novaehollandiae,unclassified
1017e19e-16b7-43f9-992b-a45d1eadc98f,sequenceID:348e4c82-2e39-4bb8-afa6-771f7e7b9f21,348e4c82-2e39-4bb8-afa6-771f7e7b9f21,348e4c82-2e39-4bb8-afa6-771f7e7b9f21,0f460ab2-bd64-472c-b1bd-a91393d823d0,animal,Ovis aries,0.66,addaxai VIC,Dromaius novaehollandiae,dromaius novaehollandiae,ovis aries
f18d8f64-e308-4aac-b7de-c87e619065c7,sequenceID:a5ca2710-ef30-48f4-8f49-22d2e0f76413,a5ca2710-ef30-48f4-8f49-22d2e0f76413,a5ca2710-ef30-48f4-8f49-22d2e0f76413,0f460ab2-bd64-472c-b1bd-a91393d823d0,unclassified,Unclassified,0.96,addaxai VIC,Dromaius novaehollandiae,dromaius novaehollandiae,unclassified
97dd9299-21d4-4456-a05e-08574dcfabd6,sequenceID:5fb775da-0ffe-41f4-b273-e2bedffe3dc8,5fb775da-0ffe-41f4-b273-e2bedffe3dc8,5fb775da-0ffe-41f4-b273-e2bedffe3dc8,0f460ab2-bd64-472c-b1bd-a91393d823d0,unclassified,Unclassified,0.9,addaxai VIC,Dromaius novaehollandiae,dromaius novaehollandiae,unclassified
20bbbbb8-d2c2-411a-abc6-16a453718c54,sequenceID:9dcae7e3-6342-470a-a0f3-ba47e125f49e,9dcae7e3-6342-470a-a0f3-ba47e125f49e,9dcae7e3-6342-470a-a0f3-ba47e125f49e,0f460ab2-bd64-472c-b1bd-a91393d823d0,unclassified,Unclassified,0.93,addaxai VIC,Dromaius novaehollandiae,dromaius novaehollandiae,unclassified
94de7b91-14e4-4021-98b3-99bda8e0e0b1,sequenceID:242d1037-0915-4f11-9a51-511de08acd7e,242d1037-0915-4f11-9a51-511de08acd7e,242d1037-0915-4f11-9a51-511de08acd7e,0f460ab2-bd64-472c-b1bd-a91393d823d0,unclassified,Unclassified,0.89,addaxai VIC,Dromaius novaehollandiae,dromaius novaehollandiae,unclassified
6d9da97f-f23d-4255-b6b8-108b7c6ad1ec,sequenceID:d848d6de-6ddf-4c32-9a4e-414872b4e9f4,d848d6de-6ddf-4c32-9a4e-414872b4e9f4,d848d6de-6ddf-4c32-9a4e-414872b4e9f4,0f460ab2-bd64-472c-b1bd-a91393d823d0,unclassified,Unclassified,0.95,addaxai VIC,Dromaius novaehollandiae,dromaius novaehollandiae,unclassified
9a71aafa-9521-4779-a227-26b223519e5d,sequenceID:4803d2f1-7c1f-4a8a-9ab0-092b5631750d,4803d2f1-7c1f-4a8a-9ab0-092b5631750d,4803d2f1-7c1f-4a8a-9ab0-092b5631750d,0f460ab2-bd64-472c-b1bd-a91393d823d0,unclassified,Unclassified,0.0,,Dromaius novaehollandiae,dromaius novaehollandiae,unclassified
cc2a4bcd-bd68-4487-a48c-8d0b80070561,sequenceID:b57ed550-2b66-4657-89b0-e819c54147a4,b57ed550-2b66-4657-89b0-e819c54147a4,b57ed550-2b66-4657-89b0-e819c54147a4,0f460ab2-bd64-472c-b1bd-a91393d823d0,unclassified,Unclassified,0.91,addaxai VIC,Dromaius novaehollandiae,dromaius novaehollandiae,unclassified
e6ed2ac2-928f-43f4-9e87-59aa68772b69,sequenceID:194ed582-205a-4159-a67c-e00b606525dc,194ed582-205a-4159-a67c-e00b606525dc,194ed582-205a-4159-a67c-e00b606525dc,0f460ab2-bd64-472c-b1bd-a91393d823d0,unclassified,Unclassified,0.96,addaxai VIC,Dromaius novaehollandiae,dromaius novaehollandiae,unclassified
79ed6993-9c26-4c60-8884-a658b7c108a5,sequenceID:2967aea9-b1e6-4963-af7c-1927d6215674,2967aea9-b1e6-4963-af7c-1927d6215674,2967aea9-b1e6-4963-af7c-1927d6215674,0f460ab2-bd64-472c-b1bd-a91393d823d0,blank,Blank,0.5,addaxai VIC,Dromaius novaehollandiae,dromaius novaehollandiae,blank
4ffa9703-6144-4c9a-be63-28ac23c6404c,sequenceID:c0e72203-4dff-4b90-bcf3-8e6903ce97e7,c0e72203-4dff-4b90-bcf3-8e6903ce97e7,c0e72203-4dff-4b90-bcf3-8e6903ce97e7,0f460ab2-bd64-472c-b1bd-a91393d823d0,unclassified,Unclassified,0.92,addaxai VIC,Dromaius novaehollandiae,dromaius novaehollandiae,unclassified
045f607a-7cd7-4d36-bd9e-63fbdf3ba8b4,sequenceID:cb5bbcd3-3238-44a8-aed2-f469ba28db9a,cb5bbcd3-3238-44a8-aed2-f469ba28db9a,cb5bbcd3-3238-44a8-aed2-f469ba28db9a,0f460ab2-bd64-472c-b1bd-a91393d823d0,unclassified,Unclassified,0.92,addaxai VIC,Dromaius novaehollandiae,dromaius novaehollandiae,unclassified
3904cea8-0139-4aa5-889f-ea725f84f216,sequenceID:c78efc48-b676-4ed0-b303-8b5e0d75cd00,c78efc48-b676-4ed0-b303-8b5e0d75cd00,c78efc48-b676-4ed0-b303-8b5e0d75cd00,0f460ab2-bd64-472c-b1bd-a91393d823d0,unclassified,Unclassified,0.0,,Dromaius novaehollandiae,dromaius novaehollandiae,unclassified
182ecc7a-1113-4c40-850c-c9ad5ed17b2d,sequenceID:25affc4c-f7f8-4d4b-b008-9d2a08679d6d,25affc4c-f7f8-4d4b-b008-9d2a08679d6d,25affc4c-f7f8-4d4b-b008-9d2a08679d6d,10ba46b5-5bbf-46dd-944f-894a05cdb357,unclassified,Unclassified,0.93,addaxai VIC,Blank,blank,unclassified
43870406-5e50-4743-88d6-54d1f5b0a42f,sequenceID:31905a90-81a5-44e0-9da5-096bf629d85a,31905a90-81a5-44e0-9da5-096bf629d85a,31905a90-81a5-44e0-9da5-096bf629d85a,10ba46b5-5bbf-46dd-944f-894a05cdb357,unclassified,Unclassified,0.94,addaxai VIC,Blank,blank,unclassified
5e40d8a9-335a-41c8-9075-5ebf929c21ab,sequenceID:f0aca51b-7120-407a-8d7b-cb3ba635caf0,f0aca51b-7120-407a-8d7b-cb3ba635caf0,f0aca51b-7120-407a-8d7b-cb3ba635caf0,10ba46b5-5bbf-46dd-944f-894a05cdb357,unclassified,Unclassified,0.88,addaxai VIC,Blank,blank,unclassified
0b0db56d-b1e0-4902-8dd6-ffc4ebbe66f7,sequenceID:afb7876d-27ba-4042-b8f3-fb98b643307b,afb7876d-27ba-4042-b8f3-fb98b643307b,afb7876d-27ba-4042-b8f3-fb98b643307b,10ba46b5-5bbf-46dd-944f-894a05cdb357,unclassified,Unclassified,0.94,addaxai VIC,Blank,blank,unclassified
bcc4961d-62ff-41ce-94cf-ec6e7e76c46d,sequenceID:a9e6e9e8-afa1-4840-859c-41d6d9245eb4,a9e6e9e8-afa1-4840-859c-41d6d9245eb4,a9e6e9e8-afa1-4840-859c-41d6d9245eb4,10ba46b5-5bbf-46dd-944f-894a05cdb357,unclassified,Unclassified,0.94,addaxai VIC,Blank,blank,unclassified
f15d7fbc-1d95-4a1d-80c8-1c963c1b66de,sequenceID:2ef74101-e5e1-4031-9af2-938b902211a4,2ef74101-e5e1-4031-9af2-938b902211a4,2ef74101-e5e1-4031-9af2-938b902211a4,10ba46b5-5bbf-46dd-944f-894a05cdb357,unclassified,Unclassified,0.95,addaxai VIC,Blank,blank,unclassified
664598ce-6cfa-4ba5-8c29-45a801e8acc8,sequenceID:8c1dce3c-c1b3-48a3-a2af-1d2b03072d5c,8c1dce3c-c1b3-48a3-a2af-1d2b03072d5c,8c1dce3c-c1b3-48a3-a2af-1d2b03072d5c,10ba46b5-5bbf-46dd-944f-894a05cdb357,unclassified,Unclassified,0.94,addaxai VIC,Blank,blank,unclassified
59835dbf-66e1-4461-b0b6-77f69dfe37a3,sequenceID:ba75c5ad-6a4f-4612-bb16-4ef641403e5d,ba75c5ad-6a4f-4612-bb16-4ef641403e5d,ba75c5ad-6a4f-4612-bb16-4ef641403e5d,10ba46b5-5bbf-46dd-944f-894a05cdb357,unclassified,Unclassified,0.96,addaxai VIC,Blank,blank,unclassified
f5c74b36-f3bf-4268-b077-edbb24887012,sequenceID:8f0f61e1-03be-4c65-b9b6-5ab892dbe037,8f0f61e1-03be-4c65-b9b6-5ab892dbe037,8f0f61e1-03be-4c65-b9b6-5ab892dbe037,10ba46b5-5bbf-46dd-944f-894a05cdb357,unclassified,Unclassified,0.94,addaxai VIC,Blank,blank,unclassified
11caa0a0-bdda-4158-a8ac-6d707036304a,sequenceID:ce875c1b-4a0e-48f2-91c1-63490b7ff826,ce875c1b-4a0e-48f2-91c1-63490b7ff826,ce875c1b-4a0e-48f2-91c1-63490b7ff826,10ba46b5-5bbf-46dd-944f-894a05cdb357,unclassified,Unclassified,0.91,addaxai VIC,Blank,blank,unclassified
4c2a8382-b64f-4a7a-994a-8e7f8c4fb048,sequenceID:532dc1d6-a9db-4114-9ac4-5155b68d729b,532dc1d6-a9db-4114-9ac4-5155b68d729b,532dc1d6-a9db-4114-9ac4-5155b68d729b,10ba46b5-5bbf-46dd-944f-894a05cdb357,unclassified,Unclassified,0.92,addaxai VIC,Blank,blank,unclassified
10ca68a1-dbb1-473b-9b86-a5824694fc46,sequenceID:ba8c4e4a-6052-4073-801b-ea96866fd0eb,ba8c4e4a-6052-4073-801b-ea96866fd0eb,ba8c4e4a-6052-4073-801b-ea96866fd0eb,10ba46b5-5bbf-46dd-944f-894a05cdb357,unclassified,Unclassified,0.94,addaxai VIC,Blank,blank,unclassified
343b99df-9bd7-4cae-8e9b-a3317d8f9132,sequenceID:054dd1d0-9f1e-4558-b719-945ee3fb86f7,054dd1d0-9f1e-4558-b719-945ee3fb86f7,054dd1d0-9f1e-4558-b719-945ee3fb86f7,10ba46b5-5bbf-46dd-944f-894a05cdb357,unclassified,Unclassified,0.0,,Blank,blank,unclassified
9546bc9f-ec93-4a2a-ba56-215abcfb0d28,sequenceID:04415e4c-30ff-4a7b-b98e-21aca0da074c,04415e4c-30ff-4a7b-b98e-21aca0da074c,04415e4c-30ff-4a7b-b98e-21aca0da074c,10ba46b5-5bbf-46dd-944f-894a05cdb357,unclassified,Unclassified,0.94,addaxai VIC,Blank,blank,unclassified
f1aa1490-ae27-42db-98e6-352d9b80d7ef,sequenceID:81510599-6121-4e0c-9abd-2b732cd37189,81510599-6121-4e0c-9abd-2b732cd37189,81510599-6121-4e0c-9abd-2b732cd37189,10ba46b5-5bbf-46dd-944f-894a05cdb357,unclassified,Unclassified,0.94,addaxai VIC,Blank,blank,unclassified
1738ac0d-709e-46c1-a1ea-653e045878df,sequenceID:fcb3680f-0d6f-4a64-a958-9c3c20007b99,fcb3680f-0d6f-4a64-a958-9c3c20007b99,fcb3680f-0d6f-4a64-a958-9c3c20007b99,10ba46b5-5bbf-46dd-944f-894a05cdb357,animal,Macropus dorsalis,0.81,addaxai VIC,Blank,blank,macropus dorsalis
5b8e9a7d-b1db-458b-907a-76bad01306fb,sequenceID:830d7b44-ed91-4173-b9c6-3522da7c7efd,830d7b44-ed91-4173-b9c6-3522da7c7efd,830d7b44-ed91-4173-b9c6-3522da7c7efd,10ba46b5-5bbf-46dd-944f-894a05cdb357,unclassified,Unclassified,0.0,,Blank,blank,unclassified
f1b76810-e10b-4199-b3aa-d005ba3baa24,sequenceID:408cfd6a-c831-40ff-8d5e-50f10d89bb7f,408cfd6a-c831-40ff-8d5e-50f10d89bb7f,408cfd6a-c831-40ff-8d5e-50f10d89bb7f,10ba46b5-5bbf-46dd-944f-894a05cdb357,unclassified,Unclassified,0.98,addaxai VIC,Blank,blank,unclassified
39f5ad23-53c6-4f4e-91c1-0be675ce8bc6,sequenceID:fe903dd4-da51-4c54-a052-d5a1f7249617,fe903dd4-da51-4c54-a052-d5a1f7249617,fe903dd4-da51-4c54-a052-d5a1f7249617,10ba46b5-5bbf-46dd-944f-894a05cdb357,unclassified,Unclassified,0.0,,Blank,blank,unclassified
97277562-f1a4-41ca-b9a9-a7000e95583a,sequenceID:493ae37b-0e23-46e0-9e45-8408810202a0,493ae37b-0e23-46e0-9e45-8408810202a0,493ae37b-0e23-46e0-9e45-8408810202a0,10ba46b5-5bbf-46dd-944f-894a05cdb357,unclassified,Unclassified,0.95,addaxai VIC,Blank,blank,unclassified
9d3d75f9-7368-4584-bd87-f8c4b8bc3b95,sequenceID:4a71847e-7092-4e46-9c28-78e0a0e8fe2f,4a71847e-7092-4e46-9c28-78e0a0e8fe2f,4a71847e-7092-4e46-9c28-78e0a0e8fe2f,10ba46b5-5bbf-46dd-944f-894a05cdb357,unclassified,Unclassified,0.9,addaxai VIC,Blank,blank,unclassified
0a8bf9a2-3fa5-4a01-a97d-4ba008755532,sequenceID:da517e29-2328-404d-a496-8f26ef670c80,da517e29-2328-404d-a496-8f26ef670c80,da517e29-2328-404d-a496-8f26ef670c80,10ba46b5-5bbf-46dd-944f-894a05cdb357,unclassified,Unclassified,0.92,addaxai VIC,Blank,blank,unclassified
7a55a100-0464-4771-b9a1-60bb451dd354,sequenceID:890705ce-77fc-4395-b2c1-cbdc834c479d,890705ce-77fc-4395-b2c1-cbdc834c479d,890705ce-77fc-4395-b2c1-cbdc834c479d,10ba46b5-5bbf-46dd-944f-894a05cdb357,unclassified,Unclassified,0.93,addaxai VIC,Blank,blank,unclassified
4ffc64d2-a33a-44f3-9cb8-d4cffb88ce47,sequenceID:78d9f1af-e75d-4c71-a31f-940d27f23170,78d9f1af-e75d-4c71-a31f-940d27f23170,78d9f1af-e75d-4c71-a31f-940d27f23170,10ba46b5-5bbf-46dd-944f-894a05cdb357,unclassified,Unclassified,0.94,addaxai VIC,Blank,blank,unclassified
c3ad9d7a-1427-48e8-8d44-4c3788a726a0,sequenceID:fa716f21-fd80-46f8-8083-b74856bd81b0,fa716f21-fd80-46f8-8083-b74856bd81b0,fa716f21-fd80-46f8-8083-b74856bd81b0,10ba46b5-5bbf-46dd-944f-894a05cdb357,unclassified,Unclassified,0.96,addaxai VIC,Blank,blank,unclassified
775bb4ac-d87a-4e61-b744-3db8df8d237c,sequenceID:a9a571ad-33ff-456b-ae71-abb9502d2f96,a9a571ad-33ff-456b-ae71-abb9502d2f96,a9a571ad-33ff-456b-ae71-abb9502d2f96,10ba46b5-5bbf-46dd-944f-894a05cdb357,unclassified,Unclassified,0.0,,Blank,blank,unclassified
09b461dd-b99f-4537-9283-eb268264af0f,sequenceID:6e2c22a2-7cf8-4176-b14d-6263c0f29992,6e2c22a2-7cf8-4176-b14d-6263c0f29992,6e2c22a2-7cf8-4176-b14d-6263c0f29992,10ba46b5-5bbf-46dd-944f-894a05cdb357,animal,Macropus giganteus,0.7,addaxai VIC,Blank,blank,macropus giganteus
09b461dd-b99f-4537-9283-eb268264af0f,sequenceID:6e2c22a2-7cf8-4176-b14d-6263c0f29992,6e2c22a2-7cf8-4176-b14d-6263c0f29992,6e2c22a2-7cf8-4176-b14d-6263c0f29992,10ba46b5-5bbf-46dd-944f-894a05cdb357,unclassified,Unclassified,0.67,addaxai VIC,Blank,blank,unclassified
7bf86bba-1e29-441d-8d90-0ae81d56c085,sequenceID:879351a8-e27f-47c5-984a-3b6c967c5d47,879351a8-e27f-47c5-984a-3b6c967c5d47,879351a8-e27f-47c5-984a-3b6c967c5d47,10ba46b5-5bbf-46dd-944f-894a05cdb357,unclassified,Unclassified,0.88,addaxai VIC,Blank,blank,unclassified
529fc4e1-414e-4d1b-9784-62528943bdba,sequenceID:3b9906bd-e9ed-4a06-80df-033e8d19ef51,3b9906bd-e9ed-4a06-80df-033e8d19ef51,3b9906bd-e9ed-4a06-80df-033e8d19ef51,10ba46b5-5bbf-46dd-944f-894a05cdb357,unclassified,Unclassified,0.81,addaxai VIC,Blank,blank,unclassified
aa9520e6-d2d6-43b5-92a1-592b576942c4,sequenceID:d5870559-49aa-4d41-b2db-b9191d1c24e6,d5870559-49aa-4d41-b2db-b9191d1c24e6,d5870559-49aa-4d41-b2db-b9191d1c24e6,10ba46b5-5bbf-46dd-944f-894a05cdb357,unclassified,Unclassified,0.95,addaxai VIC,Blank,blank,unclassified
c3a86bcf-44b5-494a-b8c4-5f48231289be,sequenceID:81478b1f-2626-4515-b94e-d687e1fc6058,81478b1f-2626-4515-b94e-d687e1fc6058,81478b1f-2626-4515-b94e-d687e1fc6058,10ba46b5-5bbf-46dd-944f-894a05cdb357,unclassified,Unclassified,0.96,addaxai VIC,Blank,blank,unclassified
c0566de7-0db2-45b7-945f-cc33479d5439,sequenceID:d85b6ea5-ece9-47f3-b221-1c13151b843b,d85b6ea5-ece9-47f3-b221-1c13151b843b,d85b6ea5-ece9-47f3-b221-1c13151b843b,10ba46b5-5bbf-46dd-944f-894a05cdb357,unclassified,Unclassified,0.94,addaxai VIC,Blank,blank,unclassified
7068e53b-bd4d-478f-8330-383213a5df74,sequenceID:33b58991-4116-4c92-a491-374cae5bbfe3,33b58991-4116-4c92-a491-374cae5bbfe3,33b58991-4116-4c92-a491-374cae5bbfe3,10ba46b5-5bbf-46dd-944f-894a05cdb357,unclassified,Unclassified,0.91,addaxai VIC,Blank,blank,unclassified
b85bbdf4-3580-491f-b843-7f3228418ae6,sequenceID:114d9984-d33a-4eaf-a127-2be7c0a2106d,114d9984-d33a-4eaf-a127-2be7c0a2106d,114d9984-d33a-4eaf-a127-2be7c0a2106d,10ba46b5-5bbf-46dd-944f-894a05cdb357,unclassified,Unclassified,0.92,addaxai VIC,Blank,blank,unclassified
f6fbfc4e-a074-435d-8cb3-21643df6911e,sequenceID:8c8e9048-e6ab-4517-a2cd-66ba5840ed63,8c8e9048-e6ab-4517-a2cd-66ba5840ed63,8c8e9048-e6ab-4517-a2cd-66ba5840ed63,10ba46b5-5bbf-46dd-944f-894a05cdb357,unclassified,Unclassified,0.96,addaxai VIC,Blank,blank,unclassified
571a7c86-9061-4709-b69f-ae5e73bda00d,sequenceID:d80a5c3b-a676-41f2-b6bc-f3a56211d0ab,d80a5c3b-a676-41f2-b6bc-f3a56211d0ab,d80a5c3b-a676-41f2-b6bc-f3a56211d0ab,10ba46b5-5bbf-46dd-944f-894a05cdb357,unclassified,Unclassified,0.85,addaxai VIC,Blank,blank,unclassified
04b14933-1edb-47f4-8926-68f4d2b2ba08,sequenceID:b0ec8ae2-3280-42ee-95d0-2af35757febd,b0ec8ae2-3280-42ee-95d0-2af35757febd,b0ec8ae2-3280-42ee-95d0-2af35757febd,10ba46b5-5bbf-46dd-944f-894a05cdb357,unclassified,Unclassified,0.0,,Blank,blank,unclassified
706808a7-bec3-4d23-bb53-d2eabbcdf9c4,sequenceID:1d13e332-fd31-4e93-85cc-31f66d70acc9,1d13e332-fd31-4e93-85cc-31f66d70acc9,1d13e332-fd31-4e93-85cc-31f66d70acc9,10ba46b5-5bbf-46dd-944f-894a05cdb357,animal,Mammalia,0.68,addaxai VIC,Blank,blank,mammalia
f29268aa-4d20-49cb-a791-3c1a2e442cd1,sequenceID:db00f823-a5d9-4f00-b91e-5e5925375f59,db00f823-a5d9-4f00-b91e-5e5925375f59,db00f823-a5d9-4f00-b91e-5e5925375f59,10ba46b5-5bbf-46dd-944f-894a05cdb357,animal,Macropus giganteus,0.88,addaxai VIC,Blank,blank,macropus giganteus
fd7b85c1-b26e-4631-8da7-ec7a3a415d79,sequenceID:70d3f47d-2882-48c0-a72d-d3b49ab2d7c1,70d3f47d-2882-48c0-a72d-d3b49ab2d7c1,70d3f47d-2882-48c0-a72d-d3b49ab2d7c1,10ba46b5-5bbf-46dd-944f-894a05cdb357,unclassified,Unclassified,0.89,addaxai VIC,Blank,blank,unclassified
13563c7c-6009-4b2c-bdba-a9fe739b19c9,sequenceID:e2662f55-bf49-42b7-80a3-27f688c7d9f1,e2662f55-bf49-42b7-80a3-27f688c7d9f1,e2662f55-bf49-42b7-80a3-27f688c7d9f1,10ba46b5-5bbf-46dd-944f-894a05cdb357,unclassified,Unclassified,0.91,addaxai VIC,Blank,blank,unclassified
24886307-44e6-4cba-a860-3b3f7d3a114e,sequenceID:6583aedd-297d-4bec-b784-d92d0e6b39db,6583aedd-297d-4bec-b784-d92d0e6b39db,6583aedd-297d-4bec-b784-d92d0e6b39db,10ba46b5-5bbf-46dd-944f-894a05cdb357,unclassified,Unclassified,0.89,addaxai VIC,Blank,blank,unclassified
9a3714d4-30ec-41ab-8439-8c629c7fdc7a,sequenceID:b1d401ef-0bc4-41d2-996a-da3898774a93,b1d401ef-0bc4-41d2-996a-da3898774a93,b1d401ef-0bc4-41d2-996a-da3898774a93,10ba46b5-5bbf-46dd-944f-894a05cdb357,unclassified,Unclassified,0.9,addaxai VIC,Blank,blank,unclassified
424f03fb-3cfd-408a-b4ec-f170cdc3087b,sequenceID:26d016bd-eeed-4463-9dc7-fb683cf59df1,26d016bd-eeed-4463-9dc7-fb683cf59df1,26d016bd-eeed-4463-9dc7-fb683cf59df1,10ba46b5-5bbf-46dd-944f-894a05cdb357,unclassified,Unclassified,0.91,addaxai VIC,Blank,blank,unclassified
0bae9e9f-cc1f-47a9-9ce7-9d9e15495c8b,sequenceID:a6246ca0-72ff-459d-94db-b07ce07db831,a6246ca0-72ff-459d-94db-b07ce07db831,a6246ca0-72ff-459d-94db-b07ce07db831,10ba46b5-5bbf-46dd-944f-894a05cdb357,unclassified,Unclassified,0.91,addaxai VIC,Blank,blank,unclassified
a8be06b0-f1ab-495a-b51f-ba8db407709e,sequenceID:2581a911-bbcd-4a7f-b86f-f2e95d9efe26,2581a911-bbcd-4a7f-b86f-f2e95d9efe26,2581a911-bbcd-4a7f-b86f-f2e95d9efe26,10ba46b5-5bbf-46dd-944f-894a05cdb357,unclassified,Unclassified,0.94,addaxai VIC,Blank,blank,unclassified
ec257f72-287a-4cf8-ad00-caebcfd55381,sequenceID:882fb58f-60ae-4c0d-9846-fe18e48015d1,882fb58f-60ae-4c0d-9846-fe18e48015d1,882fb58f-60ae-4c0d-9846-fe18e48015d1,10ba46b5-5bbf-46dd-944f-894a05cdb357,unclassified,Unclassified,0.91,addaxai VIC,Blank,blank,unclassified
fd58f9f6-8f32-426e-9beb-df95ef4c0a61,sequenceID:7fd09fcd-5efa-4db7-93b5-0c4f94c19de4,7fd09fcd-5efa-4db7-93b5-0c4f94c19de4,7fd09fcd-5efa-4db7-93b5-0c4f94c19de4,10ba46b5-5bbf-46dd-944f-894a05cdb357,unclassified,Unclassified,0.95,addaxai VIC,Blank,blank,unclassified
57847f96-0410-46a3-8c7f-49b874cac380,sequenceID:ecf8c95f-6f08-40bf-8059-beedb492572e,ecf8c95f-6f08-40bf-8059-beedb492572e,ecf8c95f-6f08-40bf-8059-beedb492572e,10ba46b5-5bbf-46dd-944f-894a05cdb357,unclassified,Unclassified,0.91,addaxai VIC,Blank,blank,unclassified
f153f7cc-9341-45a1-b839-2ed9bececf04,sequenceID:f8ae0863-c11d-47b6-81d7-dba92b20fa8d,f8ae0863-c11d-47b6-81d7-dba92b20fa8d,f8ae0863-c11d-47b6-81d7-dba92b20fa8d,10ba46b5-5bbf-46dd-944f-894a05cdb357,unclassified,Unclassified,0.9,addaxai VIC,Blank,blank,unclassified
aa2d75d7-fbba-47ff-b4a7-37fcd66e5925,sequenceID:6fad7fa8-9099-4b81-837e-aaaf5966a7ef,6fad7fa8-9099-4b81-837e-aaaf5966a7ef,6fad7fa8-9099-4b81-837e-aaaf5966a7ef,10ba46b5-5bbf-46dd-944f-894a05cdb357,unclassified,Unclassified,0.9,addaxai VIC,Blank,blank,unclassified
ffff3271-74ab-4531-b80b-c246b68e6afc,sequenceID:1ae90187-5f3e-4313-95ba-daf2ba0df002,1ae90187-5f3e-4313-95ba-daf2ba0df002,1ae90187-5f3e-4313-95ba-daf2ba0df002,10ba46b5-5bbf-46dd-944f-894a05cdb357,unclassified,Unclassified,0.93,addaxai VIC,Blank,blank,unclassified
03395d23-0170-467c-9197-10e05506de20,sequenceID:6f8f9c9e-83da-4446-b76b-0f13d2488061,6f8f9c9e-83da-4446-b76b-0f13d2488061,6f8f9c9e-83da-4446-b76b-0f13d2488061,10ba46b5-5bbf-46dd-944f-894a05cdb357,unclassified,Unclassified,0.94,addaxai VIC,Blank,blank,unclassified
17370a4f-e7ae-4392-b426-ef50c4d3aa86,sequenceID:259220e3-128c-40fe-b824-871c16abecb6,259220e3-128c-40fe-b824-871c16abecb6,259220e3-128c-40fe-b824-871c16abecb6,10ba46b5-5bbf-46dd-944f-894a05cdb357,unclassified,Unclassified,0.92,addaxai VIC,Blank,blank,unclassified
d4b15cc5-7c6d-46a4-a1ee-f92946e82632,sequenceID:ca182110-90ef-49a0-b6c6-71d0edbd9650,ca182110-90ef-49a0-b6c6-71d0edbd9650,ca182110-90ef-49a0-b6c6-71d0edbd9650,10ba46b5-5bbf-46dd-944f-894a05cdb357,unclassified,Unclassified,0.94,addaxai VIC,Blank,blank,unclassified
c4acf076-4f2e-49f4-8d6a-d618df4267ae,sequenceID:017d30e8-6840-47f2-9f3a-dac2bc71fa39,017d30e8-6840-47f2-9f3a-dac2bc71fa39,017d30e8-6840-47f2-9f3a-dac2bc71fa39,10ba46b5-5bbf-46dd-944f-894a05cdb357,unclassified,Unclassified,0.93,addaxai VIC,Blank,blank,unclassified
df12ddaf-7070-4093-a836-afed463bda2d,sequenceID:b2e0881f-f711-4a93-875f-cf7426c12515,b2e0881f-f711-4a93-875f-cf7426c12515,b2e0881f-f711-4a93-875f-cf7426c12515,10ba46b5-5bbf-46dd-944f-894a05cdb357,unclassified,Unclassified,0.93,addaxai VIC,Blank,blank,unclassified
ef78c07e-f4c7-404a-81d5-30f32b6c698b,sequenceID:c0c76f4c-29d8-4cc6-aa48-be57107744f0,c0c76f4c-29d8-4cc6-aa48-be57107744f0,c0c76f4c-29d8-4cc6-aa48-be57107744f0,10ba46b5-5bbf-46dd-944f-894a05cdb357,unclassified,Unclassified,0.88,addaxai VIC,Blank,blank,unclassified
10e37b8e-ccb3-4d1e-8ca6-0d4c44552e4e,sequenceID:b600ffbd-5730-46e1-98a3-322e97a5c049,b600ffbd-5730-46e1-98a3-322e97a5c049,b600ffbd-5730-46e1-98a3-322e97a5c049,10ba46b5-5bbf-46dd-944f-894a05cdb357,unclassified,Unclassified,0.89,addaxai VIC,Blank,blank,unclassified
cee58952-5319-4911-a8a5-deb7bfdc2f80,sequenceID:fff20819-831c-415e-8299-941a1d95472c,fff20819-831c-415e-8299-941a1d95472c,fff20819-831c-415e-8299-941a1d95472c,10ba46b5-5bbf-46dd-944f-894a05cdb357,unclassified,Unclassified,0.89,addaxai VIC,Blank,blank,unclassified
96a03c68-d322-48c9-b376-66b2528d119c,sequenceID:b43c5e26-8ac3-4035-bd37-941e5e5fdc17,b43c5e26-8ac3-4035-bd37-941e5e5fdc17,b43c5e26-8ac3-4035-bd37-941e5e5fdc17,10ba46b5-5bbf-46dd-944f-894a05cdb357,unclassified,Unclassified,0.91,addaxai VIC,Blank,blank,unclassified
3061206f-a779-410a-acd1-ad90c7456177,sequenceID:4c0cb213-57b2-4eef-bcff-25e58e45781f,4c0cb213-57b2-4eef-bcff-25e58e45781f,4c0cb213-57b2-4eef-bcff-25e58e45781f,10ba46b5-5bbf-46dd-944f-894a05cdb357,unclassified,Unclassified,0.89,addaxai VIC,Blank,blank,unclassified
935ed7f5-e729-47a9-ba56-64c9f1a9a5dc,sequenceID:ffbd3f7d-fe14-455d-a07f-25252890f1b6,ffbd3f7d-fe14-455d-a07f-25252890f1b6,ffbd3f7d-fe14-455d-a07f-25252890f1b6,10ba46b5-5bbf-46dd-944f-894a05cdb357,unclassified,Unclassified,0.91,addaxai VIC,Blank,blank,unclassified
2c14141b-64f2-468a-a151-7e3eb240246f,sequenceID:ee55a9f7-bd33-49c5-923a-7a8e84c1522a,ee55a9f7-bd33-49c5-923a-7a8e84c1522a,ee55a9f7-bd33-49c5-923a-7a8e84c1522a,10ba46b5-5bbf-46dd-944f-894a05cdb357,unclassified,Unclassified,0.88,addaxai VIC,Blank,blank,unclassified
083784b8-dea3-4412-bd29-009923a466b5,sequenceID:87eaa353-37df-40ea-94a4-9ca5200b10e3,87eaa353-37df-40ea-94a4-9ca5200b10e3,87eaa353-37df-40ea-94a4-9ca5200b10e3,10ba46b5-5bbf-46dd-944f-894a05cdb357,unclassified,Unclassified,0.9,addaxai VIC,Blank,blank,unclassified
6541302b-d146-45f1-94d4-c3ea0d2eb919,sequenceID:cc1e280e-f14a-45e5-a8b4-eebf3e4a262f,cc1e280e-f14a-45e5-a8b4-eebf3e4a262f,cc1e280e-f14a-45e5-a8b4-eebf3e4a262f,10ba46b5-5bbf-46dd-944f-894a05cdb357,unclassified,Unclassified,0.88,addaxai VIC,Blank,blank,unclassified
11c66fd2-d509-4a4b-8db2-d846d7aed501,sequenceID:b16c6f6e-2e4a-4c1f-9d03-7750a32870f8,b16c6f6e-2e4a-4c1f-9d03-7750a32870f8,b16c6f6e-2e4a-4c1f-9d03-7750a32870f8,10ba46b5-5bbf-46dd-944f-894a05cdb357,unclassified,Unclassified,0.91,addaxai VIC,Blank,blank,unclassified
235d727e-a79e-4047-845c-02dee5a1442d,sequenceID:55cc409c-464c-47d5-81d6-14bfc48f3ece,55cc409c-464c-47d5-81d6-14bfc48f3ece,55cc409c-464c-47d5-81d6-14bfc48f3ece,10ba46b5-5bbf-46dd-944f-894a05cdb357,unclassified,Unclassified,0.94,addaxai VIC,Blank,blank,unclassified
5c7678cc-1978-4fd3-86a1-f72fb3a64487,sequenceID:c2604a00-0e75-4f5b-9f08-f02e0463eb30,c2604a00-0e75-4f5b-9f08-f02e0463eb30,c2604a00-0e75-4f5b-9f08-f02e0463eb30,10ba46b5-5bbf-46dd-944f-894a05cdb357,unclassified,Unclassified,0.91,addaxai VIC,Blank,blank,unclassified
da3d55e4-6a2b-4af2-a84f-352781050956,sequenceID:23d99035-defa-4802-9dcd-7e7bcdb54c05,23d99035-defa-4802-9dcd-7e7bcdb54c05,23d99035-defa-4802-9dcd-7e7bcdb54c05,10ba46b5-5bbf-46dd-944f-894a05cdb357,unclassified,Unclassified,0.95,addaxai VIC,Blank,blank,unclassified
0243f8fc-06b1-40d9-b4d8-44e6d73e450b,sequenceID:d2dcb401-3850-423a-898b-030a970bf7d6,d2dcb401-3850-423a-898b-030a970bf7d6,d2dcb401-3850-423a-898b-030a970bf7d6,10ba46b5-5bbf-46dd-944f-894a05cdb357,unclassified,Unclassified,0.96,addaxai VIC,Blank,blank,unclassified
b7f57f33-f6ac-48f1-974c-38cb367dc7a9,sequenceID:26134634-2986-4dd1-9f22-b43cbfa840a9,26134634-2986-4dd1-9f22-b43cbfa840a9,26134634-2986-4dd1-9f22-b43cbfa840a9,10ba46b5-5bbf-46dd-944f-894a05cdb357,unclassified,Unclassified,0.94,addaxai VIC,Blank,blank,unclassified
17491b7d-e617-4c5a-8a8e-fc82b93261c6,sequenceID:27eec445-391b-4e9c-90ba-48dcaf63a70b,27eec445-391b-4e9c-90ba-48dcaf63a70b,27eec445-391b-4e9c-90ba-48dcaf63a70b,10ba46b5-5bbf-46dd-944f-894a05cdb357,unclassified,Unclassified,0.93,addaxai VIC,Blank,blank,unclassified
4624ba32-7cfa-4836-9e48-92c177a51e22,sequenceID:368729d9-8b25-4caa-88b3-f6ae8a775470,368729d9-8b25-4caa-88b3-f6ae8a775470,368729d9-8b25-4caa-88b3-f6ae8a775470,10ba46b5-5bbf-46dd-944f-894a05cdb357,unclassified,Unclassified,0.95,addaxai VIC,Blank,blank,unclassified
d10f144a-6c71-49cd-a762-7d8d001e5c26,sequenceID:8966499a-9ef5-4d92-aa44-9fc8e7157530,8966499a-9ef5-4d92-aa44-9fc8e7157530,8966499a-9ef5-4d92-aa44-9fc8e7157530,10ba46b5-5bbf-46dd-944f-894a05cdb357,unclassified,Unclassified,0.96,addaxai VIC,Blank,blank,unclassified
5da8b000-7f61-4963-9713-538671f786e5,sequenceID:55caf141-321f-4a63-90e0-5205e1765791,55caf141-321f-4a63-90e0-5205e1765791,55caf141-321f-4a63-90e0-5205e1765791,10ba46b5-5bbf-46dd-944f-894a05cdb357,unclassified,Unclassified,0.96,addaxai VIC,Blank,blank,unclassified
4dafe79d-c231-4d09-a586-fac45901f730,sequenceID:0ad8ad6a-5a64-403a-81e5-e8202b1ec431,0ad8ad6a-5a64-403a-81e5-e8202b1ec431,0ad8ad6a-5a64-403a-81e5-e8202b1ec431,10ba46b5-5bbf-46dd-944f-894a05cdb357,unclassified,Unclassified,0.95,addaxai VIC,Blank,blank,unclassified
0307e758-5d22-4e0b-8dcb-e5ab3b3299ee,sequenceID:6ff3d0b4-93fb-4c28-84d6-e8baa10bee52,6ff3d0b4-93fb-4c28-84d6-e8baa10bee52,6ff3d0b4-93fb-4c28-84d6-e8baa10bee52,10ba46b5-5bbf-46dd-944f-894a05cdb357,unclassified,Unclassified,0.96,addaxai VIC,Blank,blank,unclassified
bff92bdb-8616-4172-8392-82ba4ccc10dd,sequenceID:5075e38b-76d0-4ee4-a674-27396c22ada0,5075e38b-76d0-4ee4-a674-27396c22ada0,5075e38b-76d0-4ee4-a674-27396c22ada0,10ba46b5-5bbf-46dd-944f-894a05cdb357,unclassified,Unclassified,0.97,addaxai VIC,Blank,blank,unclassified
dce4a140-e7c5-4a2e-a0c5-de78adf9fd8b,sequenceID:3d5122bb-a8dd-4f33-ae7b-a925a62db5e2,3d5122bb-a8dd-4f33-ae7b-a925a62db5e2,3d5122bb-a8dd-4f33-ae7b-a925a62db5e2,10ba46b5-5bbf-46dd-944f-894a05cdb357,unclassified,Unclassified,0.92,addaxai VIC,Blank,blank,unclassified
4b6459ae-b975-4290-beba-d1ef1a9c2e1a,sequenceID:85fc4eab-2e7c-4b0a-8af5-bf5fb7b5b4bd,85fc4eab-2e7c-4b0a-8af5-bf5fb7b5b4bd,85fc4eab-2e7c-4b0a-8af5-bf5fb7b5b4bd,10ba46b5-5bbf-46dd-944f-894a05cdb357,unclassified,Unclassified,0.96,addaxai VIC,Blank,blank,unclassified
f07c1a63-26ed-4fd2-aa8f-9e206eb38c2d,sequenceID:79eaaa1d-7749-4bb2-b720-740a0662d8d5,79eaaa1d-7749-4bb2-b720-740a0662d8d5,79eaaa1d-7749-4bb2-b720-740a0662d8d5,10ba46b5-5bbf-46dd-944f-894a05cdb357,unclassified,Unclassified,0.92,addaxai VIC,Blank,blank,unclassified
d28a4cfc-35c7-4426-97b9-baea203973b9,sequenceID:e7ff2994-0f8c-43d0-ba77-89acddc39961,e7ff2994-0f8c-43d0-ba77-89acddc39961,e7ff2994-0f8c-43d0-ba77-89acddc39961,10ba46b5-5bbf-46dd-944f-894a05cdb357,unclassified,Unclassified,0.93,addaxai VIC,Blank,blank,unclassified
625b05bc-e28a-4540-8bb6-0361d71316bc,sequenceID:78a89c60-b47b-4b1b-b107-882ca41e627d,78a89c60-b47b-4b1b-b107-882ca41e627d,78a89c60-b47b-4b1b-b107-882ca41e627d,10ba46b5-5bbf-46dd-944f-894a05cdb357,unclassified,Unclassified,0.96,addaxai VIC,Blank,blank,unclassified
7e719068-8812-4703-a0ca-6741692a7fec,sequenceID:d87e0807-6da0-4cff-a13e-e8e9f83a6ecf,d87e0807-6da0-4cff-a13e-e8e9f83a6ecf,d87e0807-6da0-4cff-a13e-e8e9f83a6ecf,10ba46b5-5bbf-46dd-944f-894a05cdb357,unclassified,Unclassified,0.96,addaxai VIC,Blank,blank,unclassified
3d52821c-8b55-43e0-88d3-9b0899d6f017,sequenceID:8224ad76-38a4-498a-800d-bff1d438b2f3,8224ad76-38a4-498a-800d-bff1d438b2f3,8224ad76-38a4-498a-800d-bff1d438b2f3,10ba46b5-5bbf-46dd-944f-894a05cdb357,unclassified,Unclassified,0.94,addaxai VIC,Blank,blank,unclassified
c04cc81a-1afc-4762-84d4-59b1fb8d2c59,sequenceID:ea4a4b37-b376-4ee6-9c4f-8427ca3ace8a,ea4a4b37-b376-4ee6-9c4f-8427ca3ace8a,ea4a4b37-b376-4ee6-9c4f-8427ca3ace8a,10ba46b5-5bbf-46dd-944f-894a05cdb357,unclassified,Unclassified,0.94,addaxai VIC,Blank,blank,unclassified
fce3c088-9f76-4fb9-bcaa-8a3805a096b8,sequenceID:c658f3a4-85d0-4afb-a5f8-a47057687cee,c658f3a4-85d0-4afb-a5f8-a47057687cee,c658f3a4-85d0-4afb-a5f8-a47057687cee,10ba46b5-5bbf-46dd-944f-894a05cdb357,unclassified,Unclassified,0.93,addaxai VIC,Blank,blank,unclassified
979207e8-d18e-420c-ae5b-51842c2841e4,sequenceID:592fa267-efc7-4c5c-ba05-9be1a8528e4a,592fa267-efc7-4c5c-ba05-9be1a8528e4a,592fa267-efc7-4c5c-ba05-9be1a8528e4a,10ba46b5-5bbf-46dd-944f-894a05cdb357,unclassified,Unclassified,0.95,addaxai VIC,Blank,blank,unclassified
e1a0aaa1-cb40-4f9f-b5a9-f3fa7897903b,sequenceID:4fa8c6d2-e839-4268-9746-8bd2e932a7ea,4fa8c6d2-e839-4268-9746-8bd2e932a7ea,4fa8c6d2-e839-4268-9746-8bd2e932a7ea,10ba46b5-5bbf-46dd-944f-894a05cdb357,unclassified,Unclassified,0.93,addaxai VIC,Blank,blank,unclassified
69b10ed1-63dc-490e-a863-8a4bdd24dea7,sequenceID:19302202-f4d3-49f3-8410-0087ddd80e51,19302202-f4d3-49f3-8410-0087ddd80e51,19302202-f4d3-49f3-8410-0087ddd80e51,10ba46b5-5bbf-46dd-944f-894a05cdb357,unclassified,Unclassified,0.94,addaxai VIC,Blank,blank,unclassified
a2c42bdb-4286-450d-aa10-916cb12eed69,sequenceID:d01ae485-43ff-4b8d-8835-e42fd3cf7edf,d01ae485-43ff-4b8d-8835-e42fd3cf7edf,d01ae485-43ff-4b8d-8835-e42fd3cf7edf,10ba46b5-5bbf-46dd-944f-894a05cdb357,unclassified,Unclassified,0.95,addaxai VIC,Blank,blank,unclassified
3c880e85-ffe5-4888-89ce-bc40f66b6812,sequenceID:cdda752e-1e10-4977-9ea4-2f318263b0ea,cdda752e-1e10-4977-9ea4-2f318263b0ea,cdda752e-1e10-4977-9ea4-2f318263b0ea,10ba46b5-5bbf-46dd-944f-894a05cdb357,unclassified,Unclassified,0.94,addaxai VIC,Blank,blank,unclassified
ac54db03-1856-416c-b0fa-9280c5e583b0,sequenceID:ce335ce2-a735-4ff8-9c7c-3ea6b1ae320d,ce335ce2-a735-4ff8-9c7c-3ea6b1ae320d,ce335ce2-a735-4ff8-9c7c-3ea6b1ae320d,10ba46b5-5bbf-46dd-944f-894a05cdb357,unclassified,Unclassified,0.96,addaxai VIC,Blank,blank,unclassified
6c923dcb-06e0-41d2-885a-75c7cfb07bd0,sequenceID:9f633a2a-f7c6-45c7-b711-96d7ba82e91e,9f633a2a-f7c6-45c7-b711-96d7ba82e91e,9f633a2a-f7c6-45c7-b711-96d7ba82e91e,10ba46b5-5bbf-46dd-944f-894a05cdb357,unclassified,Unclassified,0.94,addaxai VIC,Blank,blank,unclassified
5f023757-7def-4e8b-9fee-bf2409f31ac9,sequenceID:737145b0-4613-4f8e-90e1-20ab3f597cf4,737145b0-4613-4f8e-90e1-20ab3f597cf4,737145b0-4613-4f8e-90e1-20ab3f597cf4,10ba46b5-5bbf-46dd-944f-894a05cdb357,unclassified,Unclassified,0.82,addaxai VIC,Blank,blank,unclassified
88c09f16-883e-4c0a-a4c5-502b8fd32ffd,sequenceID:254d9e5f-faca-44ce-ae81-431a3d49500c,254d9e5f-faca-44ce-ae81-431a3d49500c,254d9e5f-faca-44ce-ae81-431a3d49500c,10ba46b5-5bbf-46dd-944f-894a05cdb357,unclassified,Unclassified,0.97,addaxai VIC,Blank,blank,unclassified
b7cfc2e7-bf01-4245-9418-0e8d3038fdd4,sequenceID:8482bb54-405c-4dd0-89c9-a1320b9ff4c6,8482bb54-405c-4dd0-89c9-a1320b9ff4c6,8482bb54-405c-4dd0-89c9-a1320b9ff4c6,10ba46b5-5bbf-46dd-944f-894a05cdb357,unclassified,Unclassified,0.88,addaxai VIC,Blank,blank,unclassified
afa49337-073f-4043-8d7f-bdf4a20c6c9f,sequenceID:321ba3ab-4c00-44f1-8136-9d9cba43969b,321ba3ab-4c00-44f1-8136-9d9cba43969b,321ba3ab-4c00-44f1-8136-9d9cba43969b,10ba46b5-5bbf-46dd-944f-894a05cdb357,unclassified,Unclassified,0.96,addaxai VIC,Blank,blank,unclassified
33b9425f-dbcb-480b-9a70-4cbf74f7942f,sequenceID:b645f779-b12e-4946-8cff-712dc0bd37a4,b645f779-b12e-4946-8cff-712dc0bd37a4,b645f779-b12e-4946-8cff-712dc0bd37a4,10ba46b5-5bbf-46dd-944f-894a05cdb357,unclassified,Unclassified,0.95,addaxai VIC,Blank,blank,unclassified
e28b74cc-31af-4af7-9642-b270d428d944,sequenceID:5a5804ad-7582-45f8-88c1-6a98095ad67e,5a5804ad-7582-45f8-88c1-6a98095ad67e,5a5804ad-7582-45f8-88c1-6a98095ad67e,10ba46b5-5bbf-46dd-944f-894a05cdb357,unclassified,Unclassified,0.85,addaxai VIC,Blank,blank,unclassified
a22c49ee-37e7-4e97-9df5-244d79d23f53,sequenceID:cb2d87b5-0fb6-437a-b79d-a304b562314f,cb2d87b5-0fb6-437a-b79d-a304b562314f,cb2d87b5-0fb6-437a-b79d-a304b562314f,10ba46b5-5bbf-46dd-944f-894a05cdb357,unclassified,Unclassified,0.97,addaxai VIC,Blank,blank,unclassified
8e31000a-1014-441e-ab10-3b6eb447a2f0,sequenceID:365ac698-3c9f-469f-b570-7ee895532c3f,365ac698-3c9f-469f-b570-7ee895532c3f,365ac698-3c9f-469f-b570-7ee895532c3f,10ba46b5-5bbf-46dd-944f-894a05cdb357,unclassified,Unclassified,0.94,addaxai VIC,Blank,blank,unclassified
7eefd16a-5223-4ed6-99df-f0420aae635e,sequenceID:a6d8cc47-8f25-490b-b5e1-00dc9e1ba492,a6d8cc47-8f25-490b-b5e1-00dc9e1ba492,a6d8cc47-8f25-490b-b5e1-00dc9e1ba492,10ba46b5-5bbf-46dd-944f-894a05cdb357,unclassified,Unclassified,0.94,addaxai VIC,Blank,blank,unclassified
46037055-5d0b-4827-9a02-0531cc4380f1,sequenceID:19fabd27-fa4b-42c7-ae48-eef89870690d,19fabd27-fa4b-42c7-ae48-eef89870690d,19fabd27-fa4b-42c7-ae48-eef89870690d,10ba46b5-5bbf-46dd-944f-894a05cdb357,unclassified,Unclassified,0.91,addaxai VIC,Blank,blank,unclassified
b908161a-d9a3-4148-9722-3d081725cd03,sequenceID:03b0b9cf-cf6b-48b5-9b9f-785d8c075a27,03b0b9cf-cf6b-48b5-9b9f-785d8c075a27,03b0b9cf-cf6b-48b5-9b9f-785d8c075a27,10ba46b5-5bbf-46dd-944f-894a05cdb357,unclassified,Unclassified,0.97,addaxai VIC,Blank,blank,unclassified
b293be96-e0a6-4b2a-b1b9-656688befd41,sequenceID:dd8355ba-8125-45b8-80f5-b8412a43b9a2,dd8355ba-8125-45b8-80f5-b8412a43b9a2,dd8355ba-8125-45b8-80f5-b8412a43b9a2,10ba46b5-5bbf-46dd-944f-894a05cdb357,unclassified,Unclassified,0.82,addaxai VIC,Blank,blank,unclassified
37d93c13-6dd0-4ea3-9bbc-af4ef30d5ebd,sequenceID:b76ef3e5-e4d3-410d-bd01-53934bb3ca16,b76ef3e5-e4d3-410d-bd01-53934bb3ca16,b76ef3e5-e4d3-410d-bd01-53934bb3ca16,10ba46b5-5bbf-46dd-944f-894a05cdb357,unclassified,Unclassified,0.91,addaxai VIC,Blank,blank,unclassified
83b30270-54b7-4492-9280-c5cbb50ba78f,sequenceID:1b471076-b992-4742-b071-3bcb3f32d4a3,1b471076-b992-4742-b071-3bcb3f32d4a3,1b471076-b992-4742-b071-3bcb3f32d4a3,10ba46b5-5bbf-46dd-944f-894a05cdb357,unclassified,Unclassified,0.94,addaxai VIC,Blank,blank,unclassified
59c8afe0-327c-402f-bb9e-fef44083e8f7,sequenceID:37d16ff2-86be-4821-8251-a7364a11d46f,37d16ff2-86be-4821-8251-a7364a11d46f,37d16ff2-86be-4821-8251-a7364a11d46f,10ba46b5-5bbf-46dd-944f-894a05cdb357,unclassified,Unclassified,0.96,addaxai VIC,Blank,blank,unclassified
6821c514-c368-442c-9e7c-a5fd38ee23ea,sequenceID:3763f87e-b2ff-4726-a88e-e3782b66e919,3763f87e-b2ff-4726-a88e-e3782b66e919,3763f87e-b2ff-4726-a88e-e3782b66e919,10ba46b5-5bbf-46dd-944f-894a05cdb357,unclassified,Unclassified,0.93,addaxai VIC,Blank,blank,unclassified
8877ae70-195a-44c8-a669-822e25711f96,sequenceID:d55a6851-39ab-4bdf-bab3-6c3df5a16b95,d55a6851-39ab-4bdf-bab3-6c3df5a16b95,d55a6851-39ab-4bdf-bab3-6c3df5a16b95,10ba46b5-5bbf-46dd-944f-894a05cdb357,unclassified,Unclassified,0.85,addaxai VIC,Blank,blank,unclassified
1c1ba840-dcf1-4554-aad3-b3eda01491ce,sequenceID:63f18907-67ea-4f9a-a1b8-192d00835e9d,63f18907-67ea-4f9a-a1b8-192d00835e9d,63f18907-67ea-4f9a-a1b8-192d00835e9d,10ba46b5-5bbf-46dd-944f-894a05cdb357,unclassified,Unclassified,0.87,addaxai VIC,Blank,blank,unclassified
b5c0da65-f114-4e83-9e95-80c7501bbbc8,sequenceID:8d50c363-6b09-4e0e-822d-97ec9aaa398b,8d50c363-6b09-4e0e-822d-97ec9aaa398b,8d50c363-6b09-4e0e-822d-97ec9aaa398b,10ba46b5-5bbf-46dd-944f-894a05cdb357,unclassified,Unclassified,0.93,addaxai VIC,Blank,blank,unclassified
6f958ca3-ed17-4a76-bf08-d49488e80b7a,sequenceID:2912d689-95b8-4d64-8be1-31fdbc458e31,2912d689-95b8-4d64-8be1-31fdbc458e31,2912d689-95b8-4d64-8be1-31fdbc458e31,10ba46b5-5bbf-46dd-944f-894a05cdb357,unclassified,Unclassified,0.87,addaxai VIC,Blank,blank,unclassified
5cae85aa-68b6-4be9-83bf-313ca4fe4573,sequenceID:9d8a72a6-bcb0-431c-9da4-b08b793b5de8,9d8a72a6-bcb0-431c-9da4-b08b793b5de8,9d8a72a6-bcb0-431c-9da4-b08b793b5de8,10ba46b5-5bbf-46dd-944f-894a05cdb357,unclassified,Unclassified,0.9,addaxai VIC,Blank,blank,unclassified
da6d75bb-f06a-4caa-8323-9166d819c1ce,sequenceID:b9f91b6f-0132-44f9-8fff-0c84e818abcd,b9f91b6f-0132-44f9-8fff-0c84e818abcd,b9f91b6f-0132-44f9-8fff-0c84e818abcd,10ba46b5-5bbf-46dd-944f-894a05cdb357,unclassified,Unclassified,0.9,addaxai VIC,Blank,blank,unclassified
7804a26c-d04d-442d-a732-7f1a914874bf,sequenceID:bedea4c9-049b-422d-aa84-9be7bed6b8e6,bedea4c9-049b-422d-aa84-9be7bed6b8e6,bedea4c9-049b-422d-aa84-9be7bed6b8e6,10ba46b5-5bbf-46dd-944f-894a05cdb357,unclassified,Unclassified,0.91,addaxai VIC,Blank,blank,unclassified
b77951fa-a4df-42c7-8d70-2db3e6c845c9,sequenceID:8be18fa4-ff05-4d56-97a8-3c83ece5ba48,8be18fa4-ff05-4d56-97a8-3c83ece5ba48,8be18fa4-ff05-4d56-97a8-3c83ece5ba48,10ba46b5-5bbf-46dd-944f-894a05cdb357,unclassified,Unclassified,0.89,addaxai VIC,Blank,blank,unclassified
fad0b29c-c787-4550-9456-a1001a05cadc,sequenceID:9727f391-1e73-4cdd-a71d-d9b2ce94aad7,9727f391-1e73-4cdd-a71d-d9b2ce94aad7,9727f391-1e73-4cdd-a71d-d9b2ce94aad7,10ba46b5-5bbf-46dd-944f-894a05cdb357,unclassified,Unclassified,0.95,addaxai VIC,Blank,blank,unclassified
e0ed06a8-b880-48fb-9832-1c9f5eaa6d64,sequenceID:c6ef94c7-413f-4388-a9ad-95db5f682a12,c6ef94c7-413f-4388-a9ad-95db5f682a12,c6ef94c7-413f-4388-a9ad-95db5f682a12,10ba46b5-5bbf-46dd-944f-894a05cdb357,unclassified,Unclassified,0.94,addaxai VIC,Blank,blank,unclassified
953255fe-8664-43aa-a976-f1fecfae6012,sequenceID:5ae14994-0987-4fe8-b56c-518da642f80f,5ae14994-0987-4fe8-b56c-518da642f80f,5ae14994-0987-4fe8-b56c-518da642f80f,10ba46b5-5bbf-46dd-944f-894a05cdb357,unclassified,Unclassified,0.73,addaxai VIC,Blank,blank,unclassified
8375039b-ef70-4782-853a-c44cf09c3638,sequenceID:6eb88850-e265-45aa-95e6-d8655178b2dc,6eb88850-e265-45aa-95e6-d8655178b2dc,6eb88850-e265-45aa-95e6-d8655178b2dc,10ba46b5-5bbf-46dd-944f-894a05cdb357,unclassified,Unclassified,0.91,addaxai VIC,Blank,blank,unclassified
517e9189-cc99-40ee-9590-d50946bf13a9,sequenceID:559c5a0e-c52b-4a11-b13b-5e79b0b1203f,559c5a0e-c52b-4a11-b13b-5e79b0b1203f,559c5a0e-c52b-4a11-b13b-5e79b0b1203f,10ba46b5-5bbf-46dd-944f-894a05cdb357,unclassified,Unclassified,0.97,addaxai VIC,Blank,blank,unclassified
c5fbe6f6-e9fd-401a-88e8-1c020c8d0ef0,sequenceID:c1c4db75-8203-407c-907b-9c722296000c,c1c4db75-8203-407c-907b-9c722296000c,c1c4db75-8203-407c-907b-9c722296000c,10ba46b5-5bbf-46dd-944f-894a05cdb357,unclassified,Unclassified,0.9,addaxai VIC,Blank,blank,unclassified
b590e2b1-ccec-4de2-bb2a-b86e0c974095,sequenceID:48abf880-2e44-4223-8790-1466c4e1b77c,48abf880-2e44-4223-8790-1466c4e1b77c,48abf880-2e44-4223-8790-1466c4e1b77c,10ba46b5-5bbf-46dd-944f-894a05cdb357,unclassified,Unclassified,0.93,addaxai VIC,Blank,blank,unclassified
b12345c6-fb02-4fd6-8b68-cc1e67f90478,sequenceID:47077ea8-e12a-47ac-843a-071f1571413c,47077ea8-e12a-47ac-843a-071f1571413c,47077ea8-e12a-47ac-843a-071f1571413c,10ba46b5-5bbf-46dd-944f-894a05cdb357,unclassified,Unclassified,0.95,addaxai VIC,Blank,blank,unclassified
c526f47a-bbd1-4beb-9bc3-831f46c4eed7,sequenceID:b838d0fe-62d7-4112-ae16-36cec968798b,b838d0fe-62d7-4112-ae16-36cec968798b,b838d0fe-62d7-4112-ae16-36cec968798b,10ba46b5-5bbf-46dd-944f-894a05cdb357,unclassified,Unclassified,0.94,addaxai VIC,Blank,blank,unclassified
87014ae0-92f9-430d-8ecc-96cce6c55feb,sequenceID:fe43c088-3022-4072-a5eb-3600fdbab106,fe43c088-3022-4072-a5eb-3600fdbab106,fe43c088-3022-4072-a5eb-3600fdbab106,10ba46b5-5bbf-46dd-944f-894a05cdb357,unclassified,Unclassified,0.95,addaxai VIC,Blank,blank,unclassified
3b42742b-7c7d-4794-a2f0-e4fe81913cbc,sequenceID:b69eb11f-f501-47ff-9c79-7f2f2fcca52c,b69eb11f-f501-47ff-9c79-7f2f2fcca52c,b69eb11f-f501-47ff-9c79-7f2f2fcca52c,10ba46b5-5bbf-46dd-944f-894a05cdb357,unclassified,Unclassified,0.94,addaxai VIC,Blank,blank,unclassified
af493481-c3fb-47fd-90d8-86981a56358e,sequenceID:5ce805e9-feb4-4479-a915-a4555348bc0c,5ce805e9-feb4-4479-a915-a4555348bc0c,5ce805e9-feb4-4479-a915-a4555348bc0c,10ba46b5-5bbf-46dd-944f-894a05cdb357,unclassified,Unclassified,0.96,addaxai VIC,Blank,blank,unclassified
79d3b73d-be67-4080-b457-e7ca9c8363de,sequenceID:f09572d7-cfc9-48f2-8ad1-f3a454138ab9,f09572d7-cfc9-48f2-8ad1-f3a454138ab9,f09572d7-cfc9-48f2-8ad1-f3a454138ab9,10ba46b5-5bbf-46dd-944f-894a05cdb357,unclassified,Unclassified,0.94,addaxai VIC,Blank,blank,unclassified
7e4fc4e3-0c05-4e26-899d-6fbcd03b124d,sequenceID:29f4afdd-ab01-4c0f-a4dd-2b479d9214d6,29f4afdd-ab01-4c0f-a4dd-2b479d9214d6,29f4afdd-ab01-4c0f-a4dd-2b479d9214d6,10ba46b5-5bbf-46dd-944f-894a05cdb357,unclassified,Unclassified,0.95,addaxai VIC,Blank,blank,unclassified
4dbcbbc5-b8b0-47f0-960d-33b8c7e662b6,sequenceID:488ae1a0-c08f-4da5-ad5c-1c53e44954d6,488ae1a0-c08f-4da5-ad5c-1c53e44954d6,488ae1a0-c08f-4da5-ad5c-1c53e44954d6,10ba46b5-5bbf-46dd-944f-894a05cdb357,unclassified,Unclassified,0.87,addaxai VIC,Blank,blank,unclassified
e62ea64c-23db-4a0b-b4dc-dc593913ed3e,sequenceID:1ef9e9cf-4fd0-473a-9a87-f035e295e10f,1ef9e9cf-4fd0-473a-9a87-f035e295e10f,1ef9e9cf-4fd0-473a-9a87-f035e295e10f,10ba46b5-5bbf-46dd-944f-894a05cdb357,unclassified,Unclassified,0.9,addaxai VIC,Blank,blank,unclassified
7d1bd907-04e5-4e78-b3e8-72ad985b850c,sequenceID:88ca3995-2b8e-450b-9dd6-2ebb85362dfa,88ca3995-2b8e-450b-9dd6-2ebb85362dfa,88ca3995-2b8e-450b-9dd6-2ebb85362dfa,10ba46b5-5bbf-46dd-944f-894a05cdb357,unclassified,Unclassified,0.95,addaxai VIC,Blank,blank,unclassified
9bb0e0ef-c5d0-4392-bbf2-487a912a44d0,sequenceID:be9616dc-9a0b-4053-acdc-c6835acc23dd,be9616dc-9a0b-4053-acdc-c6835acc23dd,be9616dc-9a0b-4053-acdc-c6835acc23dd,10ba46b5-5bbf-46dd-944f-894a05cdb357,unclassified,Unclassified,0.94,addaxai VIC,Blank,blank,unclassified
d4e299ae-4152-469c-899d-46f269fa9738,sequenceID:f82cb1f9-312d-47fc-bddd-c2edc63020d8,f82cb1f9-312d-47fc-bddd-c2edc63020d8,f82cb1f9-312d-47fc-bddd-c2edc63020d8,10ba46b5-5bbf-46dd-944f-894a05cdb357,unclassified,Unclassified,0.95,addaxai VIC,Blank,blank,unclassified
f96c8ae8-7e41-4c07-9407-c3c3596d38cd,sequenceID:01018dcc-6533-4675-b28c-5d3fabfd5a04,01018dcc-6533-4675-b28c-5d3fabfd5a04,01018dcc-6533-4675-b28c-5d3fabfd5a04,10ba46b5-5bbf-46dd-944f-894a05cdb357,unclassified,Unclassified,0.96,addaxai VIC,Blank,blank,unclassified
57343424-c168-4142-b0ae-fc13557f0d8b,sequenceID:87a5a032-c432-483f-ad73-334da8abb241,87a5a032-c432-483f-ad73-334da8abb241,87a5a032-c432-483f-ad73-334da8abb241,10ba46b5-5bbf-46dd-944f-894a05cdb357,unclassified,Unclassified,0.96,addaxai VIC,Blank,blank,unclassified
585dbb4e-941b-4d5b-a453-52a0c28d6380,sequenceID:3cc701a0-21d4-4d21-bf14-fe20861d9c52,3cc701a0-21d4-4d21-bf14-fe20861d9c52,3cc701a0-21d4-4d21-bf14-fe20861d9c52,10ba46b5-5bbf-46dd-944f-894a05cdb357,unclassified,Unclassified,0.91,addaxai VIC,Blank,blank,unclassified
8bb3ceac-f1a6-45cd-a9b3-c0a628a82a3e,sequenceID:c5c46d71-e53e-4569-a051-689e12576589,c5c46d71-e53e-4569-a051-689e12576589,c5c46d71-e53e-4569-a051-689e12576589,10ba46b5-5bbf-46dd-944f-894a05cdb357,unclassified,Unclassified,0.96,addaxai VIC,Blank,blank,unclassified
8d08048c-4b6b-4bdd-be87-b2c392512f3c,sequenceID:86edb4ba-4fb2-49a5-a40e-e6ab1bfe09c8,86edb4ba-4fb2-49a5-a40e-e6ab1bfe09c8,86edb4ba-4fb2-49a5-a40e-e6ab1bfe09c8,10ba46b5-5bbf-46dd-944f-894a05cdb357,unclassified,Unclassified,0.92,addaxai VIC,Blank,blank,unclassified
6c71fa17-1762-4d85-80b1-524679c1ad4e,sequenceID:a45c8160-f6f1-4dc3-b80a-b60fcf900081,a45c8160-f6f1-4dc3-b80a-b60fcf900081,a45c8160-f6f1-4dc3-b80a-b60fcf900081,10ba46b5-5bbf-46dd-944f-894a05cdb357,unclassified,Unclassified,0.96,addaxai VIC,Blank,blank,unclassified
7a608303-620d-4c21-92a4-b329bde8afd0,sequenceID:97f8113b-33b7-43b9-a500-b58d3f2f2963,97f8113b-33b7-43b9-a500-b58d3f2f2963,97f8113b-33b7-43b9-a500-b58d3f2f2963,10ba46b5-5bbf-46dd-944f-894a05cdb357,unclassified,Unclassified,0.93,addaxai VIC,Blank,blank,unclassified
43a244db-190d-4737-a645-0d8436418eda,sequenceID:85ebd239-bcbe-4f74-a18d-26e8fb6c461c,85ebd239-bcbe-4f74-a18d-26e8fb6c461c,85ebd239-bcbe-4f74-a18d-26e8fb6c461c,10ba46b5-5bbf-46dd-944f-894a05cdb357,unclassified,Unclassified,0.95,addaxai VIC,Blank,blank,unclassified
a453eb8a-762d-4da5-9016-73c7b36ae7c2,sequenceID:d985f47a-f7e5-4b54-8a9f-b8de3d432d48,d985f47a-f7e5-4b54-8a9f-b8de3d432d48,d985f47a-f7e5-4b54-8a9f-b8de3d432d48,10ba46b5-5bbf-46dd-944f-894a05cdb357,unclassified,Unclassified,0.95,addaxai VIC,Blank,blank,unclassified
6a9f504b-c281-427f-a593-70b0f2d42744,sequenceID:53bc7cfc-2859-4df8-943a-d6d4487e39ce,53bc7cfc-2859-4df8-943a-d6d4487e39ce,53bc7cfc-2859-4df8-943a-d6d4487e39ce,10ba46b5-5bbf-46dd-944f-894a05cdb357,unclassified,Unclassified,0.94,addaxai VIC,Blank,blank,unclassified
b4ad9e7a-c692-4535-9135-222773c84e6e,sequenceID:f23ee768-cba7-4716-9ed7-47336bd5a742,f23ee768-cba7-4716-9ed7-47336bd5a742,f23ee768-cba7-4716-9ed7-47336bd5a742,10ba46b5-5bbf-46dd-944f-894a05cdb357,unclassified,Unclassified,0.96,addaxai VIC,Blank,blank,unclassified
e3f162c6-4430-44f6-a84e-654446b324b5,sequenceID:7953d2ac-d611-4477-ad18-77b5db9e763b,7953d2ac-d611-4477-ad18-77b5db9e763b,7953d2ac-d611-4477-ad18-77b5db9e763b,10ba46b5-5bbf-46dd-944f-894a05cdb357,unclassified,Unclassified,0.94,addaxai VIC,Blank,blank,unclassified
81e6f17a-6a78-41bb-9fd0-f8384d6a9bf5,sequenceID:5badbaf2-4b42-48c1-a180-a96948e6be31,5badbaf2-4b42-48c1-a180-a96948e6be31,5badbaf2-4b42-48c1-a180-a96948e6be31,10ba46b5-5bbf-46dd-944f-894a05cdb357,unclassified,Unclassified,0.96,addaxai VIC,Blank,blank,unclassified
a8afd514-f1ba-4711-9f7e-4a102f56e475,sequenceID:6e3d68da-2597-45da-bb07-77b02c331dcc,6e3d68da-2597-45da-bb07-77b02c331dcc,6e3d68da-2597-45da-bb07-77b02c331dcc,10ba46b5-5bbf-46dd-944f-894a05cdb357,unclassified,Unclassified,0.93,addaxai VIC,Blank,blank,unclassified
557ad814-c195-41eb-8a24-1cbbf04911d5,sequenceID:5ec0191e-1120-4809-84b8-9ae49cb71f68,5ec0191e-1120-4809-84b8-9ae49cb71f68,5ec0191e-1120-4809-84b8-9ae49cb71f68,10ba46b5-5bbf-46dd-944f-894a05cdb357,unclassified,Unclassified,0.96,addaxai VIC,Blank,blank,unclassified
b838bbf7-b876-48e4-9b88-5abbfb3276ec,sequenceID:a5a42e84-ef38-4331-86bc-d85c955d6818,a5a42e84-ef38-4331-86bc-d85c955d6818,a5a42e84-ef38-4331-86bc-d85c955d6818,10ba46b5-5bbf-46dd-944f-894a05cdb357,unclassified,Unclassified,0.96,addaxai VIC,Blank,blank,unclassified
bd822333-4268-4ac2-bbc7-393a86d8b70c,sequenceID:29fe3805-9ab1-46bb-84c9-91110514fa58,29fe3805-9ab1-46bb-84c9-91110514fa58,29fe3805-9ab1-46bb-84c9-91110514fa58,10ba46b5-5bbf-46dd-944f-894a05cdb357,unclassified,Unclassified,0.96,addaxai VIC,Blank,blank,unclassified
46696a38-5883-449b-af49-eef5cb14ab46,sequenceID:e8ea992b-3f64-42fb-a630-579a6cf8b872,e8ea992b-3f64-42fb-a630-579a6cf8b872,e8ea992b-3f64-42fb-a630-579a6cf8b872,10ba46b5-5bbf-46dd-944f-894a05cdb357,unclassified,Unclassified,0.96,addaxai VIC,Blank,blank,unclassified
42edc3ea-06e4-4c68-86a7-c0e07b4fc27c,sequenceID:939fb9a4-a1fa-4023-9e96-c6fa0c63aa06,939fb9a4-a1fa-4023-9e96-c6fa0c63aa06,939fb9a4-a1fa-4023-9e96-c6fa0c63aa06,10ba46b5-5bbf-46dd-944f-894a05cdb357,unclassified,Unclassified,0.96,addaxai VIC,Blank,blank,unclassified
39de5214-1094-4353-9b93-e67de61ed26b,sequenceID:2b5ab1b7-5cc4-492d-83ec-0aae44157a1a,2b5ab1b7-5cc4-492d-83ec-0aae44157a1a,2b5ab1b7-5cc4-492d-83ec-0aae44157a1a,10ba46b5-5bbf-46dd-944f-894a05cdb357,unclassified,Unclassified,0.96,addaxai VIC,Blank,blank,unclassified
a9edd95c-ad48-41e4-a726-42c03c0d4e01,sequenceID:61dfdc1f-8c25-4ec3-8388-ea16c903e7d8,61dfdc1f-8c25-4ec3-8388-ea16c903e7d8,61dfdc1f-8c25-4ec3-8388-ea16c903e7d8,10ba46b5-5bbf-46dd-944f-894a05cdb357,unclassified,Unclassified,0.95,addaxai VIC,Blank,blank,unclassified
e2c615d7-b6bb-42d6-850c-b35f20b5cbde,sequenceID:d0964e0d-0bff-4fed-a010-3b0e91688a98,d0964e0d-0bff-4fed-a010-3b0e91688a98,d0964e0d-0bff-4fed-a010-3b0e91688a98,10ba46b5-5bbf-46dd-944f-894a05cdb357,unclassified,Unclassified,0.93,addaxai VIC,Blank,blank,unclassified
5fce4dc8-eef8-4a64-8dbc-9c97f73a64b0,sequenceID:eb2e8ee1-6010-4f83-b9df-752439c70d49,eb2e8ee1-6010-4f83-b9df-752439c70d49,eb2e8ee1-6010-4f83-b9df-752439c70d49,10ba46b5-5bbf-46dd-944f-894a05cdb357,unclassified,Unclassified,0.95,addaxai VIC,Blank,blank,unclassified
5930c9dd-ffa0-43aa-99d6-4c69a42cfac2,sequenceID:832b2dac-320b-4e0f-a1a8-fb01cc43d564,832b2dac-320b-4e0f-a1a8-fb01cc43d564,832b2dac-320b-4e0f-a1a8-fb01cc43d564,10ba46b5-5bbf-46dd-944f-894a05cdb357,unclassified,Unclassified,0.96,addaxai VIC,Blank,blank,unclassified
552d9a1c-2936-4201-b55a-c66ae45a1bae,sequenceID:47660555-bf97-4192-a27e-eae2a26dff00,47660555-bf97-4192-a27e-eae2a26dff00,47660555-bf97-4192-a27e-eae2a26dff00,10ba46b5-5bbf-46dd-944f-894a05cdb357,unclassified,Unclassified,0.93,addaxai VIC,Blank,blank,unclassified
59b0b236-c1df-4641-b76a-16dff2f0b8ee,sequenceID:953dac59-0c22-4f46-b5e6-5aa2f67579c1,953dac59-0c22-4f46-b5e6-5aa2f67579c1,953dac59-0c22-4f46-b5e6-5aa2f67579c1,10ba46b5-5bbf-46dd-944f-894a05cdb357,unclassified,Unclassified,0.96,addaxai VIC,Blank,blank,unclassified
d4c3eb6f-7c46-4685-bd62-04b290056622,sequenceID:a56c973f-19c6-4754-bd0d-19f930fb35b5,a56c973f-19c6-4754-bd0d-19f930fb35b5,a56c973f-19c6-4754-bd0d-19f930fb35b5,10ba46b5-5bbf-46dd-944f-894a05cdb357,unclassified,Unclassified,0.96,addaxai VIC,Blank,blank,unclassified
71a05e31-9995-4e80-b0c7-d30f70b83beb,sequenceID:750ee05f-dc93-4fe5-876d-3006939f55bb,750ee05f-dc93-4fe5-876d-3006939f55bb,750ee05f-dc93-4fe5-876d-3006939f55bb,10ba46b5-5bbf-46dd-944f-894a05cdb357,unclassified,Unclassified,0.9,addaxai VIC,Blank,blank,unclassified
aeb16304-d407-4018-ac78-8255fe50998e,sequenceID:27ea7314-ffb6-4f6f-bb1c-7aeb9f00be60,27ea7314-ffb6-4f6f-bb1c-7aeb9f00be60,27ea7314-ffb6-4f6f-bb1c-7aeb9f00be60,10ba46b5-5bbf-46dd-944f-894a05cdb357,unclassified,Unclassified,0.94,addaxai VIC,Blank,blank,unclassified
3d405ffb-684c-4887-8a63-6ac09149b85d,sequenceID:82e65259-9925-4890-b601-17c8b03e37e3,82e65259-9925-4890-b601-17c8b03e37e3,82e65259-9925-4890-b601-17c8b03e37e3,10ba46b5-5bbf-46dd-944f-894a05cdb357,unclassified,Unclassified,0.95,addaxai VIC,Blank,blank,unclassified
2c7ea513-d592-4555-b366-7abf1f5352dc,sequenceID:cc8f88d4-c654-420b-8c9c-34a7bc644941,cc8f88d4-c654-420b-8c9c-34a7bc644941,cc8f88d4-c654-420b-8c9c-34a7bc644941,10ba46b5-5bbf-46dd-944f-894a05cdb357,unclassified,Unclassified,0.94,addaxai VIC,Blank,blank,unclassified
e7364b06-5c87-4be3-b9fb-4c965c330a3f,sequenceID:1d505c82-6d6a-4129-9043-aba4ac14ebd3,1d505c82-6d6a-4129-9043-aba4ac14ebd3,1d505c82-6d6a-4129-9043-aba4ac14ebd3,10ba46b5-5bbf-46dd-944f-894a05cdb357,unclassified,Unclassified,0.95,addaxai VIC,Blank,blank,unclassified
03a1e7e7-f3bf-4f27-805e-5a096570026a,sequenceID:ed254479-5dd8-4780-915a-17597729eb7a,ed254479-5dd8-4780-915a-17597729eb7a,ed254479-5dd8-4780-915a-17597729eb7a,10ba46b5-5bbf-46dd-944f-894a05cdb357,unclassified,Unclassified,0.95,addaxai VIC,Blank,blank,unclassified
1c9d84cd-7f0a-4285-ab03-709884638af2,sequenceID:6a4ac374-fb38-4835-889e-1205753d57fe,6a4ac374-fb38-4835-889e-1205753d57fe,6a4ac374-fb38-4835-889e-1205753d57fe,10ba46b5-5bbf-46dd-944f-894a05cdb357,unclassified,Unclassified,0.89,addaxai VIC,Blank,blank,unclassified
21c53704-35d4-421d-a685-01c5722a09df,sequenceID:469483c9-25ac-4a60-82c5-42037b2c9c8f,469483c9-25ac-4a60-82c5-42037b2c9c8f,469483c9-25ac-4a60-82c5-42037b2c9c8f,10ba46b5-5bbf-46dd-944f-894a05cdb357,unclassified,Unclassified,0.93,addaxai VIC,Blank,blank,unclassified
967fb960-15b4-4c50-b954-499c384a3388,sequenceID:b55360ce-8b1d-41f4-be76-5a17e2f2b82a,b55360ce-8b1d-41f4-be76-5a17e2f2b82a,b55360ce-8b1d-41f4-be76-5a17e2f2b82a,10ba46b5-5bbf-46dd-944f-894a05cdb357,unclassified,Unclassified,0.95,addaxai VIC,Blank,blank,unclassified
2df61962-56da-463c-a665-a083f9bd39b5,sequenceID:efef707e-7d28-458f-a8bf-8ef709f3ea83,efef707e-7d28-458f-a8bf-8ef709f3ea83,efef707e-7d28-458f-a8bf-8ef709f3ea83,10ba46b5-5bbf-46dd-944f-894a05cdb357,unclassified,Unclassified,0.95,addaxai VIC,Blank,blank,unclassified
79e54645-3c09-4a4e-9604-48c141f27010,sequenceID:3c7c59e7-364f-4606-86ee-96e6daf737bb,3c7c59e7-364f-4606-86ee-96e6daf737bb,3c7c59e7-364f-4606-86ee-96e6daf737bb,10ba46b5-5bbf-46dd-944f-894a05cdb357,unclassified,Unclassified,0.94,addaxai VIC,Blank,blank,unclassified
9bcdefa1-4f42-4ccc-8307-f7383465a9b4,sequenceID:3e663d65-a6d2-4377-9c7d-53196c6378ae,3e663d65-a6d2-4377-9c7d-53196c6378ae,3e663d65-a6d2-4377-9c7d-53196c6378ae,10ba46b5-5bbf-46dd-944f-894a05cdb357,unclassified,Unclassified,0.94,addaxai VIC,Blank,blank,unclassified
cbd71276-7172-4c12-a559-f73a826bf06f,sequenceID:a6224213-e674-4594-b833-0b8bb7c986bd,a6224213-e674-4594-b833-0b8bb7c986bd,a6224213-e674-4594-b833-0b8bb7c986bd,10ba46b5-5bbf-46dd-944f-894a05cdb357,unclassified,Unclassified,0.95,addaxai VIC,Blank,blank,unclassified
b77eaeae-a94b-4782-8eba-81392a029079,sequenceID:132722b8-505e-4ba7-9680-bb0b771cc471,132722b8-505e-4ba7-9680-bb0b771cc471,132722b8-505e-4ba7-9680-bb0b771cc471,10ba46b5-5bbf-46dd-944f-894a05cdb357,unclassified,Unclassified,0.95,addaxai VIC,Blank,blank,unclassified
6bdc71fa-e9b0-431b-9a0d-ecb9f29868d8,sequenceID:ae5143f6-28b7-4a5b-aacb-abe7055f0ebf,ae5143f6-28b7-4a5b-aacb-abe7055f0ebf,ae5143f6-28b7-4a5b-aacb-abe7055f0ebf,10ba46b5-5bbf-46dd-944f-894a05cdb357,unclassified,Unclassified,0.96,addaxai VIC,Blank,blank,unclassified
6059baa1-be46-4038-8409-e56109efd46f,sequenceID:73a85825-3932-4835-a988-9034f08c1b92,73a85825-3932-4835-a988-9034f08c1b92,73a85825-3932-4835-a988-9034f08c1b92,10ba46b5-5bbf-46dd-944f-894a05cdb357,unclassified,Unclassified,0.96,addaxai VIC,Blank,blank,unclassified
1d85f2b3-fa8f-427c-b467-cc732028be48,sequenceID:7df791e1-4a2e-4d4c-9c98-83bae622a294,7df791e1-4a2e-4d4c-9c98-83bae622a294,7df791e1-4a2e-4d4c-9c98-83bae622a294,10ba46b5-5bbf-46dd-944f-894a05cdb357,unclassified,Unclassified,0.94,addaxai VIC,Blank,blank,unclassified
32ec7213-e732-4a36-8125-b3153f47c89f,sequenceID:ecddfb96-96da-4806-ac64-82a59e4eb151,ecddfb96-96da-4806-ac64-82a59e4eb151,ecddfb96-96da-4806-ac64-82a59e4eb151,10ba46b5-5bbf-46dd-944f-894a05cdb357,unclassified,Unclassified,0.93,addaxai VIC,Blank,blank,unclassified
5176837b-37d0-4887-b4a6-893d35476f6e,sequenceID:0c4798fe-a583-4a78-a756-1be591120c80,0c4798fe-a583-4a78-a756-1be591120c80,0c4798fe-a583-4a78-a756-1be591120c80,10ba46b5-5bbf-46dd-944f-894a05cdb357,unclassified,Unclassified,0.9,addaxai VIC,Blank,blank,unclassified
99876f21-cc3d-43f6-b5ec-b5639d33f640,sequenceID:184fa83d-375f-480d-8570-8e5a5401c340,184fa83d-375f-480d-8570-8e5a5401c340,184fa83d-375f-480d-8570-8e5a5401c340,10ba46b5-5bbf-46dd-944f-894a05cdb357,unclassified,Unclassified,0.96,addaxai VIC,Blank,blank,unclassified
c94f3b0c-7ff3-4769-8737-ce43ca5ca25e,sequenceID:ca864ad5-8727-4ddc-84f5-4f56b9e6c5e4,ca864ad5-8727-4ddc-84f5-4f56b9e6c5e4,ca864ad5-8727-4ddc-84f5-4f56b9e6c5e4,10ba46b5-5bbf-46dd-944f-894a05cdb357,unclassified,Unclassified,0.94,addaxai VIC,Blank,blank,unclassified
e5979f1a-7074-44e6-a496-9b1e5cc2e498,sequenceID:4b2f10d7-fb8a-4d75-b6de-09c82b1ab58f,4b2f10d7-fb8a-4d75-b6de-09c82b1ab58f,4b2f10d7-fb8a-4d75-b6de-09c82b1ab58f,10ba46b5-5bbf-46dd-944f-894a05cdb357,unclassified,Unclassified,0.94,addaxai VIC,Blank,blank,unclassified
205159ce-234b-4911-8b8d-6dab522fa70d,sequenceID:b3b290d8-662f-4b52-8562-7da0dd2cb9fd,b3b290d8-662f-4b52-8562-7da0dd2cb9fd,b3b290d8-662f-4b52-8562-7da0dd2cb9fd,10ba46b5-5bbf-46dd-944f-894a05cdb357,unclassified,Unclassified,0.95,addaxai VIC,Blank,blank,unclassified
2686e32d-e24c-44fc-9127-20e26d8cd6e4,sequenceID:9f803cf3-f881-46f1-b2b6-21c79c23be84,9f803cf3-f881-46f1-b2b6-21c79c23be84,9f803cf3-f881-46f1-b2b6-21c79c23be84,10ba46b5-5bbf-46dd-944f-894a05cdb357,unclassified,Unclassified,0.94,addaxai VIC,Blank,blank,unclassified
7ea6f762-7569-4d69-8d96-15f7083edcba,sequenceID:f4130589-b844-450c-acf5-0bacafc3b416,f4130589-b844-450c-acf5-0bacafc3b416,f4130589-b844-450c-acf5-0bacafc3b416,10ba46b5-5bbf-46dd-944f-894a05cdb357,unclassified,Unclassified,0.95,addaxai VIC,Blank,blank,unclassified
b171b930-7caa-4e52-b47c-b3b0d952b780,sequenceID:3de6edf2-0158-42fd-ab3e-d20f2d272c85,3de6edf2-0158-42fd-ab3e-d20f2d272c85,3de6edf2-0158-42fd-ab3e-d20f2d272c85,10ba46b5-5bbf-46dd-944f-894a05cdb357,unclassified,Unclassified,0.97,addaxai VIC,Blank,blank,unclassified
a15631e6-9b55-4ead-af58-9e48b2abb814,sequenceID:00e36899-f17b-4a38-9598-1f8151e83987,00e36899-f17b-4a38-9598-1f8151e83987,00e36899-f17b-4a38-9598-1f8151e83987,10ba46b5-5bbf-46dd-944f-894a05cdb357,unclassified,Unclassified,0.91,addaxai VIC,Blank,blank,unclassified
9dadecf3-b241-42e1-b56b-bc26826ea7e4,sequenceID:d0eebcb2-2b89-4880-8722-b563d6e353f1,d0eebcb2-2b89-4880-8722-b563d6e353f1,d0eebcb2-2b89-4880-8722-b563d6e353f1,10ba46b5-5bbf-46dd-944f-894a05cdb357,unclassified,Unclassified,0.92,addaxai VIC,Blank,blank,unclassified
2392c7cd-7f33-49dc-934b-f7343ed84393,sequenceID:fbb89d0f-e767-4d7a-bf91-49a631db62d1,fbb89d0f-e767-4d7a-bf91-49a631db62d1,fbb89d0f-e767-4d7a-bf91-49a631db62d1,10ba46b5-5bbf-46dd-944f-894a05cdb357,unclassified,Unclassified,0.94,addaxai VIC,Blank,blank,unclassified
9c34b40b-31db-4e34-95d0-f6a22d625270,sequenceID:963e7e3f-ecc0-4a4a-8363-4bb02bc489fd,963e7e3f-ecc0-4a4a-8363-4bb02bc489fd,963e7e3f-ecc0-4a4a-8363-4bb02bc489fd,10ba46b5-5bbf-46dd-944f-894a05cdb357,unclassified,Unclassified,0.95,addaxai VIC,Blank,blank,unclassified
46ae776b-86bb-49b6-b96a-0846b2d8bd1a,sequenceID:d05e7645-1288-4128-ac71-7831b04edc5a,d05e7645-1288-4128-ac71-7831b04edc5a,d05e7645-1288-4128-ac71-7831b04edc5a,10ba46b5-5bbf-46dd-944f-894a05cdb357,unclassified,Unclassified,0.92,addaxai VIC,Blank,blank,unclassified
4aeafd8c-2bf6-443f-8cfa-dffd8d9b6a12,sequenceID:7ca811d9-82b7-47ea-ab68-16ffb9ef1c2c,7ca811d9-82b7-47ea-ab68-16ffb9ef1c2c,7ca811d9-82b7-47ea-ab68-16ffb9ef1c2c,10ba46b5-5bbf-46dd-944f-894a05cdb357,unclassified,Unclassified,0.94,addaxai VIC,Blank,blank,unclassified
49ab0ce8-ecb9-4591-887e-08d57f48c7d6,sequenceID:df66b14d-f55b-4964-ab90-93dc01e73931,df66b14d-f55b-4964-ab90-93dc01e73931,df66b14d-f55b-4964-ab90-93dc01e73931,10ba46b5-5bbf-46dd-944f-894a05cdb357,unclassified,Unclassified,0.94,addaxai VIC,Blank,blank,unclassified
746824fa-a503-40d7-a007-df0137900843,sequenceID:763b983d-66f4-42b4-8fbe-307f9c5581e9,763b983d-66f4-42b4-8fbe-307f9c5581e9,763b983d-66f4-42b4-8fbe-307f9c5581e9,10ba46b5-5bbf-46dd-944f-894a05cdb357,unclassified,Unclassified,0.84,addaxai VIC,Blank,blank,unclassified
395853e7-31ed-43ff-afb1-6155f1274c0f,sequenceID:755b6588-74b9-4488-b66f-47c903defce0,755b6588-74b9-4488-b66f-47c903defce0,755b6588-74b9-4488-b66f-47c903defce0,10ba46b5-5bbf-46dd-944f-894a05cdb357,unclassified,Unclassified,0.92,addaxai VIC,Blank,blank,unclassified
5a401994-b106-4f66-b8fc-b7ac2cf3e866,sequenceID:b95ddab5-ee97-43e4-9100-d0b447fecbc0,b95ddab5-ee97-43e4-9100-d0b447fecbc0,b95ddab5-ee97-43e4-9100-d0b447fecbc0,10ba46b5-5bbf-46dd-944f-894a05cdb357,unclassified,Unclassified,0.91,addaxai VIC,Blank,blank,unclassified
0576a92a-edd5-402a-b03a-e5e32d28df93,sequenceID:31b851ca-2378-42bf-ab17-8a1e5ebfcf09,31b851ca-2378-42bf-ab17-8a1e5ebfcf09,31b851ca-2378-42bf-ab17-8a1e5ebfcf09,10ba46b5-5bbf-46dd-944f-894a05cdb357,unclassified,Unclassified,0.95,addaxai VIC,Blank,blank,unclassified
217787b2-dd95-479d-8984-ef4db6facc2d,sequenceID:993c8b32-7df4-4c6e-9b7a-4332a4f46ae3,993c8b32-7df4-4c6e-9b7a-4332a4f46ae3,993c8b32-7df4-4c6e-9b7a-4332a4f46ae3,10ba46b5-5bbf-46dd-944f-894a05cdb357,unclassified,Unclassified,0.91,addaxai VIC,Blank,blank,unclassified
fcf6f8f4-aa34-440f-b76a-cc5d1ac551e8,sequenceID:f7aa6e11-9e50-453a-9ffb-8098e3656de8,f7aa6e11-9e50-453a-9ffb-8098e3656de8,f7aa6e11-9e50-453a-9ffb-8098e3656de8,10ba46b5-5bbf-46dd-944f-894a05cdb357,unclassified,Unclassified,0.96,addaxai VIC,Blank,blank,unclassified
a717c99b-f316-4d9f-8f0a-edea1dc3f3f6,sequenceID:42da36c7-34fa-4b21-b1f4-70e08b00feef,42da36c7-34fa-4b21-b1f4-70e08b00feef,42da36c7-34fa-4b21-b1f4-70e08b00feef,10ba46b5-5bbf-46dd-944f-894a05cdb357,unclassified,Unclassified,0.92,addaxai VIC,Blank,blank,unclassified
762788f9-463f-46d0-83d1-a732b7d1a6e4,sequenceID:c2de21f7-2091-47a2-ac21-4f456eb7f7e1,c2de21f7-2091-47a2-ac21-4f456eb7f7e1,c2de21f7-2091-47a2-ac21-4f456eb7f7e1,10ba46b5-5bbf-46dd-944f-894a05cdb357,unclassified,Unclassified,0.93,addaxai VIC,Blank,blank,unclassified
5d95a755-f869-432a-acba-fbcd2b831e75,sequenceID:c2b078a7-b766-4e65-8d4e-bbb54456ef54,c2b078a7-b766-4e65-8d4e-bbb54456ef54,c2b078a7-b766-4e65-8d4e-bbb54456ef54,10ba46b5-5bbf-46dd-944f-894a05cdb357,unclassified,Unclassified,0.0,,Blank,blank,unclassified
1b3fba3c-921d-41ea-9294-58f5f0315488,sequenceID:f0f31f76-0eb6-4d63-807d-a21d020d9b97,f0f31f76-0eb6-4d63-807d-a21d020d9b97,f0f31f76-0eb6-4d63-807d-a21d020d9b97,10ba46b5-5bbf-46dd-944f-894a05cdb357,unclassified,Unclassified,0.93,addaxai VIC,Blank,blank,unclassified
4224b83d-a0b8-4759-b706-1f63b47b8745,sequenceID:84a3d3ca-d4ac-4959-a04b-4188bd2359f0,84a3d3ca-d4ac-4959-a04b-4188bd2359f0,84a3d3ca-d4ac-4959-a04b-4188bd2359f0,10ba46b5-5bbf-46dd-944f-894a05cdb357,unclassified,Unclassified,0.96,addaxai VIC,Blank,blank,unclassified
71be16e3-8e61-414d-a72a-1623463653db,sequenceID:acfeb6c4-97b4-4cf4-8d07-1fb637e9e134,acfeb6c4-97b4-4cf4-8d07-1fb637e9e134,acfeb6c4-97b4-4cf4-8d07-1fb637e9e134,10ba46b5-5bbf-46dd-944f-894a05cdb357,unclassified,Unclassified,0.95,addaxai VIC,Blank,blank,unclassified
5f23d9fe-ba17-4e4d-91cd-231bb238b3e1,sequenceID:f820961e-fa62-4656-a74e-8b44ced1e863,f820961e-fa62-4656-a74e-8b44ced1e863,f820961e-fa62-4656-a74e-8b44ced1e863,10ba46b5-5bbf-46dd-944f-894a05cdb357,unclassified,Unclassified,0.94,addaxai VIC,Blank,blank,unclassified
30e15a56-e3f3-4a3f-b1c3-58155741ecef,sequenceID:3b113fc6-1782-4d95-9430-4ba61f779349,3b113fc6-1782-4d95-9430-4ba61f779349,3b113fc6-1782-4d95-9430-4ba61f779349,10ba46b5-5bbf-46dd-944f-894a05cdb357,unclassified,Unclassified,0.95,addaxai VIC,Blank,blank,unclassified
4c91ef86-a58e-45f7-99a1-f3f1960ac37e,sequenceID:b986c7a2-2de6-42b5-9a59-72f63ebf5c34,b986c7a2-2de6-42b5-9a59-72f63ebf5c34,b986c7a2-2de6-42b5-9a59-72f63ebf5c34,10ba46b5-5bbf-46dd-944f-894a05cdb357,unclassified,Unclassified,0.93,addaxai VIC,Blank,blank,unclassified
cf95ec73-57c9-44f8-8b93-f8ea02c89c38,sequenceID:7e93d561-5ab8-4fc5-87f9-cd7410b3c272,7e93d561-5ab8-4fc5-87f9-cd7410b3c272,7e93d561-5ab8-4fc5-87f9-cd7410b3c272,10ba46b5-5bbf-46dd-944f-894a05cdb357,unclassified,Unclassified,0.93,addaxai VIC,Blank,blank,unclassified
5a782fe2-a2e6-44cd-baed-890e21888ffb,sequenceID:640be7ea-8ae3-4b13-83c6-14c8d33a3c1e,640be7ea-8ae3-4b13-83c6-14c8d33a3c1e,640be7ea-8ae3-4b13-83c6-14c8d33a3c1e,10ba46b5-5bbf-46dd-944f-894a05cdb357,unclassified,Unclassified,0.94,addaxai VIC,Blank,blank,unclassified
9d0dac7e-d3b6-4f2b-acf5-e1f347b61b3f,sequenceID:8e32253d-dfb3-4f13-ae51-4df1e1046bd5,8e32253d-dfb3-4f13-ae51-4df1e1046bd5,8e32253d-dfb3-4f13-ae51-4df1e1046bd5,10ba46b5-5bbf-46dd-944f-894a05cdb357,unclassified,Unclassified,0.93,addaxai VIC,Blank,blank,unclassified
d9cecaf0-93ad-497d-bf71-e19943743bbe,sequenceID:7ed88d10-b7e2-4494-8fcb-57fe282c6992,7ed88d10-b7e2-4494-8fcb-57fe282c6992,7ed88d10-b7e2-4494-8fcb-57fe282c6992,10ba46b5-5bbf-46dd-944f-894a05cdb357,unclassified,Unclassified,0.94,addaxai VIC,Blank,blank,unclassified
905a4907-7cb1-417a-8c87-4eddf6e6c3f3,sequenceID:492eec47-ff20-4aa5-91cd-86d3afe716b2,492eec47-ff20-4aa5-91cd-86d3afe716b2,492eec47-ff20-4aa5-91cd-86d3afe716b2,10ba46b5-5bbf-46dd-944f-894a05cdb357,unclassified,Unclassified,0.96,addaxai VIC,Blank,blank,unclassified
772098e3-459e-4299-abc7-3f877a2ff582,sequenceID:481fee50-77eb-4bf5-b399-a8683e245639,481fee50-77eb-4bf5-b399-a8683e245639,481fee50-77eb-4bf5-b399-a8683e245639,10ba46b5-5bbf-46dd-944f-894a05cdb357,unclassified,Unclassified,0.95,addaxai VIC,Blank,blank,unclassified
8f9520d9-63fe-448c-aa70-cee10b6ecd78,sequenceID:0a109862-fe69-4396-a5fb-749704b69114,0a109862-fe69-4396-a5fb-749704b69114,0a109862-fe69-4396-a5fb-749704b69114,10ba46b5-5bbf-46dd-944f-894a05cdb357,unclassified,Unclassified,0.96,addaxai VIC,Blank,blank,unclassified
518179ac-f74d-497c-bfe8-09689e197c6b,sequenceID:02c74b3c-fe9d-46da-a41c-af3569fd089c,02c74b3c-fe9d-46da-a41c-af3569fd089c,02c74b3c-fe9d-46da-a41c-af3569fd089c,10ba46b5-5bbf-46dd-944f-894a05cdb357,unclassified,Unclassified,0.92,addaxai VIC,Blank,blank,unclassified
4697500d-5bb2-493e-ad90-05d6800ba001,sequenceID:7cb6a9af-ca48-4ddc-af28-5fae3acfbd86,7cb6a9af-ca48-4ddc-af28-5fae3acfbd86,7cb6a9af-ca48-4ddc-af28-5fae3acfbd86,10ba46b5-5bbf-46dd-944f-894a05cdb357,unclassified,Unclassified,0.95,addaxai VIC,Blank,blank,unclassified
0e929a7b-6df2-4174-b1e2-948b5eaeff3e,sequenceID:b17cd22e-263a-4a13-8675-0bff2eaeea69,b17cd22e-263a-4a13-8675-0bff2eaeea69,b17cd22e-263a-4a13-8675-0bff2eaeea69,10ba46b5-5bbf-46dd-944f-894a05cdb357,unclassified,Unclassified,0.93,addaxai VIC,Blank,blank,unclassified
a238ee0d-55cb-4711-bb80-d131738f3d16,sequenceID:96f76d16-ee69-4b73-9f44-cdfc48a54dfb,96f76d16-ee69-4b73-9f44-cdfc48a54dfb,96f76d16-ee69-4b73-9f44-cdfc48a54dfb,10ba46b5-5bbf-46dd-944f-894a05cdb357,unclassified,Unclassified,0.97,addaxai VIC,Blank,blank,unclassified
4c8761b5-05fd-4f32-b040-29bfb9da9457,sequenceID:f6f30bfc-62ab-4193-a198-d230f27f0e92,f6f30bfc-62ab-4193-a198-d230f27f0e92,f6f30bfc-62ab-4193-a198-d230f27f0e92,10ba46b5-5bbf-46dd-944f-894a05cdb357,unclassified,Unclassified,0.93,addaxai VIC,Blank,blank,unclassified
97dfae68-bae4-4add-a0bb-4060994462b4,sequenceID:3a4f7015-f224-4c00-b1dd-e44c59db59a5,3a4f7015-f224-4c00-b1dd-e44c59db59a5,3a4f7015-f224-4c00-b1dd-e44c59db59a5,10ba46b5-5bbf-46dd-944f-894a05cdb357,unclassified,Unclassified,0.0,,Blank,blank,unclassified
4a32544b-e44a-41df-8acf-6bb01b1ea5a0,sequenceID:90ec0f61-ef63-4d15-bf51-bec52f4e4670,90ec0f61-ef63-4d15-bf51-bec52f4e4670,90ec0f61-ef63-4d15-bf51-bec52f4e4670,10ba46b5-5bbf-46dd-944f-894a05cdb357,unclassified,Unclassified,0.93,addaxai VIC,Blank,blank,unclassified
913b5404-8e9b-421f-b791-7f494e8abb2a,sequenceID:b402adff-6137-48bc-88d9-74525885925c,b402adff-6137-48bc-88d9-74525885925c,b402adff-6137-48bc-88d9-74525885925c,10ba46b5-5bbf-46dd-944f-894a05cdb357,unclassified,Unclassified,0.95,addaxai VIC,Blank,blank,unclassified
b4edbd40-cf15-43ba-a202-aa4c90ae19c8,sequenceID:b6b15b2c-510a-4348-8205-6f08f9aab414,b6b15b2c-510a-4348-8205-6f08f9aab414,b6b15b2c-510a-4348-8205-6f08f9aab414,10ba46b5-5bbf-46dd-944f-894a05cdb357,unclassified,Unclassified,0.94,addaxai VIC,Blank,blank,unclassified
2225fcd1-73ae-4aed-9b4b-4cc0f8a6f767,sequenceID:d80e2274-11aa-4681-a9f5-5c0009a39e40,d80e2274-11aa-4681-a9f5-5c0009a39e40,d80e2274-11aa-4681-a9f5-5c0009a39e40,10ba46b5-5bbf-46dd-944f-894a05cdb357,unclassified,Unclassified,0.93,addaxai VIC,Blank,blank,unclassified
8b934be1-9fe5-4021-b43c-8788bd628b9f,sequenceID:50c82a55-1fe1-4a23-83f6-9e3b95c3bf97,50c82a55-1fe1-4a23-83f6-9e3b95c3bf97,50c82a55-1fe1-4a23-83f6-9e3b95c3bf97,10ba46b5-5bbf-46dd-944f-894a05cdb357,unclassified,Unclassified,0.95,addaxai VIC,Blank,blank,unclassified
8e114572-1942-448f-b5f3-cd2b97a464fe,sequenceID:a9dbd760-1b16-4f2b-92ba-95a3fc09ca33,a9dbd760-1b16-4f2b-92ba-95a3fc09ca33,a9dbd760-1b16-4f2b-92ba-95a3fc09ca33,10ba46b5-5bbf-46dd-944f-894a05cdb357,unclassified,Unclassified,0.86,addaxai VIC,Blank,blank,unclassified
927bae9b-54b1-42b0-a09e-13dc7bee186a,sequenceID:b58ff328-f89a-48df-a75e-4d93dc42474c,b58ff328-f89a-48df-a75e-4d93dc42474c,b58ff328-f89a-48df-a75e-4d93dc42474c,10ba46b5-5bbf-46dd-944f-894a05cdb357,unclassified,Unclassified,0.93,addaxai VIC,Blank,blank,unclassified
dec670af-1d59-4306-b955-d1de5a106ae6,sequenceID:ae45eae6-b132-41dd-82cf-ca1f65aa4044,ae45eae6-b132-41dd-82cf-ca1f65aa4044,ae45eae6-b132-41dd-82cf-ca1f65aa4044,10ba46b5-5bbf-46dd-944f-894a05cdb357,unclassified,Unclassified,0.94,addaxai VIC,Blank,blank,unclassified
78b17dc7-01fa-4a1e-8900-8d964fd97749,sequenceID:43150e80-acca-427d-a3ef-6bb1fac36c3b,43150e80-acca-427d-a3ef-6bb1fac36c3b,43150e80-acca-427d-a3ef-6bb1fac36c3b,10ba46b5-5bbf-46dd-944f-894a05cdb357,unclassified,Unclassified,0.9,addaxai VIC,Blank,blank,unclassified
f169b523-a6ec-42bd-9794-2920c2aa8055,sequenceID:446aaa14-c5b6-495c-b643-c302af97d87e,446aaa14-c5b6-495c-b643-c302af97d87e,446aaa14-c5b6-495c-b643-c302af97d87e,10ba46b5-5bbf-46dd-944f-894a05cdb357,unclassified,Unclassified,0.82,addaxai VIC,Blank,blank,unclassified
ab92fb7b-8768-4441-a502-f7db189d07c9,sequenceID:8720cc10-773b-48c6-94de-456151b746f4,8720cc10-773b-48c6-94de-456151b746f4,8720cc10-773b-48c6-94de-456151b746f4,10ba46b5-5bbf-46dd-944f-894a05cdb357,unclassified,Unclassified,0.81,addaxai VIC,Blank,blank,unclassified
ac9a2f2a-035b-4400-acd9-91005f05f14c,sequenceID:a98ccb87-1dbd-43d4-a5a2-b1927a0570a6,a98ccb87-1dbd-43d4-a5a2-b1927a0570a6,a98ccb87-1dbd-43d4-a5a2-b1927a0570a6,10ba46b5-5bbf-46dd-944f-894a05cdb357,unclassified,Unclassified,0.94,addaxai VIC,Blank,blank,unclassified
1c538afd-7754-439d-bce9-e99b93b54ce3,sequenceID:a5f525ef-5668-4e0b-a410-9e29e15af60f,a5f525ef-5668-4e0b-a410-9e29e15af60f,a5f525ef-5668-4e0b-a410-9e29e15af60f,10ba46b5-5bbf-46dd-944f-894a05cdb357,unclassified,Unclassified,0.95,addaxai VIC,Blank,blank,unclassified
a77a6b2d-0ba2-49ea-b2f9-876358a19dc9,sequenceID:60472742-2725-45a6-b40f-7632278e8051,60472742-2725-45a6-b40f-7632278e8051,60472742-2725-45a6-b40f-7632278e8051,10ba46b5-5bbf-46dd-944f-894a05cdb357,unclassified,Unclassified,0.95,addaxai VIC,Blank,blank,unclassified
b0738314-392f-45d6-b023-a9240e28256f,sequenceID:63759bc7-b437-4f3e-9cc3-334205af750a,63759bc7-b437-4f3e-9cc3-334205af750a,63759bc7-b437-4f3e-9cc3-334205af750a,10ba46b5-5bbf-46dd-944f-894a05cdb357,unclassified,Unclassified,0.96,addaxai VIC,Blank,blank,unclassified
7e1e3d5e-0d9e-4bc8-8173-b9309ecb1636,sequenceID:273dbc4c-157e-4c97-b131-65bbf3269c13,273dbc4c-157e-4c97-b131-65bbf3269c13,273dbc4c-157e-4c97-b131-65bbf3269c13,10ba46b5-5bbf-46dd-944f-894a05cdb357,unclassified,Unclassified,0.95,addaxai VIC,Blank,blank,unclassified
c67a243c-c89c-4633-b8d4-b7db92998106,sequenceID:a9df575f-6747-46a0-a5b5-966f46da8bc8,a9df575f-6747-46a0-a5b5-966f46da8bc8,a9df575f-6747-46a0-a5b5-966f46da8bc8,10ba46b5-5bbf-46dd-944f-894a05cdb357,unclassified,Unclassified,0.9,addaxai VIC,Blank,blank,unclassified
c746834d-7520-4d1b-98bd-0b633e720c09,sequenceID:e3808f22-c796-4fa6-b933-b0d7b9dab498,e3808f22-c796-4fa6-b933-b0d7b9dab498,e3808f22-c796-4fa6-b933-b0d7b9dab498,10ba46b5-5bbf-46dd-944f-894a05cdb357,unclassified,Unclassified,0.9,addaxai VIC,Blank,blank,unclassified
c731a725-0f26-4e02-88a4-00fdb480ffc6,sequenceID:8490ed8f-99c1-48f1-9b43-1dfcbdefefce,8490ed8f-99c1-48f1-9b43-1dfcbdefefce,8490ed8f-99c1-48f1-9b43-1dfcbdefefce,10ba46b5-5bbf-46dd-944f-894a05cdb357,unclassified,Unclassified,0.91,addaxai VIC,Blank,blank,unclassified
d3c7bced-868f-45a5-b014-b7ebbea06259,sequenceID:8be41f69-4179-4357-93d8-cf259ec2a260,8be41f69-4179-4357-93d8-cf259ec2a260,8be41f69-4179-4357-93d8-cf259ec2a260,10ba46b5-5bbf-46dd-944f-894a05cdb357,unclassified,Unclassified,0.94,addaxai VIC,Blank,blank,unclassified
5d8e2693-159a-463c-a491-0b875fb6556f,sequenceID:942f7838-8ac6-4f25-9499-35c191b05847,942f7838-8ac6-4f25-9499-35c191b05847,942f7838-8ac6-4f25-9499-35c191b05847,10ba46b5-5bbf-46dd-944f-894a05cdb357,unclassified,Unclassified,0.0,,Blank,blank,unclassified
b066aa4f-beb8-4d06-bb14-bba6d5da516e,sequenceID:3d00408f-196c-4e22-a5ab-3a07398e8361,3d00408f-196c-4e22-a5ab-3a07398e8361,3d00408f-196c-4e22-a5ab-3a07398e8361,10ba46b5-5bbf-46dd-944f-894a05cdb357,unclassified,Unclassified,0.94,addaxai VIC,Blank,blank,unclassified
5efdf601-9d3b-4416-85ee-64961daeb990,sequenceID:19db5382-ee4e-4da5-8c68-140a73bf8064,19db5382-ee4e-4da5-8c68-140a73bf8064,19db5382-ee4e-4da5-8c68-140a73bf8064,10ba46b5-5bbf-46dd-944f-894a05cdb357,unclassified,Unclassified,0.94,addaxai VIC,Blank,blank,unclassified
07951c65-2d78-4c50-b98c-b9323616438c,sequenceID:731fec34-3cca-4bb6-8d93-b8dc3cf9c7bd,731fec34-3cca-4bb6-8d93-b8dc3cf9c7bd,731fec34-3cca-4bb6-8d93-b8dc3cf9c7bd,10ba46b5-5bbf-46dd-944f-894a05cdb357,unclassified,Unclassified,0.91,addaxai VIC,Blank,blank,unclassified
64fe0e5c-f6ee-42a1-a04b-d42b6e294928,sequenceID:a898e3cd-e596-40ac-bfdd-5ff9e17f5149,a898e3cd-e596-40ac-bfdd-5ff9e17f5149,a898e3cd-e596-40ac-bfdd-5ff9e17f5149,10ba46b5-5bbf-46dd-944f-894a05cdb357,unclassified,Unclassified,0.95,addaxai VIC,Blank,blank,unclassified
886b847d-ac6d-4482-b3a7-f679d4be8f1d,sequenceID:3ada6ffd-9f31-4d4c-a3c6-32a04d7a57a1,3ada6ffd-9f31-4d4c-a3c6-32a04d7a57a1,3ada6ffd-9f31-4d4c-a3c6-32a04d7a57a1,10ba46b5-5bbf-46dd-944f-894a05cdb357,unclassified,Unclassified,0.88,addaxai VIC,Blank,blank,unclassified
e96c3c13-c1d8-43ec-b911-db618c54a98b,sequenceID:63cfb5c1-f6bd-46b2-a1ee-27243f5c012d,63cfb5c1-f6bd-46b2-a1ee-27243f5c012d,63cfb5c1-f6bd-46b2-a1ee-27243f5c012d,10ba46b5-5bbf-46dd-944f-894a05cdb357,unclassified,Unclassified,0.91,addaxai VIC,Blank,blank,unclassified
6da60136-3270-4814-b4e0-298010250c4f,sequenceID:3ee1bd0a-380e-4f1a-8768-d5d434f1ed0a,3ee1bd0a-380e-4f1a-8768-d5d434f1ed0a,3ee1bd0a-380e-4f1a-8768-d5d434f1ed0a,10ba46b5-5bbf-46dd-944f-894a05cdb357,unclassified,Unclassified,0.89,addaxai VIC,Blank,blank,unclassified
baa69361-3338-49b1-8c61-6834334ee068,sequenceID:ec20785b-b881-4277-bdc3-1806eb1ae133,ec20785b-b881-4277-bdc3-1806eb1ae133,ec20785b-b881-4277-bdc3-1806eb1ae133,10ba46b5-5bbf-46dd-944f-894a05cdb357,unclassified,Unclassified,0.94,addaxai VIC,Blank,blank,unclassified
344feba8-b47e-4be5-bca7-32ac331f6082,sequenceID:f8e26986-c461-4cba-82b2-2788c457cc06,f8e26986-c461-4cba-82b2-2788c457cc06,f8e26986-c461-4cba-82b2-2788c457cc06,10ba46b5-5bbf-46dd-944f-894a05cdb357,unclassified,Unclassified,0.93,addaxai VIC,Blank,blank,unclassified
7d773895-789c-4ef8-812b-383a633808e9,sequenceID:6e6d5a30-0cde-459d-9f7e-7a759ebd0c4e,6e6d5a30-0cde-459d-9f7e-7a759ebd0c4e,6e6d5a30-0cde-459d-9f7e-7a759ebd0c4e,10ba46b5-5bbf-46dd-944f-894a05cdb357,unclassified,Unclassified,0.93,addaxai VIC,Blank,blank,unclassified
9e59417d-cf33-401b-91b0-b6e824189ef1,sequenceID:e76d66bf-4848-4c32-9b3a-ce144c105372,e76d66bf-4848-4c32-9b3a-ce144c105372,e76d66bf-4848-4c32-9b3a-ce144c105372,10ba46b5-5bbf-46dd-944f-894a05cdb357,unclassified,Unclassified,0.95,addaxai VIC,Blank,blank,unclassified
9ac53cca-d886-428d-a575-61aa37c5472f,sequenceID:a3405098-9516-49bf-b289-b2786d4fc638,a3405098-9516-49bf-b289-b2786d4fc638,a3405098-9516-49bf-b289-b2786d4fc638,10ba46b5-5bbf-46dd-944f-894a05cdb357,unclassified,Unclassified,0.95,addaxai VIC,Blank,blank,unclassified
d352af2b-e9e7-4dee-b67b-a84e9752e9ec,sequenceID:83d8de0e-d039-414b-8b51-c0dc45cc2452,83d8de0e-d039-414b-8b51-c0dc45cc2452,83d8de0e-d039-414b-8b51-c0dc45cc2452,10ba46b5-5bbf-46dd-944f-894a05cdb357,unclassified,Unclassified,0.95,addaxai VIC,Blank,blank,unclassified
a47d504c-9aa8-4421-bbad-84b31b2fbfd6,sequenceID:cdf8884a-7e87-4c2c-a975-ed0469f2351e,cdf8884a-7e87-4c2c-a975-ed0469f2351e,cdf8884a-7e87-4c2c-a975-ed0469f2351e,10ba46b5-5bbf-46dd-944f-894a05cdb357,unclassified,Unclassified,0.93,addaxai VIC,Blank,blank,unclassified
0b82664d-fd94-40e8-810b-a192e06bf329,sequenceID:12dc27b6-e294-4b71-b5d7-452d0a4da3e2,12dc27b6-e294-4b71-b5d7-452d0a4da3e2,12dc27b6-e294-4b71-b5d7-452d0a4da3e2,10ba46b5-5bbf-46dd-944f-894a05cdb357,unclassified,Unclassified,0.89,addaxai VIC,Blank,blank,unclassified
4375ebb8-8919-4005-81ec-b10277268e86,sequenceID:ee93a708-c0a7-48c8-a620-a4ebeaca7e66,ee93a708-c0a7-48c8-a620-a4ebeaca7e66,ee93a708-c0a7-48c8-a620-a4ebeaca7e66,10ba46b5-5bbf-46dd-944f-894a05cdb357,unclassified,Unclassified,0.95,addaxai VIC,Blank,blank,unclassified
a65e3c74-c5e7-4ecd-ae3b-8c59942cde19,sequenceID:cf7856f0-ffbb-43d0-8949-6ab26adec005,cf7856f0-ffbb-43d0-8949-6ab26adec005,cf7856f0-ffbb-43d0-8949-6ab26adec005,10ba46b5-5bbf-46dd-944f-894a05cdb357,unclassified,Unclassified,0.92,addaxai VIC,Blank,blank,unclassified
cd1a8be6-e584-42fd-a3e8-718ce1671cab,sequenceID:be369690-e77a-4ca2-b105-8f2422625637,be369690-e77a-4ca2-b105-8f2422625637,be369690-e77a-4ca2-b105-8f2422625637,10ba46b5-5bbf-46dd-944f-894a05cdb357,unclassified,Unclassified,0.92,addaxai VIC,Blank,blank,unclassified
e263e302-6717-4c94-aa1e-fa531fd64bbf,sequenceID:c0ac39f2-40fc-4538-b0da-4fa1279af0fc,c0ac39f2-40fc-4538-b0da-4fa1279af0fc,c0ac39f2-40fc-4538-b0da-4fa1279af0fc,10ba46b5-5bbf-46dd-944f-894a05cdb357,unclassified,Unclassified,0.93,addaxai VIC,Blank,blank,unclassified
b3992bf9-10a6-4f93-8388-c9f44bfb43df,sequenceID:ee654785-6eea-4394-b0d0-2f0ad306369c,ee654785-6eea-4394-b0d0-2f0ad306369c,ee654785-6eea-4394-b0d0-2f0ad306369c,10ba46b5-5bbf-46dd-944f-894a05cdb357,unclassified,Unclassified,0.93,addaxai VIC,Blank,blank,unclassified
eada2e1a-2cea-4c50-93b5-5c48fcb7548d,sequenceID:148b90d5-a862-437f-8a86-7f611c31c792,148b90d5-a862-437f-8a86-7f611c31c792,148b90d5-a862-437f-8a86-7f611c31c792,10ba46b5-5bbf-46dd-944f-894a05cdb357,unclassified,Unclassified,0.92,addaxai VIC,Blank,blank,unclassified
ca4271f7-5936-4537-bfb5-7e4653fd9d07,sequenceID:fc85653d-9d39-4ed7-8a01-8a82bad2083b,fc85653d-9d39-4ed7-8a01-8a82bad2083b,fc85653d-9d39-4ed7-8a01-8a82bad2083b,10ba46b5-5bbf-46dd-944f-894a05cdb357,unclassified,Unclassified,0.96,addaxai VIC,Blank,blank,unclassified
a7b77313-01f6-4a58-a2ed-56725443ecd4,sequenceID:ba6a1959-0185-4f05-9d31-ab1343e5ef50,ba6a1959-0185-4f05-9d31-ab1343e5ef50,ba6a1959-0185-4f05-9d31-ab1343e5ef50,10ba46b5-5bbf-46dd-944f-894a05cdb357,unclassified,Unclassified,0.92,addaxai VIC,Blank,blank,unclassified
013c7d96-18b6-4a94-ba4e-4307f59b4d18,sequenceID:acc50a6e-78f6-4e87-bcb5-b0ded059ea8c,acc50a6e-78f6-4e87-bcb5-b0ded059ea8c,acc50a6e-78f6-4e87-bcb5-b0ded059ea8c,10ba46b5-5bbf-46dd-944f-894a05cdb357,unclassified,Unclassified,0.84,addaxai VIC,Blank,blank,unclassified
2e151916-d198-49b2-8ba4-4395dde30cce,sequenceID:9f09046e-bf2b-4091-be09-1d316f03bb9c,9f09046e-bf2b-4091-be09-1d316f03bb9c,9f09046e-bf2b-4091-be09-1d316f03bb9c,10ba46b5-5bbf-46dd-944f-894a05cdb357,unclassified,Unclassified,0.9,addaxai VIC,Blank,blank,unclassified
2f9870ac-d74b-4230-84d0-424c11237a06,sequenceID:b8ad47eb-2f24-42be-aa49-75313b8c7420,b8ad47eb-2f24-42be-aa49-75313b8c7420,b8ad47eb-2f24-42be-aa49-75313b8c7420,10ba46b5-5bbf-46dd-944f-894a05cdb357,unclassified,Unclassified,0.95,addaxai VIC,Blank,blank,unclassified
efba481b-3ca4-41a0-906a-5a4ed73574c6,sequenceID:82c00663-4cf8-4d3b-810a-80884bbfd647,82c00663-4cf8-4d3b-810a-80884bbfd647,82c00663-4cf8-4d3b-810a-80884bbfd647,10ba46b5-5bbf-46dd-944f-894a05cdb357,unclassified,Unclassified,0.82,addaxai VIC,Blank,blank,unclassified
3e87be3e-0747-4f5e-b8fc-87ecdc7aeae4,sequenceID:62ca78cd-0458-4c9a-8368-95487dd2a86b,62ca78cd-0458-4c9a-8368-95487dd2a86b,62ca78cd-0458-4c9a-8368-95487dd2a86b,10ba46b5-5bbf-46dd-944f-894a05cdb357,unclassified,Unclassified,0.93,addaxai VIC,Blank,blank,unclassified
810e72e2-551e-4939-b663-e1c802501b01,sequenceID:8011585f-b584-4020-8ab8-63867d0b84f4,8011585f-b584-4020-8ab8-63867d0b84f4,8011585f-b584-4020-8ab8-63867d0b84f4,10ba46b5-5bbf-46dd-944f-894a05cdb357,unclassified,Unclassified,0.92,addaxai VIC,Blank,blank,unclassified
592a2273-7de7-490f-b057-2ea84d0f8c17,sequenceID:bdd17a57-2ae7-4bec-8156-7f830b144290,bdd17a57-2ae7-4bec-8156-7f830b144290,bdd17a57-2ae7-4bec-8156-7f830b144290,10ba46b5-5bbf-46dd-944f-894a05cdb357,unclassified,Unclassified,0.96,addaxai VIC,Blank,blank,unclassified
bc0fb2ac-9c55-46a0-a48c-b185c51c0bbb,sequenceID:f53fb718-3e5d-40c5-b2ef-80a54ee7ada3,f53fb718-3e5d-40c5-b2ef-80a54ee7ada3,f53fb718-3e5d-40c5-b2ef-80a54ee7ada3,10ba46b5-5bbf-46dd-944f-894a05cdb357,unclassified,Unclassified,0.91,addaxai VIC,Blank,blank,unclassified
7640cdf1-0563-42f5-9746-467cd2d1266f,sequenceID:f08fa0e2-6ca6-422c-8043-6f44827d9671,f08fa0e2-6ca6-422c-8043-6f44827d9671,f08fa0e2-6ca6-422c-8043-6f44827d9671,10ba46b5-5bbf-46dd-944f-894a05cdb357,unclassified,Unclassified,0.95,addaxai VIC,Blank,blank,unclassified
0da4c488-182e-49b3-945f-d0b81064ea70,sequenceID:52ed3964-71cb-44c6-a180-a2fe784064e6,52ed3964-71cb-44c6-a180-a2fe784064e6,52ed3964-71cb-44c6-a180-a2fe784064e6,10ba46b5-5bbf-46dd-944f-894a05cdb357,unclassified,Unclassified,0.94,addaxai VIC,Blank,blank,unclassified
82bc157e-57db-41db-830f-ea9a212dd4cb,sequenceID:34b0777d-2d64-40bc-8471-83bc3d29531f,34b0777d-2d64-40bc-8471-83bc3d29531f,34b0777d-2d64-40bc-8471-83bc3d29531f,10ba46b5-5bbf-46dd-944f-894a05cdb357,unclassified,Unclassified,0.93,addaxai VIC,Blank,blank,unclassified
68718d24-7698-45f4-a0f0-79e97bbec954,sequenceID:5d02c6d0-ee86-4352-b71d-e1494b92fbf6,5d02c6d0-ee86-4352-b71d-e1494b92fbf6,5d02c6d0-ee86-4352-b71d-e1494b92fbf6,10ba46b5-5bbf-46dd-944f-894a05cdb357,unclassified,Unclassified,0.94,addaxai VIC,Blank,blank,unclassified
0338497a-fcc4-4a06-93f2-70bef649ec28,sequenceID:199dc685-0caf-46bd-a7ba-34126c3114ec,199dc685-0caf-46bd-a7ba-34126c3114ec,199dc685-0caf-46bd-a7ba-34126c3114ec,10ba46b5-5bbf-46dd-944f-894a05cdb357,unclassified,Unclassified,0.95,addaxai VIC,Blank,blank,unclassified
0ce80416-2fcd-4cad-914d-23feb58c591c,sequenceID:1f2a327c-c1d3-4967-b297-9e141e7c738b,1f2a327c-c1d3-4967-b297-9e141e7c738b,1f2a327c-c1d3-4967-b297-9e141e7c738b,10ba46b5-5bbf-46dd-944f-894a05cdb357,unclassified,Unclassified,0.95,addaxai VIC,Blank,blank,unclassified
0d3574ec-ea5b-4808-a341-a8cd25327ee7,sequenceID:89a8709a-179f-43e5-bffa-9ce3a131ab46,89a8709a-179f-43e5-bffa-9ce3a131ab46,89a8709a-179f-43e5-bffa-9ce3a131ab46,10ba46b5-5bbf-46dd-944f-894a05cdb357,unclassified,Unclassified,0.93,addaxai VIC,Blank,blank,unclassified
aebfa515-e381-462d-a17f-18a8fcab819c,sequenceID:590a399e-363a-47cf-acbb-8732984e4441,590a399e-363a-47cf-acbb-8732984e4441,590a399e-363a-47cf-acbb-8732984e4441,10ba46b5-5bbf-46dd-944f-894a05cdb357,unclassified,Unclassified,0.9,addaxai VIC,Blank,blank,unclassified
448e1b44-aba6-4261-8174-5735c9e70abe,sequenceID:71b56c5c-0a70-4fec-8787-280d4d099a42,71b56c5c-0a70-4fec-8787-280d4d099a42,71b56c5c-0a70-4fec-8787-280d4d099a42,10ba46b5-5bbf-46dd-944f-894a05cdb357,unclassified,Unclassified,0.97,addaxai VIC,Blank,blank,unclassified
ce21fbe8-9433-4048-ab3e-44ebbcd5a58d,sequenceID:a14c46a7-a618-4548-bd4d-bd1739d48bb6,a14c46a7-a618-4548-bd4d-bd1739d48bb6,a14c46a7-a618-4548-bd4d-bd1739d48bb6,10ba46b5-5bbf-46dd-944f-894a05cdb357,unclassified,Unclassified,0.95,addaxai VIC,Blank,blank,unclassified
df2fffe9-0b51-418a-956e-5cd856fd5b31,sequenceID:45764424-9c3f-4b4e-9e04-a4cd89d26d54,45764424-9c3f-4b4e-9e04-a4cd89d26d54,45764424-9c3f-4b4e-9e04-a4cd89d26d54,10ba46b5-5bbf-46dd-944f-894a05cdb357,unclassified,Unclassified,0.92,addaxai VIC,Blank,blank,unclassified
33dad9a7-c357-4ab9-a3ce-c3237908b225,sequenceID:6d47dc73-eaa9-4fe2-975d-c1e4f40ada31,6d47dc73-eaa9-4fe2-975d-c1e4f40ada31,6d47dc73-eaa9-4fe2-975d-c1e4f40ada31,10ba46b5-5bbf-46dd-944f-894a05cdb357,unclassified,Unclassified,0.96,addaxai VIC,Blank,blank,unclassified
f89d5a9d-ad28-4ff1-8297-92464cebf02e,sequenceID:820827d1-4b73-46f9-a018-eaf8c8837217,820827d1-4b73-46f9-a018-eaf8c8837217,820827d1-4b73-46f9-a018-eaf8c8837217,10ba46b5-5bbf-46dd-944f-894a05cdb357,unclassified,Unclassified,0.95,addaxai VIC,Blank,blank,unclassified
a1ab39fa-f7cd-4d59-b22c-2280aebc77a7,sequenceID:20d0d177-1870-4ba1-a3cd-b34837112d21,20d0d177-1870-4ba1-a3cd-b34837112d21,20d0d177-1870-4ba1-a3cd-b34837112d21,10ba46b5-5bbf-46dd-944f-894a05cdb357,unclassified,Unclassified,0.96,addaxai VIC,Blank,blank,unclassified
ca2cb844-bcb0-420d-95db-646ed781245a,sequenceID:3e6632a1-02bb-4292-a6b1-4db0e02dea72,3e6632a1-02bb-4292-a6b1-4db0e02dea72,3e6632a1-02bb-4292-a6b1-4db0e02dea72,10ba46b5-5bbf-46dd-944f-894a05cdb357,unclassified,Unclassified,0.96,addaxai VIC,Blank,blank,unclassified
7d5b93b9-1671-44ea-ba32-601e8f757fc6,sequenceID:67bca4f1-3dd3-4a18-8480-951f1766fb1a,67bca4f1-3dd3-4a18-8480-951f1766fb1a,67bca4f1-3dd3-4a18-8480-951f1766fb1a,10ba46b5-5bbf-46dd-944f-894a05cdb357,unclassified,Unclassified,0.95,addaxai VIC,Blank,blank,unclassified
1fda4059-ff82-4b85-976c-6590e8b72fdb,sequenceID:090a9d5f-242b-4a78-b050-70a5e864d395,090a9d5f-242b-4a78-b050-70a5e864d395,090a9d5f-242b-4a78-b050-70a5e864d395,10ba46b5-5bbf-46dd-944f-894a05cdb357,unclassified,Unclassified,0.97,addaxai VIC,Blank,blank,unclassified
6290b6d3-a717-400a-9b0e-0a9f3dd9beeb,sequenceID:18aa8572-dbce-4670-b841-abf51e514ade,18aa8572-dbce-4670-b841-abf51e514ade,18aa8572-dbce-4670-b841-abf51e514ade,10ba46b5-5bbf-46dd-944f-894a05cdb357,unclassified,Unclassified,0.95,addaxai VIC,Blank,blank,unclassified
e6155cf4-579c-48ba-95e8-9e370fbab411,sequenceID:60a65529-a464-4125-86ae-825e1aa6dad7,60a65529-a464-4125-86ae-825e1aa6dad7,60a65529-a464-4125-86ae-825e1aa6dad7,10ba46b5-5bbf-46dd-944f-894a05cdb357,unclassified,Unclassified,0.93,addaxai VIC,Blank,blank,unclassified
985afcf1-4f75-496a-aeb7-42198bb1f17c,sequenceID:4c32b8cf-d8cf-4b34-80f6-915655921a9a,4c32b8cf-d8cf-4b34-80f6-915655921a9a,4c32b8cf-d8cf-4b34-80f6-915655921a9a,10ba46b5-5bbf-46dd-944f-894a05cdb357,unclassified,Unclassified,0.86,addaxai VIC,Blank,blank,unclassified
0f8d3bf7-f02f-4a28-8160-004489046461,sequenceID:c5880ade-b861-4ed7-8b91-671d29d2a27a,c5880ade-b861-4ed7-8b91-671d29d2a27a,c5880ade-b861-4ed7-8b91-671d29d2a27a,10ba46b5-5bbf-46dd-944f-894a05cdb357,unclassified,Unclassified,0.95,addaxai VIC,Blank,blank,unclassified
5aa1d002-f49c-4d41-8b51-6ee45fef73c9,sequenceID:acdf4e54-5bf4-45ba-a298-a770d26b7a6a,acdf4e54-5bf4-45ba-a298-a770d26b7a6a,acdf4e54-5bf4-45ba-a298-a770d26b7a6a,10ba46b5-5bbf-46dd-944f-894a05cdb357,unclassified,Unclassified,0.96,addaxai VIC,Blank,blank,unclassified
4e6ec788-1824-4bee-b989-9181f8800e63,sequenceID:e636bdeb-14a6-4d6a-91ba-090464bfa502,e636bdeb-14a6-4d6a-91ba-090464bfa502,e636bdeb-14a6-4d6a-91ba-090464bfa502,10ba46b5-5bbf-46dd-944f-894a05cdb357,unclassified,Unclassified,0.93,addaxai VIC,Blank,blank,unclassified
ec326170-7f4e-4846-a369-44e509b6b448,sequenceID:2ee0c6f0-e9e1-4835-a201-72cf71876df2,2ee0c6f0-e9e1-4835-a201-72cf71876df2,2ee0c6f0-e9e1-4835-a201-72cf71876df2,10ba46b5-5bbf-46dd-944f-894a05cdb357,unclassified,Unclassified,0.0,,Blank,blank,unclassified
9c627b5e-6833-461f-b6b3-4e0f45113593,sequenceID:ac1142bf-4afe-40f4-9756-66cd37b8038b,ac1142bf-4afe-40f4-9756-66cd37b8038b,ac1142bf-4afe-40f4-9756-66cd37b8038b,10ba46b5-5bbf-46dd-944f-894a05cdb357,unclassified,Unclassified,0.95,addaxai VIC,Blank,blank,unclassified
2d23b348-7885-41e2-9871-58a805844e74,sequenceID:0c6766f8-b102-4e10-befa-818c2c35067a,0c6766f8-b102-4e10-befa-818c2c35067a,0c6766f8-b102-4e10-befa-818c2c35067a,10ba46b5-5bbf-46dd-944f-894a05cdb357,unclassified,Unclassified,0.96,addaxai VIC,Blank,blank,unclassified
679dfd00-b808-4a53-8d47-268f1c0e4771,sequenceID:6001f4b0-1780-4d14-8639-210d7be50f7c,6001f4b0-1780-4d14-8639-210d7be50f7c,6001f4b0-1780-4d14-8639-210d7be50f7c,10ba46b5-5bbf-46dd-944f-894a05cdb357,unclassified,Unclassified,0.0,,Blank,blank,unclassified
824ee6ea-daaa-4c6b-ad63-45074a707a0f,sequenceID:bd488aad-b661-48b9-96ad-85f0389fb309,bd488aad-b661-48b9-96ad-85f0389fb309,bd488aad-b661-48b9-96ad-85f0389fb309,10ba46b5-5bbf-46dd-944f-894a05cdb357,unclassified,Unclassified,0.0,,Blank,blank,unclassified
9f4df081-d6ee-4160-8974-c18df7996296,sequenceID:da5dd0d1-aa9e-455d-93e4-656d66dca3ec,da5dd0d1-aa9e-455d-93e4-656d66dca3ec,da5dd0d1-aa9e-455d-93e4-656d66dca3ec,10ba46b5-5bbf-46dd-944f-894a05cdb357,unclassified,Unclassified,0.95,addaxai VIC,Blank,blank,unclassified
beeb9d20-1d39-4ea2-ac13-d6a37135b0ed,sequenceID:9285dac3-e7f6-4afd-bfc7-b4271c280ba8,9285dac3-e7f6-4afd-bfc7-b4271c280ba8,9285dac3-e7f6-4afd-bfc7-b4271c280ba8,10ba46b5-5bbf-46dd-944f-894a05cdb357,unclassified,Unclassified,0.97,addaxai VIC,Blank,blank,unclassified
31a3fa61-256a-44cf-8dab-71d36b8ba3a1,sequenceID:913ebf01-11b9-4bab-a453-1c28ac5dbf89,913ebf01-11b9-4bab-a453-1c28ac5dbf89,913ebf01-11b9-4bab-a453-1c28ac5dbf89,10ba46b5-5bbf-46dd-944f-894a05cdb357,unclassified,Unclassified,0.98,addaxai VIC,Blank,blank,unclassified
63243fc5-8351-481d-987d-3e858691bf9e,sequenceID:7e9ce1cb-155a-48e2-90e7-49e414e2979e,7e9ce1cb-155a-48e2-90e7-49e414e2979e,7e9ce1cb-155a-48e2-90e7-49e414e2979e,10ba46b5-5bbf-46dd-944f-894a05cdb357,unclassified,Unclassified,0.96,addaxai VIC,Blank,blank,unclassified
891d6a33-cb2f-48fe-af26-f6a0d020503e,sequenceID:b2900d77-600e-4127-a8f7-75ed702af003,b2900d77-600e-4127-a8f7-75ed702af003,b2900d77-600e-4127-a8f7-75ed702af003,10ba46b5-5bbf-46dd-944f-894a05cdb357,unclassified,Unclassified,0.0,,Blank,blank,unclassified
958a99f9-fb6d-46d4-9fa9-756772bb4da3,sequenceID:6ac2fade-53f0-4ce0-bb56-97e1aa6c3cf9,6ac2fade-53f0-4ce0-bb56-97e1aa6c3cf9,6ac2fade-53f0-4ce0-bb56-97e1aa6c3cf9,10ba46b5-5bbf-46dd-944f-894a05cdb357,unclassified,Unclassified,0.93,addaxai VIC,Blank,blank,unclassified
e41b8822-b29a-4989-8a73-0d93ef813b09,sequenceID:68bcc083-cfe4-459b-a9e6-4e3658f804c7,68bcc083-cfe4-459b-a9e6-4e3658f804c7,68bcc083-cfe4-459b-a9e6-4e3658f804c7,10ba46b5-5bbf-46dd-944f-894a05cdb357,unclassified,Unclassified,0.95,addaxai VIC,Blank,blank,unclassified
9107ad20-dbd7-449a-89ff-3e51640839e9,sequenceID:9b04d19d-3a14-4905-afb0-bdcfeb1cd2f9,9b04d19d-3a14-4905-afb0-bdcfeb1cd2f9,9b04d19d-3a14-4905-afb0-bdcfeb1cd2f9,10ba46b5-5bbf-46dd-944f-894a05cdb357,unclassified,Unclassified,0.96,addaxai VIC,Blank,blank,unclassified
4991c7d0-6338-4f51-a505-02d9f3c8999f,sequenceID:5e1f8af3-f6ae-41ab-a741-e5bb5ed4460d,5e1f8af3-f6ae-41ab-a741-e5bb5ed4460d,5e1f8af3-f6ae-41ab-a741-e5bb5ed4460d,10ba46b5-5bbf-46dd-944f-894a05cdb357,unclassified,Unclassified,0.85,addaxai VIC,Blank,blank,unclassified
ec251fd3-f8d2-48f0-9764-074130d74f1a,sequenceID:ef4cf137-fcca-4590-99c4-4bae8f105966,ef4cf137-fcca-4590-99c4-4bae8f105966,ef4cf137-fcca-4590-99c4-4bae8f105966,10ba46b5-5bbf-46dd-944f-894a05cdb357,unclassified,Unclassified,0.93,addaxai VIC,Blank,blank,unclassified
d003017e-e027-4f3f-9bd6-96745c4462c6,sequenceID:2af899e6-a97b-4f52-9e16-cce9415319bc,2af899e6-a97b-4f52-9e16-cce9415319bc,2af899e6-a97b-4f52-9e16-cce9415319bc,10ba46b5-5bbf-46dd-944f-894a05cdb357,unclassified,Unclassified,0.95,addaxai VIC,Blank,blank,unclassified
4f08bb3c-006b-4dd7-9a82-fd84b2b470db,sequenceID:b37193c6-713c-46e1-9664-b9090b7ce190,b37193c6-713c-46e1-9664-b9090b7ce190,b37193c6-713c-46e1-9664-b9090b7ce190,10ba46b5-5bbf-46dd-944f-894a05cdb357,unclassified,Unclassified,0.95,addaxai VIC,Blank,blank,unclassified
8d979ca2-d84e-467c-8ead-cc05c85092c3,sequenceID:280b5d93-f3f0-4f48-bb06-ec9fd6779683,280b5d93-f3f0-4f48-bb06-ec9fd6779683,280b5d93-f3f0-4f48-bb06-ec9fd6779683,10ba46b5-5bbf-46dd-944f-894a05cdb357,unclassified,Unclassified,0.95,addaxai VIC,Blank,blank,unclassified
63eb912d-f6b9-4ccd-a8cb-596c279d5910,sequenceID:63b470b4-658b-48d7-8e44-a159ba5556d0,63b470b4-658b-48d7-8e44-a159ba5556d0,63b470b4-658b-48d7-8e44-a159ba5556d0,10ba46b5-5bbf-46dd-944f-894a05cdb357,unclassified,Unclassified,0.96,addaxai VIC,Blank,blank,unclassified
ea73753d-c719-481a-a483-bff80d056d86,sequenceID:5afb558f-2e05-403b-b745-ec3266206248,5afb558f-2e05-403b-b745-ec3266206248,5afb558f-2e05-403b-b745-ec3266206248,10ba46b5-5bbf-46dd-944f-894a05cdb357,unclassified,Unclassified,0.94,addaxai VIC,Blank,blank,unclassified
86643b67-9d62-4a56-a817-2c7cf4086f53,sequenceID:157fe61b-f948-4ae9-9e99-d17fc28a02b6,157fe61b-f948-4ae9-9e99-d17fc28a02b6,157fe61b-f948-4ae9-9e99-d17fc28a02b6,10ba46b5-5bbf-46dd-944f-894a05cdb357,unclassified,Unclassified,0.94,addaxai VIC,Blank,blank,unclassified
e321821d-0a9a-4b8f-905d-fb3bd6053091,sequenceID:c4115e7e-e263-47d2-a3ea-b460482380e4,c4115e7e-e263-47d2-a3ea-b460482380e4,c4115e7e-e263-47d2-a3ea-b460482380e4,10ba46b5-5bbf-46dd-944f-894a05cdb357,unclassified,Unclassified,0.93,addaxai VIC,Blank,blank,unclassified
9b63a609-0e99-4ce8-a4ac-f5327a59208f,sequenceID:9c97fcd9-12de-445b-af14-4c85236a34ef,9c97fcd9-12de-445b-af14-4c85236a34ef,9c97fcd9-12de-445b-af14-4c85236a34ef,10ba46b5-5bbf-46dd-944f-894a05cdb357,unclassified,Unclassified,0.0,,Blank,blank,unclassified
3af8f60b-84e0-4448-9750-490c71b19375,sequenceID:2241d57e-1a1d-4885-a0aa-011ad83867fe,2241d57e-1a1d-4885-a0aa-011ad83867fe,2241d57e-1a1d-4885-a0aa-011ad83867fe,10ba46b5-5bbf-46dd-944f-894a05cdb357,unclassified,Unclassified,0.0,,Blank,blank,unclassified
cb3a11b8-20eb-42db-9dcf-de2c6a598c43,sequenceID:919e7009-a0d0-413b-a7f8-fa6d55928ade,919e7009-a0d0-413b-a7f8-fa6d55928ade,919e7009-a0d0-413b-a7f8-fa6d55928ade,10ba46b5-5bbf-46dd-944f-894a05cdb357,unclassified,Unclassified,0.93,addaxai VIC,Blank,blank,unclassified
356ae46f-09ee-46c5-aa91-8f519b051238,sequenceID:faa3eb38-0b62-45cd-b920-ffac8a42fb7f,faa3eb38-0b62-45cd-b920-ffac8a42fb7f,faa3eb38-0b62-45cd-b920-ffac8a42fb7f,10ba46b5-5bbf-46dd-944f-894a05cdb357,unclassified,Unclassified,0.95,addaxai VIC,Blank,blank,unclassified
f240e969-00bf-4d2a-ae04-02dd0cef4bbd,sequenceID:6d151718-4f61-409f-88c8-e1abb1a0d199,6d151718-4f61-409f-88c8-e1abb1a0d199,6d151718-4f61-409f-88c8-e1abb1a0d199,10ba46b5-5bbf-46dd-944f-894a05cdb357,unclassified,Unclassified,0.95,addaxai VIC,Blank,blank,unclassified
d99a5721-c7d5-4570-bbcf-48dc4b7e8448,sequenceID:9a535e6f-8126-40f4-8f03-f92155ead18a,9a535e6f-8126-40f4-8f03-f92155ead18a,9a535e6f-8126-40f4-8f03-f92155ead18a,10ba46b5-5bbf-46dd-944f-894a05cdb357,unclassified,Unclassified,0.0,,Blank,blank,unclassified
e6adf859-2bc9-4e13-a776-0e9cf850b5d2,sequenceID:5afcfea7-036e-42cf-abd7-a94a5e466481,5afcfea7-036e-42cf-abd7-a94a5e466481,5afcfea7-036e-42cf-abd7-a94a5e466481,10ba46b5-5bbf-46dd-944f-894a05cdb357,animal,Charadriiformes,0.85,addaxai VIC,Blank,blank,charadriiformes
0e5df498-df67-487d-8883-f9be01651717,sequenceID:304ff8ae-3237-4b82-afe9-0c36a0c287eb,304ff8ae-3237-4b82-afe9-0c36a0c287eb,304ff8ae-3237-4b82-afe9-0c36a0c287eb,10ba46b5-5bbf-46dd-944f-894a05cdb357,unclassified,Unclassified,0.95,addaxai VIC,Blank,blank,unclassified
153d0f7f-38bc-4061-835b-20593c2ce2d0,sequenceID:d7611428-4492-41d6-9c9d-eb7f0145bc7d,d7611428-4492-41d6-9c9d-eb7f0145bc7d,d7611428-4492-41d6-9c9d-eb7f0145bc7d,10ba46b5-5bbf-46dd-944f-894a05cdb357,unclassified,Unclassified,0.91,addaxai VIC,Blank,blank,unclassified
2ab860e4-f739-4938-9e2d-897edea11902,sequenceID:7a15a666-47d6-4d3b-ba4b-69d84eb89b29,7a15a666-47d6-4d3b-ba4b-69d84eb89b29,7a15a666-47d6-4d3b-ba4b-69d84eb89b29,10ba46b5-5bbf-46dd-944f-894a05cdb357,unclassified,Unclassified,0.91,addaxai VIC,Blank,blank,unclassified
aa835467-fe2d-4cf8-818b-1e3b47fb116c,sequenceID:8931e983-4899-4195-8b72-a2ecbde4b2f2,8931e983-4899-4195-8b72-a2ecbde4b2f2,8931e983-4899-4195-8b72-a2ecbde4b2f2,10ba46b5-5bbf-46dd-944f-894a05cdb357,animal,Charadriiformes,0.66,addaxai VIC,Blank,blank,charadriiformes
3ac20d47-176f-407d-ae48-0aecac9f2d2e,sequenceID:6d7dfe31-e437-4ae8-b24d-8fb2a67e0ccc,6d7dfe31-e437-4ae8-b24d-8fb2a67e0ccc,6d7dfe31-e437-4ae8-b24d-8fb2a67e0ccc,10ba46b5-5bbf-46dd-944f-894a05cdb357,unclassified,Unclassified,0.91,addaxai VIC,Blank,blank,unclassified
1e2ec963-344b-4755-9ea6-8601494b0797,sequenceID:8f9afa7e-ff6e-4704-be91-022239902e33,8f9afa7e-ff6e-4704-be91-022239902e33,8f9afa7e-ff6e-4704-be91-022239902e33,10ba46b5-5bbf-46dd-944f-894a05cdb357,unclassified,Unclassified,0.92,addaxai VIC,Blank,blank,unclassified
03142c99-53cf-4adf-ab76-157dd69ff103,sequenceID:dc5f115b-c4e6-4048-b990-02ac1f13692b,dc5f115b-c4e6-4048-b990-02ac1f13692b,dc5f115b-c4e6-4048-b990-02ac1f13692b,10ba46b5-5bbf-46dd-944f-894a05cdb357,unclassified,Unclassified,0.93,addaxai VIC,Blank,blank,unclassified
6c035eb6-801c-41a1-bf66-b743bdac949f,sequenceID:3335dc0f-4b1f-47d3-a1bd-55050666501e,3335dc0f-4b1f-47d3-a1bd-55050666501e,3335dc0f-4b1f-47d3-a1bd-55050666501e,10ba46b5-5bbf-46dd-944f-894a05cdb357,unclassified,Unclassified,0.92,addaxai VIC,Blank,blank,unclassified
1427ad86-659c-48ba-af38-515cd7bde84b,sequenceID:f0b0b155-4b1b-44bd-97d2-f1b654047100,f0b0b155-4b1b-44bd-97d2-f1b654047100,f0b0b155-4b1b-44bd-97d2-f1b654047100,10ba46b5-5bbf-46dd-944f-894a05cdb357,unclassified,Unclassified,0.94,addaxai VIC,Blank,blank,unclassified
dd7189b1-425c-475d-8df4-92eaa42f4abd,sequenceID:f90ca3e2-9546-4fec-afca-9878961402f1,f90ca3e2-9546-4fec-afca-9878961402f1,f90ca3e2-9546-4fec-afca-9878961402f1,10ba46b5-5bbf-46dd-944f-894a05cdb357,unclassified,Unclassified,0.93,addaxai VIC,Blank,blank,unclassified
dd5d860e-1d12-4d8f-a804-c19e4012258c,sequenceID:f817993d-90ad-4bb9-a090-4e90a95ad035,f817993d-90ad-4bb9-a090-4e90a95ad035,f817993d-90ad-4bb9-a090-4e90a95ad035,10ba46b5-5bbf-46dd-944f-894a05cdb357,unclassified,Unclassified,0.94,addaxai VIC,Blank,blank,unclassified
6d4ef03c-7f34-4a04-87d3-904f7333a219,sequenceID:0f527d36-0f9b-4f13-9239-c9e3fb9b0b45,0f527d36-0f9b-4f13-9239-c9e3fb9b0b45,0f527d36-0f9b-4f13-9239-c9e3fb9b0b45,10ba46b5-5bbf-46dd-944f-894a05cdb357,unclassified,Unclassified,0.84,addaxai VIC,Blank,blank,unclassified
e48cfd9f-03c7-4eaf-9ca5-9bfaff1a52a8,sequenceID:791727e3-635b-446b-84cd-2fd79e3a67b2,791727e3-635b-446b-84cd-2fd79e3a67b2,791727e3-635b-446b-84cd-2fd79e3a67b2,10ba46b5-5bbf-46dd-944f-894a05cdb357,unclassified,Unclassified,0.95,addaxai VIC,Blank,blank,unclassified
294f50d7-efb8-448c-a550-a9b3a4eee8dc,sequenceID:d72126c1-528f-4439-aaab-8f0b529d1068,d72126c1-528f-4439-aaab-8f0b529d1068,d72126c1-528f-4439-aaab-8f0b529d1068,10ba46b5-5bbf-46dd-944f-894a05cdb357,unclassified,Unclassified,0.93,addaxai VIC,Blank,blank,unclassified
34b4e203-1577-4301-a3e6-d66757abc06b,sequenceID:f2c77af8-8d2e-46d2-85bd-3d3e3a31891a,f2c77af8-8d2e-46d2-85bd-3d3e3a31891a,f2c77af8-8d2e-46d2-85bd-3d3e3a31891a,10ba46b5-5bbf-46dd-944f-894a05cdb357,unclassified,Unclassified,0.92,addaxai VIC,Blank,blank,unclassified
99731b63-ec05-4354-acf9-e0371a997877,sequenceID:dc07889d-b944-4775-a317-701ca8a072f8,dc07889d-b944-4775-a317-701ca8a072f8,dc07889d-b944-4775-a317-701ca8a072f8,10ba46b5-5bbf-46dd-944f-894a05cdb357,unclassified,Unclassified,0.95,addaxai VIC,Blank,blank,unclassified
2b867bbc-5d00-4a59-8a31-5fed0a0135ff,sequenceID:4e0a9a24-1b18-4a5c-8240-b1b6b7624aaa,4e0a9a24-1b18-4a5c-8240-b1b6b7624aaa,4e0a9a24-1b18-4a5c-8240-b1b6b7624aaa,10ba46b5-5bbf-46dd-944f-894a05cdb357,unclassified,Unclassified,0.94,addaxai VIC,Blank,blank,unclassified
2b9ca64b-4dd7-4987-a176-3e862c917d7e,sequenceID:63f99d07-0be9-42d6-9889-dd125a6a596a,63f99d07-0be9-42d6-9889-dd125a6a596a,63f99d07-0be9-42d6-9889-dd125a6a596a,10ba46b5-5bbf-46dd-944f-894a05cdb357,unclassified,Unclassified,0.95,addaxai VIC,Blank,blank,unclassified
a6fd0914-60ef-4537-85e4-d15b12db9485,sequenceID:ca1d52cd-a033-46d8-bba7-08f198354b41,ca1d52cd-a033-46d8-bba7-08f198354b41,ca1d52cd-a033-46d8-bba7-08f198354b41,10ba46b5-5bbf-46dd-944f-894a05cdb357,unclassified,Unclassified,0.96,addaxai VIC,Blank,blank,unclassified
2b580266-b1bc-44f4-8777-6db11647cd72,sequenceID:098472fc-db7e-4d61-a926-34b0ddcb0cdf,098472fc-db7e-4d61-a926-34b0ddcb0cdf,098472fc-db7e-4d61-a926-34b0ddcb0cdf,10ba46b5-5bbf-46dd-944f-894a05cdb357,unclassified,Unclassified,0.0,,Blank,blank,unclassified
6dafb50a-a2ef-4ec0-8571-792720f3545c,sequenceID:f345c856-5918-4a04-8238-b4eb15ba4ebb,f345c856-5918-4a04-8238-b4eb15ba4ebb,f345c856-5918-4a04-8238-b4eb15ba4ebb,10ba46b5-5bbf-46dd-944f-894a05cdb357,unclassified,Unclassified,0.97,addaxai VIC,Blank,blank,unclassified
2e9aed20-2e59-4a81-8f35-7f8423d69182,sequenceID:7112227c-8a34-4155-8779-10992301a7ae,7112227c-8a34-4155-8779-10992301a7ae,7112227c-8a34-4155-8779-10992301a7ae,10ba46b5-5bbf-46dd-944f-894a05cdb357,unclassified,Unclassified,0.98,addaxai VIC,Blank,blank,unclassified
68f0372c-d13b-46d6-b8d6-80623f13f2da,sequenceID:5d122082-64c2-49d0-82df-77ed0d5b75ab,5d122082-64c2-49d0-82df-77ed0d5b75ab,5d122082-64c2-49d0-82df-77ed0d5b75ab,10ba46b5-5bbf-46dd-944f-894a05cdb357,unclassified,Unclassified,0.92,addaxai VIC,Blank,blank,unclassified
3afa2ccc-4443-49c3-bb1f-9a8a91d69879,sequenceID:c4ad321b-0d21-4f85-9300-a18a96b3964b,c4ad321b-0d21-4f85-9300-a18a96b3964b,c4ad321b-0d21-4f85-9300-a18a96b3964b,10ba46b5-5bbf-46dd-944f-894a05cdb357,unclassified,Unclassified,0.94,addaxai VIC,Blank,blank,unclassified
b25be0e0-5b9a-4e2e-a40c-4c9233136d94,sequenceID:1aee0056-a169-49f3-bee5-35738e85a009,1aee0056-a169-49f3-bee5-35738e85a009,1aee0056-a169-49f3-bee5-35738e85a009,10ba46b5-5bbf-46dd-944f-894a05cdb357,unclassified,Unclassified,0.92,addaxai VIC,Blank,blank,unclassified
568930c5-f561-4eb4-acf2-6fe81aff77a6,sequenceID:ae6e5d80-b144-4b95-89cd-fb82d6b5a14a,ae6e5d80-b144-4b95-89cd-fb82d6b5a14a,ae6e5d80-b144-4b95-89cd-fb82d6b5a14a,10ba46b5-5bbf-46dd-944f-894a05cdb357,unclassified,Unclassified,0.93,addaxai VIC,Blank,blank,unclassified
1a2a7953-ec5a-452b-8225-481e8059f784,sequenceID:11fd7fad-b0bf-4d32-ab91-7423ef8a5d8c,11fd7fad-b0bf-4d32-ab91-7423ef8a5d8c,11fd7fad-b0bf-4d32-ab91-7423ef8a5d8c,10ba46b5-5bbf-46dd-944f-894a05cdb357,unclassified,Unclassified,0.83,addaxai VIC,Blank,blank,unclassified
c34fdc79-3749-4822-804e-1d15417d1feb,sequenceID:5b5ae197-6be0-4c6d-ab24-92769983a6db,5b5ae197-6be0-4c6d-ab24-92769983a6db,5b5ae197-6be0-4c6d-ab24-92769983a6db,10ba46b5-5bbf-46dd-944f-894a05cdb357,unclassified,Unclassified,0.95,addaxai VIC,Blank,blank,unclassified
4357aa5c-d189-46e1-ab92-762677902ad5,sequenceID:af6991ad-f2ce-4e34-b72b-545cfbd91787,af6991ad-f2ce-4e34-b72b-545cfbd91787,af6991ad-f2ce-4e34-b72b-545cfbd91787,10ba46b5-5bbf-46dd-944f-894a05cdb357,unclassified,Unclassified,0.94,addaxai VIC,Blank,blank,unclassified
f05e1bd6-2e4c-4c90-b6fd-22bbd81fd14d,sequenceID:43b4eefe-37af-4721-9527-004f3368374b,43b4eefe-37af-4721-9527-004f3368374b,43b4eefe-37af-4721-9527-004f3368374b,10ba46b5-5bbf-46dd-944f-894a05cdb357,unclassified,Unclassified,0.92,addaxai VIC,Blank,blank,unclassified
b7cfc1b3-fb2a-4c5a-9085-7a1a72d10dfc,sequenceID:3476bbd5-f6b1-4f62-853e-f6d016006162,3476bbd5-f6b1-4f62-853e-f6d016006162,3476bbd5-f6b1-4f62-853e-f6d016006162,10ba46b5-5bbf-46dd-944f-894a05cdb357,unclassified,Unclassified,0.96,addaxai VIC,Blank,blank,unclassified
55b27737-f759-4509-949a-30ea71c7ed59,sequenceID:7441db69-73af-40b7-9e57-275a1c76a35e,7441db69-73af-40b7-9e57-275a1c76a35e,7441db69-73af-40b7-9e57-275a1c76a35e,10ba46b5-5bbf-46dd-944f-894a05cdb357,unclassified,Unclassified,0.81,addaxai VIC,Blank,blank,unclassified
fd2344eb-773c-4a7b-a9ce-de82a15ad8a2,sequenceID:f692d83d-259e-4000-b5fc-18add27b303c,f692d83d-259e-4000-b5fc-18add27b303c,f692d83d-259e-4000-b5fc-18add27b303c,10ba46b5-5bbf-46dd-944f-894a05cdb357,unclassified,Unclassified,0.85,addaxai VIC,Blank,blank,unclassified
d837f525-c64b-41cf-b340-195d4da5a173,sequenceID:f73f45cf-b51f-47aa-a014-45e6c770f681,f73f45cf-b51f-47aa-a014-45e6c770f681,f73f45cf-b51f-47aa-a014-45e6c770f681,10ba46b5-5bbf-46dd-944f-894a05cdb357,unclassified,Unclassified,0.94,addaxai VIC,Blank,blank,unclassified
33816b78-ceb9-4be0-ad9f-5eb08fee1f80,sequenceID:a74e8e65-cab3-4f7e-bc70-fe1feeb60a82,a74e8e65-cab3-4f7e-bc70-fe1feeb60a82,a74e8e65-cab3-4f7e-bc70-fe1feeb60a82,10ba46b5-5bbf-46dd-944f-894a05cdb357,unclassified,Unclassified,0.89,addaxai VIC,Blank,blank,unclassified
1ce274db-035c-4077-98ea-b50b8f4210f0,sequenceID:2df07a51-1d53-4686-91e1-a2209cf07c29,2df07a51-1d53-4686-91e1-a2209cf07c29,2df07a51-1d53-4686-91e1-a2209cf07c29,10ba46b5-5bbf-46dd-944f-894a05cdb357,unclassified,Unclassified,0.94,addaxai VIC,Blank,blank,unclassified
b81c9b01-c6a4-417d-a8e0-d54b8fe1729a,sequenceID:001715d0-8e6a-4744-8f7c-15dd9859f4b1,001715d0-8e6a-4744-8f7c-15dd9859f4b1,001715d0-8e6a-4744-8f7c-15dd9859f4b1,10ba46b5-5bbf-46dd-944f-894a05cdb357,unclassified,Unclassified,0.95,addaxai VIC,Blank,blank,unclassified
0b972d10-25af-43ee-a706-445054c37a77,sequenceID:00e79993-e098-4292-a89d-eaf91f55350c,00e79993-e098-4292-a89d-eaf91f55350c,00e79993-e098-4292-a89d-eaf91f55350c,10ba46b5-5bbf-46dd-944f-894a05cdb357,unclassified,Unclassified,0.91,addaxai VIC,Blank,blank,unclassified
07ec5e19-9094-4f77-9a10-be7678c15fc7,sequenceID:d6e79e31-c583-46de-83c2-722dbdeadb27,d6e79e31-c583-46de-83c2-722dbdeadb27,d6e79e31-c583-46de-83c2-722dbdeadb27,10ba46b5-5bbf-46dd-944f-894a05cdb357,unclassified,Unclassified,0.92,addaxai VIC,Blank,blank,unclassified
4228f749-5765-43c0-be8c-abe2fbb8040f,sequenceID:86bb392e-cb79-498c-9fc0-e3cd9a3e6c79,86bb392e-cb79-498c-9fc0-e3cd9a3e6c79,86bb392e-cb79-498c-9fc0-e3cd9a3e6c79,10ba46b5-5bbf-46dd-944f-894a05cdb357,unclassified,Unclassified,0.89,addaxai VIC,Blank,blank,unclassified
2d01232f-a0f3-471c-96cb-aba0f4bb9414,sequenceID:aa31f59d-8634-49ec-9412-98c5320c1b53,aa31f59d-8634-49ec-9412-98c5320c1b53,aa31f59d-8634-49ec-9412-98c5320c1b53,10ba46b5-5bbf-46dd-944f-894a05cdb357,unclassified,Unclassified,0.96,addaxai VIC,Blank,blank,unclassified
5e5be5cc-770a-41ab-b489-62c0d6f88c7c,sequenceID:a02ad9bb-8c5f-414d-a030-7e70669511c8,a02ad9bb-8c5f-414d-a030-7e70669511c8,a02ad9bb-8c5f-414d-a030-7e70669511c8,10ba46b5-5bbf-46dd-944f-894a05cdb357,unclassified,Unclassified,0.94,addaxai VIC,Blank,blank,unclassified
85c17e8c-8dec-4525-af51-af79d2cc7a05,sequenceID:00f72a3a-edcd-4f25-96fe-4ec8ef932514,00f72a3a-edcd-4f25-96fe-4ec8ef932514,00f72a3a-edcd-4f25-96fe-4ec8ef932514,10ba46b5-5bbf-46dd-944f-894a05cdb357,unclassified,Unclassified,0.95,addaxai VIC,Blank,blank,unclassified
0af4186e-5971-4b07-bf80-9ddfd136cea0,sequenceID:5ae43006-13db-40f8-a3e0-b940bab5183b,5ae43006-13db-40f8-a3e0-b940bab5183b,5ae43006-13db-40f8-a3e0-b940bab5183b,10ba46b5-5bbf-46dd-944f-894a05cdb357,unclassified,Unclassified,0.96,addaxai VIC,Blank,blank,unclassified
ee37ae97-d048-4d47-892d-5a80fccb4eae,sequenceID:997896e4-6335-4143-9907-99e5828b1c3b,997896e4-6335-4143-9907-99e5828b1c3b,997896e4-6335-4143-9907-99e5828b1c3b,10ba46b5-5bbf-46dd-944f-894a05cdb357,unclassified,Unclassified,0.0,,Blank,blank,unclassified
e44e2398-5c63-4491-a8f8-c77e39e628d8,sequenceID:d1d32e43-269c-4e5f-8e8e-543cdd79187f,d1d32e43-269c-4e5f-8e8e-543cdd79187f,d1d32e43-269c-4e5f-8e8e-543cdd79187f,10ba46b5-5bbf-46dd-944f-894a05cdb357,unclassified,Unclassified,0.96,addaxai VIC,Blank,blank,unclassified
87b6e82e-f1c0-4f02-ad61-e52821ac4ee0,sequenceID:3fe1154a-9f18-44d0-bc2f-3a586b16f894,3fe1154a-9f18-44d0-bc2f-3a586b16f894,3fe1154a-9f18-44d0-bc2f-3a586b16f894,10ba46b5-5bbf-46dd-944f-894a05cdb357,unclassified,Unclassified,0.94,addaxai VIC,Blank,blank,unclassified
89c43ee8-cb79-4003-944a-13cb859b807a,sequenceID:2c21d80f-b9e7-4a99-be94-b3046fd79420,2c21d80f-b9e7-4a99-be94-b3046fd79420,2c21d80f-b9e7-4a99-be94-b3046fd79420,10ba46b5-5bbf-46dd-944f-894a05cdb357,unclassified,Unclassified,0.97,addaxai VIC,Blank,blank,unclassified
90e0cf49-34c4-49ef-8bb8-2a457ed881c6,sequenceID:f782dc0e-c29d-4c7d-8634-9e140fb9a7cb,f782dc0e-c29d-4c7d-8634-9e140fb9a7cb,f782dc0e-c29d-4c7d-8634-9e140fb9a7cb,10ba46b5-5bbf-46dd-944f-894a05cdb357,unclassified,Unclassified,0.96,addaxai VIC,Blank,blank,unclassified
b3dedf49-b1c3-4964-a83d-9a8810af13ec,sequenceID:6fadd337-51f5-44c6-9308-df113e43fc6b,6fadd337-51f5-44c6-9308-df113e43fc6b,6fadd337-51f5-44c6-9308-df113e43fc6b,10ba46b5-5bbf-46dd-944f-894a05cdb357,unclassified,Unclassified,0.95,addaxai VIC,Blank,blank,unclassified
b370d6a4-7749-4b01-b2e7-2be2dd5d6651,sequenceID:9a83829f-204c-4d89-9146-4533ded3e58f,9a83829f-204c-4d89-9146-4533ded3e58f,9a83829f-204c-4d89-9146-4533ded3e58f,10ba46b5-5bbf-46dd-944f-894a05cdb357,unclassified,Unclassified,0.94,addaxai VIC,Blank,blank,unclassified
9333bf0d-61ce-43ee-a6d2-01b1633dba04,sequenceID:5c030796-e971-49a0-a071-54d0d68a8aa0,5c030796-e971-49a0-a071-54d0d68a8aa0,5c030796-e971-49a0-a071-54d0d68a8aa0,10ba46b5-5bbf-46dd-944f-894a05cdb357,unclassified,Unclassified,0.8,addaxai VIC,Blank,blank,unclassified
30697621-ae38-4189-9b99-e9f5fef789bc,sequenceID:a49e6f9c-e590-4857-9c5e-ab7211b11954,a49e6f9c-e590-4857-9c5e-ab7211b11954,a49e6f9c-e590-4857-9c5e-ab7211b11954,10ba46b5-5bbf-46dd-944f-894a05cdb357,unclassified,Unclassified,0.0,,Blank,blank,unclassified
b213424c-c7a1-4733-b664-bf2578d2e5e6,sequenceID:8dafe0cf-c29d-4174-83d5-e5d75d8f41f2,8dafe0cf-c29d-4174-83d5-e5d75d8f41f2,8dafe0cf-c29d-4174-83d5-e5d75d8f41f2,10ba46b5-5bbf-46dd-944f-894a05cdb357,unclassified,Unclassified,0.95,addaxai VIC,Blank,blank,unclassified
9bfed41b-902e-408b-9c2f-1bec54f5b7a2,sequenceID:7282d912-4031-4260-b671-1deadd27612f,7282d912-4031-4260-b671-1deadd27612f,7282d912-4031-4260-b671-1deadd27612f,10ba46b5-5bbf-46dd-944f-894a05cdb357,unclassified,Unclassified,0.94,addaxai VIC,Blank,blank,unclassified
45e2e2db-d564-4f2d-8bd3-eed864db9f88,sequenceID:677f21c4-aef3-42a9-b8d9-7707fcb96c91,677f21c4-aef3-42a9-b8d9-7707fcb96c91,677f21c4-aef3-42a9-b8d9-7707fcb96c91,10ba46b5-5bbf-46dd-944f-894a05cdb357,unclassified,Unclassified,0.0,,Blank,blank,unclassified
d64e7d2a-ff7a-4f64-a7d8-fe9bf428aace,sequenceID:a854e7c5-0804-411f-aab6-8118d6c6c804,a854e7c5-0804-411f-aab6-8118d6c6c804,a854e7c5-0804-411f-aab6-8118d6c6c804,10ba46b5-5bbf-46dd-944f-894a05cdb357,unclassified,Unclassified,0.95,addaxai VIC,Blank,blank,unclassified
e0770e8e-b332-4649-a25f-2efc5b543e9d,sequenceID:861953b4-ef9c-4938-b8a2-7356a6ceefbb,861953b4-ef9c-4938-b8a2-7356a6ceefbb,861953b4-ef9c-4938-b8a2-7356a6ceefbb,10ba46b5-5bbf-46dd-944f-894a05cdb357,unclassified,Unclassified,0.93,addaxai VIC,Blank,blank,unclassified
063f4cda-82fc-4879-a0c9-7ff5ef6fcf26,sequenceID:65377a06-7ba8-489d-a4dc-3772580092dc,65377a06-7ba8-489d-a4dc-3772580092dc,65377a06-7ba8-489d-a4dc-3772580092dc,10ba46b5-5bbf-46dd-944f-894a05cdb357,unclassified,Unclassified,0.0,,Blank,blank,unclassified
f09356a2-b86b-4cfc-b84a-5da2d7386be9,sequenceID:e587d99f-2b09-4373-beed-f881c35bab13,e587d99f-2b09-4373-beed-f881c35bab13,e587d99f-2b09-4373-beed-f881c35bab13,10ba46b5-5bbf-46dd-944f-894a05cdb357,unclassified,Unclassified,0.94,addaxai VIC,Blank,blank,unclassified
f40a985d-e8ec-4a0f-9d0c-c8544137614e,sequenceID:ee9db6e2-65e9-496c-b2a8-e34e4c73507f,ee9db6e2-65e9-496c-b2a8-e34e4c73507f,ee9db6e2-65e9-496c-b2a8-e34e4c73507f,10ba46b5-5bbf-46dd-944f-894a05cdb357,unclassified,Unclassified,0.95,addaxai VIC,Blank,blank,unclassified
98b71e1c-ecaa-40b7-a4af-f2533d53f68d,sequenceID:071153ae-7ead-49a8-9ee8-d2e81f00fcd8,071153ae-7ead-49a8-9ee8-d2e81f00fcd8,071153ae-7ead-49a8-9ee8-d2e81f00fcd8,10ba46b5-5bbf-46dd-944f-894a05cdb357,unclassified,Unclassified,0.93,addaxai VIC,Blank,blank,unclassified
dc518dce-98c2-467b-a5b7-1e33e2c18474,sequenceID:95fb4f42-b5a4-4e38-a73b-86de09c83736,95fb4f42-b5a4-4e38-a73b-86de09c83736,95fb4f42-b5a4-4e38-a73b-86de09c83736,10ba46b5-5bbf-46dd-944f-894a05cdb357,unclassified,Unclassified,0.0,,Blank,blank,unclassified
7e155cfa-9292-4e4c-baef-c36010f3c827,sequenceID:d426f4e7-ec23-44cb-8fdc-b0fe2f051bd3,d426f4e7-ec23-44cb-8fdc-b0fe2f051bd3,d426f4e7-ec23-44cb-8fdc-b0fe2f051bd3,10ba46b5-5bbf-46dd-944f-894a05cdb357,unclassified,Unclassified,0.94,addaxai VIC,Blank,blank,unclassified
1bdee5e6-31b3-491d-8342-1f1b294179e6,sequenceID:ef4ae357-1bf1-4d10-8716-0b08e93d90a8,ef4ae357-1bf1-4d10-8716-0b08e93d90a8,ef4ae357-1bf1-4d10-8716-0b08e93d90a8,10ba46b5-5bbf-46dd-944f-894a05cdb357,unclassified,Unclassified,0.94,addaxai VIC,Blank,blank,unclassified
bf2dc4d7-775a-45e8-b99a-182673ceb121,sequenceID:a18fe6e2-7b77-4134-9e10-b974dda8f09b,a18fe6e2-7b77-4134-9e10-b974dda8f09b,a18fe6e2-7b77-4134-9e10-b974dda8f09b,10ba46b5-5bbf-46dd-944f-894a05cdb357,unclassified,Unclassified,0.97,addaxai VIC,Blank,blank,unclassified
56416b0a-b28c-4249-b545-2e0d4a13b5de,sequenceID:b3f38e22-9ac9-434e-b927-7b371709a06f,b3f38e22-9ac9-434e-b927-7b371709a06f,b3f38e22-9ac9-434e-b927-7b371709a06f,10ba46b5-5bbf-46dd-944f-894a05cdb357,unclassified,Unclassified,0.95,addaxai VIC,Blank,blank,unclassified
f1bccad0-51ca-47d2-b43d-7b2e87732cf8,sequenceID:f98250ef-f565-4cf6-9f56-533759b508f6,f98250ef-f565-4cf6-9f56-533759b508f6,f98250ef-f565-4cf6-9f56-533759b508f6,10ba46b5-5bbf-46dd-944f-894a05cdb357,unclassified,Unclassified,0.96,addaxai VIC,Blank,blank,unclassified
903d1aa1-e7d0-40d8-9809-1c7f2310b3df,sequenceID:24f414d0-8b76-482f-bfb9-7152ece8a1fd,24f414d0-8b76-482f-bfb9-7152ece8a1fd,24f414d0-8b76-482f-bfb9-7152ece8a1fd,10ba46b5-5bbf-46dd-944f-894a05cdb357,animal,Charadriiformes,0.94,addaxai VIC,Blank,blank,charadriiformes
903d1aa1-e7d0-40d8-9809-1c7f2310b3df,sequenceID:24f414d0-8b76-482f-bfb9-7152ece8a1fd,24f414d0-8b76-482f-bfb9-7152ece8a1fd,24f414d0-8b76-482f-bfb9-7152ece8a1fd,10ba46b5-5bbf-46dd-944f-894a05cdb357,unclassified,Unclassified,0.97,addaxai VIC,Blank,blank,unclassified
41db82d3-deb5-40ab-b2f4-c797a6278da3,sequenceID:2badd7b6-0cb1-46af-a7eb-b71cac3abf43,2badd7b6-0cb1-46af-a7eb-b71cac3abf43,2badd7b6-0cb1-46af-a7eb-b71cac3abf43,10ba46b5-5bbf-46dd-944f-894a05cdb357,unclassified,Unclassified,0.79,addaxai VIC,Blank,blank,unclassified
ea3b2c08-d1bd-4c5e-92cf-5058a6b6675e,sequenceID:5e5a8aca-c509-4cf9-b0b5-108fc0561523,5e5a8aca-c509-4cf9-b0b5-108fc0561523,5e5a8aca-c509-4cf9-b0b5-108fc0561523,10ba46b5-5bbf-46dd-944f-894a05cdb357,unclassified,Unclassified,0.92,addaxai VIC,Blank,blank,unclassified
442f9ff5-fec0-4b8f-afb1-b234ab876c4b,sequenceID:39e33e37-027c-432f-930c-64c8c6f53563,39e33e37-027c-432f-930c-64c8c6f53563,39e33e37-027c-432f-930c-64c8c6f53563,10ba46b5-5bbf-46dd-944f-894a05cdb357,unclassified,Unclassified,0.93,addaxai VIC,Blank,blank,unclassified
35291927-5fd3-40b5-bfe9-7d369d0bcd91,sequenceID:afd83863-be99-4752-bb03-792c8f1c0d9f,afd83863-be99-4752-bb03-792c8f1c0d9f,afd83863-be99-4752-bb03-792c8f1c0d9f,10ba46b5-5bbf-46dd-944f-894a05cdb357,unclassified,Unclassified,0.94,addaxai VIC,Blank,blank,unclassified
27ff48d5-1e7c-420b-ade3-35aa3a84235c,sequenceID:21e3b3ca-fcfd-4901-b055-8574d592b394,21e3b3ca-fcfd-4901-b055-8574d592b394,21e3b3ca-fcfd-4901-b055-8574d592b394,10ba46b5-5bbf-46dd-944f-894a05cdb357,unclassified,Unclassified,0.94,addaxai VIC,Blank,blank,unclassified
68551a93-4c34-416d-bd38-4d830bbf194d,sequenceID:8c3014a9-df91-4814-84f0-994417f300ce,8c3014a9-df91-4814-84f0-994417f300ce,8c3014a9-df91-4814-84f0-994417f300ce,10ba46b5-5bbf-46dd-944f-894a05cdb357,unclassified,Unclassified,0.93,addaxai VIC,Blank,blank,unclassified
a9d33060-00b8-47ec-a21a-2f0fd9614f3f,sequenceID:5b72c42c-9118-4d49-a962-7c9bdc7674f4,5b72c42c-9118-4d49-a962-7c9bdc7674f4,5b72c42c-9118-4d49-a962-7c9bdc7674f4,10ba46b5-5bbf-46dd-944f-894a05cdb357,unclassified,Unclassified,0.96,addaxai VIC,Blank,blank,unclassified
92a8945c-afbc-4a75-912e-edb8cc440307,sequenceID:d0c001f8-305a-4c02-bcfa-e95d1830370c,d0c001f8-305a-4c02-bcfa-e95d1830370c,d0c001f8-305a-4c02-bcfa-e95d1830370c,10ba46b5-5bbf-46dd-944f-894a05cdb357,unclassified,Unclassified,0.89,addaxai VIC,Blank,blank,unclassified
dc46f3c4-9cd4-41e5-92f4-fbcc3b9fe0cc,sequenceID:f56027e6-d7ff-42ac-869c-3271b2263353,f56027e6-d7ff-42ac-869c-3271b2263353,f56027e6-d7ff-42ac-869c-3271b2263353,10ba46b5-5bbf-46dd-944f-894a05cdb357,unclassified,Unclassified,0.95,addaxai VIC,Blank,blank,unclassified
a52cc9ef-2688-4c5c-ac19-e84f9e10a9d9,sequenceID:0e253104-c0ee-4e0f-a35f-9bf0e5b0ea72,0e253104-c0ee-4e0f-a35f-9bf0e5b0ea72,0e253104-c0ee-4e0f-a35f-9bf0e5b0ea72,10ba46b5-5bbf-46dd-944f-894a05cdb357,unclassified,Unclassified,0.85,addaxai VIC,Blank,blank,unclassified
97958aff-32a7-4de2-873e-5772c0bd6f2f,sequenceID:da24d727-ab0f-4d7b-8d44-5581250a8309,da24d727-ab0f-4d7b-8d44-5581250a8309,da24d727-ab0f-4d7b-8d44-5581250a8309,10ba46b5-5bbf-46dd-944f-894a05cdb357,unclassified,Unclassified,0.0,,Blank,blank,unclassified
3761a907-6698-46d1-9a77-12841e142100,sequenceID:5262acd2-9bfd-4fc1-911f-11525477ba18,5262acd2-9bfd-4fc1-911f-11525477ba18,5262acd2-9bfd-4fc1-911f-11525477ba18,10ba46b5-5bbf-46dd-944f-894a05cdb357,unclassified,Unclassified,0.0,,Blank,blank,unclassified
7994a957-b8fa-4b05-b26a-7d4e7c039291,sequenceID:1162e8be-6ac1-4a0b-b5d9-18fcdf4f11ad,1162e8be-6ac1-4a0b-b5d9-18fcdf4f11ad,1162e8be-6ac1-4a0b-b5d9-18fcdf4f11ad,10ba46b5-5bbf-46dd-944f-894a05cdb357,unclassified,Unclassified,0.89,addaxai VIC,Blank,blank,unclassified
675c7fd3-5e47-40c0-9333-3b030ff5a613,sequenceID:bb639e9b-6aa7-4f42-bde6-641a53a608cf,bb639e9b-6aa7-4f42-bde6-641a53a608cf,bb639e9b-6aa7-4f42-bde6-641a53a608cf,10ba46b5-5bbf-46dd-944f-894a05cdb357,unclassified,Unclassified,0.93,addaxai VIC,Blank,blank,unclassified
d2c89ad0-055e-415b-9292-86a3b4d2f604,sequenceID:e44b2e3d-b833-472d-8e5d-97f35a34d9fd,e44b2e3d-b833-472d-8e5d-97f35a34d9fd,e44b2e3d-b833-472d-8e5d-97f35a34d9fd,10ba46b5-5bbf-46dd-944f-894a05cdb357,unclassified,Unclassified,0.93,addaxai VIC,Blank,blank,unclassified
3e741cad-3b9b-4ac9-b8ac-69114d6c5881,sequenceID:09f1fd8c-be53-4048-a4a3-29ba3a046fd9,09f1fd8c-be53-4048-a4a3-29ba3a046fd9,09f1fd8c-be53-4048-a4a3-29ba3a046fd9,10ba46b5-5bbf-46dd-944f-894a05cdb357,unclassified,Unclassified,0.91,addaxai VIC,Blank,blank,unclassified
a65c9a7c-1db5-4af6-afcf-403bce271c66,sequenceID:8d6a76f7-a2d6-4804-a14b-c3546822ca51,8d6a76f7-a2d6-4804-a14b-c3546822ca51,8d6a76f7-a2d6-4804-a14b-c3546822ca51,10ba46b5-5bbf-46dd-944f-894a05cdb357,unclassified,Unclassified,0.96,addaxai VIC,Blank,blank,unclassified
c0566d92-c85b-415c-9b13-86f55325c739,sequenceID:1ef4180c-f4b6-478e-a26c-2e5ea2ac5252,1ef4180c-f4b6-478e-a26c-2e5ea2ac5252,1ef4180c-f4b6-478e-a26c-2e5ea2ac5252,10ba46b5-5bbf-46dd-944f-894a05cdb357,unclassified,Unclassified,0.9,addaxai VIC,Blank,blank,unclassified
27965f14-0da4-423d-b80d-61037b3705a6,sequenceID:d8a84b87-0c29-425d-9fbc-f72130589c0f,d8a84b87-0c29-425d-9fbc-f72130589c0f,d8a84b87-0c29-425d-9fbc-f72130589c0f,10ba46b5-5bbf-46dd-944f-894a05cdb357,unclassified,Unclassified,0.94,addaxai VIC,Blank,blank,unclassified
3681c79f-90fb-4da1-8252-14fcc2c3f28a,sequenceID:1662b6ce-0a8e-49c2-a5aa-438d165eba3d,1662b6ce-0a8e-49c2-a5aa-438d165eba3d,1662b6ce-0a8e-49c2-a5aa-438d165eba3d,10ba46b5-5bbf-46dd-944f-894a05cdb357,unclassified,Unclassified,0.95,addaxai VIC,Blank,blank,unclassified
7b1b5965-9644-4604-bede-fad6e4a395b6,sequenceID:85bed042-2913-4a87-bbfc-06b804728ac5,85bed042-2913-4a87-bbfc-06b804728ac5,85bed042-2913-4a87-bbfc-06b804728ac5,10ba46b5-5bbf-46dd-944f-894a05cdb357,unclassified,Unclassified,0.0,,Blank,blank,unclassified
fb42ae3c-e077-408c-8dd2-36231d8e0c2f,sequenceID:7bc8a067-66cf-44aa-b51c-b78608b534eb,7bc8a067-66cf-44aa-b51c-b78608b534eb,7bc8a067-66cf-44aa-b51c-b78608b534eb,10ba46b5-5bbf-46dd-944f-894a05cdb357,unclassified,Unclassified,0.94,addaxai VIC,Blank,blank,unclassified
0a914546-c085-4108-ab84-3e2f3fddb123,sequenceID:d5c5ab71-6bc6-4760-83a6-0b05fcbc6255,d5c5ab71-6bc6-4760-83a6-0b05fcbc6255,d5c5ab71-6bc6-4760-83a6-0b05fcbc6255,10ba46b5-5bbf-46dd-944f-894a05cdb357,unclassified,Unclassified,0.97,addaxai VIC,Blank,blank,unclassified
e2300f41-d9c8-498a-9d3b-aef226661734,sequenceID:83882fcf-4329-4dd9-88a3-769c80f29f2f,83882fcf-4329-4dd9-88a3-769c80f29f2f,83882fcf-4329-4dd9-88a3-769c80f29f2f,10ba46b5-5bbf-46dd-944f-894a05cdb357,unclassified,Unclassified,0.0,,Blank,blank,unclassified
d6d1b628-ad3e-4f59-bd66-c75f5090cb37,sequenceID:a00d387d-c50b-4747-b7c7-69c5f4a220f9,a00d387d-c50b-4747-b7c7-69c5f4a220f9,a00d387d-c50b-4747-b7c7-69c5f4a220f9,10ba46b5-5bbf-46dd-944f-894a05cdb357,unclassified,Unclassified,0.91,addaxai VIC,Blank,blank,unclassified
d139a694-931a-491a-ab0f-ba55c41a62d4,sequenceID:a696a6b1-ba37-48f8-bf89-1663a3b55822,a696a6b1-ba37-48f8-bf89-1663a3b55822,a696a6b1-ba37-48f8-bf89-1663a3b55822,10ba46b5-5bbf-46dd-944f-894a05cdb357,unclassified,Unclassified,0.84,addaxai VIC,Blank,blank,unclassified
44d8ab11-d32a-4b40-acc3-62b76247ee0c,sequenceID:a53b7b13-e4c4-45e0-950f-b41cb915a548,a53b7b13-e4c4-45e0-950f-b41cb915a548,a53b7b13-e4c4-45e0-950f-b41cb915a548,10ba46b5-5bbf-46dd-944f-894a05cdb357,unclassified,Unclassified,0.0,,Blank,blank,unclassified
f1c98021-6b67-4fcd-8921-e8c07a8e41db,sequenceID:41da1b47-6c32-4ec7-a21b-ea77955bdeb2,41da1b47-6c32-4ec7-a21b-ea77955bdeb2,41da1b47-6c32-4ec7-a21b-ea77955bdeb2,10ba46b5-5bbf-46dd-944f-894a05cdb357,unclassified,Unclassified,0.91,addaxai VIC,Blank,blank,unclassified
ba215a75-0c76-437c-a4a9-586ecd7d2aa0,sequenceID:7df0b714-8d2d-48b6-8975-51e7efc7af3f,7df0b714-8d2d-48b6-8975-51e7efc7af3f,7df0b714-8d2d-48b6-8975-51e7efc7af3f,10ba46b5-5bbf-46dd-944f-894a05cdb357,unclassified,Unclassified,0.95,addaxai VIC,Blank,blank,unclassified
62045d3d-f53b-45d2-8101-7e8b603713ae,sequenceID:a55a7290-e03f-4e1a-8f7a-1a3813a20712,a55a7290-e03f-4e1a-8f7a-1a3813a20712,a55a7290-e03f-4e1a-8f7a-1a3813a20712,10ba46b5-5bbf-46dd-944f-894a05cdb357,unclassified,Unclassified,0.96,addaxai VIC,Blank,blank,unclassified
94bf9df1-7565-4b2c-b50b-f7b8319dac42,sequenceID:118208a1-6262-4123-b251-e64d01b25f28,118208a1-6262-4123-b251-e64d01b25f28,118208a1-6262-4123-b251-e64d01b25f28,10ba46b5-5bbf-46dd-944f-894a05cdb357,unclassified,Unclassified,0.97,addaxai VIC,Blank,blank,unclassified
8c11dfa3-90ce-4f30-8913-d74ec009d78c,sequenceID:8f69b152-b93b-4903-a172-ed9f753dc655,8f69b152-b93b-4903-a172-ed9f753dc655,8f69b152-b93b-4903-a172-ed9f753dc655,10ba46b5-5bbf-46dd-944f-894a05cdb357,unclassified,Unclassified,0.91,addaxai VIC,Blank,blank,unclassified
c4c9e61c-d9d8-4bd1-896e-97c508a7fd40,sequenceID:285ab162-b5f2-4d72-b00c-c9080d85471d,285ab162-b5f2-4d72-b00c-c9080d85471d,285ab162-b5f2-4d72-b00c-c9080d85471d,10ba46b5-5bbf-46dd-944f-894a05cdb357,unclassified,Unclassified,0.94,addaxai VIC,Blank,blank,unclassified
a3e8efdd-2271-4b32-93d0-e2dc1239791b,sequenceID:4ba4cb62-ead8-4327-b908-d0d9befa3f5e,4ba4cb62-ead8-4327-b908-d0d9befa3f5e,4ba4cb62-ead8-4327-b908-d0d9befa3f5e,10ba46b5-5bbf-46dd-944f-894a05cdb357,unclassified,Unclassified,0.81,addaxai VIC,Blank,blank,unclassified
394245a4-0d1b-4f72-9d0b-f8a35d2441e0,sequenceID:eebeffad-6eb5-4916-9712-80288c37ea54,eebeffad-6eb5-4916-9712-80288c37ea54,eebeffad-6eb5-4916-9712-80288c37ea54,10ba46b5-5bbf-46dd-944f-894a05cdb357,unclassified,Unclassified,0.95,addaxai VIC,Blank,blank,unclassified
f61394b0-6db4-41fa-858d-00225c21fd9e,sequenceID:d84c17c1-97cc-4f27-9d5d-df7154ce5358,d84c17c1-97cc-4f27-9d5d-df7154ce5358,d84c17c1-97cc-4f27-9d5d-df7154ce5358,10ba46b5-5bbf-46dd-944f-894a05cdb357,unclassified,Unclassified,0.89,addaxai VIC,Blank,blank,unclassified
d4080a5b-03a3-457b-ac71-d7ceacbfbad5,sequenceID:2dfd5672-70dd-44d3-a818-ad1f7d16b05f,2dfd5672-70dd-44d3-a818-ad1f7d16b05f,2dfd5672-70dd-44d3-a818-ad1f7d16b05f,10ba46b5-5bbf-46dd-944f-894a05cdb357,unclassified,Unclassified,0.96,addaxai VIC,Blank,blank,unclassified
b45fbcc8-399d-4b83-b050-fb4747a00768,sequenceID:12128d4c-6627-4f09-be0d-a61c72ce3552,12128d4c-6627-4f09-be0d-a61c72ce3552,12128d4c-6627-4f09-be0d-a61c72ce3552,10ba46b5-5bbf-46dd-944f-894a05cdb357,unclassified,Unclassified,0.91,addaxai VIC,Blank,blank,unclassified
2c21c5ab-60c7-4e06-ad02-e24b630e792a,sequenceID:62c10c5f-0ce7-4f0a-96a0-6e25f8a744d0,62c10c5f-0ce7-4f0a-96a0-6e25f8a744d0,62c10c5f-0ce7-4f0a-96a0-6e25f8a744d0,10ba46b5-5bbf-46dd-944f-894a05cdb357,unclassified,Unclassified,0.91,addaxai VIC,Blank,blank,unclassified
025b9e61-8102-40ee-be4a-373e3fa61caa,sequenceID:3bf0b5e0-311b-4fb9-831c-627255e2a11d,3bf0b5e0-311b-4fb9-831c-627255e2a11d,3bf0b5e0-311b-4fb9-831c-627255e2a11d,10ba46b5-5bbf-46dd-944f-894a05cdb357,unclassified,Unclassified,0.96,addaxai VIC,Blank,blank,unclassified
6b87443a-eb11-4d39-8757-1b51d92e4f2c,sequenceID:a1108499-804b-4fa5-9d8c-658572f435ad,a1108499-804b-4fa5-9d8c-658572f435ad,a1108499-804b-4fa5-9d8c-658572f435ad,10ba46b5-5bbf-46dd-944f-894a05cdb357,animal,Macropus dorsalis,0.74,addaxai VIC,Blank,blank,macropus dorsalis
cea45fb0-b14b-4bc4-9dc1-3e120ed0ac2f,sequenceID:fdb5165c-061c-4306-a9d9-1c17e1e58b46,fdb5165c-061c-4306-a9d9-1c17e1e58b46,fdb5165c-061c-4306-a9d9-1c17e1e58b46,10ba46b5-5bbf-46dd-944f-894a05cdb357,unclassified,Unclassified,0.96,addaxai VIC,Blank,blank,unclassified
3e7a9661-4901-4624-9fcc-d20eef20eb50,sequenceID:42635060-01ee-4b2f-a36e-7c5d755e3e33,42635060-01ee-4b2f-a36e-7c5d755e3e33,42635060-01ee-4b2f-a36e-7c5d755e3e33,10ba46b5-5bbf-46dd-944f-894a05cdb357,unclassified,Unclassified,0.95,addaxai VIC,Blank,blank,unclassified
ee469e93-ffaa-4db4-90d9-11eee3c2d59e,sequenceID:d8558fc7-eefc-4769-bb69-ea7eff02e425,d8558fc7-eefc-4769-bb69-ea7eff02e425,d8558fc7-eefc-4769-bb69-ea7eff02e425,10ba46b5-5bbf-46dd-944f-894a05cdb357,unclassified,Unclassified,0.92,addaxai VIC,Blank,blank,unclassified
7a10855d-0abc-413d-a8f1-7a7b52b47f77,sequenceID:3148b237-389f-481d-b2cb-b3b8f76c23ff,3148b237-389f-481d-b2cb-b3b8f76c23ff,3148b237-389f-481d-b2cb-b3b8f76c23ff,10ba46b5-5bbf-46dd-944f-894a05cdb357,unclassified,Unclassified,0.94,addaxai VIC,Blank,blank,unclassified
583486a1-2634-4b9d-85fd-b1ee038ae41f,sequenceID:2dfeb685-baa7-4e5d-8a3b-e36b36bb64f8,2dfeb685-baa7-4e5d-8a3b-e36b36bb64f8,2dfeb685-baa7-4e5d-8a3b-e36b36bb64f8,10ba46b5-5bbf-46dd-944f-894a05cdb357,unclassified,Unclassified,0.0,,Blank,blank,unclassified
18f1a979-ecb5-4ed6-9757-fcf06118bf6e,sequenceID:dd190995-dc82-4a96-8090-24c526dd6e5e,dd190995-dc82-4a96-8090-24c526dd6e5e,dd190995-dc82-4a96-8090-24c526dd6e5e,10ba46b5-5bbf-46dd-944f-894a05cdb357,unclassified,Unclassified,0.94,addaxai VIC,Blank,blank,unclassified
bcdf57ad-2337-4efb-9d03-4f3c71ceeb3e,sequenceID:e914e88b-e601-4886-adcb-5bcca16e270e,e914e88b-e601-4886-adcb-5bcca16e270e,e914e88b-e601-4886-adcb-5bcca16e270e,10ba46b5-5bbf-46dd-944f-894a05cdb357,unclassified,Unclassified,0.0,,Blank,blank,unclassified
6820db84-726b-4bf2-acf5-ef535bee2a07,sequenceID:d6852fee-ca7f-46b8-a46e-17ade588977c,d6852fee-ca7f-46b8-a46e-17ade588977c,d6852fee-ca7f-46b8-a46e-17ade588977c,10ba46b5-5bbf-46dd-944f-894a05cdb357,unclassified,Unclassified,0.83,addaxai VIC,Blank,blank,unclassified
f179fa6e-7274-41ed-9708-9a7a392eb249,sequenceID:422cfb83-d7e7-4c54-9756-c7da77d6e61d,422cfb83-d7e7-4c54-9756-c7da77d6e61d,422cfb83-d7e7-4c54-9756-c7da77d6e61d,10ba46b5-5bbf-46dd-944f-894a05cdb357,unclassified,Unclassified,0.94,addaxai VIC,Blank,blank,unclassified
d2dc8d6d-a4af-4289-a208-1b5f46bbe3e5,sequenceID:5b76b1f6-d2fc-478c-8093-81e60d37f768,5b76b1f6-d2fc-478c-8093-81e60d37f768,5b76b1f6-d2fc-478c-8093-81e60d37f768,10ba46b5-5bbf-46dd-944f-894a05cdb357,unclassified,Unclassified,0.86,addaxai VIC,Blank,blank,unclassified
a74227d1-ecfb-4b47-8e32-6007d290780b,sequenceID:ca801406-98f3-442d-97a2-35d78b2fa2b1,ca801406-98f3-442d-97a2-35d78b2fa2b1,ca801406-98f3-442d-97a2-35d78b2fa2b1,10ba46b5-5bbf-46dd-944f-894a05cdb357,unclassified,Unclassified,0.0,,Blank,blank,unclassified
27c737cd-54f1-4b04-b188-88107f692b5e,sequenceID:ae3b1abd-9f87-4022-bc93-0b4c4e157315,ae3b1abd-9f87-4022-bc93-0b4c4e157315,ae3b1abd-9f87-4022-bc93-0b4c4e157315,10ba46b5-5bbf-46dd-944f-894a05cdb357,unclassified,Unclassified,0.89,addaxai VIC,Blank,blank,unclassified
a4673c73-8609-4e93-b5ec-e15bd231e2fb,sequenceID:92763f61-cd3f-4be3-8784-990d621aa589,92763f61-cd3f-4be3-8784-990d621aa589,92763f61-cd3f-4be3-8784-990d621aa589,10ba46b5-5bbf-46dd-944f-894a05cdb357,unclassified,Unclassified,0.88,addaxai VIC,Blank,blank,unclassified
dab298e8-c1bf-4dcb-92ec-5b7e28413c3d,sequenceID:2cfb68df-7069-4ff2-af41-6ad0735ebe42,2cfb68df-7069-4ff2-af41-6ad0735ebe42,2cfb68df-7069-4ff2-af41-6ad0735ebe42,10ba46b5-5bbf-46dd-944f-894a05cdb357,unclassified,Unclassified,0.0,,Blank,blank,unclassified
41d01ec7-a59f-4bef-8170-80d724f691be,sequenceID:10161fe9-bae0-46f5-a23e-6dae53e9948b,10161fe9-bae0-46f5-a23e-6dae53e9948b,10161fe9-bae0-46f5-a23e-6dae53e9948b,10ba46b5-5bbf-46dd-944f-894a05cdb357,unclassified,Unclassified,0.0,,Blank,blank,unclassified
9603abb5-0e58-4765-8356-ae00a272bd86,sequenceID:18f9bcd4-9468-43bc-bcc7-664e9e519c08,18f9bcd4-9468-43bc-bcc7-664e9e519c08,18f9bcd4-9468-43bc-bcc7-664e9e519c08,10ba46b5-5bbf-46dd-944f-894a05cdb357,unclassified,Unclassified,0.84,addaxai VIC,Blank,blank,unclassified
1eaf7034-8302-4287-b1c5-a670997ad2bd,sequenceID:2729b0ce-66c3-44bd-9419-2373136b7ee1,2729b0ce-66c3-44bd-9419-2373136b7ee1,2729b0ce-66c3-44bd-9419-2373136b7ee1,10ba46b5-5bbf-46dd-944f-894a05cdb357,unclassified,Unclassified,0.85,addaxai VIC,Blank,blank,unclassified
9d9436e4-354e-4672-9bcf-57ed33fc5965,sequenceID:05687618-785c-4aca-85a8-57452eb4307a,05687618-785c-4aca-85a8-57452eb4307a,05687618-785c-4aca-85a8-57452eb4307a,10ba46b5-5bbf-46dd-944f-894a05cdb357,unclassified,Unclassified,0.0,,Blank,blank,unclassified
2bf6e8d5-f062-4674-b1a5-ad844ace7635,sequenceID:aebae87d-5602-44ac-bd22-bba9355638aa,aebae87d-5602-44ac-bd22-bba9355638aa,aebae87d-5602-44ac-bd22-bba9355638aa,10ba46b5-5bbf-46dd-944f-894a05cdb357,unclassified,Unclassified,0.0,,Blank,blank,unclassified
bfcb6a7d-812f-40bc-8268-dac22c987afa,sequenceID:c3050c0f-d2c2-42ff-b35c-460955f2dd9b,c3050c0f-d2c2-42ff-b35c-460955f2dd9b,c3050c0f-d2c2-42ff-b35c-460955f2dd9b,10ba46b5-5bbf-46dd-944f-894a05cdb357,unclassified,Unclassified,0.0,,Blank,blank,unclassified
75e5d0cc-9a4b-4e54-881e-483789a53618,sequenceID:c67d20d6-b1c8-4170-a156-292a07d3402c,c67d20d6-b1c8-4170-a156-292a07d3402c,c67d20d6-b1c8-4170-a156-292a07d3402c,10ba46b5-5bbf-46dd-944f-894a05cdb357,unclassified,Unclassified,0.82,addaxai VIC,Blank,blank,unclassified
b9fb00fb-9e7b-48f7-af24-f679a311f784,sequenceID:ba8b2723-52fa-4b8c-a2c0-337578642946,ba8b2723-52fa-4b8c-a2c0-337578642946,ba8b2723-52fa-4b8c-a2c0-337578642946,10ba46b5-5bbf-46dd-944f-894a05cdb357,unclassified,Unclassified,0.0,,Blank,blank,unclassified
98fb50c7-3792-4635-8008-e44d271535e4,sequenceID:bfdbb3d1-9348-4c71-b62a-cb6b56acab05,bfdbb3d1-9348-4c71-b62a-cb6b56acab05,bfdbb3d1-9348-4c71-b62a-cb6b56acab05,10ba46b5-5bbf-46dd-944f-894a05cdb357,unclassified,Unclassified,0.0,,Blank,blank,unclassified
a301ce75-e18e-42bb-a796-009c7e783aa9,sequenceID:13a1a3d9-e5f7-4f0b-8a60-1fb516969ace,13a1a3d9-e5f7-4f0b-8a60-1fb516969ace,13a1a3d9-e5f7-4f0b-8a60-1fb516969ace,10ba46b5-5bbf-46dd-944f-894a05cdb357,unclassified,Unclassified,0.8,addaxai VIC,Blank,blank,unclassified
ddb42a90-0103-4786-9a8a-958de09c7b38,sequenceID:baf4347c-9f8d-46b3-a4ac-5494e8fb5a97,baf4347c-9f8d-46b3-a4ac-5494e8fb5a97,baf4347c-9f8d-46b3-a4ac-5494e8fb5a97,10ba46b5-5bbf-46dd-944f-894a05cdb357,unclassified,Unclassified,0.0,,Blank,blank,unclassified
30a6bf0e-0789-41dd-8845-b829d78e38d9,sequenceID:de1ce8a9-a661-4437-b13c-dd297a31ea6a,de1ce8a9-a661-4437-b13c-dd297a31ea6a,de1ce8a9-a661-4437-b13c-dd297a31ea6a,10ba46b5-5bbf-46dd-944f-894a05cdb357,unclassified,Unclassified,0.0,,Blank,blank,unclassified
e79b492c-e575-4d03-b457-0cce08c1ae95,sequenceID:526c01b9-6d45-4114-bfa7-6bb9d0982e4d,526c01b9-6d45-4114-bfa7-6bb9d0982e4d,526c01b9-6d45-4114-bfa7-6bb9d0982e4d,10ba46b5-5bbf-46dd-944f-894a05cdb357,unclassified,Unclassified,0.94,addaxai VIC,Blank,blank,unclassified
a086714c-3234-4d25-946a-5e84214257af,sequenceID:417edc45-8480-47f5-8835-3f6fca2d3d42,417edc45-8480-47f5-8835-3f6fca2d3d42,417edc45-8480-47f5-8835-3f6fca2d3d42,10ba46b5-5bbf-46dd-944f-894a05cdb357,unclassified,Unclassified,0.0,,Blank,blank,unclassified
5378cef0-706e-4dbc-9ebb-f65c57eb2a34,sequenceID:1d239697-2079-4c52-b4b4-27f8e9a39dad,1d239697-2079-4c52-b4b4-27f8e9a39dad,1d239697-2079-4c52-b4b4-27f8e9a39dad,10ba46b5-5bbf-46dd-944f-894a05cdb357,unclassified,Unclassified,0.94,addaxai VIC,Blank,blank,unclassified
b1d72969-3d9b-484d-a2a7-16e574ee9b18,sequenceID:59085159-e636-453a-afdb-d23caee47f53,59085159-e636-453a-afdb-d23caee47f53,59085159-e636-453a-afdb-d23caee47f53,10ba46b5-5bbf-46dd-944f-894a05cdb357,unclassified,Unclassified,0.94,addaxai VIC,Blank,blank,unclassified
91d95848-8639-4a33-b7c5-9398354945ed,sequenceID:d60cd394-276e-48fd-876f-48695d22540c,d60cd394-276e-48fd-876f-48695d22540c,d60cd394-276e-48fd-876f-48695d22540c,10ba46b5-5bbf-46dd-944f-894a05cdb357,unclassified,Unclassified,0.92,addaxai VIC,Blank,blank,unclassified
4b3a28d2-82a9-4078-b86c-06275824c301,sequenceID:12cb6ab0-d030-46a6-9d23-bd78b5597b06,12cb6ab0-d030-46a6-9d23-bd78b5597b06,12cb6ab0-d030-46a6-9d23-bd78b5597b06,10ba46b5-5bbf-46dd-944f-894a05cdb357,unclassified,Unclassified,0.0,,Blank,blank,unclassified
d8e76a6f-41ac-450a-bb45-ff1e0829e9e5,sequenceID:634b71cb-e3cd-4745-960a-a58b4e3bc76f,634b71cb-e3cd-4745-960a-a58b4e3bc76f,634b71cb-e3cd-4745-960a-a58b4e3bc76f,10ba46b5-5bbf-46dd-944f-894a05cdb357,unclassified,Unclassified,0.9,addaxai VIC,Blank,blank,unclassified
1bdefce0-632d-4326-8e58-22fcdf23e543,sequenceID:b2843596-f18c-40a3-acfe-ee712a66035b,b2843596-f18c-40a3-acfe-ee712a66035b,b2843596-f18c-40a3-acfe-ee712a66035b,10ba46b5-5bbf-46dd-944f-894a05cdb357,unclassified,Unclassified,0.81,addaxai VIC,Blank,blank,unclassified
828fbdc7-b009-43c7-bc0a-a125a7a9198f,sequenceID:9826e22b-ac8f-4f90-aeeb-ede4f05e022d,9826e22b-ac8f-4f90-aeeb-ede4f05e022d,9826e22b-ac8f-4f90-aeeb-ede4f05e022d,10ba46b5-5bbf-46dd-944f-894a05cdb357,unclassified,Unclassified,0.95,addaxai VIC,Blank,blank,unclassified
53bf11cc-2cfa-43ff-8fb3-5615985d4b47,sequenceID:960c49b2-a7a9-4cf5-9bf4-4b8b276e27a9,960c49b2-a7a9-4cf5-9bf4-4b8b276e27a9,960c49b2-a7a9-4cf5-9bf4-4b8b276e27a9,10ba46b5-5bbf-46dd-944f-894a05cdb357,unclassified,Unclassified,0.9,addaxai VIC,Blank,blank,unclassified
1817c082-190c-4821-833e-bbdd6019b139,sequenceID:9d85a419-22b1-4d15-b2b7-02b10c2af988,9d85a419-22b1-4d15-b2b7-02b10c2af988,9d85a419-22b1-4d15-b2b7-02b10c2af988,10ba46b5-5bbf-46dd-944f-894a05cdb357,unclassified,Unclassified,0.0,,Blank,blank,unclassified
210ed457-1754-4733-bf07-915af0b8a0b5,sequenceID:cb0389e2-d0d2-4558-b264-97a2e78b7f2f,cb0389e2-d0d2-4558-b264-97a2e78b7f2f,cb0389e2-d0d2-4558-b264-97a2e78b7f2f,10ba46b5-5bbf-46dd-944f-894a05cdb357,unclassified,Unclassified,0.88,addaxai VIC,Blank,blank,unclassified
e8868538-288c-40db-8c00-85ea043f4ccf,sequenceID:8cdfc5f0-b9f8-4343-b787-6a72eccdf7b9,8cdfc5f0-b9f8-4343-b787-6a72eccdf7b9,8cdfc5f0-b9f8-4343-b787-6a72eccdf7b9,10ba46b5-5bbf-46dd-944f-894a05cdb357,unclassified,Unclassified,0.88,addaxai VIC,Blank,blank,unclassified
6271852e-713f-4792-a030-214cc562b240,sequenceID:d3cea369-6f45-4107-9d01-2ec3c9c8b69f,d3cea369-6f45-4107-9d01-2ec3c9c8b69f,d3cea369-6f45-4107-9d01-2ec3c9c8b69f,10ba46b5-5bbf-46dd-944f-894a05cdb357,unclassified,Unclassified,0.0,,Blank,blank,unclassified
c91e3b99-929f-4408-93d8-8b9181379e95,sequenceID:af54411c-66d1-4ed9-a54e-e901ed23bab0,af54411c-66d1-4ed9-a54e-e901ed23bab0,af54411c-66d1-4ed9-a54e-e901ed23bab0,10ba46b5-5bbf-46dd-944f-894a05cdb357,unclassified,Unclassified,0.94,addaxai VIC,Blank,blank,unclassified
3676d082-0394-496a-8e3b-a351a78e8650,sequenceID:93c298fa-8440-48d9-881c-852e657017fb,93c298fa-8440-48d9-881c-852e657017fb,93c298fa-8440-48d9-881c-852e657017fb,10ba46b5-5bbf-46dd-944f-894a05cdb357,unclassified,Unclassified,0.84,addaxai VIC,Blank,blank,unclassified
75bf5ab2-12aa-4c6f-a835-5121211ef5ba,sequenceID:81a5077e-e8c8-4ece-973d-6aeb2e2b94cb,81a5077e-e8c8-4ece-973d-6aeb2e2b94cb,81a5077e-e8c8-4ece-973d-6aeb2e2b94cb,10ba46b5-5bbf-46dd-944f-894a05cdb357,unclassified,Unclassified,0.82,addaxai VIC,Blank,blank,unclassified
fdbf8908-4419-4eaf-bcab-87b368b1f04d,sequenceID:ab175ccc-f777-476c-a7fe-923b42cf4229,ab175ccc-f777-476c-a7fe-923b42cf4229,ab175ccc-f777-476c-a7fe-923b42cf4229,10ba46b5-5bbf-46dd-944f-894a05cdb357,unclassified,Unclassified,0.0,,Blank,blank,unclassified
6ffcfcbe-a963-414e-973e-60e0d8a9e868,sequenceID:689c9529-7424-4d6c-ae42-94878d1ea4cd,689c9529-7424-4d6c-ae42-94878d1ea4cd,689c9529-7424-4d6c-ae42-94878d1ea4cd,10ba46b5-5bbf-46dd-944f-894a05cdb357,unclassified,Unclassified,0.96,addaxai VIC,Blank,blank,unclassified
ab29328b-0fde-4635-888a-af20bf8e2120,sequenceID:79e246ad-c6cf-43ea-bc6d-6d5b65beb1e7,79e246ad-c6cf-43ea-bc6d-6d5b65beb1e7,79e246ad-c6cf-43ea-bc6d-6d5b65beb1e7,10ba46b5-5bbf-46dd-944f-894a05cdb357,unclassified,Unclassified,0.95,addaxai VIC,Blank,blank,unclassified
d0e5f1bf-83da-4e0f-95b4-0e9839ddb4a3,sequenceID:00ce2a76-3a15-4c8b-acef-86edd5046df0,00ce2a76-3a15-4c8b-acef-86edd5046df0,00ce2a76-3a15-4c8b-acef-86edd5046df0,10ba46b5-5bbf-46dd-944f-894a05cdb357,unclassified,Unclassified,0.96,addaxai VIC,Blank,blank,unclassified
04553071-19dc-41ea-b08f-06678f11f02b,sequenceID:4c659da1-3ba8-454d-b07f-023a5a8c7339,4c659da1-3ba8-454d-b07f-023a5a8c7339,4c659da1-3ba8-454d-b07f-023a5a8c7339,10ba46b5-5bbf-46dd-944f-894a05cdb357,unclassified,Unclassified,0.0,,Blank,blank,unclassified
b6e72448-5015-40d4-ba84-65137a793055,sequenceID:f1a46721-10da-47d1-b93f-a964567561b3,f1a46721-10da-47d1-b93f-a964567561b3,f1a46721-10da-47d1-b93f-a964567561b3,10ba46b5-5bbf-46dd-944f-894a05cdb357,unclassified,Unclassified,0.89,addaxai VIC,Blank,blank,unclassified
89f7ed03-de8b-494f-ba99-3735d11c2357,sequenceID:edc2759d-b226-42da-a9e3-d0e8625f4489,edc2759d-b226-42da-a9e3-d0e8625f4489,edc2759d-b226-42da-a9e3-d0e8625f4489,10ba46b5-5bbf-46dd-944f-894a05cdb357,unclassified,Unclassified,0.94,addaxai VIC,Blank,blank,unclassified
cbadf75d-e4c9-4173-b096-48cb0c908893,sequenceID:4a4f7f33-19f9-485f-bcf1-83ef1ce582d1,4a4f7f33-19f9-485f-bcf1-83ef1ce582d1,4a4f7f33-19f9-485f-bcf1-83ef1ce582d1,10ba46b5-5bbf-46dd-944f-894a05cdb357,unclassified,Unclassified,0.96,addaxai VIC,Blank,blank,unclassified
bf712c86-da8f-47f8-8de0-15c5ef3d8902,sequenceID:c00a898d-70ea-40fd-862f-6d7e199f0be5,c00a898d-70ea-40fd-862f-6d7e199f0be5,c00a898d-70ea-40fd-862f-6d7e199f0be5,10ba46b5-5bbf-46dd-944f-894a05cdb357,unclassified,Unclassified,0.89,addaxai VIC,Blank,blank,unclassified
3ee2fdc0-9aa1-4d46-bd89-d95b07cacfee,sequenceID:7d2749b6-d0f1-4709-ad02-d4242db11375,7d2749b6-d0f1-4709-ad02-d4242db11375,7d2749b6-d0f1-4709-ad02-d4242db11375,10ba46b5-5bbf-46dd-944f-894a05cdb357,unclassified,Unclassified,0.83,addaxai VIC,Blank,blank,unclassified
f0934176-92d1-4a69-90b2-9bc6b0171b56,sequenceID:4dd521d4-a9d9-46d5-8f25-6783920f61a1,4dd521d4-a9d9-46d5-8f25-6783920f61a1,4dd521d4-a9d9-46d5-8f25-6783920f61a1,10ba46b5-5bbf-46dd-944f-894a05cdb357,unclassified,Unclassified,0.96,addaxai VIC,Blank,blank,unclassified
e4f73f5b-7b52-444c-bffb-69556f898dbe,sequenceID:3600cbac-f34e-41cf-9cbd-f3cc70915f5e,3600cbac-f34e-41cf-9cbd-f3cc70915f5e,3600cbac-f34e-41cf-9cbd-f3cc70915f5e,10ba46b5-5bbf-46dd-944f-894a05cdb357,unclassified,Unclassified,0.95,addaxai VIC,Blank,blank,unclassified
929b6561-2299-4f8b-8eb8-150389bd6f01,sequenceID:0436d7be-dc99-4c5d-a332-956b250ef913,0436d7be-dc99-4c5d-a332-956b250ef913,0436d7be-dc99-4c5d-a332-956b250ef913,10ba46b5-5bbf-46dd-944f-894a05cdb357,unclassified,Unclassified,0.96,addaxai VIC,Blank,blank,unclassified
2bc367e4-f647-45ef-ba32-23dbbe5347fd,sequenceID:4c853353-4400-4ead-b317-4fe0deca0f3f,4c853353-4400-4ead-b317-4fe0deca0f3f,4c853353-4400-4ead-b317-4fe0deca0f3f,10ba46b5-5bbf-46dd-944f-894a05cdb357,unclassified,Unclassified,0.96,addaxai VIC,Blank,blank,unclassified
9b8dbabd-19a9-4e92-aa59-676b5e39e9fa,sequenceID:03d2c405-2426-400d-8131-1ce0292c738e,03d2c405-2426-400d-8131-1ce0292c738e,03d2c405-2426-400d-8131-1ce0292c738e,10ba46b5-5bbf-46dd-944f-894a05cdb357,unclassified,Unclassified,0.94,addaxai VIC,Blank,blank,unclassified
08483743-f91c-48b5-9cb9-7a36adf8719a,sequenceID:fd9aacc0-f528-410a-b273-e6c63facb184,fd9aacc0-f528-410a-b273-e6c63facb184,fd9aacc0-f528-410a-b273-e6c63facb184,10ba46b5-5bbf-46dd-944f-894a05cdb357,unclassified,Unclassified,0.95,addaxai VIC,Blank,blank,unclassified
e66c60a0-ca44-475c-a8f7-8991e63c7d8e,sequenceID:04886600-f4bc-4cde-81ef-9567e0790cd6,04886600-f4bc-4cde-81ef-9567e0790cd6,04886600-f4bc-4cde-81ef-9567e0790cd6,10ba46b5-5bbf-46dd-944f-894a05cdb357,unclassified,Unclassified,0.93,addaxai VIC,Blank,blank,unclassified
91893d52-aeb7-4e18-b212-cd8d01040ee4,sequenceID:e8d6b9ee-2e5d-4bda-99ec-41fcc8040a33,e8d6b9ee-2e5d-4bda-99ec-41fcc8040a33,e8d6b9ee-2e5d-4bda-99ec-41fcc8040a33,10ba46b5-5bbf-46dd-944f-894a05cdb357,unclassified,Unclassified,0.95,addaxai VIC,Blank,blank,unclassified
42535539-d5a9-47a0-80a3-3bb140930a79,sequenceID:dc35bc4f-3441-4850-8b89-762b108764a5,dc35bc4f-3441-4850-8b89-762b108764a5,dc35bc4f-3441-4850-8b89-762b108764a5,10ba46b5-5bbf-46dd-944f-894a05cdb357,unclassified,Unclassified,0.82,addaxai VIC,Blank,blank,unclassified
e4ab6f6f-d71e-4863-a36a-142dd0c554d5,sequenceID:9b500c47-6030-48dd-a3a8-deb8b540c6ab,9b500c47-6030-48dd-a3a8-deb8b540c6ab,9b500c47-6030-48dd-a3a8-deb8b540c6ab,10ba46b5-5bbf-46dd-944f-894a05cdb357,unclassified,Unclassified,0.87,addaxai VIC,Blank,blank,unclassified
7c1ad636-d522-4b36-b8d0-64287b3b3ed9,sequenceID:ee8f5be5-a238-4556-bb3d-4546761ea551,ee8f5be5-a238-4556-bb3d-4546761ea551,ee8f5be5-a238-4556-bb3d-4546761ea551,10ba46b5-5bbf-46dd-944f-894a05cdb357,unclassified,Unclassified,0.96,addaxai VIC,Blank,blank,unclassified
76daa4e8-2101-452b-8427-74d5b03084db,sequenceID:0430b942-7359-413b-b0cd-d87453a89508,0430b942-7359-413b-b0cd-d87453a89508,0430b942-7359-413b-b0cd-d87453a89508,10ba46b5-5bbf-46dd-944f-894a05cdb357,unclassified,Unclassified,0.67,addaxai VIC,Blank,blank,unclassified
90b71677-5956-4b84-8f01-f503da3819b0,sequenceID:8ea40db2-2475-44d5-aaae-47d5e7e00dea,8ea40db2-2475-44d5-aaae-47d5e7e00dea,8ea40db2-2475-44d5-aaae-47d5e7e00dea,10ba46b5-5bbf-46dd-944f-894a05cdb357,unclassified,Unclassified,0.95,addaxai VIC,Blank,blank,unclassified
cc4de5a9-b181-4e0c-a944-baeae547b281,sequenceID:0d423a60-a6bf-45bb-9c5e-2cd8e92d905e,0d423a60-a6bf-45bb-9c5e-2cd8e92d905e,0d423a60-a6bf-45bb-9c5e-2cd8e92d905e,10ba46b5-5bbf-46dd-944f-894a05cdb357,unclassified,Unclassified,0.94,addaxai VIC,Blank,blank,unclassified
6f3b4185-d3c7-4ce0-bf65-c997356784fe,sequenceID:a03c0f53-36fe-407e-97f8-7448cee8e442,a03c0f53-36fe-407e-97f8-7448cee8e442,a03c0f53-36fe-407e-97f8-7448cee8e442,10ba46b5-5bbf-46dd-944f-894a05cdb357,unclassified,Unclassified,0.96,addaxai VIC,Blank,blank,unclassified
1a3438eb-ad4b-470a-bbb5-2b56dd2dd78d,sequenceID:11548596-82b8-4521-9836-29e1834af167,11548596-82b8-4521-9836-29e1834af167,11548596-82b8-4521-9836-29e1834af167,10ba46b5-5bbf-46dd-944f-894a05cdb357,unclassified,Unclassified,0.92,addaxai VIC,Blank,blank,unclassified
5260746c-d4f5-4ce0-acfd-1fd0495f7bfc,sequenceID:e1a82796-4ca8-4aa7-8478-2ccb1391f050,e1a82796-4ca8-4aa7-8478-2ccb1391f050,e1a82796-4ca8-4aa7-8478-2ccb1391f050,10ba46b5-5bbf-46dd-944f-894a05cdb357,unclassified,Unclassified,0.93,addaxai VIC,Blank,blank,unclassified
a297bf97-2c12-4796-b7c8-d75d40927103,sequenceID:17d9ec0d-fa85-469f-92de-9b4f0c513db8,17d9ec0d-fa85-469f-92de-9b4f0c513db8,17d9ec0d-fa85-469f-92de-9b4f0c513db8,10ba46b5-5bbf-46dd-944f-894a05cdb357,unclassified,Unclassified,0.94,addaxai VIC,Blank,blank,unclassified
80d434af-6040-4b20-9e49-6dd2b7abdf1f,sequenceID:15052cc4-da2f-4d68-968a-3752e922d247,15052cc4-da2f-4d68-968a-3752e922d247,15052cc4-da2f-4d68-968a-3752e922d247,10ba46b5-5bbf-46dd-944f-894a05cdb357,unclassified,Unclassified,0.96,addaxai VIC,Blank,blank,unclassified
730b410c-c830-408f-9e38-7c01d4240768,sequenceID:40c6e512-f65a-4025-aa9f-f33213c430c4,40c6e512-f65a-4025-aa9f-f33213c430c4,40c6e512-f65a-4025-aa9f-f33213c430c4,10ba46b5-5bbf-46dd-944f-894a05cdb357,unclassified,Unclassified,0.96,addaxai VIC,Blank,blank,unclassified
af1bea0a-559e-447b-b275-2480af2ae693,sequenceID:4f73f39b-d509-465d-b6e4-16587efc11b2,4f73f39b-d509-465d-b6e4-16587efc11b2,4f73f39b-d509-465d-b6e4-16587efc11b2,10ba46b5-5bbf-46dd-944f-894a05cdb357,unclassified,Unclassified,0.96,addaxai VIC,Blank,blank,unclassified
724a6286-e706-4c61-a253-b7c8d72004f5,sequenceID:d62d00c5-3ba8-4fc3-a1d2-6311e7e4974c,d62d00c5-3ba8-4fc3-a1d2-6311e7e4974c,d62d00c5-3ba8-4fc3-a1d2-6311e7e4974c,10ba46b5-5bbf-46dd-944f-894a05cdb357,unclassified,Unclassified,0.96,addaxai VIC,Blank,blank,unclassified
16374441-91ce-4fbb-addb-e653d733d999,sequenceID:7ca5d972-3958-428c-81f2-ef06e2eaabf8,7ca5d972-3958-428c-81f2-ef06e2eaabf8,7ca5d972-3958-428c-81f2-ef06e2eaabf8,10ba46b5-5bbf-46dd-944f-894a05cdb357,unclassified,Unclassified,0.95,addaxai VIC,Blank,blank,unclassified
d9c2e851-d8b4-4eb9-8a87-89e064febf2c,sequenceID:03f19fdd-ff44-49a4-ac55-3165d32e0036,03f19fdd-ff44-49a4-ac55-3165d32e0036,03f19fdd-ff44-49a4-ac55-3165d32e0036,10ba46b5-5bbf-46dd-944f-894a05cdb357,unclassified,Unclassified,0.96,addaxai VIC,Blank,blank,unclassified
d6cb4a2b-3ab6-4e11-96fa-44e7485cae7b,sequenceID:61525c40-df87-4f64-a696-e189d023c7de,61525c40-df87-4f64-a696-e189d023c7de,61525c40-df87-4f64-a696-e189d023c7de,10ba46b5-5bbf-46dd-944f-894a05cdb357,unclassified,Unclassified,0.95,addaxai VIC,Blank,blank,unclassified
4d7c21aa-8010-4d1f-afea-78680645e23e,sequenceID:fac22923-c4ed-49cc-87c0-6de3789f738a,fac22923-c4ed-49cc-87c0-6de3789f738a,fac22923-c4ed-49cc-87c0-6de3789f738a,10ba46b5-5bbf-46dd-944f-894a05cdb357,unclassified,Unclassified,0.94,addaxai VIC,Blank,blank,unclassified
1d531406-7833-4ca5-8dfa-913fc018ff65,sequenceID:b2db4d58-6a25-4d69-a7c7-0c1ddc39a98b,b2db4d58-6a25-4d69-a7c7-0c1ddc39a98b,b2db4d58-6a25-4d69-a7c7-0c1ddc39a98b,10ba46b5-5bbf-46dd-944f-894a05cdb357,unclassified,Unclassified,0.97,addaxai VIC,Blank,blank,unclassified
97d95f2e-1027-4481-b812-7a9e324b74cb,sequenceID:fa8d8f87-47be-48f1-9fee-ae5a9dce873f,fa8d8f87-47be-48f1-9fee-ae5a9dce873f,fa8d8f87-47be-48f1-9fee-ae5a9dce873f,10ba46b5-5bbf-46dd-944f-894a05cdb357,unclassified,Unclassified,0.96,addaxai VIC,Blank,blank,unclassified
1c95f480-48c6-40f1-93e4-bda4a87df316,sequenceID:b77c616f-6aa2-4583-b4c8-8fdbd3af5e91,b77c616f-6aa2-4583-b4c8-8fdbd3af5e91,b77c616f-6aa2-4583-b4c8-8fdbd3af5e91,10ba46b5-5bbf-46dd-944f-894a05cdb357,unclassified,Unclassified,0.95,addaxai VIC,Blank,blank,unclassified
2442f6a4-ef72-463d-ba05-d26bdf4af268,sequenceID:44073db3-b52d-46ef-91fb-12ef15fb7f68,44073db3-b52d-46ef-91fb-12ef15fb7f68,44073db3-b52d-46ef-91fb-12ef15fb7f68,10ba46b5-5bbf-46dd-944f-894a05cdb357,unclassified,Unclassified,0.95,addaxai VIC,Blank,blank,unclassified
5cc847c4-44ae-48d2-9b30-247401d48fa3,sequenceID:20a0c81d-fc63-41fd-a0aa-7c4ce9875152,20a0c81d-fc63-41fd-a0aa-7c4ce9875152,20a0c81d-fc63-41fd-a0aa-7c4ce9875152,10ba46b5-5bbf-46dd-944f-894a05cdb357,unclassified,Unclassified,0.96,addaxai VIC,Blank,blank,unclassified
2a046d34-0600-427e-b906-0c1ea65aff41,sequenceID:5793fe41-c0f9-4892-a580-f3a9c3b0d86a,5793fe41-c0f9-4892-a580-f3a9c3b0d86a,5793fe41-c0f9-4892-a580-f3a9c3b0d86a,10ba46b5-5bbf-46dd-944f-894a05cdb357,unclassified,Unclassified,0.95,addaxai VIC,Blank,blank,unclassified
65fd5fa1-d320-44ac-b26f-1e6a0e07eac1,sequenceID:c00b79ac-082c-40da-a915-72fbf6274532,c00b79ac-082c-40da-a915-72fbf6274532,c00b79ac-082c-40da-a915-72fbf6274532,10ba46b5-5bbf-46dd-944f-894a05cdb357,unclassified,Unclassified,0.96,addaxai VIC,Blank,blank,unclassified
b819f5d2-e705-4114-80f8-a0e9550973e2,sequenceID:33c3ba34-2661-4fc4-a966-76d467e1bb35,33c3ba34-2661-4fc4-a966-76d467e1bb35,33c3ba34-2661-4fc4-a966-76d467e1bb35,10ba46b5-5bbf-46dd-944f-894a05cdb357,unclassified,Unclassified,0.92,addaxai VIC,Blank,blank,unclassified
6a5d2746-e784-47a7-bdf4-1787e91bdda1,sequenceID:c0c6baa5-8e19-4782-b8e9-9d30b0939aaa,c0c6baa5-8e19-4782-b8e9-9d30b0939aaa,c0c6baa5-8e19-4782-b8e9-9d30b0939aaa,10ba46b5-5bbf-46dd-944f-894a05cdb357,unclassified,Unclassified,0.98,addaxai VIC,Blank,blank,unclassified
627d005a-d186-4fd9-b6a9-408c85260288,sequenceID:090ab1b0-d22f-4c06-a637-4f69167a97a8,090ab1b0-d22f-4c06-a637-4f69167a97a8,090ab1b0-d22f-4c06-a637-4f69167a97a8,10ba46b5-5bbf-46dd-944f-894a05cdb357,unclassified,Unclassified,0.94,addaxai VIC,Blank,blank,unclassified
33b91402-fc5e-48bd-a8a3-87e83b73f4ce,sequenceID:d0c95271-b9e7-45f2-b812-5762f0b307e8,d0c95271-b9e7-45f2-b812-5762f0b307e8,d0c95271-b9e7-45f2-b812-5762f0b307e8,10ba46b5-5bbf-46dd-944f-894a05cdb357,unclassified,Unclassified,0.91,addaxai VIC,Blank,blank,unclassified
f8c8d9d4-14f5-499f-b72a-48920af4c094,sequenceID:16278fd1-a7dc-4f38-acc9-e615ffa609bd,16278fd1-a7dc-4f38-acc9-e615ffa609bd,16278fd1-a7dc-4f38-acc9-e615ffa609bd,10ba46b5-5bbf-46dd-944f-894a05cdb357,unclassified,Unclassified,0.93,addaxai VIC,Blank,blank,unclassified
90975f18-eb1f-4639-959d-7a6a1d34c5d5,sequenceID:0344bbe0-094d-43b1-a984-09a5cf5b20e4,0344bbe0-094d-43b1-a984-09a5cf5b20e4,0344bbe0-094d-43b1-a984-09a5cf5b20e4,10ba46b5-5bbf-46dd-944f-894a05cdb357,unclassified,Unclassified,0.96,addaxai VIC,Blank,blank,unclassified
713bffba-a409-47f6-9736-480c66cba859,sequenceID:dbc90dd3-2a8a-4617-9374-8478f7908ebf,dbc90dd3-2a8a-4617-9374-8478f7908ebf,dbc90dd3-2a8a-4617-9374-8478f7908ebf,10ba46b5-5bbf-46dd-944f-894a05cdb357,unclassified,Unclassified,0.96,addaxai VIC,Blank,blank,unclassified
8acd6d74-19d8-40f5-9f31-89b67f2ed170,sequenceID:791b55d1-b093-4478-8a80-63df5d42aec6,791b55d1-b093-4478-8a80-63df5d42aec6,791b55d1-b093-4478-8a80-63df5d42aec6,10ba46b5-5bbf-46dd-944f-894a05cdb357,unclassified,Unclassified,0.96,addaxai VIC,Blank,blank,unclassified
946daf89-6dd4-4180-a710-ebaba2614865,sequenceID:821633c1-3ecd-45fa-bbe5-4a67d910556e,821633c1-3ecd-45fa-bbe5-4a67d910556e,821633c1-3ecd-45fa-bbe5-4a67d910556e,10ba46b5-5bbf-46dd-944f-894a05cdb357,unclassified,Unclassified,0.96,addaxai VIC,Blank,blank,unclassified
877d977f-7712-40b6-b587-bf8f47ac71b4,sequenceID:56f620b5-7266-4bae-ba2b-9a2a6b07bad9,56f620b5-7266-4bae-ba2b-9a2a6b07bad9,56f620b5-7266-4bae-ba2b-9a2a6b07bad9,10ba46b5-5bbf-46dd-944f-894a05cdb357,unclassified,Unclassified,0.96,addaxai VIC,Blank,blank,unclassified
487c16d5-653c-4930-a4dd-4f91ed712d74,sequenceID:bf3653fd-684b-4803-9881-975877b2aacb,bf3653fd-684b-4803-9881-975877b2aacb,bf3653fd-684b-4803-9881-975877b2aacb,10ba46b5-5bbf-46dd-944f-894a05cdb357,unclassified,Unclassified,0.95,addaxai VIC,Blank,blank,unclassified
730c01e9-0751-4af3-96f1-a5cfdea5d88a,sequenceID:ab127260-e4c4-4b05-a302-99edf74dfc21,ab127260-e4c4-4b05-a302-99edf74dfc21,ab127260-e4c4-4b05-a302-99edf74dfc21,10ba46b5-5bbf-46dd-944f-894a05cdb357,unclassified,Unclassified,0.94,addaxai VIC,Blank,blank,unclassified
e6d4e03f-b8cd-446f-a5ee-8653c6556209,sequenceID:c8b3cbb7-a122-4177-852a-f01997ba9173,c8b3cbb7-a122-4177-852a-f01997ba9173,c8b3cbb7-a122-4177-852a-f01997ba9173,10ba46b5-5bbf-46dd-944f-894a05cdb357,unclassified,Unclassified,0.95,addaxai VIC,Blank,blank,unclassified
0ea112c4-ee56-4b28-a500-620425d3e497,sequenceID:f78df6d2-f1c9-4671-adda-8dc972de93cb,f78df6d2-f1c9-4671-adda-8dc972de93cb,f78df6d2-f1c9-4671-adda-8dc972de93cb,10ba46b5-5bbf-46dd-944f-894a05cdb357,unclassified,Unclassified,0.96,addaxai VIC,Blank,blank,unclassified
bbd1956d-9e4a-487d-85ab-7ed77e7c02fb,sequenceID:68c7d60a-8ba6-4251-8a54-54cdf0c6f8b6,68c7d60a-8ba6-4251-8a54-54cdf0c6f8b6,68c7d60a-8ba6-4251-8a54-54cdf0c6f8b6,10ba46b5-5bbf-46dd-944f-894a05cdb357,unclassified,Unclassified,0.95,addaxai VIC,Blank,blank,unclassified
32be3e43-699d-4bd9-a79e-14fd4ae7cefd,sequenceID:967b6d61-452c-42f5-8b6c-3dca4807dd18,967b6d61-452c-42f5-8b6c-3dca4807dd18,967b6d61-452c-42f5-8b6c-3dca4807dd18,10ba46b5-5bbf-46dd-944f-894a05cdb357,unclassified,Unclassified,0.94,addaxai VIC,Blank,blank,unclassified
867ef129-28d2-4dd7-ac04-5fca5373f7d1,sequenceID:17807ee1-101f-48f5-83b5-f1ed46787b5d,17807ee1-101f-48f5-83b5-f1ed46787b5d,17807ee1-101f-48f5-83b5-f1ed46787b5d,10ba46b5-5bbf-46dd-944f-894a05cdb357,unclassified,Unclassified,0.95,addaxai VIC,Blank,blank,unclassified
760a6ee2-7ee1-4f1a-9541-dc5024dc3ae6,sequenceID:3f7c1d15-1adf-45da-8e9b-25674df5924f,3f7c1d15-1adf-45da-8e9b-25674df5924f,3f7c1d15-1adf-45da-8e9b-25674df5924f,10ba46b5-5bbf-46dd-944f-894a05cdb357,unclassified,Unclassified,0.94,addaxai VIC,Blank,blank,unclassified
909f9924-6009-4e08-9923-3f9d30acbbc1,sequenceID:d9d1de4d-d7f2-4a95-ae13-cfacd6a0563c,d9d1de4d-d7f2-4a95-ae13-cfacd6a0563c,d9d1de4d-d7f2-4a95-ae13-cfacd6a0563c,10ba46b5-5bbf-46dd-944f-894a05cdb357,unclassified,Unclassified,0.96,addaxai VIC,Blank,blank,unclassified
48f8c8bf-02ae-4bb1-abde-c6eac1eb4595,sequenceID:0129af5e-ae79-4611-8942-f65cad6d211b,0129af5e-ae79-4611-8942-f65cad6d211b,0129af5e-ae79-4611-8942-f65cad6d211b,10ba46b5-5bbf-46dd-944f-894a05cdb357,unclassified,Unclassified,0.95,addaxai VIC,Blank,blank,unclassified
b8109e46-f91a-4b61-bd9e-f87af1f52907,sequenceID:9543ad09-0e1b-46e4-88d0-edcef50343db,9543ad09-0e1b-46e4-88d0-edcef50343db,9543ad09-0e1b-46e4-88d0-edcef50343db,10ba46b5-5bbf-46dd-944f-894a05cdb357,unclassified,Unclassified,0.94,addaxai VIC,Blank,blank,unclassified
a94ab50c-bbce-41d3-b656-af187ceb420f,sequenceID:c80d3ffe-9ca2-494d-a90b-d0a7e2b0c53b,c80d3ffe-9ca2-494d-a90b-d0a7e2b0c53b,c80d3ffe-9ca2-494d-a90b-d0a7e2b0c53b,10ba46b5-5bbf-46dd-944f-894a05cdb357,unclassified,Unclassified,0.94,addaxai VIC,Blank,blank,unclassified
4d5ec288-9d5f-48c4-b865-a42dd11dbbd8,sequenceID:acfe0e71-530c-48a3-948d-4db65686459a,acfe0e71-530c-48a3-948d-4db65686459a,acfe0e71-530c-48a3-948d-4db65686459a,10ba46b5-5bbf-46dd-944f-894a05cdb357,unclassified,Unclassified,0.95,addaxai VIC,Blank,blank,unclassified
47e82dcc-82b0-42e7-aa02-06b88cfce294,sequenceID:94d23c69-2f8a-43c6-919d-933772d90e1a,94d23c69-2f8a-43c6-919d-933772d90e1a,94d23c69-2f8a-43c6-919d-933772d90e1a,10ba46b5-5bbf-46dd-944f-894a05cdb357,unclassified,Unclassified,0.94,addaxai VIC,Blank,blank,unclassified
852c6d46-7433-4142-ba58-12bab658e5e5,sequenceID:5108da8b-7591-40d7-a377-19bcb6d514d7,5108da8b-7591-40d7-a377-19bcb6d514d7,5108da8b-7591-40d7-a377-19bcb6d514d7,10ba46b5-5bbf-46dd-944f-894a05cdb357,unclassified,Unclassified,0.94,addaxai VIC,Blank,blank,unclassified
2844dc55-f95a-4ff9-9c38-f5977b68b690,sequenceID:af7e46b1-dcf0-463f-8f4a-462b37ad9845,af7e46b1-dcf0-463f-8f4a-462b37ad9845,af7e46b1-dcf0-463f-8f4a-462b37ad9845,10ba46b5-5bbf-46dd-944f-894a05cdb357,unclassified,Unclassified,0.94,addaxai VIC,Blank,blank,unclassified
a9fe33cd-8fa0-4eba-98d6-27b15779c7c5,sequenceID:28710e63-b8a6-4a71-af80-ffaafdd9b895,28710e63-b8a6-4a71-af80-ffaafdd9b895,28710e63-b8a6-4a71-af80-ffaafdd9b895,10ba46b5-5bbf-46dd-944f-894a05cdb357,unclassified,Unclassified,0.96,addaxai VIC,Blank,blank,unclassified
0d49d18b-fdaa-4d03-8a30-c4886f1beee6,sequenceID:4ddc1281-e5e4-4b58-a8ec-476aaa2d91bc,4ddc1281-e5e4-4b58-a8ec-476aaa2d91bc,4ddc1281-e5e4-4b58-a8ec-476aaa2d91bc,10ba46b5-5bbf-46dd-944f-894a05cdb357,unclassified,Unclassified,0.91,addaxai VIC,Blank,blank,unclassified
9fc4ef1e-2fa9-48c9-b981-0a38e188501d,sequenceID:b60ade31-fe93-46f0-901f-7c770cde8d11,b60ade31-fe93-46f0-901f-7c770cde8d11,b60ade31-fe93-46f0-901f-7c770cde8d11,10ba46b5-5bbf-46dd-944f-894a05cdb357,unclassified,Unclassified,0.95,addaxai VIC,Blank,blank,unclassified
445f8b63-8686-493a-9c61-b4530d623139,sequenceID:c3751c7c-7c87-45ac-a25d-93214d52b779,c3751c7c-7c87-45ac-a25d-93214d52b779,c3751c7c-7c87-45ac-a25d-93214d52b779,10ba46b5-5bbf-46dd-944f-894a05cdb357,unclassified,Unclassified,0.95,addaxai VIC,Blank,blank,unclassified
dc1aafd1-553d-4ca9-a083-baa29e2b431d,sequenceID:3850ce4f-94d9-4020-a8a2-2522de605b1c,3850ce4f-94d9-4020-a8a2-2522de605b1c,3850ce4f-94d9-4020-a8a2-2522de605b1c,10ba46b5-5bbf-46dd-944f-894a05cdb357,unclassified,Unclassified,0.97,addaxai VIC,Blank,blank,unclassified
e2b554e3-151a-4dc9-abd2-78d05ed32f7e,sequenceID:581b139f-35a6-4b63-85a0-a6b6cca6a8bb,581b139f-35a6-4b63-85a0-a6b6cca6a8bb,581b139f-35a6-4b63-85a0-a6b6cca6a8bb,10ba46b5-5bbf-46dd-944f-894a05cdb357,unclassified,Unclassified,0.95,addaxai VIC,Blank,blank,unclassified
0e0906b0-35aa-416b-a48c-210c0d1ca54a,sequenceID:56cbf8c1-34b0-4251-8ba7-a10e47f95f50,56cbf8c1-34b0-4251-8ba7-a10e47f95f50,56cbf8c1-34b0-4251-8ba7-a10e47f95f50,10ba46b5-5bbf-46dd-944f-894a05cdb357,unclassified,Unclassified,0.97,addaxai VIC,Blank,blank,unclassified
412675fa-2a9e-405f-9754-0d30f5496dbc,sequenceID:95f9e4d9-311a-423c-8183-6c429420f53e,95f9e4d9-311a-423c-8183-6c429420f53e,95f9e4d9-311a-423c-8183-6c429420f53e,10ba46b5-5bbf-46dd-944f-894a05cdb357,unclassified,Unclassified,0.94,addaxai VIC,Blank,blank,unclassified
0a6ecdd1-c169-48d4-8da6-90806eeece87,sequenceID:08369397-5fd0-4bbb-8f4a-5c1653bfb027,08369397-5fd0-4bbb-8f4a-5c1653bfb027,08369397-5fd0-4bbb-8f4a-5c1653bfb027,10ba46b5-5bbf-46dd-944f-894a05cdb357,unclassified,Unclassified,0.93,addaxai VIC,Blank,blank,unclassified
59131bae-8cf8-482f-889e-d1b4bbe4fe68,sequenceID:e7d0f1f0-e82c-4ef2-9952-5724fa599ce2,e7d0f1f0-e82c-4ef2-9952-5724fa599ce2,e7d0f1f0-e82c-4ef2-9952-5724fa599ce2,10ba46b5-5bbf-46dd-944f-894a05cdb357,unclassified,Unclassified,0.95,addaxai VIC,Blank,blank,unclassified
b2d66fc9-1678-42d6-9d66-625d5c7b3ce4,sequenceID:58a8006f-6a6e-4f8a-8d34-3b023621a9aa,58a8006f-6a6e-4f8a-8d34-3b023621a9aa,58a8006f-6a6e-4f8a-8d34-3b023621a9aa,10ba46b5-5bbf-46dd-944f-894a05cdb357,unclassified,Unclassified,0.92,addaxai VIC,Blank,blank,unclassified
1ccb9444-382c-4605-8931-6e0f9be74e7e,sequenceID:069f24c5-17b1-4692-952f-94db6a781bc3,069f24c5-17b1-4692-952f-94db6a781bc3,069f24c5-17b1-4692-952f-94db6a781bc3,10ba46b5-5bbf-46dd-944f-894a05cdb357,unclassified,Unclassified,0.95,addaxai VIC,Blank,blank,unclassified
0a35eef9-512c-4aaa-bc6d-31952748f498,sequenceID:07d35828-f625-4efc-9a9a-9b5cb90edff5,07d35828-f625-4efc-9a9a-9b5cb90edff5,07d35828-f625-4efc-9a9a-9b5cb90edff5,10ba46b5-5bbf-46dd-944f-894a05cdb357,unclassified,Unclassified,0.97,addaxai VIC,Blank,blank,unclassified
a41850f4-babe-41ee-a163-599c49dc8f6f,sequenceID:e4767b02-840d-40ab-86de-c08d9f77a1e5,e4767b02-840d-40ab-86de-c08d9f77a1e5,e4767b02-840d-40ab-86de-c08d9f77a1e5,10ba46b5-5bbf-46dd-944f-894a05cdb357,unclassified,Unclassified,0.97,addaxai VIC,Blank,blank,unclassified
72d0c160-74ba-4928-9646-94ebcf311937,sequenceID:8e6e15e1-3239-4a93-b949-320434abe730,8e6e15e1-3239-4a93-b949-320434abe730,8e6e15e1-3239-4a93-b949-320434abe730,10ba46b5-5bbf-46dd-944f-894a05cdb357,unclassified,Unclassified,0.92,addaxai VIC,Blank,blank,unclassified
12bdd994-4f98-48a4-aecb-fad1b38aca94,sequenceID:123708da-9a22-40be-bd52-f3cc8543cc96,123708da-9a22-40be-bd52-f3cc8543cc96,123708da-9a22-40be-bd52-f3cc8543cc96,10ba46b5-5bbf-46dd-944f-894a05cdb357,unclassified,Unclassified,0.95,addaxai VIC,Blank,blank,unclassified
35f7e8dc-bf4a-4e76-b8b6-95ea188a4e81,sequenceID:f031c9c2-852e-4dee-bd1f-d7a9afbc9379,f031c9c2-852e-4dee-bd1f-d7a9afbc9379,f031c9c2-852e-4dee-bd1f-d7a9afbc9379,10ba46b5-5bbf-46dd-944f-894a05cdb357,unclassified,Unclassified,0.95,addaxai VIC,Blank,blank,unclassified
b9ec2da6-2ab6-4927-8b13-afb0d29bf1b6,sequenceID:c725e307-4b55-4d77-8d7d-df9b31255f5f,c725e307-4b55-4d77-8d7d-df9b31255f5f,c725e307-4b55-4d77-8d7d-df9b31255f5f,10ba46b5-5bbf-46dd-944f-894a05cdb357,unclassified,Unclassified,0.94,addaxai VIC,Blank,blank,unclassified
b37a7607-3994-4aa6-9bad-c777e6e4999c,sequenceID:c5b4810b-de9a-4cff-b50a-0adb2261bb4e,c5b4810b-de9a-4cff-b50a-0adb2261bb4e,c5b4810b-de9a-4cff-b50a-0adb2261bb4e,10ba46b5-5bbf-46dd-944f-894a05cdb357,unclassified,Unclassified,0.96,addaxai VIC,Blank,blank,unclassified
7b17c9d1-faee-4f79-9023-8cb868376a89,sequenceID:b3f3ba4f-ac45-4687-a791-8b9bee3cb315,b3f3ba4f-ac45-4687-a791-8b9bee3cb315,b3f3ba4f-ac45-4687-a791-8b9bee3cb315,10ba46b5-5bbf-46dd-944f-894a05cdb357,unclassified,Unclassified,0.94,addaxai VIC,Blank,blank,unclassified
63b07f80-07c1-4aa0-9649-f1bb1775bc7f,sequenceID:b5f5694c-8298-491f-a73e-0a4d410c8df0,b5f5694c-8298-491f-a73e-0a4d410c8df0,b5f5694c-8298-491f-a73e-0a4d410c8df0,10ba46b5-5bbf-46dd-944f-894a05cdb357,unclassified,Unclassified,0.93,addaxai VIC,Blank,blank,unclassified
fec7a0d6-2eaf-4158-b320-574f78c87af8,sequenceID:25b03311-dc50-47e3-9b73-50f9ad58a5f6,25b03311-dc50-47e3-9b73-50f9ad58a5f6,25b03311-dc50-47e3-9b73-50f9ad58a5f6,10ba46b5-5bbf-46dd-944f-894a05cdb357,unclassified,Unclassified,0.94,addaxai VIC,Blank,blank,unclassified
adba1614-82b0-4e21-9ef0-f3de33f104bd,sequenceID:669eb095-2cd3-4923-bac2-e8b43e0791d6,669eb095-2cd3-4923-bac2-e8b43e0791d6,669eb095-2cd3-4923-bac2-e8b43e0791d6,10ba46b5-5bbf-46dd-944f-894a05cdb357,unclassified,Unclassified,0.97,addaxai VIC,Blank,blank,unclassified
2e91b60f-fc79-4fd4-b408-176f00717dfa,sequenceID:05908cbc-1fc0-4095-acfa-e67ce45d3a2f,05908cbc-1fc0-4095-acfa-e67ce45d3a2f,05908cbc-1fc0-4095-acfa-e67ce45d3a2f,10ba46b5-5bbf-46dd-944f-894a05cdb357,unclassified,Unclassified,0.95,addaxai VIC,Blank,blank,unclassified
986b6acb-43d8-46ff-9551-452f7686eed4,sequenceID:44f63004-9341-4d33-b85b-1bff00eae9a6,44f63004-9341-4d33-b85b-1bff00eae9a6,44f63004-9341-4d33-b85b-1bff00eae9a6,10ba46b5-5bbf-46dd-944f-894a05cdb357,unclassified,Unclassified,0.93,addaxai VIC,Blank,blank,unclassified
e48b4e3f-bfe0-4faa-b83e-a4567b352293,sequenceID:bb3280ca-0aba-466e-9713-8234c1a60441,bb3280ca-0aba-466e-9713-8234c1a60441,bb3280ca-0aba-466e-9713-8234c1a60441,10ba46b5-5bbf-46dd-944f-894a05cdb357,unclassified,Unclassified,0.94,addaxai VIC,Blank,blank,unclassified
bbc4e557-c171-4cb1-8db2-1dfc121eb6aa,sequenceID:8c816360-6892-4d2a-981f-9f6ee8b6f438,8c816360-6892-4d2a-981f-9f6ee8b6f438,8c816360-6892-4d2a-981f-9f6ee8b6f438,10ba46b5-5bbf-46dd-944f-894a05cdb357,unclassified,Unclassified,0.96,addaxai VIC,Blank,blank,unclassified
bfaef4c2-533d-4e0b-8f36-6fd2a92ce991,sequenceID:29642f35-ea0c-49cd-8d29-919869effd8c,29642f35-ea0c-49cd-8d29-919869effd8c,29642f35-ea0c-49cd-8d29-919869effd8c,10ba46b5-5bbf-46dd-944f-894a05cdb357,unclassified,Unclassified,0.96,addaxai VIC,Blank,blank,unclassified
2c4899ef-6666-4727-8ffd-570c44902471,sequenceID:d061fa86-f9bb-4350-aa75-aa462f2ebc62,d061fa86-f9bb-4350-aa75-aa462f2ebc62,d061fa86-f9bb-4350-aa75-aa462f2ebc62,10ba46b5-5bbf-46dd-944f-894a05cdb357,unclassified,Unclassified,0.96,addaxai VIC,Blank,blank,unclassified
626495a1-960d-4e84-89d8-6b27300c45bf,sequenceID:062343c1-94e3-4671-8744-bbfe5a40d00c,062343c1-94e3-4671-8744-bbfe5a40d00c,062343c1-94e3-4671-8744-bbfe5a40d00c,10ba46b5-5bbf-46dd-944f-894a05cdb357,unclassified,Unclassified,0.96,addaxai VIC,Blank,blank,unclassified
501fb451-98fc-424c-92c7-d75dc5cc5b7e,sequenceID:bc1033f8-a3fb-4367-8dc6-cc60baff452a,bc1033f8-a3fb-4367-8dc6-cc60baff452a,bc1033f8-a3fb-4367-8dc6-cc60baff452a,10ba46b5-5bbf-46dd-944f-894a05cdb357,unclassified,Unclassified,0.95,addaxai VIC,Blank,blank,unclassified
5e4550e5-5586-4be3-a276-c06987511eef,sequenceID:b505e5ff-13f3-4093-b0db-7c316a265eac,b505e5ff-13f3-4093-b0db-7c316a265eac,b505e5ff-13f3-4093-b0db-7c316a265eac,10ba46b5-5bbf-46dd-944f-894a05cdb357,unclassified,Unclassified,0.88,addaxai VIC,Blank,blank,unclassified
76b5ded8-f789-4b74-83b0-f95257856482,sequenceID:d639ac85-fb9c-40a6-aef7-d3a953e5351d,d639ac85-fb9c-40a6-aef7-d3a953e5351d,d639ac85-fb9c-40a6-aef7-d3a953e5351d,10ba46b5-5bbf-46dd-944f-894a05cdb357,unclassified,Unclassified,0.92,addaxai VIC,Blank,blank,unclassified
c3649b0d-2891-4ecb-a0ed-61b86be14b55,sequenceID:ee5a8bf8-48c1-4aac-ac70-371f4d9a9d08,ee5a8bf8-48c1-4aac-ac70-371f4d9a9d08,ee5a8bf8-48c1-4aac-ac70-371f4d9a9d08,10ba46b5-5bbf-46dd-944f-894a05cdb357,unclassified,Unclassified,0.95,addaxai VIC,Blank,blank,unclassified
e03b4d12-9cca-4984-8c9a-d64f0be44359,sequenceID:3d24f149-6306-4ab5-8d19-ffb0f794bf35,3d24f149-6306-4ab5-8d19-ffb0f794bf35,3d24f149-6306-4ab5-8d19-ffb0f794bf35,10ba46b5-5bbf-46dd-944f-894a05cdb357,unclassified,Unclassified,0.95,addaxai VIC,Blank,blank,unclassified
914ffe16-9a27-4aa3-84a7-d88a709f32a3,sequenceID:4669a4c6-ffab-4929-9c21-23580328fae8,4669a4c6-ffab-4929-9c21-23580328fae8,4669a4c6-ffab-4929-9c21-23580328fae8,10ba46b5-5bbf-46dd-944f-894a05cdb357,unclassified,Unclassified,0.94,addaxai VIC,Blank,blank,unclassified
1332df3d-f57c-4a84-8761-78a7748f8a6c,sequenceID:8afb578f-a592-4889-bd8f-e32516be63fd,8afb578f-a592-4889-bd8f-e32516be63fd,8afb578f-a592-4889-bd8f-e32516be63fd,10ba46b5-5bbf-46dd-944f-894a05cdb357,unclassified,Unclassified,0.97,addaxai VIC,Blank,blank,unclassified
4f7f77fd-eb9f-4082-b246-28147e263bc4,sequenceID:e3bba3e5-97d9-40f4-a406-6f4e62a87c59,e3bba3e5-97d9-40f4-a406-6f4e62a87c59,e3bba3e5-97d9-40f4-a406-6f4e62a87c59,10ba46b5-5bbf-46dd-944f-894a05cdb357,unclassified,Unclassified,0.96,addaxai VIC,Blank,blank,unclassified
785c622c-32c3-4e75-aa1c-feb3c2820e2b,sequenceID:a9437a28-0794-485c-8417-09f05414d73a,a9437a28-0794-485c-8417-09f05414d73a,a9437a28-0794-485c-8417-09f05414d73a,10ba46b5-5bbf-46dd-944f-894a05cdb357,unclassified,Unclassified,0.94,addaxai VIC,Blank,blank,unclassified
78a47092-0438-47ba-b765-e949739653db,sequenceID:322410b7-0295-4156-b598-3e9d3552751b,322410b7-0295-4156-b598-3e9d3552751b,322410b7-0295-4156-b598-3e9d3552751b,10ba46b5-5bbf-46dd-944f-894a05cdb357,unclassified,Unclassified,0.95,addaxai VIC,Blank,blank,unclassified
4dfcfde0-d27b-4b11-ac1b-e4bfd7a37693,sequenceID:edec93c9-bf90-4c02-bdc8-a59bd7f03434,edec93c9-bf90-4c02-bdc8-a59bd7f03434,edec93c9-bf90-4c02-bdc8-a59bd7f03434,10ba46b5-5bbf-46dd-944f-894a05cdb357,unclassified,Unclassified,0.93,addaxai VIC,Blank,blank,unclassified
3facf4df-3f71-4f35-a354-3e1738cededa,sequenceID:ad2e59e2-97a7-4e41-a7ca-abfb0a79568d,ad2e59e2-97a7-4e41-a7ca-abfb0a79568d,ad2e59e2-97a7-4e41-a7ca-abfb0a79568d,10ba46b5-5bbf-46dd-944f-894a05cdb357,unclassified,Unclassified,0.94,addaxai VIC,Blank,blank,unclassified
b8bd4763-b510-463e-bbf6-2dff37e520b1,sequenceID:e9d574b9-5b44-49ef-a4e1-7aaac2c34ee3,e9d574b9-5b44-49ef-a4e1-7aaac2c34ee3,e9d574b9-5b44-49ef-a4e1-7aaac2c34ee3,10ba46b5-5bbf-46dd-944f-894a05cdb357,unclassified,Unclassified,0.95,addaxai VIC,Blank,blank,unclassified
ab474c30-3c32-43ec-9b4e-03b8fbafefec,sequenceID:5b6da4c7-2355-4c6c-8808-a9c9ee8d4b90,5b6da4c7-2355-4c6c-8808-a9c9ee8d4b90,5b6da4c7-2355-4c6c-8808-a9c9ee8d4b90,10ba46b5-5bbf-46dd-944f-894a05cdb357,unclassified,Unclassified,0.92,addaxai VIC,Blank,blank,unclassified
2560d8e7-8106-4a12-8b34-5ff175fe7c13,sequenceID:cabc50d5-baa3-4b43-af07-c4693e60a910,cabc50d5-baa3-4b43-af07-c4693e60a910,cabc50d5-baa3-4b43-af07-c4693e60a910,10ba46b5-5bbf-46dd-944f-894a05cdb357,unclassified,Unclassified,0.94,addaxai VIC,Blank,blank,unclassified
c317f5d3-31b6-4b23-8aa5-8c52ca1d97d7,sequenceID:42dcfcc7-0cac-4efa-aac2-069316ac608a,42dcfcc7-0cac-4efa-aac2-069316ac608a,42dcfcc7-0cac-4efa-aac2-069316ac608a,10ba46b5-5bbf-46dd-944f-894a05cdb357,unclassified,Unclassified,0.95,addaxai VIC,Blank,blank,unclassified
6f9388a5-a524-4b83-a238-34c1d4c8ef9b,sequenceID:c16df3bf-3803-404f-ab04-6f48db3b60fa,c16df3bf-3803-404f-ab04-6f48db3b60fa,c16df3bf-3803-404f-ab04-6f48db3b60fa,10ba46b5-5bbf-46dd-944f-894a05cdb357,unclassified,Unclassified,0.87,addaxai VIC,Blank,blank,unclassified
5bfe1471-b1a4-4bdc-aafe-8d82781a45be,sequenceID:66fbc8cd-46f3-4ad1-8f05-cd7dddcf5a50,66fbc8cd-46f3-4ad1-8f05-cd7dddcf5a50,66fbc8cd-46f3-4ad1-8f05-cd7dddcf5a50,10ba46b5-5bbf-46dd-944f-894a05cdb357,unclassified,Unclassified,0.96,addaxai VIC,Blank,blank,unclassified
a5cc4e40-c38e-4796-8e3f-1edd4d7606ae,sequenceID:5e946870-228c-4adc-926a-256bb98ba8e2,5e946870-228c-4adc-926a-256bb98ba8e2,5e946870-228c-4adc-926a-256bb98ba8e2,10ba46b5-5bbf-46dd-944f-894a05cdb357,unclassified,Unclassified,0.0,,Blank,blank,unclassified
1284be8c-356c-423f-b4ce-4bd6ccc54615,sequenceID:cba15fe6-9846-4d9e-a34c-2fc7716a19ae,cba15fe6-9846-4d9e-a34c-2fc7716a19ae,cba15fe6-9846-4d9e-a34c-2fc7716a19ae,10ba46b5-5bbf-46dd-944f-894a05cdb357,unclassified,Unclassified,0.94,addaxai VIC,Blank,blank,unclassified
847e306d-7d14-4ed3-916c-060a4012aebd,sequenceID:98ea1551-e255-4134-b589-d2eaa43f6f5d,98ea1551-e255-4134-b589-d2eaa43f6f5d,98ea1551-e255-4134-b589-d2eaa43f6f5d,10ba46b5-5bbf-46dd-944f-894a05cdb357,unclassified,Unclassified,0.94,addaxai VIC,Blank,blank,unclassified
29b3d309-015f-4926-83e1-eb2312325e90,sequenceID:520c722d-94ec-48cf-82b0-21907828d0c9,520c722d-94ec-48cf-82b0-21907828d0c9,520c722d-94ec-48cf-82b0-21907828d0c9,10ba46b5-5bbf-46dd-944f-894a05cdb357,unclassified,Unclassified,0.95,addaxai VIC,Blank,blank,unclassified
6a44a901-bdb3-450f-becb-352b662e96ef,sequenceID:b82ba2f5-248a-4f97-9c89-15aefc155984,b82ba2f5-248a-4f97-9c89-15aefc155984,b82ba2f5-248a-4f97-9c89-15aefc155984,10ba46b5-5bbf-46dd-944f-894a05cdb357,unclassified,Unclassified,0.94,addaxai VIC,Blank,blank,unclassified
833cedac-c0e1-47fc-97cf-b278d63c4dee,sequenceID:57905a2b-71b7-4eb2-a7e8-3d51dcd63fa8,57905a2b-71b7-4eb2-a7e8-3d51dcd63fa8,57905a2b-71b7-4eb2-a7e8-3d51dcd63fa8,10ba46b5-5bbf-46dd-944f-894a05cdb357,unclassified,Unclassified,0.94,addaxai VIC,Blank,blank,unclassified
dc39f441-c8a9-4e7f-b730-c749269746ff,sequenceID:1ed606ef-acb3-4709-a993-d55026f3e074,1ed606ef-acb3-4709-a993-d55026f3e074,1ed606ef-acb3-4709-a993-d55026f3e074,10ba46b5-5bbf-46dd-944f-894a05cdb357,unclassified,Unclassified,0.94,addaxai VIC,Blank,blank,unclassified
e1333157-7b88-4de5-bf34-3e4ac1e6c218,sequenceID:24879a9e-5dc8-4351-8c7e-099385a4e600,24879a9e-5dc8-4351-8c7e-099385a4e600,24879a9e-5dc8-4351-8c7e-099385a4e600,10ba46b5-5bbf-46dd-944f-894a05cdb357,unclassified,Unclassified,0.94,addaxai VIC,Blank,blank,unclassified
c1f98909-9a98-4127-a4ac-2a3a4e599ac6,sequenceID:090eaadd-ec5d-4d0e-ae9a-2f7605de4e52,090eaadd-ec5d-4d0e-ae9a-2f7605de4e52,090eaadd-ec5d-4d0e-ae9a-2f7605de4e52,10ba46b5-5bbf-46dd-944f-894a05cdb357,unclassified,Unclassified,0.94,addaxai VIC,Blank,blank,unclassified
66cbff34-841b-403a-bb4a-622a2c8806fa,sequenceID:de1d0148-6727-49d1-8806-c1df643c9ba7,de1d0148-6727-49d1-8806-c1df643c9ba7,de1d0148-6727-49d1-8806-c1df643c9ba7,10ba46b5-5bbf-46dd-944f-894a05cdb357,unclassified,Unclassified,0.93,addaxai VIC,Blank,blank,unclassified
af76f9ea-43c0-441b-8bb8-2639c0955d3d,sequenceID:1c39e3a7-707a-48ad-ac2e-0d036f93751d,1c39e3a7-707a-48ad-ac2e-0d036f93751d,1c39e3a7-707a-48ad-ac2e-0d036f93751d,10ba46b5-5bbf-46dd-944f-894a05cdb357,unclassified,Unclassified,0.96,addaxai VIC,Blank,blank,unclassified
ca2ad928-cb73-4a6f-9065-5517207b08cd,sequenceID:20d7a95a-4f48-4977-ad6a-66acd5a485e6,20d7a95a-4f48-4977-ad6a-66acd5a485e6,20d7a95a-4f48-4977-ad6a-66acd5a485e6,10ba46b5-5bbf-46dd-944f-894a05cdb357,unclassified,Unclassified,0.96,addaxai VIC,Blank,blank,unclassified
96181eb5-20d7-4d53-bc73-6ecc8038c728,sequenceID:f2fdb52f-584f-49a8-8de6-cbc47dc3a58f,f2fdb52f-584f-49a8-8de6-cbc47dc3a58f,f2fdb52f-584f-49a8-8de6-cbc47dc3a58f,10ba46b5-5bbf-46dd-944f-894a05cdb357,unclassified,Unclassified,0.93,addaxai VIC,Blank,blank,unclassified
706a341f-be70-4137-ac4a-1178cdb1b2e7,sequenceID:969035ed-33cb-4b15-94ef-60e1292625c4,969035ed-33cb-4b15-94ef-60e1292625c4,969035ed-33cb-4b15-94ef-60e1292625c4,10ba46b5-5bbf-46dd-944f-894a05cdb357,unclassified,Unclassified,0.92,addaxai VIC,Blank,blank,unclassified
ec960fa4-cb81-4409-a282-04264b389f42,sequenceID:b54da9f3-5a8c-4748-b09b-dbddc0930d2a,b54da9f3-5a8c-4748-b09b-dbddc0930d2a,b54da9f3-5a8c-4748-b09b-dbddc0930d2a,10ba46b5-5bbf-46dd-944f-894a05cdb357,unclassified,Unclassified,0.94,addaxai VIC,Blank,blank,unclassified
819981e8-22b0-4c9e-9e7f-dbf63360918d,sequenceID:d0a41a3e-44dc-47e7-8efa-c7c53390505b,d0a41a3e-44dc-47e7-8efa-c7c53390505b,d0a41a3e-44dc-47e7-8efa-c7c53390505b,10ba46b5-5bbf-46dd-944f-894a05cdb357,unclassified,Unclassified,0.94,addaxai VIC,Blank,blank,unclassified
7e148cf7-5e1d-4324-b24b-d582d0e8c498,sequenceID:94b3419e-defb-43b4-a6bc-3d24fc8530a3,94b3419e-defb-43b4-a6bc-3d24fc8530a3,94b3419e-defb-43b4-a6bc-3d24fc8530a3,10ba46b5-5bbf-46dd-944f-894a05cdb357,unclassified,Unclassified,0.96,addaxai VIC,Blank,blank,unclassified
0e10ba55-7039-492d-9d25-d75f243aa32a,sequenceID:f0967969-c064-4906-864f-3f6277639247,f0967969-c064-4906-864f-3f6277639247,f0967969-c064-4906-864f-3f6277639247,10ba46b5-5bbf-46dd-944f-894a05cdb357,unclassified,Unclassified,0.92,addaxai VIC,Blank,blank,unclassified
47b1c345-32ba-4917-b08d-e2b5fd1abaae,sequenceID:99ee147d-63a0-467f-8a66-e45edabba03e,99ee147d-63a0-467f-8a66-e45edabba03e,99ee147d-63a0-467f-8a66-e45edabba03e,10ba46b5-5bbf-46dd-944f-894a05cdb357,unclassified,Unclassified,0.95,addaxai VIC,Blank,blank,unclassified
a730b467-0242-4067-a0ec-40c748e8572f,sequenceID:8a1f4e6e-e169-4df0-b4cd-34d135c73862,8a1f4e6e-e169-4df0-b4cd-34d135c73862,8a1f4e6e-e169-4df0-b4cd-34d135c73862,10ba46b5-5bbf-46dd-944f-894a05cdb357,unclassified,Unclassified,0.94,addaxai VIC,Blank,blank,unclassified
c1342122-02c4-4aa6-99bd-c15df2399326,sequenceID:f21c94d8-9cc0-409b-8e99-02ac151bacdf,f21c94d8-9cc0-409b-8e99-02ac151bacdf,f21c94d8-9cc0-409b-8e99-02ac151bacdf,10ba46b5-5bbf-46dd-944f-894a05cdb357,unclassified,Unclassified,0.92,addaxai VIC,Blank,blank,unclassified
ddc9a3e1-2deb-4872-9ee8-c9e8f6298e26,sequenceID:9cf3b08d-08d2-4474-ab93-8a10ff5f39c3,9cf3b08d-08d2-4474-ab93-8a10ff5f39c3,9cf3b08d-08d2-4474-ab93-8a10ff5f39c3,10ba46b5-5bbf-46dd-944f-894a05cdb357,unclassified,Unclassified,0.95,addaxai VIC,Blank,blank,unclassified
86e407c6-3f81-49e5-88d2-d63ab39e4453,sequenceID:5c275102-9833-40c4-8d34-1aa0280e296b,5c275102-9833-40c4-8d34-1aa0280e296b,5c275102-9833-40c4-8d34-1aa0280e296b,10ba46b5-5bbf-46dd-944f-894a05cdb357,unclassified,Unclassified,0.95,addaxai VIC,Blank,blank,unclassified
3df0dadf-323c-4eeb-b1c1-a16d56a7181d,sequenceID:30a0089b-d1db-4df4-91d5-07829044aa90,30a0089b-d1db-4df4-91d5-07829044aa90,30a0089b-d1db-4df4-91d5-07829044aa90,10ba46b5-5bbf-46dd-944f-894a05cdb357,unclassified,Unclassified,0.92,addaxai VIC,Blank,blank,unclassified
f2efb6df-3986-4105-a740-c5060c777756,sequenceID:62958e6c-9c69-4ff2-a68b-121bf9666280,62958e6c-9c69-4ff2-a68b-121bf9666280,62958e6c-9c69-4ff2-a68b-121bf9666280,10ba46b5-5bbf-46dd-944f-894a05cdb357,unclassified,Unclassified,0.94,addaxai VIC,Blank,blank,unclassified
3ffe866d-709c-499d-9160-c9d10deafa8d,sequenceID:c89f21ec-2c32-442c-bd19-d4e843edaef6,c89f21ec-2c32-442c-bd19-d4e843edaef6,c89f21ec-2c32-442c-bd19-d4e843edaef6,10ba46b5-5bbf-46dd-944f-894a05cdb357,unclassified,Unclassified,0.94,addaxai VIC,Blank,blank,unclassified
4ce8d9fe-9019-4874-a8e7-dfb00b4be9f4,sequenceID:d2b639fe-a03b-408e-b16b-c0dc4d215ae1,d2b639fe-a03b-408e-b16b-c0dc4d215ae1,d2b639fe-a03b-408e-b16b-c0dc4d215ae1,10ba46b5-5bbf-46dd-944f-894a05cdb357,unclassified,Unclassified,0.92,addaxai VIC,Blank,blank,unclassified
af83fb44-8bfc-42e8-80a3-f4b2d3ac752c,sequenceID:a1464d97-a435-4a74-91dc-7507b36f5ddf,a1464d97-a435-4a74-91dc-7507b36f5ddf,a1464d97-a435-4a74-91dc-7507b36f5ddf,10ba46b5-5bbf-46dd-944f-894a05cdb357,unclassified,Unclassified,0.96,addaxai VIC,Blank,blank,unclassified
b734cb82-a51b-4e5a-a592-36ccce519d4f,sequenceID:6796398e-8cdd-415e-ade3-954380001a01,6796398e-8cdd-415e-ade3-954380001a01,6796398e-8cdd-415e-ade3-954380001a01,10ba46b5-5bbf-46dd-944f-894a05cdb357,unclassified,Unclassified,0.91,addaxai VIC,Blank,blank,unclassified
dff3e662-5f3d-40a0-8fa6-e72c64a9c845,sequenceID:4e84727e-9f4a-44ab-9357-c728716e97a6,4e84727e-9f4a-44ab-9357-c728716e97a6,4e84727e-9f4a-44ab-9357-c728716e97a6,10ba46b5-5bbf-46dd-944f-894a05cdb357,unclassified,Unclassified,0.93,addaxai VIC,Blank,blank,unclassified
a9053902-5ea9-41e8-b945-1a5ab244fecd,sequenceID:3d720287-1c8c-4186-a658-0903333a3837,3d720287-1c8c-4186-a658-0903333a3837,3d720287-1c8c-4186-a658-0903333a3837,10ba46b5-5bbf-46dd-944f-894a05cdb357,unclassified,Unclassified,0.96,addaxai VIC,Blank,blank,unclassified
11cb41f3-852d-4fbc-b5ab-f0b71d2ca533,sequenceID:a7cb1029-8622-40e1-80fa-aa2a231e1e59,a7cb1029-8622-40e1-80fa-aa2a231e1e59,a7cb1029-8622-40e1-80fa-aa2a231e1e59,10ba46b5-5bbf-46dd-944f-894a05cdb357,unclassified,Unclassified,0.93,addaxai VIC,Blank,blank,unclassified
54cd462e-2c86-4955-8b86-fb0d57490847,sequenceID:c408dc0b-0f5a-4e05-ad17-d8dd1691a8ec,c408dc0b-0f5a-4e05-ad17-d8dd1691a8ec,c408dc0b-0f5a-4e05-ad17-d8dd1691a8ec,10ba46b5-5bbf-46dd-944f-894a05cdb357,unclassified,Unclassified,0.96,addaxai VIC,Blank,blank,unclassified
f41f6505-c86a-4081-ba4c-7cdc9d04f732,sequenceID:8914dcd5-7607-4872-9021-0c47423cf8cb,8914dcd5-7607-4872-9021-0c47423cf8cb,8914dcd5-7607-4872-9021-0c47423cf8cb,10ba46b5-5bbf-46dd-944f-894a05cdb357,unclassified,Unclassified,0.0,,Blank,blank,unclassified
61641e8d-fffe-42b7-a616-ef02e670849f,sequenceID:1d409395-b672-434b-b350-fe952ad22566,1d409395-b672-434b-b350-fe952ad22566,1d409395-b672-434b-b350-fe952ad22566,10ba46b5-5bbf-46dd-944f-894a05cdb357,unclassified,Unclassified,0.93,addaxai VIC,Blank,blank,unclassified
0ab6bfb4-ed2e-4105-ac3e-cc55715bab83,sequenceID:661a7000-d247-4b3f-b33f-c5c97f7b7dc2,661a7000-d247-4b3f-b33f-c5c97f7b7dc2,661a7000-d247-4b3f-b33f-c5c97f7b7dc2,10ba46b5-5bbf-46dd-944f-894a05cdb357,unclassified,Unclassified,0.92,addaxai VIC,Blank,blank,unclassified
23f73547-f561-4515-8e46-4c81a1fceb3f,sequenceID:b61725e3-6e7b-44b5-962d-857e816ce1c8,b61725e3-6e7b-44b5-962d-857e816ce1c8,b61725e3-6e7b-44b5-962d-857e816ce1c8,10ba46b5-5bbf-46dd-944f-894a05cdb357,unclassified,Unclassified,0.88,addaxai VIC,Blank,blank,unclassified
9a9e4869-2504-4bad-aaba-6a21a0e80d93,sequenceID:6bc9340b-841b-4aca-8adf-c9e0a800116d,6bc9340b-841b-4aca-8adf-c9e0a800116d,6bc9340b-841b-4aca-8adf-c9e0a800116d,10ba46b5-5bbf-46dd-944f-894a05cdb357,animal,Mammalia,0.77,addaxai VIC,Blank,blank,mammalia
9a9e4869-2504-4bad-aaba-6a21a0e80d93,sequenceID:6bc9340b-841b-4aca-8adf-c9e0a800116d,6bc9340b-841b-4aca-8adf-c9e0a800116d,6bc9340b-841b-4aca-8adf-c9e0a800116d,10ba46b5-5bbf-46dd-944f-894a05cdb357,animal,Macropus giganteus,0.92,addaxai VIC,Blank,blank,macropus giganteus
5e044696-3a93-47d9-86bd-1b092c6ba61e,sequenceID:6f3a9937-c7e3-4cdb-9837-72e982ca1229,6f3a9937-c7e3-4cdb-9837-72e982ca1229,6f3a9937-c7e3-4cdb-9837-72e982ca1229,10ba46b5-5bbf-46dd-944f-894a05cdb357,unclassified,Unclassified,0.91,addaxai VIC,Blank,blank,unclassified
f0a99380-6db8-4dd7-b57d-b2e27ad1f2b4,sequenceID:6c570905-f6e7-4762-a43b-581f476ff435,6c570905-f6e7-4762-a43b-581f476ff435,6c570905-f6e7-4762-a43b-581f476ff435,10ba46b5-5bbf-46dd-944f-894a05cdb357,unclassified,Unclassified,0.95,addaxai VIC,Blank,blank,unclassified
965a824b-01c3-4e38-8195-36e6fd673bc8,sequenceID:d6b1163f-d554-48aa-926e-7e6084b2abb7,d6b1163f-d554-48aa-926e-7e6084b2abb7,d6b1163f-d554-48aa-926e-7e6084b2abb7,10ba46b5-5bbf-46dd-944f-894a05cdb357,unclassified,Unclassified,0.92,addaxai VIC,Blank,blank,unclassified
0ccfa1f4-57c2-48b6-b9a5-ffae48479c1e,sequenceID:07484597-75e6-48f9-a19c-0234f557ad61,07484597-75e6-48f9-a19c-0234f557ad61,07484597-75e6-48f9-a19c-0234f557ad61,10ba46b5-5bbf-46dd-944f-894a05cdb357,unclassified,Unclassified,0.94,addaxai VIC,Blank,blank,unclassified
1cf60045-7a30-4ca4-9f67-7b63a0252071,sequenceID:2f2b55a1-1194-488f-820a-b660ea8b524b,2f2b55a1-1194-488f-820a-b660ea8b524b,2f2b55a1-1194-488f-820a-b660ea8b524b,10ba46b5-5bbf-46dd-944f-894a05cdb357,unclassified,Unclassified,0.93,addaxai VIC,Blank,blank,unclassified
eafea55a-160d-43d9-9edd-bf3de595e42d,sequenceID:32d58d50-54eb-4c57-8ecc-8cef516c1a36,32d58d50-54eb-4c57-8ecc-8cef516c1a36,32d58d50-54eb-4c57-8ecc-8cef516c1a36,10ba46b5-5bbf-46dd-944f-894a05cdb357,unclassified,Unclassified,0.92,addaxai VIC,Blank,blank,unclassified
0c2b2050-9b06-43e3-a3d2-cdaa7d94e317,sequenceID:10008a70-088c-4ebd-9fca-7037bdf57245,10008a70-088c-4ebd-9fca-7037bdf57245,10008a70-088c-4ebd-9fca-7037bdf57245,10ba46b5-5bbf-46dd-944f-894a05cdb357,unclassified,Unclassified,0.96,addaxai VIC,Blank,blank,unclassified
fa385370-cce1-43c9-b133-01c4507d5b33,sequenceID:1ad5d20c-70c3-41d9-ab67-2777081d53fb,1ad5d20c-70c3-41d9-ab67-2777081d53fb,1ad5d20c-70c3-41d9-ab67-2777081d53fb,10ba46b5-5bbf-46dd-944f-894a05cdb357,unclassified,Unclassified,0.95,addaxai VIC,Blank,blank,unclassified
0b33cd90-aa1c-4918-ab45-6908990155a9,sequenceID:4a7c1f50-d7f9-4628-a0df-175f7a003601,4a7c1f50-d7f9-4628-a0df-175f7a003601,4a7c1f50-d7f9-4628-a0df-175f7a003601,10ba46b5-5bbf-46dd-944f-894a05cdb357,unclassified,Unclassified,0.96,addaxai VIC,Blank,blank,unclassified
c8e539f9-4381-4770-9787-65bed4b14981,sequenceID:3465c587-6893-4038-8d82-5ffb0669715c,3465c587-6893-4038-8d82-5ffb0669715c,3465c587-6893-4038-8d82-5ffb0669715c,10ba46b5-5bbf-46dd-944f-894a05cdb357,unclassified,Unclassified,0.97,addaxai VIC,Blank,blank,unclassified
c250cd95-0de4-41f9-8a70-6c8b35c9ebd2,sequenceID:1f6e571b-cec5-49fb-9e0e-ce5256f86f91,1f6e571b-cec5-49fb-9e0e-ce5256f86f91,1f6e571b-cec5-49fb-9e0e-ce5256f86f91,10ba46b5-5bbf-46dd-944f-894a05cdb357,unclassified,Unclassified,0.91,addaxai VIC,Blank,blank,unclassified
4b9b78ff-7f75-48d2-8997-9af139fe3ca7,sequenceID:6ceeb379-91cd-46a7-9197-50a963cdb715,6ceeb379-91cd-46a7-9197-50a963cdb715,6ceeb379-91cd-46a7-9197-50a963cdb715,10ba46b5-5bbf-46dd-944f-894a05cdb357,unclassified,Unclassified,0.94,addaxai VIC,Blank,blank,unclassified
2cf9d921-e1d3-4681-a826-06a15010abbd,sequenceID:a8be430a-7547-491e-9697-ff9e08a1322a,a8be430a-7547-491e-9697-ff9e08a1322a,a8be430a-7547-491e-9697-ff9e08a1322a,10ba46b5-5bbf-46dd-944f-894a05cdb357,unclassified,Unclassified,0.95,addaxai VIC,Blank,blank,unclassified
987cf313-9d0e-4471-9ffd-214e8dfd070e,sequenceID:645ba2c6-dcce-4117-9986-3a0ccd8b49a4,645ba2c6-dcce-4117-9986-3a0ccd8b49a4,645ba2c6-dcce-4117-9986-3a0ccd8b49a4,10ba46b5-5bbf-46dd-944f-894a05cdb357,unclassified,Unclassified,0.94,addaxai VIC,Blank,blank,unclassified
a1fda713-6d87-40bb-8d94-68d963f25307,sequenceID:8655dd44-1b71-4247-a58e-6385a392602f,8655dd44-1b71-4247-a58e-6385a392602f,8655dd44-1b71-4247-a58e-6385a392602f,10ba46b5-5bbf-46dd-944f-894a05cdb357,unclassified,Unclassified,0.94,addaxai VIC,Blank,blank,unclassified
0427e4f8-1100-4952-be30-58933a192524,sequenceID:989ce921-1650-47f5-a09b-ee4e236e241b,989ce921-1650-47f5-a09b-ee4e236e241b,989ce921-1650-47f5-a09b-ee4e236e241b,10ba46b5-5bbf-46dd-944f-894a05cdb357,unclassified,Unclassified,0.93,addaxai VIC,Blank,blank,unclassified
756a1b3f-9e7a-4b5e-b7fe-68f2e40ab826,sequenceID:527ec726-ce6b-41c0-9fce-80615fcfc6b2,527ec726-ce6b-41c0-9fce-80615fcfc6b2,527ec726-ce6b-41c0-9fce-80615fcfc6b2,10ba46b5-5bbf-46dd-944f-894a05cdb357,unclassified,Unclassified,0.96,addaxai VIC,Blank,blank,unclassified
db381ae1-8707-4dba-a715-8947f0703d87,sequenceID:10ad017a-d496-48f3-bf99-46d005cfa7d9,10ad017a-d496-48f3-bf99-46d005cfa7d9,10ad017a-d496-48f3-bf99-46d005cfa7d9,10ba46b5-5bbf-46dd-944f-894a05cdb357,unclassified,Unclassified,0.95,addaxai VIC,Blank,blank,unclassified
184d058d-55ff-473b-8ab8-8fc684cf85fb,sequenceID:d24ed21d-a295-4041-806d-bb1de13ff1bb,d24ed21d-a295-4041-806d-bb1de13ff1bb,d24ed21d-a295-4041-806d-bb1de13ff1bb,10ba46b5-5bbf-46dd-944f-894a05cdb357,unclassified,Unclassified,0.95,addaxai VIC,Blank,blank,unclassified
61c49878-3df9-4c30-ad5d-c327a615dc31,sequenceID:c6157cbe-3c54-4566-bd7a-683620ead17b,c6157cbe-3c54-4566-bd7a-683620ead17b,c6157cbe-3c54-4566-bd7a-683620ead17b,10ba46b5-5bbf-46dd-944f-894a05cdb357,unclassified,Unclassified,0.94,addaxai VIC,Blank,blank,unclassified
070f73a6-08c3-440a-9c81-db549ed0e7a2,sequenceID:3cc9b900-4f52-4d14-a485-473411c6397a,3cc9b900-4f52-4d14-a485-473411c6397a,3cc9b900-4f52-4d14-a485-473411c6397a,10ba46b5-5bbf-46dd-944f-894a05cdb357,unclassified,Unclassified,0.96,addaxai VIC,Blank,blank,unclassified
b60e88eb-5031-4732-b46c-5e76412f3fdc,sequenceID:e4f0a030-28dd-4c96-8427-8e6bfafb1e61,e4f0a030-28dd-4c96-8427-8e6bfafb1e61,e4f0a030-28dd-4c96-8427-8e6bfafb1e61,10ba46b5-5bbf-46dd-944f-894a05cdb357,unclassified,Unclassified,0.96,addaxai VIC,Blank,blank,unclassified
57ce60d4-9f19-4a1f-adb8-f62ecd49883d,sequenceID:83e90eba-138d-4148-986d-cde1e220d70c,83e90eba-138d-4148-986d-cde1e220d70c,83e90eba-138d-4148-986d-cde1e220d70c,10ba46b5-5bbf-46dd-944f-894a05cdb357,unclassified,Unclassified,0.93,addaxai VIC,Blank,blank,unclassified
d625a801-82b8-48a4-ad64-6bd22e054dc9,sequenceID:db8ab7b6-89d4-49ce-a2ed-a77b8337e312,db8ab7b6-89d4-49ce-a2ed-a77b8337e312,db8ab7b6-89d4-49ce-a2ed-a77b8337e312,10ba46b5-5bbf-46dd-944f-894a05cdb357,unclassified,Unclassified,0.97,addaxai VIC,Blank,blank,unclassified
f60ee7c0-f668-4ce3-97d9-cf736fb163df,sequenceID:7e3c1691-f42a-4b00-9556-5697d2f08750,7e3c1691-f42a-4b00-9556-5697d2f08750,7e3c1691-f42a-4b00-9556-5697d2f08750,10ba46b5-5bbf-46dd-944f-894a05cdb357,unclassified,Unclassified,0.96,addaxai VIC,Blank,blank,unclassified
d956eb41-2484-4ee6-81c3-3a0c144224e8,sequenceID:f54a8b5a-b449-45ab-90a8-e0ba9e9b4f3b,f54a8b5a-b449-45ab-90a8-e0ba9e9b4f3b,f54a8b5a-b449-45ab-90a8-e0ba9e9b4f3b,10ba46b5-5bbf-46dd-944f-894a05cdb357,unclassified,Unclassified,0.95,addaxai VIC,Blank,blank,unclassified
eb77a0c5-945d-45a3-a598-832f5daa5344,sequenceID:957fe3e5-a51c-4c4a-933c-f9fa23429097,957fe3e5-a51c-4c4a-933c-f9fa23429097,957fe3e5-a51c-4c4a-933c-f9fa23429097,10ba46b5-5bbf-46dd-944f-894a05cdb357,unclassified,Unclassified,0.94,addaxai VIC,Blank,blank,unclassified
73f31f38-c60b-4133-a129-78212b7ef067,sequenceID:3c22f96b-a905-42c0-b11a-ad66239514e0,3c22f96b-a905-42c0-b11a-ad66239514e0,3c22f96b-a905-42c0-b11a-ad66239514e0,10ba46b5-5bbf-46dd-944f-894a05cdb357,unclassified,Unclassified,0.95,addaxai VIC,Blank,blank,unclassified
3536f4bf-c3b2-46b1-b6a9-3c90655ed6d6,sequenceID:8176eb35-ff54-45fc-8acb-8bbfa31535b2,8176eb35-ff54-45fc-8acb-8bbfa31535b2,8176eb35-ff54-45fc-8acb-8bbfa31535b2,10ba46b5-5bbf-46dd-944f-894a05cdb357,human,Homo sapiens,0.75,addaxai VIC,Blank,blank,homo sapiens
b2e0ac70-0217-4be9-999b-4a46cbc47148,sequenceID:b7bbc596-b72a-4095-8228-06f2a56f68ad,b7bbc596-b72a-4095-8228-06f2a56f68ad,b7bbc596-b72a-4095-8228-06f2a56f68ad,10ba46b5-5bbf-46dd-944f-894a05cdb357,unclassified,Unclassified,0.96,addaxai VIC,Blank,blank,unclassified
680cbc79-81b7-43ef-a68c-830a961bf03a,sequenceID:21f146e8-b615-439a-8a0b-c87a39afd0c6,21f146e8-b615-439a-8a0b-c87a39afd0c6,21f146e8-b615-439a-8a0b-c87a39afd0c6,10ba46b5-5bbf-46dd-944f-894a05cdb357,unclassified,Unclassified,0.95,addaxai VIC,Blank,blank,unclassified
9f9248f2-0a6d-4d56-98b5-72a4b379dd04,sequenceID:6dc2b3a6-7010-4ab3-a965-568fa5d62f3c,6dc2b3a6-7010-4ab3-a965-568fa5d62f3c,6dc2b3a6-7010-4ab3-a965-568fa5d62f3c,10ba46b5-5bbf-46dd-944f-894a05cdb357,unclassified,Unclassified,0.96,addaxai VIC,Blank,blank,unclassified
c91e0e8a-8364-4e45-8f69-06258db428ae,sequenceID:17154993-b70c-456d-8c04-22ef6aed6367,17154993-b70c-456d-8c04-22ef6aed6367,17154993-b70c-456d-8c04-22ef6aed6367,10ba46b5-5bbf-46dd-944f-894a05cdb357,unclassified,Unclassified,0.97,addaxai VIC,Blank,blank,unclassified
1aee08e3-34c8-4137-a8a8-ca3274912f97,sequenceID:e516b4eb-1c8b-4fc6-b809-c5b8936bb8aa,e516b4eb-1c8b-4fc6-b809-c5b8936bb8aa,e516b4eb-1c8b-4fc6-b809-c5b8936bb8aa,10ba46b5-5bbf-46dd-944f-894a05cdb357,unclassified,Unclassified,0.97,addaxai VIC,Blank,blank,unclassified
a3dfc1fe-58ed-49dd-a641-09be599d9702,sequenceID:d73101f6-98d6-4a82-a8a3-c75ca30c3141,d73101f6-98d6-4a82-a8a3-c75ca30c3141,d73101f6-98d6-4a82-a8a3-c75ca30c3141,10ba46b5-5bbf-46dd-944f-894a05cdb357,unclassified,Unclassified,0.95,addaxai VIC,Blank,blank,unclassified
ef87c0cb-7422-417a-8776-76d8be2550e4,sequenceID:182a2359-a138-42bd-8b7b-2e54d4f8acdb,182a2359-a138-42bd-8b7b-2e54d4f8acdb,182a2359-a138-42bd-8b7b-2e54d4f8acdb,10ba46b5-5bbf-46dd-944f-894a05cdb357,unclassified,Unclassified,0.93,addaxai VIC,Blank,blank,unclassified
656b285e-af21-4867-852a-e8b337b3a923,sequenceID:7bff196c-8699-4642-a3a3-804f87242c8f,7bff196c-8699-4642-a3a3-804f87242c8f,7bff196c-8699-4642-a3a3-804f87242c8f,10ba46b5-5bbf-46dd-944f-894a05cdb357,unclassified,Unclassified,0.95,addaxai VIC,Blank,blank,unclassified
6072fd3d-71e6-4598-ac94-a9245fda539d,sequenceID:2ecf9455-4f92-41d5-94d5-4eb3e6f40ee1,2ecf9455-4f92-41d5-94d5-4eb3e6f40ee1,2ecf9455-4f92-41d5-94d5-4eb3e6f40ee1,10ba46b5-5bbf-46dd-944f-894a05cdb357,unclassified,Unclassified,0.92,addaxai VIC,Blank,blank,unclassified
7869ca14-7e6f-4e7d-9da4-952dca515303,sequenceID:bb013897-c079-4055-a5e4-868042c25735,bb013897-c079-4055-a5e4-868042c25735,bb013897-c079-4055-a5e4-868042c25735,10ba46b5-5bbf-46dd-944f-894a05cdb357,unclassified,Unclassified,0.97,addaxai VIC,Blank,blank,unclassified
6d3204b2-7872-4f1f-97c7-f2ef843a13d5,sequenceID:7d93d11b-42e3-4688-9ff7-8b631d5238c2,7d93d11b-42e3-4688-9ff7-8b631d5238c2,7d93d11b-42e3-4688-9ff7-8b631d5238c2,10ba46b5-5bbf-46dd-944f-894a05cdb357,unclassified,Unclassified,0.96,addaxai VIC,Blank,blank,unclassified
740962c1-f591-4926-984c-e4734818d1d5,sequenceID:a81d9b31-6f14-4278-a44e-e167f9856a2c,a81d9b31-6f14-4278-a44e-e167f9856a2c,a81d9b31-6f14-4278-a44e-e167f9856a2c,10ba46b5-5bbf-46dd-944f-894a05cdb357,unclassified,Unclassified,0.96,addaxai VIC,Blank,blank,unclassified
b7565d58-3c92-4655-9ed1-d9973b429b3c,sequenceID:4ca4645e-a11b-4dc3-b82b-0a9546b2b7b3,4ca4645e-a11b-4dc3-b82b-0a9546b2b7b3,4ca4645e-a11b-4dc3-b82b-0a9546b2b7b3,10ba46b5-5bbf-46dd-944f-894a05cdb357,unclassified,Unclassified,0.95,addaxai VIC,Blank,blank,unclassified
ff90ed92-353e-41f7-b9ca-bc550480549b,sequenceID:c0f80699-be34-4948-80fe-6cd646caa35a,c0f80699-be34-4948-80fe-6cd646caa35a,c0f80699-be34-4948-80fe-6cd646caa35a,10ba46b5-5bbf-46dd-944f-894a05cdb357,unclassified,Unclassified,0.97,addaxai VIC,Blank,blank,unclassified
87ebd05a-9307-4b08-a569-b75ce8ea2dd1,sequenceID:055a4ee3-fc7e-49f2-a855-a3a60ad25ffb,055a4ee3-fc7e-49f2-a855-a3a60ad25ffb,055a4ee3-fc7e-49f2-a855-a3a60ad25ffb,10ba46b5-5bbf-46dd-944f-894a05cdb357,unclassified,Unclassified,0.97,addaxai VIC,Blank,blank,unclassified
62801177-b031-4f35-997e-4816b57fefb6,sequenceID:af4753fc-e2b5-431d-b163-2de0ae07deb4,af4753fc-e2b5-431d-b163-2de0ae07deb4,af4753fc-e2b5-431d-b163-2de0ae07deb4,10ba46b5-5bbf-46dd-944f-894a05cdb357,unclassified,Unclassified,0.96,addaxai VIC,Blank,blank,unclassified
f4dd0830-bce6-4153-9673-b79d63ccc375,sequenceID:c132df75-1dfa-42d2-b902-5ab54db21ef5,c132df75-1dfa-42d2-b902-5ab54db21ef5,c132df75-1dfa-42d2-b902-5ab54db21ef5,10ba46b5-5bbf-46dd-944f-894a05cdb357,unclassified,Unclassified,0.82,addaxai VIC,Blank,blank,unclassified
9f07fc23-a023-430f-927f-936900bb7776,sequenceID:5842ccb2-af53-414f-b385-ddcd2f223556,5842ccb2-af53-414f-b385-ddcd2f223556,5842ccb2-af53-414f-b385-ddcd2f223556,10ba46b5-5bbf-46dd-944f-894a05cdb357,unclassified,Unclassified,0.95,addaxai VIC,Blank,blank,unclassified
f1ce46c0-0ee4-4c52-8ab7-a62dd9a8917a,sequenceID:c5a8bbe8-0859-46c7-8cda-9245ab0014d7,c5a8bbe8-0859-46c7-8cda-9245ab0014d7,c5a8bbe8-0859-46c7-8cda-9245ab0014d7,10ba46b5-5bbf-46dd-944f-894a05cdb357,unclassified,Unclassified,0.97,addaxai VIC,Blank,blank,unclassified
e0f3792b-a96b-4183-b8a9-c5c9be1aa532,sequenceID:af584821-fd86-43b1-a6a0-19863baeeb2c,af584821-fd86-43b1-a6a0-19863baeeb2c,af584821-fd86-43b1-a6a0-19863baeeb2c,10ba46b5-5bbf-46dd-944f-894a05cdb357,unclassified,Unclassified,0.97,addaxai VIC,Blank,blank,unclassified
4e1e7888-26fc-4f26-9d87-39f48dc7f8b3,sequenceID:aef6502a-e41a-49ce-9e86-f7b2e22b39d1,aef6502a-e41a-49ce-9e86-f7b2e22b39d1,aef6502a-e41a-49ce-9e86-f7b2e22b39d1,10ba46b5-5bbf-46dd-944f-894a05cdb357,unclassified,Unclassified,0.95,addaxai VIC,Blank,blank,unclassified
12dd5709-28cd-4875-8231-2dd690b1ff44,sequenceID:e670c50b-61de-4c3d-b01d-257e5b0920e1,e670c50b-61de-4c3d-b01d-257e5b0920e1,e670c50b-61de-4c3d-b01d-257e5b0920e1,4a4f9e50-5178-4457-91b6-c9a2a615c4e3,animal,Macropus giganteus,0.66,addaxai VIC,Vulpes vulpes,vulpes vulpes,macropus giganteus
12bd4541-a9b2-4285-9daf-b9f4b8d53789,sequenceID:3f504b8f-6d58-49b1-a6ed-7d43bf7b2ac4,3f504b8f-6d58-49b1-a6ed-7d43bf7b2ac4,3f504b8f-6d58-49b1-a6ed-7d43bf7b2ac4,4a4f9e50-5178-4457-91b6-c9a2a615c4e3,unclassified,Unclassified,0.93,addaxai VIC,Vulpes vulpes,vulpes vulpes,unclassified
318893c3-cee2-466e-a5b1-79f2813e2aeb,sequenceID:dc1d26ff-afc0-41e9-8ca5-f66b77f6b04b,dc1d26ff-afc0-41e9-8ca5-f66b77f6b04b,dc1d26ff-afc0-41e9-8ca5-f66b77f6b04b,4a4f9e50-5178-4457-91b6-c9a2a615c4e3,animal,Mammalia,0.66,addaxai VIC,Vulpes vulpes,vulpes vulpes,mammalia
e170bd11-df78-41b2-9497-f761cd0df6b5,sequenceID:8adb11ca-eb28-496f-b514-f43f9c6b4079,8adb11ca-eb28-496f-b514-f43f9c6b4079,8adb11ca-eb28-496f-b514-f43f9c6b4079,4a4f9e50-5178-4457-91b6-c9a2a615c4e3,unclassified,Unclassified,0.79,addaxai VIC,Vulpes vulpes,vulpes vulpes,unclassified
fc181049-0e33-4ede-b564-2952db7d7800,sequenceID:79ffc67d-a964-4c2a-a161-9c8815126dbb,79ffc67d-a964-4c2a-a161-9c8815126dbb,79ffc67d-a964-4c2a-a161-9c8815126dbb,4a4f9e50-5178-4457-91b6-c9a2a615c4e3,unclassified,Unclassified,0.0,,Vulpes vulpes,vulpes vulpes,unclassified
bcba24fb-5563-4711-aa01-b4fe3669e9c6,sequenceID:76ab2b29-21e8-441f-8293-327f8e1a9b10,76ab2b29-21e8-441f-8293-327f8e1a9b10,76ab2b29-21e8-441f-8293-327f8e1a9b10,4a4f9e50-5178-4457-91b6-c9a2a615c4e3,animal,Mammalia,0.68,addaxai VIC,Vulpes vulpes,vulpes vulpes,mammalia
6c2f7cc9-65e0-48ac-b7fb-1710ab92ec1c,sequenceID:1f7fc731-117b-4c58-a345-c2dcf460fe0b,1f7fc731-117b-4c58-a345-c2dcf460fe0b,1f7fc731-117b-4c58-a345-c2dcf460fe0b,4a4f9e50-5178-4457-91b6-c9a2a615c4e3,unclassified,Unclassified,0.97,addaxai VIC,Vulpes vulpes,vulpes vulpes,unclassified
53ed1ff7-d6ec-4579-9fd2-d9a98d7c8a79,sequenceID:5519e128-de11-4ffb-a36a-07fe64d67b56,5519e128-de11-4ffb-a36a-07fe64d67b56,5519e128-de11-4ffb-a36a-07fe64d67b56,4a4f9e50-5178-4457-91b6-c9a2a615c4e3,animal,Mammalia,0.9,addaxai VIC,Vulpes vulpes,vulpes vulpes,mammalia
47fb88c9-9638-485b-9b5a-0f5410c90930,sequenceID:d03e7d0e-ed60-4410-a0b6-a0d1cace6b07,d03e7d0e-ed60-4410-a0b6-a0d1cace6b07,d03e7d0e-ed60-4410-a0b6-a0d1cace6b07,4a4f9e50-5178-4457-91b6-c9a2a615c4e3,unclassified,Unclassified,0.0,,Vulpes vulpes,vulpes vulpes,unclassified
de6e85d3-581c-43fa-ad9e-d211895f4e6e,sequenceID:e1fece5e-9c86-4cda-bf0b-431d669bb7a0,e1fece5e-9c86-4cda-bf0b-431d669bb7a0,e1fece5e-9c86-4cda-bf0b-431d669bb7a0,4a4f9e50-5178-4457-91b6-c9a2a615c4e3,animal,Charadriiformes,0.85,addaxai VIC,Vulpes vulpes,vulpes vulpes,charadriiformes
30747056-07a4-4bce-a50a-0478ffa8de66,sequenceID:eb8667f4-8914-47a2-9f01-9c84f255bd9f,eb8667f4-8914-47a2-9f01-9c84f255bd9f,eb8667f4-8914-47a2-9f01-9c84f255bd9f,4a4f9e50-5178-4457-91b6-c9a2a615c4e3,unclassified,Unclassified,0.71,addaxai VIC,Vulpes vulpes,vulpes vulpes,unclassified
b8d9f508-c499-4022-b6cb-c61a0d49da7c,sequenceID:1bec631e-fcda-4327-b5ed-c3dce55ebda0,1bec631e-fcda-4327-b5ed-c3dce55ebda0,1bec631e-fcda-4327-b5ed-c3dce55ebda0,4a4f9e50-5178-4457-91b6-c9a2a615c4e3,unclassified,Unclassified,0.0,,Vulpes vulpes,vulpes vulpes,unclassified
914035b9-9aa0-4262-8e17-5a7380d815f8,sequenceID:806f586a-5d7d-4a6d-90b6-0aebaa3af353,806f586a-5d7d-4a6d-90b6-0aebaa3af353,806f586a-5d7d-4a6d-90b6-0aebaa3af353,4a4f9e50-5178-4457-91b6-c9a2a615c4e3,animal,Mammalia,0.66,addaxai VIC,Vulpes vulpes,vulpes vulpes,mammalia
523b4d63-cad4-4a2a-bf96-d06c07caca3d,sequenceID:46cfe1e3-dd4b-4696-8c35-bd7adad2b125,46cfe1e3-dd4b-4696-8c35-bd7adad2b125,46cfe1e3-dd4b-4696-8c35-bd7adad2b125,4a4f9e50-5178-4457-91b6-c9a2a615c4e3,animal,Mammalia,0.75,addaxai VIC,Vulpes vulpes,vulpes vulpes,mammalia
ae719f79-9145-4dc2-a199-695c38f4cfe7,sequenceID:27964b05-502f-409f-8a4d-0783218b07ed,27964b05-502f-409f-8a4d-0783218b07ed,27964b05-502f-409f-8a4d-0783218b07ed,4a4f9e50-5178-4457-91b6-c9a2a615c4e3,unclassified,Unclassified,0.96,addaxai VIC,Vulpes vulpes,vulpes vulpes,unclassified
742069db-831f-4de3-a137-1e614a30ce85,sequenceID:26e7f6c8-69bf-4a44-90dd-9024640e80ea,26e7f6c8-69bf-4a44-90dd-9024640e80ea,26e7f6c8-69bf-4a44-90dd-9024640e80ea,4a4f9e50-5178-4457-91b6-c9a2a615c4e3,unclassified,Unclassified,0.93,addaxai VIC,Vulpes vulpes,vulpes vulpes,unclassified
9dec2f5e-8d13-4f63-b3d5-1c5a29444490,sequenceID:9bc710bc-f3f9-4d53-aff3-453470ba9d43,9bc710bc-f3f9-4d53-aff3-453470ba9d43,9bc710bc-f3f9-4d53-aff3-453470ba9d43,4a4f9e50-5178-4457-91b6-c9a2a615c4e3,unclassified,Unclassified,0.0,,Vulpes vulpes,vulpes vulpes,unclassified
6e1b940e-6d5e-47f4-8ce6-cb6a52181094,sequenceID:ce386591-07a9-4a7b-97c9-70ea3149ef83,ce386591-07a9-4a7b-97c9-70ea3149ef83,ce386591-07a9-4a7b-97c9-70ea3149ef83,4a4f9e50-5178-4457-91b6-c9a2a615c4e3,animal,Mammalia,0.85,addaxai VIC,Vulpes vulpes,vulpes vulpes,mammalia
97e0a21a-dffb-4eda-92bd-df5976b71ee1,sequenceID:a141b1b3-bd2e-42a0-b847-887247156bc6,a141b1b3-bd2e-42a0-b847-887247156bc6,a141b1b3-bd2e-42a0-b847-887247156bc6,4a4f9e50-5178-4457-91b6-c9a2a615c4e3,animal,Mammalia,0.73,addaxai VIC,Vulpes vulpes,vulpes vulpes,mammalia
40ecb675-8187-4aa5-9e56-c2839c60c455,sequenceID:8423e367-b187-4cbb-aaf0-63ac95358798,8423e367-b187-4cbb-aaf0-63ac95358798,8423e367-b187-4cbb-aaf0-63ac95358798,4a4f9e50-5178-4457-91b6-c9a2a615c4e3,animal,Cervus elaphus,0.81,addaxai VIC,Vulpes vulpes,vulpes vulpes,cervus elaphus
14feee05-bae1-4a55-9cf2-e19068803192,sequenceID:8d5e7659-025b-473c-b87e-8be728c117d1,8d5e7659-025b-473c-b87e-8be728c117d1,8d5e7659-025b-473c-b87e-8be728c117d1,4a4f9e50-5178-4457-91b6-c9a2a615c4e3,unclassified,Unclassified,0.98,addaxai VIC,Vulpes vulpes,vulpes vulpes,unclassified
03f5239a-8fe7-42ab-ba78-6395c1a35c72,sequenceID:ab5acfc1-3c78-4fd7-9e35-4677558ff571,ab5acfc1-3c78-4fd7-9e35-4677558ff571,ab5acfc1-3c78-4fd7-9e35-4677558ff571,4a4f9e50-5178-4457-91b6-c9a2a615c4e3,unclassified,Unclassified,0.72,addaxai VIC,Vulpes vulpes,vulpes vulpes,unclassified
5e263a28-63f7-4e55-9554-feb04788b6e7,sequenceID:b7018d17-3cdd-415b-b3f5-08574eca6e61,b7018d17-3cdd-415b-b3f5-08574eca6e61,b7018d17-3cdd-415b-b3f5-08574eca6e61,4a4f9e50-5178-4457-91b6-c9a2a615c4e3,animal,Macropus giganteus,0.72,addaxai VIC,Vulpes vulpes,vulpes vulpes,macropus giganteus
82577064-cc3a-4e6d-b526-a7867fd313b0,sequenceID:5107004c-9ce8-48e4-b501-ac2d44c5c05a,5107004c-9ce8-48e4-b501-ac2d44c5c05a,5107004c-9ce8-48e4-b501-ac2d44c5c05a,4a4f9e50-5178-4457-91b6-c9a2a615c4e3,animal,Mammalia,0.86,addaxai VIC,Vulpes vulpes,vulpes vulpes,mammalia
8aac5532-614f-48bf-939b-eac0ed369e46,sequenceID:bde99e45-b374-4925-8841-84d02252076b,bde99e45-b374-4925-8841-84d02252076b,bde99e45-b374-4925-8841-84d02252076b,4a4f9e50-5178-4457-91b6-c9a2a615c4e3,unclassified,Unclassified,0.88,addaxai VIC,Vulpes vulpes,vulpes vulpes,unclassified
c7837caa-a287-4234-a09f-ea4182c0f8d9,sequenceID:5f08754f-7cbb-47cd-b75b-8b96f768ea17,5f08754f-7cbb-47cd-b75b-8b96f768ea17,5f08754f-7cbb-47cd-b75b-8b96f768ea17,4a4f9e50-5178-4457-91b6-c9a2a615c4e3,unclassified,Unclassified,0.94,addaxai VIC,Vulpes vulpes,vulpes vulpes,unclassified
dea11e93-7b98-4efa-88d7-03f53f00c157,sequenceID:934cf45c-1823-4778-9718-0260c91482a5,934cf45c-1823-4778-9718-0260c91482a5,934cf45c-1823-4778-9718-0260c91482a5,4a4f9e50-5178-4457-91b6-c9a2a615c4e3,unclassified,Unclassified,0.96,addaxai VIC,Vulpes vulpes,vulpes vulpes,unclassified
ce09bb35-a7ed-4855-b181-be6cf5d55c61,sequenceID:8b262b0d-f8d4-4336-954f-67a3dec21c43,8b262b0d-f8d4-4336-954f-67a3dec21c43,8b262b0d-f8d4-4336-954f-67a3dec21c43,4a4f9e50-5178-4457-91b6-c9a2a615c4e3,animal,Wallabia bicolor,0.69,addaxai VIC,Vulpes vulpes,vulpes vulpes,wallabia bicolor
1ce50111-034e-463d-87bb-735cbe7e55dd,sequenceID:21129635-52a3-49f2-9916-60ab9aeaf89d,21129635-52a3-49f2-9916-60ab9aeaf89d,21129635-52a3-49f2-9916-60ab9aeaf89d,4a4f9e50-5178-4457-91b6-c9a2a615c4e3,unclassified,Unclassified,0.0,,Vulpes vulpes,vulpes vulpes,unclassified
102e81a5-c4ca-4aa6-8f5c-b9e5b32d2ef2,sequenceID:1d39355c-b43c-49fe-b683-1f44dea1d4d8,1d39355c-b43c-49fe-b683-1f44dea1d4d8,1d39355c-b43c-49fe-b683-1f44dea1d4d8,4a4f9e50-5178-4457-91b6-c9a2a615c4e3,unclassified,Unclassified,0.0,,Vulpes vulpes,vulpes vulpes,unclassified
429a513c-6ff8-4479-92a1-7680e150022a,sequenceID:621833fb-5363-4b0b-bdee-7306595febd4,621833fb-5363-4b0b-bdee-7306595febd4,621833fb-5363-4b0b-bdee-7306595febd4,4a4f9e50-5178-4457-91b6-c9a2a615c4e3,unclassified,Unclassified,0.94,addaxai VIC,Vulpes vulpes,vulpes vulpes,unclassified
22e5e4fe-884b-4ce3-8754-6da16e47c7e3,sequenceID:f0c3de01-55d5-42e0-8431-80ba3da7ba17,f0c3de01-55d5-42e0-8431-80ba3da7ba17,f0c3de01-55d5-42e0-8431-80ba3da7ba17,4a4f9e50-5178-4457-91b6-c9a2a615c4e3,unclassified,Unclassified,0.81,addaxai VIC,Vulpes vulpes,vulpes vulpes,unclassified
3c7bb9c8-a2fe-4fb1-9cbc-704873702bf0,sequenceID:ef2048d9-95db-49a4-a0d8-1ff6f7b7775b,ef2048d9-95db-49a4-a0d8-1ff6f7b7775b,ef2048d9-95db-49a4-a0d8-1ff6f7b7775b,4a4f9e50-5178-4457-91b6-c9a2a615c4e3,animal,Canis lupus dingo,0.67,addaxai VIC,Vulpes vulpes,vulpes vulpes,canis lupus dingo
2be3ed75-153b-48fc-842b-2a6f69ab375d,sequenceID:81a9e6b0-965b-4185-8eab-e1484aa4d3a0,81a9e6b0-965b-4185-8eab-e1484aa4d3a0,81a9e6b0-965b-4185-8eab-e1484aa4d3a0,4a4f9e50-5178-4457-91b6-c9a2a615c4e3,animal,Equus,0.67,addaxai VIC,Vulpes vulpes,vulpes vulpes,equus
f67d7f2f-fddd-4846-9170-3030d973170f,sequenceID:f1ab7fb5-54f0-4941-ae89-f34240f753bd,f1ab7fb5-54f0-4941-ae89-f34240f753bd,f1ab7fb5-54f0-4941-ae89-f34240f753bd,4a4f9e50-5178-4457-91b6-c9a2a615c4e3,unclassified,Unclassified,0.96,addaxai VIC,Vulpes vulpes,vulpes vulpes,unclassified
1a6fc7dc-1d30-40f6-842f-66194df33eef,sequenceID:f1ab7fb5-54f0-4941-ae89-f34240f753bd,f1ab7fb5-54f0-4941-ae89-f34240f753bd,f1ab7fb5-54f0-4941-ae89-f34240f753bd,4a4f9e50-5178-4457-91b6-c9a2a615c4e3,unclassified,Unclassified,0.96,addaxai VIC,Vulpes vulpes,vulpes vulpes,unclassified
1ee6f642-3f59-418a-9ac8-b1cdf29ccad6,sequenceID:7c5a89b3-feb8-4648-9341-428291e05d0f,7c5a89b3-feb8-4648-9341-428291e05d0f,7c5a89b3-feb8-4648-9341-428291e05d0f,4a4f9e50-5178-4457-91b6-c9a2a615c4e3,unclassified,Unclassified,0.0,,Vulpes vulpes,vulpes vulpes,unclassified
edca49b9-d1e3-4e31-bf02-3143b2b07fb3,sequenceID:f04037af-1f32-48ca-a214-f8b0b9cfc1be,f04037af-1f32-48ca-a214-f8b0b9cfc1be,f04037af-1f32-48ca-a214-f8b0b9cfc1be,4a4f9e50-5178-4457-91b6-c9a2a615c4e3,animal,Mammalia,0.66,addaxai VIC,Vulpes vulpes,vulpes vulpes,mammalia
565cff66-641b-481d-bf1a-b2de24ba8841,sequenceID:9a041b88-e896-4774-97be-a30b136ae87d,9a041b88-e896-4774-97be-a30b136ae87d,9a041b88-e896-4774-97be-a30b136ae87d,4a4f9e50-5178-4457-91b6-c9a2a615c4e3,unclassified,Unclassified,0.0,,Vulpes vulpes,vulpes vulpes,unclassified
e55e4411-f90f-4168-b4e1-ef8dc49eb392,sequenceID:95126eac-e9a2-410b-8375-524f11e5127d,95126eac-e9a2-410b-8375-524f11e5127d,95126eac-e9a2-410b-8375-524f11e5127d,4a4f9e50-5178-4457-91b6-c9a2a615c4e3,animal,Mammalia,0.93,addaxai VIC,Vulpes vulpes,vulpes vulpes,mammalia
6caf58d1-bbb7-417a-8619-88791672e4d4,sequenceID:f3a3704b-d1c7-483e-bedf-684745abfa48,f3a3704b-d1c7-483e-bedf-684745abfa48,f3a3704b-d1c7-483e-bedf-684745abfa48,4a4f9e50-5178-4457-91b6-c9a2a615c4e3,unclassified,Unclassified,0.88,addaxai VIC,Vulpes vulpes,vulpes vulpes,unclassified
927e82d0-7a8a-4b49-b6df-33c7f9341980,sequenceID:332747bf-459b-4ce7-98ce-d2b1e7e53cf5,332747bf-459b-4ce7-98ce-d2b1e7e53cf5,332747bf-459b-4ce7-98ce-d2b1e7e53cf5,4a4f9e50-5178-4457-91b6-c9a2a615c4e3,animal,Mammalia,0.71,addaxai VIC,Vulpes vulpes,vulpes vulpes,mammalia
870f1946-6333-47a2-a0b9-e76a97d3a420,sequenceID:e03190cc-cb0c-45cd-8360-248bf2a1d552,e03190cc-cb0c-45cd-8360-248bf2a1d552,e03190cc-cb0c-45cd-8360-248bf2a1d552,4a4f9e50-5178-4457-91b6-c9a2a615c4e3,unclassified,Unclassified,0.0,,Vulpes vulpes,vulpes vulpes,unclassified
06d5cdc0-b2b2-4ac7-b261-0fba511ebe64,sequenceID:a344499d-4b51-4b99-b2c3-2c065cf71d33,a344499d-4b51-4b99-b2c3-2c065cf71d33,a344499d-4b51-4b99-b2c3-2c065cf71d33,4a4f9e50-5178-4457-91b6-c9a2a615c4e3,animal,Cervidae,0.71,addaxai VIC,Vulpes vulpes,vulpes vulpes,cervidae
c1b24ac8-c953-448b-b819-ab305ac08815,sequenceID:ee658412-78df-436d-a4a1-c30e3a6d09e9,ee658412-78df-436d-a4a1-c30e3a6d09e9,ee658412-78df-436d-a4a1-c30e3a6d09e9,4a4f9e50-5178-4457-91b6-c9a2a615c4e3,unclassified,Unclassified,0.65,addaxai VIC,Vulpes vulpes,vulpes vulpes,unclassified
25194321-0208-4bff-86e7-012ff74d57f3,sequenceID:f78d586c-7b2b-4da4-aef9-0991999698ab,f78d586c-7b2b-4da4-aef9-0991999698ab,f78d586c-7b2b-4da4-aef9-0991999698ab,4a4f9e50-5178-4457-91b6-c9a2a615c4e3,animal,Mammalia,0.7,addaxai VIC,Vulpes vulpes,vulpes vulpes,mammalia
6d760f73-ecd0-4fd4-8657-55fea6702751,sequenceID:48e20c19-a8e2-4c12-b95a-235a27eea674,48e20c19-a8e2-4c12-b95a-235a27eea674,48e20c19-a8e2-4c12-b95a-235a27eea674,4a4f9e50-5178-4457-91b6-c9a2a615c4e3,animal,Mammalia,0.94,addaxai VIC,Vulpes vulpes,vulpes vulpes,mammalia
6d760f73-ecd0-4fd4-8657-55fea6702751,sequenceID:48e20c19-a8e2-4c12-b95a-235a27eea674,48e20c19-a8e2-4c12-b95a-235a27eea674,48e20c19-a8e2-4c12-b95a-235a27eea674,4a4f9e50-5178-4457-91b6-c9a2a615c4e3,unclassified,Unclassified,0.92,addaxai VIC,Vulpes vulpes,vulpes vulpes,unclassified
bc64bc43-1f40-42cc-a865-b39cddb7172f,sequenceID:1cbb7b2e-3534-4169-bf58-5be1fb26bc7f,1cbb7b2e-3534-4169-bf58-5be1fb26bc7f,1cbb7b2e-3534-4169-bf58-5be1fb26bc7f,4a4f9e50-5178-4457-91b6-c9a2a615c4e3,unclassified,Unclassified,0.93,addaxai VIC,Vulpes vulpes,vulpes vulpes,unclassified
056eea7a-e8c7-47b9-b410-af112447ed50,sequenceID:139baa59-1e79-4ca6-bb0a-1b4154fe4f53,139baa59-1e79-4ca6-bb0a-1b4154fe4f53,139baa59-1e79-4ca6-bb0a-1b4154fe4f53,4a4f9e50-5178-4457-91b6-c9a2a615c4e3,animal,Mammalia,0.77,addaxai VIC,Vulpes vulpes,vulpes vulpes,mammalia
be5417f1-27fa-4dd6-baf4-105757be28b0,sequenceID:9bc46a5d-2f83-4f08-9883-780efe451adb,9bc46a5d-2f83-4f08-9883-780efe451adb,9bc46a5d-2f83-4f08-9883-780efe451adb,4a4f9e50-5178-4457-91b6-c9a2a615c4e3,animal,Cervus elaphus,0.79,addaxai VIC,Vulpes vulpes,vulpes vulpes,cervus elaphus
0600da0b-6aa5-4052-8bbc-aa49daa687da,sequenceID:9bc46a5d-2f83-4f08-9883-780efe451adb,9bc46a5d-2f83-4f08-9883-780efe451adb,9bc46a5d-2f83-4f08-9883-780efe451adb,4a4f9e50-5178-4457-91b6-c9a2a615c4e3,animal,Cervus elaphus,0.79,addaxai VIC,Vulpes vulpes,vulpes vulpes,cervus elaphus
e88ccc3f-643c-4414-b37f-dc14f18d503a,sequenceID:c5fb7713-1d12-47c4-b611-095e255d34c9,c5fb7713-1d12-47c4-b611-095e255d34c9,c5fb7713-1d12-47c4-b611-095e255d34c9,4a4f9e50-5178-4457-91b6-c9a2a615c4e3,unclassified,Unclassified,0.0,,Vulpes vulpes,vulpes vulpes,unclassified
4ee9e309-5c95-4d29-8a9e-15196c43cb20,sequenceID:0859279e-1331-4e47-b0e1-a17625d5f58c,0859279e-1331-4e47-b0e1-a17625d5f58c,0859279e-1331-4e47-b0e1-a17625d5f58c,4a4f9e50-5178-4457-91b6-c9a2a615c4e3,unclassified,Unclassified,0.0,,Vulpes vulpes,vulpes vulpes,unclassified
3aecea08-7f1e-4292-834c-0d639474d93a,sequenceID:d3d60c43-ca4d-4feb-ae17-3f36e77f0171,d3d60c43-ca4d-4feb-ae17-3f36e77f0171,d3d60c43-ca4d-4feb-ae17-3f36e77f0171,4a4f9e50-5178-4457-91b6-c9a2a615c4e3,animal,Mammalia,0.68,addaxai VIC,Vulpes vulpes,vulpes vulpes,mammalia
3afc1d52-83d6-49c9-a5bf-da129b7a5b5a,sequenceID:ff86fd7d-7359-4dc9-aeee-8001e81ec77a,ff86fd7d-7359-4dc9-aeee-8001e81ec77a,ff86fd7d-7359-4dc9-aeee-8001e81ec77a,4a4f9e50-5178-4457-91b6-c9a2a615c4e3,unclassified,Unclassified,0.0,,Vulpes vulpes,vulpes vulpes,unclassified
fa0af0ba-80ee-4873-b196-d4571ca78769,sequenceID:41aa460f-da86-4b4a-a59d-813c9e9aa624,41aa460f-da86-4b4a-a59d-813c9e9aa624,41aa460f-da86-4b4a-a59d-813c9e9aa624,4a4f9e50-5178-4457-91b6-c9a2a615c4e3,animal,Macropus dorsalis,0.76,addaxai VIC,Vulpes vulpes,vulpes vulpes,macropus dorsalis
f0927b8e-8a19-4fd3-af54-8d6e752ac359,sequenceID:6b00152a-f59b-4bb7-9a10-f84bb6d1e790,6b00152a-f59b-4bb7-9a10-f84bb6d1e790,6b00152a-f59b-4bb7-9a10-f84bb6d1e790,4a4f9e50-5178-4457-91b6-c9a2a615c4e3,animal,Mammalia,0.66,addaxai VIC,Vulpes vulpes,vulpes vulpes,mammalia
aade2310-5c98-4b25-8de3-8c9d148a2d7e,sequenceID:9ed8a4f3-0962-4f7c-a637-6dd555226735,9ed8a4f3-0962-4f7c-a637-6dd555226735,9ed8a4f3-0962-4f7c-a637-6dd555226735,4a4f9e50-5178-4457-91b6-c9a2a615c4e3,unclassified,Unclassified,0.97,addaxai VIC,Vulpes vulpes,vulpes vulpes,unclassified
919fcf86-12a8-4777-a361-a27afb908f0a,sequenceID:6705b140-ceed-4ce7-a565-133a5157d003,6705b140-ceed-4ce7-a565-133a5157d003,6705b140-ceed-4ce7-a565-133a5157d003,4a4f9e50-5178-4457-91b6-c9a2a615c4e3,animal,Felis catus,0.74,addaxai VIC,Vulpes vulpes,vulpes vulpes,felis catus
4a7206b0-2920-4d27-ae7b-4395719f9fa5,sequenceID:54a882e9-7f83-445f-a303-b71f06c96209,54a882e9-7f83-445f-a303-b71f06c96209,54a882e9-7f83-445f-a303-b71f06c96209,4a4f9e50-5178-4457-91b6-c9a2a615c4e3,animal,Macropus dorsalis,0.77,addaxai VIC,Vulpes vulpes,vulpes vulpes,macropus dorsalis
82326c75-4fca-4ea0-9c99-249a7cbc538f,sequenceID:28ea6d59-e4c9-4984-9af3-3bc2eaaa339e,28ea6d59-e4c9-4984-9af3-3bc2eaaa339e,28ea6d59-e4c9-4984-9af3-3bc2eaaa339e,4a4f9e50-5178-4457-91b6-c9a2a615c4e3,animal,Canis lupus dingo,0.82,addaxai VIC,Vulpes vulpes,vulpes vulpes,canis lupus dingo
ff8a2b03-a760-4b45-ac07-147d76e53859,sequenceID:b9a47f98-adfe-46c5-ae27-fd60f64118f2,b9a47f98-adfe-46c5-ae27-fd60f64118f2,b9a47f98-adfe-46c5-ae27-fd60f64118f2,4a4f9e50-5178-4457-91b6-c9a2a615c4e3,animal,Mammalia,0.81,addaxai VIC,Vulpes vulpes,vulpes vulpes,mammalia
fb564fa6-13a3-4161-8b9d-c53c6c8fa989,sequenceID:ed5c14ab-8dc5-4300-98c5-541533bae5b5,ed5c14ab-8dc5-4300-98c5-541533bae5b5,ed5c14ab-8dc5-4300-98c5-541533bae5b5,4a4f9e50-5178-4457-91b6-c9a2a615c4e3,animal,Mammalia,0.69,addaxai VIC,Vulpes vulpes,vulpes vulpes,mammalia
6fb7190f-5da0-4dac-963f-b35adc0a0c1f,sequenceID:864e8c96-37bb-48b6-a0a8-fa153324e71b,864e8c96-37bb-48b6-a0a8-fa153324e71b,864e8c96-37bb-48b6-a0a8-fa153324e71b,4a4f9e50-5178-4457-91b6-c9a2a615c4e3,unclassified,Unclassified,0.9,addaxai VIC,Vulpes vulpes,vulpes vulpes,unclassified
a9879ce0-507b-4919-8ad7-8d983c04977f,sequenceID:714005f0-7222-4b61-8a18-4fdc77574e7f,714005f0-7222-4b61-8a18-4fdc77574e7f,714005f0-7222-4b61-8a18-4fdc77574e7f,4a4f9e50-5178-4457-91b6-c9a2a615c4e3,unclassified,Unclassified,0.95,addaxai VIC,Vulpes vulpes,vulpes vulpes,unclassified
7856e482-005f-4b77-bafc-d70e7f366a60,sequenceID:de560ebf-546a-4ad2-b28e-d77d9d329776,de560ebf-546a-4ad2-b28e-d77d9d329776,de560ebf-546a-4ad2-b28e-d77d9d329776,4a4f9e50-5178-4457-91b6-c9a2a615c4e3,animal,Mammalia,0.68,addaxai VIC,Vulpes vulpes,vulpes vulpes,mammalia
8e25acae-7236-41e3-a507-64e94b45db65,sequenceID:f257918d-a618-4e57-b5a0-d05930fd3f01,f257918d-a618-4e57-b5a0-d05930fd3f01,f257918d-a618-4e57-b5a0-d05930fd3f01,4a4f9e50-5178-4457-91b6-c9a2a615c4e3,animal,Mammalia,0.93,addaxai VIC,Vulpes vulpes,vulpes vulpes,mammalia
3442c934-0170-4a07-b72c-04e15003fda3,sequenceID:f257918d-a618-4e57-b5a0-d05930fd3f01,f257918d-a618-4e57-b5a0-d05930fd3f01,f257918d-a618-4e57-b5a0-d05930fd3f01,4a4f9e50-5178-4457-91b6-c9a2a615c4e3,animal,Mammalia,0.93,addaxai VIC,Vulpes vulpes,vulpes vulpes,mammalia
d6c5c643-2931-485c-9004-15b36be62255,sequenceID:5250cb17-9f02-433a-96ad-5079e43a08b1,5250cb17-9f02-433a-96ad-5079e43a08b1,5250cb17-9f02-433a-96ad-5079e43a08b1,4a4f9e50-5178-4457-91b6-c9a2a615c4e3,unclassified,Unclassified,0.0,,Vulpes vulpes,vulpes vulpes,unclassified
bb4db1f4-84c9-428e-836b-ff472430dd84,sequenceID:9aa71541-1f51-470f-b325-06b8af75164a,9aa71541-1f51-470f-b325-06b8af75164a,9aa71541-1f51-470f-b325-06b8af75164a,4a4f9e50-5178-4457-91b6-c9a2a615c4e3,unclassified,Unclassified,0.92,addaxai VIC,Vulpes vulpes,vulpes vulpes,unclassified
5d24378c-af88-44e5-8ac7-73db66216308,sequenceID:73220336-024f-4f62-bf9b-01d728eb6449,73220336-024f-4f62-bf9b-01d728eb6449,73220336-024f-4f62-bf9b-01d728eb6449,4a4f9e50-5178-4457-91b6-c9a2a615c4e3,animal,Mammalia,0.87,addaxai VIC,Vulpes vulpes,vulpes vulpes,mammalia
053449d6-6235-4043-91dc-b3cc9ab1c1b1,sequenceID:1a8fea92-7c69-44be-9cfb-e8cb8cac3323,1a8fea92-7c69-44be-9cfb-e8cb8cac3323,1a8fea92-7c69-44be-9cfb-e8cb8cac3323,4a4f9e50-5178-4457-91b6-c9a2a615c4e3,unclassified,Unclassified,0.0,,Vulpes vulpes,vulpes vulpes,unclassified
392575f7-6e06-42c8-b3d3-10dccdc60d11,sequenceID:e4233276-db9a-4192-b9a1-cb40de178622,e4233276-db9a-4192-b9a1-cb40de178622,e4233276-db9a-4192-b9a1-cb40de178622,4a4f9e50-5178-4457-91b6-c9a2a615c4e3,animal,Mammalia,0.78,addaxai VIC,Vulpes vulpes,vulpes vulpes,mammalia
2c83328a-4b47-441c-9224-2d241f533b93,sequenceID:81983059-6b1b-4724-8990-f5c787ab15c6,81983059-6b1b-4724-8990-f5c787ab15c6,81983059-6b1b-4724-8990-f5c787ab15c6,4a4f9e50-5178-4457-91b6-c9a2a615c4e3,unclassified,Unclassified,0.93,addaxai VIC,Vulpes vulpes,vulpes vulpes,unclassified
15cd1baf-ae76-4a29-b315-084011c16de8,sequenceID:e47c591a-7c81-44d8-9fa0-cad0bbdec253,e47c591a-7c81-44d8-9fa0-cad0bbdec253,e47c591a-7c81-44d8-9fa0-cad0bbdec253,4a4f9e50-5178-4457-91b6-c9a2a615c4e3,unclassified,Unclassified,0.96,addaxai VIC,Vulpes vulpes,vulpes vulpes,unclassified
bc827e03-527a-41ad-8826-928f06820c3b,sequenceID:1bdcd967-8229-41ff-b1b5-24c41ce4d4b0,1bdcd967-8229-41ff-b1b5-24c41ce4d4b0,1bdcd967-8229-41ff-b1b5-24c41ce4d4b0,4a4f9e50-5178-4457-91b6-c9a2a615c4e3,animal,Macropus dorsalis,0.79,addaxai VIC,Vulpes vulpes,vulpes vulpes,macropus dorsalis
8c8e9ab7-ca66-4cd5-9f3a-dd58b99c2909,sequenceID:95f6c3ca-30e8-47a0-b76b-257da73732b1,95f6c3ca-30e8-47a0-b76b-257da73732b1,95f6c3ca-30e8-47a0-b76b-257da73732b1,4a4f9e50-5178-4457-91b6-c9a2a615c4e3,unclassified,Unclassified,0.0,,Vulpes vulpes,vulpes vulpes,unclassified
9a4fcb16-e15e-42fb-8663-251cd65e7781,sequenceID:e94baa06-7303-48af-b86e-32314cabef87,e94baa06-7303-48af-b86e-32314cabef87,e94baa06-7303-48af-b86e-32314cabef87,4a4f9e50-5178-4457-91b6-c9a2a615c4e3,unclassified,Unclassified,0.95,addaxai VIC,Vulpes vulpes,vulpes vulpes,unclassified
28555ad9-1119-4bda-9f28-4195210e7a02,sequenceID:da4b1284-e115-42b6-a60e-f14283895200,da4b1284-e115-42b6-a60e-f14283895200,da4b1284-e115-42b6-a60e-f14283895200,4a4f9e50-5178-4457-91b6-c9a2a615c4e3,animal,Mammalia,0.89,addaxai VIC,Vulpes vulpes,vulpes vulpes,mammalia
10dfde0f-7a1e-455b-959a-33f1ffceef3c,sequenceID:da4b1284-e115-42b6-a60e-f14283895200,da4b1284-e115-42b6-a60e-f14283895200,da4b1284-e115-42b6-a60e-f14283895200,4a4f9e50-5178-4457-91b6-c9a2a615c4e3,animal,Mammalia,0.89,addaxai VIC,Vulpes vulpes,vulpes vulpes,mammalia
2624a89e-56e9-4b4c-9321-baf5f33b99d2,sequenceID:e71f8f47-1a76-4dfe-93ae-89f4344941da,e71f8f47-1a76-4dfe-93ae-89f4344941da,e71f8f47-1a76-4dfe-93ae-89f4344941da,4a4f9e50-5178-4457-91b6-c9a2a615c4e3,animal,Mammalia,0.68,addaxai VIC,Vulpes vulpes,vulpes vulpes,mammalia
9a6a6eec-f685-424e-bf32-66b2286b8de0,sequenceID:e71f8f47-1a76-4dfe-93ae-89f4344941da,e71f8f47-1a76-4dfe-93ae-89f4344941da,e71f8f47-1a76-4dfe-93ae-89f4344941da,4a4f9e50-5178-4457-91b6-c9a2a615c4e3,animal,Mammalia,0.68,addaxai VIC,Vulpes vulpes,vulpes vulpes,mammalia
b226c940-0c34-4919-878d-19ff395dcd2a,sequenceID:76743e13-6146-4a1a-9d5c-e43a8e38f0a4,76743e13-6146-4a1a-9d5c-e43a8e38f0a4,76743e13-6146-4a1a-9d5c-e43a8e38f0a4,4a4f9e50-5178-4457-91b6-c9a2a615c4e3,unclassified,Unclassified,0.9,addaxai VIC,Vulpes vulpes,vulpes vulpes,unclassified
db807f51-3f0f-4352-b272-d11880e60470,sequenceID:d0b9cf11-e00c-4705-8553-a34137e7eba3,d0b9cf11-e00c-4705-8553-a34137e7eba3,d0b9cf11-e00c-4705-8553-a34137e7eba3,4a4f9e50-5178-4457-91b6-c9a2a615c4e3,unclassified,Unclassified,0.0,,Vulpes vulpes,vulpes vulpes,unclassified
606bd442-cb9e-4509-bff4-e78d2c0fc261,sequenceID:fcbd7464-6894-41a3-8d35-0704fb16f60d,fcbd7464-6894-41a3-8d35-0704fb16f60d,fcbd7464-6894-41a3-8d35-0704fb16f60d,4a4f9e50-5178-4457-91b6-c9a2a615c4e3,animal,Mammalia,0.74,addaxai VIC,Vulpes vulpes,vulpes vulpes,mammalia
1452ebb9-7bb4-4402-a69f-b9ae0e2ee336,sequenceID:2a28bc7a-f8a6-4949-a9bb-9dbfeb9868ad,2a28bc7a-f8a6-4949-a9bb-9dbfeb9868ad,2a28bc7a-f8a6-4949-a9bb-9dbfeb9868ad,4a4f9e50-5178-4457-91b6-c9a2a615c4e3,unclassified,Unclassified,0.98,addaxai VIC,Vulpes vulpes,vulpes vulpes,unclassified
c50f40fd-9bc8-4a9b-9bc2-be750adefe35,sequenceID:2c72080b-46e5-4911-a5f5-0ae6ae40b830,2c72080b-46e5-4911-a5f5-0ae6ae40b830,2c72080b-46e5-4911-a5f5-0ae6ae40b830,4a4f9e50-5178-4457-91b6-c9a2a615c4e3,animal,Mammalia,0.78,addaxai VIC,Vulpes vulpes,vulpes vulpes,mammalia
f008d620-90a8-4a54-ad34-faec72ad388d,sequenceID:492d6f56-5839-45ac-bfbc-632c514743c2,492d6f56-5839-45ac-bfbc-632c514743c2,492d6f56-5839-45ac-bfbc-632c514743c2,4a4f9e50-5178-4457-91b6-c9a2a615c4e3,animal,Mammalia,0.86,addaxai VIC,Vulpes vulpes,vulpes vulpes,mammalia
6c9442cc-1adc-43df-a81e-7929001bea1a,sequenceID:3599df57-35f2-4987-a2d5-e091e3e79cd8,3599df57-35f2-4987-a2d5-e091e3e79cd8,3599df57-35f2-4987-a2d5-e091e3e79cd8,4a4f9e50-5178-4457-91b6-c9a2a615c4e3,animal,Wallabia bicolor,0.78,addaxai VIC,Vulpes vulpes,vulpes vulpes,wallabia bicolor
e14b887b-e99c-4649-9eaa-ed8a69f67d6d,sequenceID:5e0cff7b-f8ac-41fe-8db0-4ee9ded31706,5e0cff7b-f8ac-41fe-8db0-4ee9ded31706,5e0cff7b-f8ac-41fe-8db0-4ee9ded31706,4a4f9e50-5178-4457-91b6-c9a2a615c4e3,unclassified,Unclassified,0.96,addaxai VIC,Vulpes vulpes,vulpes vulpes,unclassified
3b3cf5b3-67ec-4201-bd32-bb6bc743d3f3,sequenceID:5708b6d8-22c4-4af5-afbb-f4139de95ab9,5708b6d8-22c4-4af5-afbb-f4139de95ab9,5708b6d8-22c4-4af5-afbb-f4139de95ab9,4a4f9e50-5178-4457-91b6-c9a2a615c4e3,animal,Macropus dorsalis,0.75,addaxai VIC,Vulpes vulpes,vulpes vulpes,macropus dorsalis
b8b6ddb1-8298-4a42-bfa4-f276f67ccf12,sequenceID:1e67c1aa-385f-44de-b3cb-163d28078d69,1e67c1aa-385f-44de-b3cb-163d28078d69,1e67c1aa-385f-44de-b3cb-163d28078d69,4a4f9e50-5178-4457-91b6-c9a2a615c4e3,unclassified,Unclassified,0.96,addaxai VIC,Vulpes vulpes,vulpes vulpes,unclassified
b3719e46-4701-4302-b8f0-492dc88a8a80,sequenceID:ee69a76d-ae27-492b-91f0-133a6368ee94,ee69a76d-ae27-492b-91f0-133a6368ee94,ee69a76d-ae27-492b-91f0-133a6368ee94,4a4f9e50-5178-4457-91b6-c9a2a615c4e3,unclassified,Unclassified,0.89,addaxai VIC,Vulpes vulpes,vulpes vulpes,unclassified
970c3a29-fd6a-446f-bf12-74c8378e3623,sequenceID:1022d1d1-c5b1-4948-b8b1-bfc72c14f2db,1022d1d1-c5b1-4948-b8b1-bfc72c14f2db,1022d1d1-c5b1-4948-b8b1-bfc72c14f2db,4a4f9e50-5178-4457-91b6-c9a2a615c4e3,unclassified,Unclassified,0.0,,Vulpes vulpes,vulpes vulpes,unclassified
d3d20087-517f-4056-b0ea-225b5528f9f6,sequenceID:fe4dc2d8-5fc3-42b7-82e7-be6a550a9412,fe4dc2d8-5fc3-42b7-82e7-be6a550a9412,fe4dc2d8-5fc3-42b7-82e7-be6a550a9412,4a4f9e50-5178-4457-91b6-c9a2a615c4e3,animal,Canis lupus dingo,0.81,addaxai VIC,Vulpes vulpes,vulpes vulpes,canis lupus dingo
24755118-3315-4e74-9742-7c7077b24a3b,sequenceID:db9dcfbb-d39d-444d-8f72-61676d35352a,db9dcfbb-d39d-444d-8f72-61676d35352a,db9dcfbb-d39d-444d-8f72-61676d35352a,4a4f9e50-5178-4457-91b6-c9a2a615c4e3,animal,Mammalia,0.83,addaxai VIC,Vulpes vulpes,vulpes vulpes,mammalia
c322f1b0-4702-4e66-9377-4ce20fb0aa6a,sequenceID:8b7bb7a3-5e5a-4d55-b233-5cd71999b2d8,8b7bb7a3-5e5a-4d55-b233-5cd71999b2d8,8b7bb7a3-5e5a-4d55-b233-5cd71999b2d8,4a4f9e50-5178-4457-91b6-c9a2a615c4e3,animal,Charadriiformes,0.84,addaxai VIC,Vulpes vulpes,vulpes vulpes,charadriiformes
374d8909-9730-4803-8c87-c65519414fed,sequenceID:7168292f-79b2-4aa2-8a97-f0dcb504a98d,7168292f-79b2-4aa2-8a97-f0dcb504a98d,7168292f-79b2-4aa2-8a97-f0dcb504a98d,4a4f9e50-5178-4457-91b6-c9a2a615c4e3,animal,Vombatus ursinus,0.92,addaxai VIC,Vulpes vulpes,vulpes vulpes,vombatus ursinus
a4eb9be4-5051-4ce5-aa33-cc66c7ebcea5,sequenceID:27d237d0-2150-48c0-9485-cd7dd9bde2e4,27d237d0-2150-48c0-9485-cd7dd9bde2e4,27d237d0-2150-48c0-9485-cd7dd9bde2e4,4a4f9e50-5178-4457-91b6-c9a2a615c4e3,unclassified,Unclassified,0.94,addaxai VIC,Vulpes vulpes,vulpes vulpes,unclassified
a4eb9be4-5051-4ce5-aa33-cc66c7ebcea5,sequenceID:27d237d0-2150-48c0-9485-cd7dd9bde2e4,27d237d0-2150-48c0-9485-cd7dd9bde2e4,27d237d0-2150-48c0-9485-cd7dd9bde2e4,4a4f9e50-5178-4457-91b6-c9a2a615c4e3,animal,Mammalia,0.69,addaxai VIC,Vulpes vulpes,vulpes vulpes,mammalia
8772cd22-5577-4000-af83-6001ebce9832,sequenceID:2596b8f1-772c-40fd-a07a-88e14ae20993,2596b8f1-772c-40fd-a07a-88e14ae20993,2596b8f1-772c-40fd-a07a-88e14ae20993,8dcf470a-299d-42c7-a92d-42b832d93ff5,animal,Macropus dorsalis,0.74,addaxai VIC,Macropodidae,macropodidae,macropus dorsalis
2126f8a0-20f6-4c77-90a1-9402d5f63014,sequenceID:14d70fb7-4bab-4d82-967d-93793e11b229,14d70fb7-4bab-4d82-967d-93793e11b229,14d70fb7-4bab-4d82-967d-93793e11b229,8dcf470a-299d-42c7-a92d-42b832d93ff5,animal,Mammalia,0.67,addaxai VIC,Macropodidae,macropodidae,mammalia
fcbc3639-4980-4e80-9cb5-25df348ab2d6,sequenceID:b12d8931-40f4-4f8a-8fab-ed9842e54aff,b12d8931-40f4-4f8a-8fab-ed9842e54aff,b12d8931-40f4-4f8a-8fab-ed9842e54aff,8dcf470a-299d-42c7-a92d-42b832d93ff5,animal,Mammalia,0.67,addaxai VIC,Macropodidae,macropodidae,mammalia
d72bd783-bb43-422c-a8b1-70fe676eed19,sequenceID:689f7b00-d7ab-438a-b829-eaac0ca4e8b3,689f7b00-d7ab-438a-b829-eaac0ca4e8b3,689f7b00-d7ab-438a-b829-eaac0ca4e8b3,8dcf470a-299d-42c7-a92d-42b832d93ff5,animal,Macropus dorsalis,0.74,addaxai VIC,Macropodidae,macropodidae,macropus dorsalis
d72bd783-bb43-422c-a8b1-70fe676eed19,sequenceID:689f7b00-d7ab-438a-b829-eaac0ca4e8b3,689f7b00-d7ab-438a-b829-eaac0ca4e8b3,689f7b00-d7ab-438a-b829-eaac0ca4e8b3,8dcf470a-299d-42c7-a92d-42b832d93ff5,animal,Mammalia,0.66,addaxai VIC,Macropodidae,macropodidae,mammalia
5c8b45fa-b906-4710-8fed-077612b244f2,sequenceID:e9aec856-c7dd-4071-88cf-cdecb6154897,e9aec856-c7dd-4071-88cf-cdecb6154897,e9aec856-c7dd-4071-88cf-cdecb6154897,8dcf470a-299d-42c7-a92d-42b832d93ff5,animal,Macropus dorsalis,0.68,addaxai VIC,Macropodidae,macropodidae,macropus dorsalis
5289b716-b479-4025-b5ca-6ed1f4a8ea0c,sequenceID:b7aeb23d-76ca-400e-ae1c-df27ea43315a,b7aeb23d-76ca-400e-ae1c-df27ea43315a,b7aeb23d-76ca-400e-ae1c-df27ea43315a,8dcf470a-299d-42c7-a92d-42b832d93ff5,animal,Macropus fuliginosus,0.97,addaxai VIC,Macropodidae,macropodidae,macropus fuliginosus
aac62abc-0bde-4a8d-b497-d4bc0d843d1d,sequenceID:231665d8-3adf-4ec1-9abb-75d9f9db6695,231665d8-3adf-4ec1-9abb-75d9f9db6695,231665d8-3adf-4ec1-9abb-75d9f9db6695,8dcf470a-299d-42c7-a92d-42b832d93ff5,animal,Macropus giganteus,0.66,addaxai VIC,Macropodidae,macropodidae,macropus giganteus
be4999a6-e5fd-4b8d-98de-1a1f444a8e29,sequenceID:d3a90841-a97a-4ffa-a88a-3f31cf1282e1,d3a90841-a97a-4ffa-a88a-3f31cf1282e1,d3a90841-a97a-4ffa-a88a-3f31cf1282e1,8dcf470a-299d-42c7-a92d-42b832d93ff5,animal,Macropus giganteus,0.83,addaxai VIC,Macropodidae,macropodidae,macropus giganteus
c10383f6-17a5-45f1-83e1-d351157f66fe,sequenceID:559c0d47-3bb0-4fd2-9c1e-a5dd0db63d72,559c0d47-3bb0-4fd2-9c1e-a5dd0db63d72,559c0d47-3bb0-4fd2-9c1e-a5dd0db63d72,8dcf470a-299d-42c7-a92d-42b832d93ff5,animal,Mammalia,0.74,addaxai VIC,Macropodidae,macropodidae,mammalia
a53da24f-b172-450d-90b4-c04309331ece,sequenceID:46eea9ef-5fe4-4423-a96e-8275e828b0df,46eea9ef-5fe4-4423-a96e-8275e828b0df,46eea9ef-5fe4-4423-a96e-8275e828b0df,8dcf470a-299d-42c7-a92d-42b832d93ff5,animal,Macropus giganteus,0.83,addaxai VIC,Macropodidae,macropodidae,macropus giganteus
3640e942-cd3a-4847-89a3-ef847cafd93d,sequenceID:1b39adfe-1ef5-438c-aded-b8181670f983,1b39adfe-1ef5-438c-aded-b8181670f983,1b39adfe-1ef5-438c-aded-b8181670f983,8dcf470a-299d-42c7-a92d-42b832d93ff5,unclassified,Unclassified,0.81,addaxai VIC,Macropodidae,macropodidae,unclassified
1fc1087e-2289-4e86-981d-42fe2160a328,sequenceID:cfc15222-c9ee-41af-a240-8b0d39887215,cfc15222-c9ee-41af-a240-8b0d39887215,cfc15222-c9ee-41af-a240-8b0d39887215,8dcf470a-299d-42c7-a92d-42b832d93ff5,animal,Macropus dorsalis,0.69,addaxai VIC,Macropodidae,macropodidae,macropus dorsalis
de199724-82b0-4fd6-9413-37c08d85c1f1,sequenceID:ebad0121-a420-4f85-be7a-d0cb49caaa70,ebad0121-a420-4f85-be7a-d0cb49caaa70,ebad0121-a420-4f85-be7a-d0cb49caaa70,8dcf470a-299d-42c7-a92d-42b832d93ff5,animal,Mammalia,0.72,addaxai VIC,Macropodidae,macropodidae,mammalia
58ca5cfc-05d6-4ea6-89fd-768fb574f178,sequenceID:2363816a-7066-4184-a390-7e10d7326252,2363816a-7066-4184-a390-7e10d7326252,2363816a-7066-4184-a390-7e10d7326252,8dcf470a-299d-42c7-a92d-42b832d93ff5,animal,Mammalia,0.81,addaxai VIC,Macropodidae,macropodidae,mammalia
abeddcc6-6aa9-4430-bf9a-7308effd9530,sequenceID:016e57df-7fd0-4053-adbf-dcffad46351e,016e57df-7fd0-4053-adbf-dcffad46351e,016e57df-7fd0-4053-adbf-dcffad46351e,8dcf470a-299d-42c7-a92d-42b832d93ff5,animal,Mammalia,0.75,addaxai VIC,Macropodidae,macropodidae,mammalia
64fba25a-052c-4a32-8d5d-36b852e71684,sequenceID:243a8353-b1e2-4c36-96a5-cdfbdcff0bfa,243a8353-b1e2-4c36-96a5-cdfbdcff0bfa,243a8353-b1e2-4c36-96a5-cdfbdcff0bfa,8dcf470a-299d-42c7-a92d-42b832d93ff5,animal,Mammalia,0.84,addaxai VIC,Macropodidae,macropodidae,mammalia
881d71df-6be4-443d-ae73-5c8b592f635c,sequenceID:777be8da-ceee-4842-8c3e-c97eabaa3f7c,777be8da-ceee-4842-8c3e-c97eabaa3f7c,777be8da-ceee-4842-8c3e-c97eabaa3f7c,8dcf470a-299d-42c7-a92d-42b832d93ff5,animal,Mammalia,0.9,addaxai VIC,Macropodidae,macropodidae,mammalia
489ce28a-2e0e-4243-97ce-6bc91d14e548,sequenceID:567dba37-2b63-4ff0-918c-7d438d774ddd,567dba37-2b63-4ff0-918c-7d438d774ddd,567dba37-2b63-4ff0-918c-7d438d774ddd,8dcf470a-299d-42c7-a92d-42b832d93ff5,animal,Macropus dorsalis,0.76,addaxai VIC,Macropodidae,macropodidae,macropus dorsalis
29160b31-c4fd-41c4-8521-ee72415c1407,sequenceID:eb51285f-46e3-4cec-939c-42f1c65d3b65,eb51285f-46e3-4cec-939c-42f1c65d3b65,eb51285f-46e3-4cec-939c-42f1c65d3b65,8dcf470a-299d-42c7-a92d-42b832d93ff5,animal,Macropus giganteus,0.96,addaxai VIC,Macropodidae,macropodidae,macropus giganteus
b7386dee-adc7-492e-809f-7f7e79d29e6a,sequenceID:9e2f8908-2300-4cba-963b-e2951c3a6a27,9e2f8908-2300-4cba-963b-e2951c3a6a27,9e2f8908-2300-4cba-963b-e2951c3a6a27,8dcf470a-299d-42c7-a92d-42b832d93ff5,animal,Macropus dorsalis,0.91,addaxai VIC,Macropodidae,macropodidae,macropus dorsalis
3d50560e-895d-49a0-8199-e2f418cd485d,sequenceID:e3feffc9-43e5-4b2d-971e-ac87d2b21ed5,e3feffc9-43e5-4b2d-971e-ac87d2b21ed5,e3feffc9-43e5-4b2d-971e-ac87d2b21ed5,8dcf470a-299d-42c7-a92d-42b832d93ff5,animal,Macropus giganteus,0.82,addaxai VIC,Macropodidae,macropodidae,macropus giganteus
0406b144-d208-4f6e-8832-48f64870561f,sequenceID:469ac2fa-65e9-4593-b6a4-7dfbdd17174a,469ac2fa-65e9-4593-b6a4-7dfbdd17174a,469ac2fa-65e9-4593-b6a4-7dfbdd17174a,8dcf470a-299d-42c7-a92d-42b832d93ff5,animal,Mammalia,0.67,addaxai VIC,Macropodidae,macropodidae,mammalia
bff062b3-bb09-4477-8e9a-d22fc47aaf55,sequenceID:c6d8b81e-840e-4d63-81a2-db34f02cf608,c6d8b81e-840e-4d63-81a2-db34f02cf608,c6d8b81e-840e-4d63-81a2-db34f02cf608,8dcf470a-299d-42c7-a92d-42b832d93ff5,animal,Macropus dorsalis,0.8,addaxai VIC,Macropodidae,macropodidae,macropus dorsalis
403dafc3-7bf3-4282-ba76-be176212933d,sequenceID:5c8a22ab-0bb8-4d21-b5d2-33f87f29bec4,5c8a22ab-0bb8-4d21-b5d2-33f87f29bec4,5c8a22ab-0bb8-4d21-b5d2-33f87f29bec4,8dcf470a-299d-42c7-a92d-42b832d93ff5,animal,Macropus fuliginosus,0.97,addaxai VIC,Macropodidae,macropodidae,macropus fuliginosus
47e1f56e-a15d-4c39-bc6f-cd3f0d9de260,sequenceID:5c755558-ee55-4471-96da-87bc296ffac7,5c755558-ee55-4471-96da-87bc296ffac7,5c755558-ee55-4471-96da-87bc296ffac7,8dcf470a-299d-42c7-a92d-42b832d93ff5,animal,Macropus giganteus,0.85,addaxai VIC,Macropodidae,macropodidae,macropus giganteus
6d5f29f0-8e67-471a-8541-9458622a8d06,sequenceID:db2a8e19-32ff-4073-97eb-d67f5d89d1e2,db2a8e19-32ff-4073-97eb-d67f5d89d1e2,db2a8e19-32ff-4073-97eb-d67f5d89d1e2,8dcf470a-299d-42c7-a92d-42b832d93ff5,animal,Macropus giganteus,0.96,addaxai VIC,Macropodidae,macropodidae,macropus giganteus
15142f6c-bceb-4c1c-add1-981590b48282,sequenceID:9001df14-abd3-4b54-8430-ef2d620e8a9a,9001df14-abd3-4b54-8430-ef2d620e8a9a,9001df14-abd3-4b54-8430-ef2d620e8a9a,8dcf470a-299d-42c7-a92d-42b832d93ff5,unclassified,Unclassified,0.7,addaxai VIC,Macropodidae,macropodidae,unclassified
6f4fd04b-3150-4c55-aac8-28cad09dcc69,sequenceID:ffdb139d-4227-4473-a745-58b455e6e168,ffdb139d-4227-4473-a745-58b455e6e168,ffdb139d-4227-4473-a745-58b455e6e168,8dcf470a-299d-42c7-a92d-42b832d93ff5,animal,Macropus dorsalis,0.68,addaxai VIC,Macropodidae,macropodidae,macropus dorsalis
6f4fd04b-3150-4c55-aac8-28cad09dcc69,sequenceID:ffdb139d-4227-4473-a745-58b455e6e168,ffdb139d-4227-4473-a745-58b455e6e168,ffdb139d-4227-4473-a745-58b455e6e168,8dcf470a-299d-42c7-a92d-42b832d93ff5,animal,Mammalia,0.86,addaxai VIC,Macropodidae,macropodidae,mammalia
453e3338-17d4-4fc4-9798-e55472837f05,sequenceID:51105726-ea0e-48c1-a447-e200dc2dd0d1,51105726-ea0e-48c1-a447-e200dc2dd0d1,51105726-ea0e-48c1-a447-e200dc2dd0d1,8dcf470a-299d-42c7-a92d-42b832d93ff5,unclassified,Unclassified,0.65,addaxai VIC,Macropodidae,macropodidae,unclassified
4eef6558-33dc-4a6b-8ed4-8416a8806c3b,sequenceID:1a5c37ee-1662-480c-9459-c7dffb8c2a4a,1a5c37ee-1662-480c-9459-c7dffb8c2a4a,1a5c37ee-1662-480c-9459-c7dffb8c2a4a,8dcf470a-299d-42c7-a92d-42b832d93ff5,unclassified,Unclassified,0.73,addaxai VIC,Macropodidae,macropodidae,unclassified
83a87343-a873-4ba9-9d18-5efca283fd4b,sequenceID:b05d8bd3-7398-4f0a-a98e-8d48b5cb0905,b05d8bd3-7398-4f0a-a98e-8d48b5cb0905,b05d8bd3-7398-4f0a-a98e-8d48b5cb0905,8dcf470a-299d-42c7-a92d-42b832d93ff5,animal,Macropus fuliginosus,0.72,addaxai VIC,Macropodidae,macropodidae,macropus fuliginosus
9b7f0d9f-2830-47d3-af91-3ec6b4b97bee,sequenceID:cb9337e1-fbfb-41a2-a856-80e03bd37acf,cb9337e1-fbfb-41a2-a856-80e03bd37acf,cb9337e1-fbfb-41a2-a856-80e03bd37acf,8dcf470a-299d-42c7-a92d-42b832d93ff5,animal,Mammalia,0.72,addaxai VIC,Macropodidae,macropodidae,mammalia
52033a91-8e83-41f1-b6c1-6c31256ef098,sequenceID:15d4cc67-29f7-4f6f-b0a1-3c857fe1917b,15d4cc67-29f7-4f6f-b0a1-3c857fe1917b,15d4cc67-29f7-4f6f-b0a1-3c857fe1917b,8dcf470a-299d-42c7-a92d-42b832d93ff5,animal,Macropus giganteus,0.67,addaxai VIC,Macropodidae,macropodidae,macropus giganteus
bb8f278f-7065-41cd-b486-895ff0224906,sequenceID:ea129f27-c292-4c86-b15d-a37adcbe0cda,ea129f27-c292-4c86-b15d-a37adcbe0cda,ea129f27-c292-4c86-b15d-a37adcbe0cda,8dcf470a-299d-42c7-a92d-42b832d93ff5,animal,Macropus dorsalis,0.74,addaxai VIC,Macropodidae,macropodidae,macropus dorsalis
51ace997-2f16-4c7d-9794-5f8a4cc6ffe0,sequenceID:0320cd1b-f11c-486f-9f58-9c2e4ecf7246,0320cd1b-f11c-486f-9f58-9c2e4ecf7246,0320cd1b-f11c-486f-9f58-9c2e4ecf7246,8dcf470a-299d-42c7-a92d-42b832d93ff5,unclassified,Unclassified,0.66,addaxai VIC,Macropodidae,macropodidae,unclassified
01d021e2-ecc7-448a-9087-a73a94d1e92e,sequenceID:c1ec359a-9180-4dda-9906-0c0f811cb550,c1ec359a-9180-4dda-9906-0c0f811cb550,c1ec359a-9180-4dda-9906-0c0f811cb550,8dcf470a-299d-42c7-a92d-42b832d93ff5,animal,Macropus fuliginosus,0.75,addaxai VIC,Macropodidae,macropodidae,macropus fuliginosus
f263dbb4-705f-44f9-9067-58c80f25acbc,sequenceID:3497c01c-d235-4527-967a-3a572a9a7895,3497c01c-d235-4527-967a-3a572a9a7895,3497c01c-d235-4527-967a-3a572a9a7895,8dcf470a-299d-42c7-a92d-42b832d93ff5,animal,Mammalia,0.74,addaxai VIC,Macropodidae,macropodidae,mammalia
07246673-9561-4ce0-bb31-4aacc8bfe314,sequenceID:b13983a9-92d2-43ae-b89e-70207dbb2de1,b13983a9-92d2-43ae-b89e-70207dbb2de1,b13983a9-92d2-43ae-b89e-70207dbb2de1,8dcf470a-299d-42c7-a92d-42b832d93ff5,unclassified,Unclassified,0.7,addaxai VIC,Macropodidae,macropodidae,unclassified
0a46cf3a-1312-414a-a671-950350ef4546,sequenceID:e12187e5-fdfd-495d-8eb5-a70ac9c1a737,e12187e5-fdfd-495d-8eb5-a70ac9c1a737,e12187e5-fdfd-495d-8eb5-a70ac9c1a737,8dcf470a-299d-42c7-a92d-42b832d93ff5,unclassified,Unclassified,0.84,addaxai VIC,Macropodidae,macropodidae,unclassified
ab004cd6-cc0d-48d3-9208-50d356b204e9,sequenceID:1fbdf422-8dc5-4c2a-b9b1-ee8de7bc38fd,1fbdf422-8dc5-4c2a-b9b1-ee8de7bc38fd,1fbdf422-8dc5-4c2a-b9b1-ee8de7bc38fd,8dcf470a-299d-42c7-a92d-42b832d93ff5,unclassified,Unclassified,0.68,addaxai VIC,Macropodidae,macropodidae,unclassified
a4d750e1-ef82-4d0d-846d-ef105cd034d0,sequenceID:5835a5d8-8726-4ca6-b340-a91089fec4a4,5835a5d8-8726-4ca6-b340-a91089fec4a4,5835a5d8-8726-4ca6-b340-a91089fec4a4,8dcf470a-299d-42c7-a92d-42b832d93ff5,animal,Macropus fuliginosus,0.92,addaxai VIC,Macropodidae,macropodidae,macropus fuliginosus
01552b3f-132a-4248-8204-524bbbe208da,sequenceID:d73d9f94-6ddc-4efa-8762-767edd4fbd51,d73d9f94-6ddc-4efa-8762-767edd4fbd51,d73d9f94-6ddc-4efa-8762-767edd4fbd51,8dcf470a-299d-42c7-a92d-42b832d93ff5,animal,Macropus fuliginosus,0.95,addaxai VIC,Macropodidae,macropodidae,macropus fuliginosus
7f97ef8f-9911-49e0-92a9-7aa2af57a283,sequenceID:87a24cf3-824f-4af1-9bcf-19b61e464141,87a24cf3-824f-4af1-9bcf-19b61e464141,87a24cf3-824f-4af1-9bcf-19b61e464141,8dcf470a-299d-42c7-a92d-42b832d93ff5,animal,Macropus fuliginosus,0.9,addaxai VIC,Macropodidae,macropodidae,macropus fuliginosus
2aa0b864-70ca-4786-bc02-919ca119cae2,sequenceID:6ce1147d-9c2a-4cc6-8b8e-108497a947d3,6ce1147d-9c2a-4cc6-8b8e-108497a947d3,6ce1147d-9c2a-4cc6-8b8e-108497a947d3,8dcf470a-299d-42c7-a92d-42b832d93ff5,animal,Macropus dorsalis,0.95,addaxai VIC,Macropodidae,macropodidae,macropus dorsalis
7c29f05a-4752-4b15-9d63-d8c16e0d0f89,sequenceID:06f783e0-be0b-4f45-878d-a6934628aef9,06f783e0-be0b-4f45-878d-a6934628aef9,06f783e0-be0b-4f45-878d-a6934628aef9,8dcf470a-299d-42c7-a92d-42b832d93ff5,animal,Macropus fuliginosus,0.88,addaxai VIC,Macropodidae,macropodidae,macropus fuliginosus
7c29f05a-4752-4b15-9d63-d8c16e0d0f89,sequenceID:06f783e0-be0b-4f45-878d-a6934628aef9,06f783e0-be0b-4f45-878d-a6934628aef9,06f783e0-be0b-4f45-878d-a6934628aef9,8dcf470a-299d-42c7-a92d-42b832d93ff5,unclassified,Unclassified,0.96,addaxai VIC,Macropodidae,macropodidae,unclassified
93098c40-91f5-4dd9-81de-6df311a38bce,sequenceID:6064a6e4-b2f8-4c5e-a4a4-763f47ec1dcf,6064a6e4-b2f8-4c5e-a4a4-763f47ec1dcf,6064a6e4-b2f8-4c5e-a4a4-763f47ec1dcf,8dcf470a-299d-42c7-a92d-42b832d93ff5,unclassified,Unclassified,0.0,,Macropodidae,macropodidae,unclassified
06f9bf5c-7952-47fb-9465-c61c69d9ba5d,sequenceID:53b2bfc8-ce95-4d2e-be17-c171c8325769,53b2bfc8-ce95-4d2e-be17-c171c8325769,53b2bfc8-ce95-4d2e-be17-c171c8325769,8dcf470a-299d-42c7-a92d-42b832d93ff5,animal,Mammalia,0.74,addaxai VIC,Macropodidae,macropodidae,mammalia
1c22aa62-7373-4e39-b19b-03770d1d402a,sequenceID:c8982794-fa15-417a-9793-d1aa5f0aec42,c8982794-fa15-417a-9793-d1aa5f0aec42,c8982794-fa15-417a-9793-d1aa5f0aec42,8dcf470a-299d-42c7-a92d-42b832d93ff5,animal,Macropus fuliginosus,0.91,addaxai VIC,Macropodidae,macropodidae,macropus fuliginosus
cabb4555-7040-404c-924c-422bb5b73d92,sequenceID:0c7aed86-dfad-49dc-ae09-6e0ca27ba567,0c7aed86-dfad-49dc-ae09-6e0ca27ba567,0c7aed86-dfad-49dc-ae09-6e0ca27ba567,8dcf470a-299d-42c7-a92d-42b832d93ff5,unclassified,Unclassified,0.0,,Macropodidae,macropodidae,unclassified
3da46e6e-5c10-4189-a77f-45cf1a359d9b,sequenceID:2ceed614-dfeb-4b0c-abd3-94baf874cf65,2ceed614-dfeb-4b0c-abd3-94baf874cf65,2ceed614-dfeb-4b0c-abd3-94baf874cf65,8dcf470a-299d-42c7-a92d-42b832d93ff5,animal,Bos taurus,0.84,addaxai VIC,Macropodidae,macropodidae,bos taurus
3d5dbb95-da87-4601-85c7-b28d608c0510,sequenceID:1419bf33-1ca7-4589-9bf2-f7d7c9e00852,1419bf33-1ca7-4589-9bf2-f7d7c9e00852,1419bf33-1ca7-4589-9bf2-f7d7c9e00852,8dcf470a-299d-42c7-a92d-42b832d93ff5,animal,Macropus fuliginosus,0.73,addaxai VIC,Macropodidae,macropodidae,macropus fuliginosus
13ddff97-6e74-4375-ba5d-bdf2c20a61e7,sequenceID:901eca6c-05f8-49e6-9b0f-58961e2386f7,901eca6c-05f8-49e6-9b0f-58961e2386f7,901eca6c-05f8-49e6-9b0f-58961e2386f7,8dcf470a-299d-42c7-a92d-42b832d93ff5,animal,Macropus fuliginosus,0.8,addaxai VIC,Macropodidae,macropodidae,macropus fuliginosus
0c0c1cac-4a0c-4766-850c-02e338fc3788,sequenceID:52a9d8d9-e16b-4239-b234-78b7735e6582,52a9d8d9-e16b-4239-b234-78b7735e6582,52a9d8d9-e16b-4239-b234-78b7735e6582,8dcf470a-299d-42c7-a92d-42b832d93ff5,unclassified,Unclassified,0.72,addaxai VIC,Macropodidae,macropodidae,unclassified
a73ef74d-749a-4475-a723-4f1cc08bc1cb,sequenceID:94948101-e0f3-44c8-8ed4-f4704505c99c,94948101-e0f3-44c8-8ed4-f4704505c99c,94948101-e0f3-44c8-8ed4-f4704505c99c,8dcf470a-299d-42c7-a92d-42b832d93ff5,unclassified,Unclassified,0.0,,Macropodidae,macropodidae,unclassified
03abdc71-ecb7-4a8b-8433-54d50ce5bdd0,sequenceID:939d8fe6-cc93-4e99-a326-4f917f8a232b,939d8fe6-cc93-4e99-a326-4f917f8a232b,939d8fe6-cc93-4e99-a326-4f917f8a232b,8dcf470a-299d-42c7-a92d-42b832d93ff5,unclassified,Unclassified,0.68,addaxai VIC,Macropodidae,macropodidae,unclassified
754707ee-79ae-426e-a702-fb9eae7bae50,sequenceID:e1ed2b4a-59bc-44b7-8bcd-4fcb418bd344,e1ed2b4a-59bc-44b7-8bcd-4fcb418bd344,e1ed2b4a-59bc-44b7-8bcd-4fcb418bd344,8dcf470a-299d-42c7-a92d-42b832d93ff5,unclassified,Unclassified,0.0,,Macropodidae,macropodidae,unclassified
712516cb-c13c-4159-b337-7cfb77bb7265,sequenceID:81644031-9790-4d1d-a5bb-37210091df0e,81644031-9790-4d1d-a5bb-37210091df0e,81644031-9790-4d1d-a5bb-37210091df0e,8dcf470a-299d-42c7-a92d-42b832d93ff5,animal,Macropus dorsalis,0.68,addaxai VIC,Macropodidae,macropodidae,macropus dorsalis
ec65b2e4-3d16-480e-8fef-53097acc4a9d,sequenceID:1753df36-42aa-44ca-884f-5273042ee0a4,1753df36-42aa-44ca-884f-5273042ee0a4,1753df36-42aa-44ca-884f-5273042ee0a4,8dcf470a-299d-42c7-a92d-42b832d93ff5,unclassified,Unclassified,0.75,addaxai VIC,Macropodidae,macropodidae,unclassified
2976e61a-a756-4073-bb16-b0b2973c552b,sequenceID:0290b1e0-2915-46ba-bb85-9f52a342911e,0290b1e0-2915-46ba-bb85-9f52a342911e,0290b1e0-2915-46ba-bb85-9f52a342911e,8dcf470a-299d-42c7-a92d-42b832d93ff5,animal,Mammalia,0.65,addaxai VIC,Macropodidae,macropodidae,mammalia
2976e61a-a756-4073-bb16-b0b2973c552b,sequenceID:0290b1e0-2915-46ba-bb85-9f52a342911e,0290b1e0-2915-46ba-bb85-9f52a342911e,0290b1e0-2915-46ba-bb85-9f52a342911e,8dcf470a-299d-42c7-a92d-42b832d93ff5,animal,Macropus giganteus,0.81,addaxai VIC,Macropodidae,macropodidae,macropus giganteus
249dd76f-97fb-49e8-9129-1d79a51e73ec,sequenceID:cc894158-4519-4fb2-b531-e0aaa63e5d9a,cc894158-4519-4fb2-b531-e0aaa63e5d9a,cc894158-4519-4fb2-b531-e0aaa63e5d9a,8dcf470a-299d-42c7-a92d-42b832d93ff5,animal,Macropus dorsalis,0.77,addaxai VIC,Macropodidae,macropodidae,macropus dorsalis
0e59da5f-b2db-4c7f-8f28-dbf2d681875f,sequenceID:7bcaab75-a776-4be4-8024-10f759274b1f,7bcaab75-a776-4be4-8024-10f759274b1f,7bcaab75-a776-4be4-8024-10f759274b1f,8dcf470a-299d-42c7-a92d-42b832d93ff5,animal,Macropus fuliginosus,0.77,addaxai VIC,Macropodidae,macropodidae,macropus fuliginosus
27d8b95b-7314-4c42-93d1-f2d04d52a8c2,sequenceID:f92922f2-3ae9-45dc-b414-2709c45a4446,f92922f2-3ae9-45dc-b414-2709c45a4446,f92922f2-3ae9-45dc-b414-2709c45a4446,8dcf470a-299d-42c7-a92d-42b832d93ff5,unclassified,Unclassified,0.76,addaxai VIC,Macropodidae,macropodidae,unclassified
c41bab5f-781f-4f7c-ad08-da08507ebf7b,sequenceID:71c0c164-f89b-49fe-82eb-d6d05ad152f7,71c0c164-f89b-49fe-82eb-d6d05ad152f7,71c0c164-f89b-49fe-82eb-d6d05ad152f7,8dcf470a-299d-42c7-a92d-42b832d93ff5,unclassified,Unclassified,0.0,,Macropodidae,macropodidae,unclassified
4a80fa49-cef9-431c-a10f-8cc81d9af873,sequenceID:c19b8d1b-7eb5-449a-a515-65768baeef88,c19b8d1b-7eb5-449a-a515-65768baeef88,c19b8d1b-7eb5-449a-a515-65768baeef88,8dcf470a-299d-42c7-a92d-42b832d93ff5,animal,Macropus dorsalis,0.79,addaxai VIC,Macropodidae,macropodidae,macropus dorsalis
eb5acaa0-f641-4218-96b7-b0cf31a9aa5c,sequenceID:81d182a4-f8e4-4bc5-b25f-8d2f1795d48e,81d182a4-f8e4-4bc5-b25f-8d2f1795d48e,81d182a4-f8e4-4bc5-b25f-8d2f1795d48e,8dcf470a-299d-42c7-a92d-42b832d93ff5,animal,Macropus dorsalis,0.79,addaxai VIC,Macropodidae,macropodidae,macropus dorsalis
decbec80-3b96-4927-8e0c-d8e1b813cd51,sequenceID:288aea55-d105-4249-9f30-50cbb21c7ada,288aea55-d105-4249-9f30-50cbb21c7ada,288aea55-d105-4249-9f30-50cbb21c7ada,8dcf470a-299d-42c7-a92d-42b832d93ff5,animal,Macropus fuliginosus,0.84,addaxai VIC,Macropodidae,macropodidae,macropus fuliginosus
e4045863-b5e9-4aba-8c8c-e6634ab2699c,sequenceID:7506e756-c570-4bb7-8e1b-67ac8da2862b,7506e756-c570-4bb7-8e1b-67ac8da2862b,7506e756-c570-4bb7-8e1b-67ac8da2862b,8dcf470a-299d-42c7-a92d-42b832d93ff5,animal,Macropus dorsalis,0.78,addaxai VIC,Macropodidae,macropodidae,macropus dorsalis
1c420c8b-4973-4406-a464-4c3bda10b50d,sequenceID:406c889f-a7b2-40ff-80eb-7cac79243ecd,406c889f-a7b2-40ff-80eb-7cac79243ecd,406c889f-a7b2-40ff-80eb-7cac79243ecd,8dcf470a-299d-42c7-a92d-42b832d93ff5,animal,Macropus fuliginosus,0.71,addaxai VIC,Macropodidae,macropodidae,macropus fuliginosus
a24ad01d-6ace-4c59-a8ba-239b8412fb46,sequenceID:ac4aaf45-9ce0-4cb9-b2aa-0b75f9a41213,ac4aaf45-9ce0-4cb9-b2aa-0b75f9a41213,ac4aaf45-9ce0-4cb9-b2aa-0b75f9a41213,8dcf470a-299d-42c7-a92d-42b832d93ff5,animal,Macropus fuliginosus,0.67,addaxai VIC,Macropodidae,macropodidae,macropus fuliginosus
824ff7d8-dc6a-49f6-a549-71bfe155e60e,sequenceID:7489d7a3-86fc-4e39-bdf4-b629a4c9c1d2,7489d7a3-86fc-4e39-bdf4-b629a4c9c1d2,7489d7a3-86fc-4e39-bdf4-b629a4c9c1d2,8dcf470a-299d-42c7-a92d-42b832d93ff5,animal,Wallabia bicolor,0.71,addaxai VIC,Macropodidae,macropodidae,wallabia bicolor
0cdf6463-d494-467f-8273-a2b1341ecdc4,sequenceID:e08b8197-3752-43e8-98dc-d772f75aa4b7,e08b8197-3752-43e8-98dc-d772f75aa4b7,e08b8197-3752-43e8-98dc-d772f75aa4b7,8dcf470a-299d-42c7-a92d-42b832d93ff5,animal,Macropus dorsalis,0.76,addaxai VIC,Macropodidae,macropodidae,macropus dorsalis
2df35511-42b6-4a67-ac83-62a3308bae0f,sequenceID:13a9859c-70c3-40e9-b4e6-771da52e4ee1,13a9859c-70c3-40e9-b4e6-771da52e4ee1,13a9859c-70c3-40e9-b4e6-771da52e4ee1,8dcf470a-299d-42c7-a92d-42b832d93ff5,animal,Mammalia,0.84,addaxai VIC,Macropodidae,macropodidae,mammalia
d11079b7-299e-4e79-85ab-c1c2a6fb9090,sequenceID:0a437144-91f6-4ef1-b196-ddae01971b1c,0a437144-91f6-4ef1-b196-ddae01971b1c,0a437144-91f6-4ef1-b196-ddae01971b1c,8dcf470a-299d-42c7-a92d-42b832d93ff5,animal,Macropus dorsalis,0.69,addaxai VIC,Macropodidae,macropodidae,macropus dorsalis
9b2c8d4d-3620-4db1-99c8-39c26df69ece,sequenceID:9db74d22-3b5d-4798-ac9e-cf3e4e25e543,9db74d22-3b5d-4798-ac9e-cf3e4e25e543,9db74d22-3b5d-4798-ac9e-cf3e4e25e543,8dcf470a-299d-42c7-a92d-42b832d93ff5,animal,Mammalia,0.76,addaxai VIC,Macropodidae,macropodidae,mammalia
45b319b6-6b84-4474-89cf-3e808e578a02,sequenceID:9462cb2a-438f-4776-b79a-048deb4a30be,9462cb2a-438f-4776-b79a-048deb4a30be,9462cb2a-438f-4776-b79a-048deb4a30be,8dcf470a-299d-42c7-a92d-42b832d93ff5,unclassified,Unclassified,0.96,addaxai VIC,Macropodidae,macropodidae,unclassified
45b319b6-6b84-4474-89cf-3e808e578a02,sequenceID:9462cb2a-438f-4776-b79a-048deb4a30be,9462cb2a-438f-4776-b79a-048deb4a30be,9462cb2a-438f-4776-b79a-048deb4a30be,8dcf470a-299d-42c7-a92d-42b832d93ff5,animal,Macropus dorsalis,0.84,addaxai VIC,Macropodidae,macropodidae,macropus dorsalis
ef062187-f202-4c4a-b299-745bd4c19b6a,sequenceID:a857f213-7631-469f-8109-6474de8dfe5f,a857f213-7631-469f-8109-6474de8dfe5f,a857f213-7631-469f-8109-6474de8dfe5f,8dcf470a-299d-42c7-a92d-42b832d93ff5,animal,Macropus giganteus,0.71,addaxai VIC,Macropodidae,macropodidae,macropus giganteus
39206cb4-e29a-43e3-a848-6bf403335a42,sequenceID:887417ae-25d6-4745-90da-0e2cbcdea7ef,887417ae-25d6-4745-90da-0e2cbcdea7ef,887417ae-25d6-4745-90da-0e2cbcdea7ef,8dcf470a-299d-42c7-a92d-42b832d93ff5,animal,Macropus fuliginosus,0.75,addaxai VIC,Macropodidae,macropodidae,macropus fuliginosus
e73c7e2c-3642-43fa-af2b-3e5887471476,sequenceID:b16147a7-b526-44a0-b853-b64cf28ea86f,b16147a7-b526-44a0-b853-b64cf28ea86f,b16147a7-b526-44a0-b853-b64cf28ea86f,8dcf470a-299d-42c7-a92d-42b832d93ff5,unclassified,Unclassified,0.66,addaxai VIC,Macropodidae,macropodidae,unclassified
bdf6a475-c4f1-4a32-9e9e-a31fea47f741,sequenceID:1f0de357-6135-45eb-9ce7-097eb8e054c0,1f0de357-6135-45eb-9ce7-097eb8e054c0,1f0de357-6135-45eb-9ce7-097eb8e054c0,8dcf470a-299d-42c7-a92d-42b832d93ff5,animal,Macropus fuliginosus,0.82,addaxai VIC,Macropodidae,macropodidae,macropus fuliginosus
69cd4440-d3cd-4304-b2b0-d14532684664,sequenceID:bb6f8895-35a9-42ef-a621-78e850c423c6,bb6f8895-35a9-42ef-a621-78e850c423c6,bb6f8895-35a9-42ef-a621-78e850c423c6,8dcf470a-299d-42c7-a92d-42b832d93ff5,animal,Macropus fuliginosus,0.97,addaxai VIC,Macropodidae,macropodidae,macropus fuliginosus
93dbdae5-7358-458d-82ca-c3c7ab4c75c6,sequenceID:4e5d6b66-b543-4f52-a6ad-a874d2a585b8,4e5d6b66-b543-4f52-a6ad-a874d2a585b8,4e5d6b66-b543-4f52-a6ad-a874d2a585b8,8dcf470a-299d-42c7-a92d-42b832d93ff5,animal,Mammalia,0.72,addaxai VIC,Macropodidae,macropodidae,mammalia
1a25faa8-9747-4300-ae1d-892a72ba02bf,sequenceID:4bbb5813-0405-4472-ab10-5634f631ec5f,4bbb5813-0405-4472-ab10-5634f631ec5f,4bbb5813-0405-4472-ab10-5634f631ec5f,8dcf470a-299d-42c7-a92d-42b832d93ff5,animal,Macropus fuliginosus,0.94,addaxai VIC,Macropodidae,macropodidae,macropus fuliginosus
e720e0a9-29ba-4bfd-8cbb-7cbf9db4e29b,sequenceID:b4d86ac6-67f1-4130-bfce-b67116c37696,b4d86ac6-67f1-4130-bfce-b67116c37696,b4d86ac6-67f1-4130-bfce-b67116c37696,8dcf470a-299d-42c7-a92d-42b832d93ff5,animal,Macropus fuliginosus,0.87,addaxai VIC,Macropodidae,macropodidae,macropus fuliginosus
955ede37-4df4-48ac-ae9c-54d1ffce254d,sequenceID:af4f2fe5-b6e5-4efe-9126-435b2ea915f7,af4f2fe5-b6e5-4efe-9126-435b2ea915f7,af4f2fe5-b6e5-4efe-9126-435b2ea915f7,8dcf470a-299d-42c7-a92d-42b832d93ff5,animal,Macropus fuliginosus,0.99,addaxai VIC,Macropodidae,macropodidae,macropus fuliginosus
a6cd5178-b0e6-455a-a131-b7956eefe3d1,sequenceID:697f27de-76d0-47ec-934c-8aedf6493ae5,697f27de-76d0-47ec-934c-8aedf6493ae5,697f27de-76d0-47ec-934c-8aedf6493ae5,8dcf470a-299d-42c7-a92d-42b832d93ff5,animal,Macropus fuliginosus,0.96,addaxai VIC,Macropodidae,macropodidae,macropus fuliginosus
80bd4d47-5f5b-4142-b2cd-4e588054c58f,sequenceID:29f23b7e-1968-413b-9ee6-7da40007d41e,29f23b7e-1968-413b-9ee6-7da40007d41e,29f23b7e-1968-413b-9ee6-7da40007d41e,8dcf470a-299d-42c7-a92d-42b832d93ff5,animal,Macropus fuliginosus,0.89,addaxai VIC,Macropodidae,macropodidae,macropus fuliginosus
b3af5f4b-2865-4906-b355-5dc88102cae2,sequenceID:93a51228-4054-4bef-9eb4-fd2672544776,93a51228-4054-4bef-9eb4-fd2672544776,93a51228-4054-4bef-9eb4-fd2672544776,8dcf470a-299d-42c7-a92d-42b832d93ff5,animal,Macropus fuliginosus,0.73,addaxai VIC,Macropodidae,macropodidae,macropus fuliginosus
6c6b8616-801d-4423-88c7-c9637bbf2e4e,sequenceID:d6b71d0f-2561-4dc9-a736-e40a211b4a18,d6b71d0f-2561-4dc9-a736-e40a211b4a18,d6b71d0f-2561-4dc9-a736-e40a211b4a18,8dcf470a-299d-42c7-a92d-42b832d93ff5,animal,Macropus fuliginosus,0.98,addaxai VIC,Macropodidae,macropodidae,macropus fuliginosus
8e3738ae-fa05-4a23-a0a8-cbea2e2d6e1a,sequenceID:af31a39e-c91b-41a7-af9a-1bfc530ff267,af31a39e-c91b-41a7-af9a-1bfc530ff267,af31a39e-c91b-41a7-af9a-1bfc530ff267,8dcf470a-299d-42c7-a92d-42b832d93ff5,animal,Macropus fuliginosus,0.84,addaxai VIC,Macropodidae,macropodidae,macropus fuliginosus
9883ae6f-33b9-4ec8-95c5-5da172c2b706,sequenceID:ddc5d1bf-0c80-44a8-bac1-704a15e986df,ddc5d1bf-0c80-44a8-bac1-704a15e986df,ddc5d1bf-0c80-44a8-bac1-704a15e986df,8dcf470a-299d-42c7-a92d-42b832d93ff5,animal,Macropus giganteus,0.86,addaxai VIC,Macropodidae,macropodidae,macropus giganteus
9883ae6f-33b9-4ec8-95c5-5da172c2b706,sequenceID:ddc5d1bf-0c80-44a8-bac1-704a15e986df,ddc5d1bf-0c80-44a8-bac1-704a15e986df,ddc5d1bf-0c80-44a8-bac1-704a15e986df,8dcf470a-299d-42c7-a92d-42b832d93ff5,unclassified,Unclassified,0.95,addaxai VIC,Macropodidae,macropodidae,unclassified
bb9a7e2d-7a06-4079-9bb7-50928579691a,sequenceID:ab97bcf8-a05c-470d-a68a-451206f81c86,ab97bcf8-a05c-470d-a68a-451206f81c86,ab97bcf8-a05c-470d-a68a-451206f81c86,8dcf470a-299d-42c7-a92d-42b832d93ff5,unclassified,Unclassified,0.0,,Macropodidae,macropodidae,unclassified
49c5876e-8949-4b6e-81d7-4ab52ef49cbb,sequenceID:bc6ac81e-12e2-4caa-85fe-b77b4c0400a1,bc6ac81e-12e2-4caa-85fe-b77b4c0400a1,bc6ac81e-12e2-4caa-85fe-b77b4c0400a1,8dcf470a-299d-42c7-a92d-42b832d93ff5,animal,Equus caballus,0.81,addaxai VIC,Macropodidae,macropodidae,equus caballus
bc7445b0-957b-4451-b94a-427e77a532e8,sequenceID:2a32012b-4d47-4884-b460-cada8c9a9905,2a32012b-4d47-4884-b460-cada8c9a9905,2a32012b-4d47-4884-b460-cada8c9a9905,8dcf470a-299d-42c7-a92d-42b832d93ff5,unclassified,Unclassified,0.0,,Macropodidae,macropodidae,unclassified
4afd183d-8873-4781-834d-553408fcfb0b,sequenceID:842279cd-c7bf-4164-9f7e-b29ed2bcf475,842279cd-c7bf-4164-9f7e-b29ed2bcf475,842279cd-c7bf-4164-9f7e-b29ed2bcf475,8dcf470a-299d-42c7-a92d-42b832d93ff5,animal,Macropus giganteus,0.82,addaxai VIC,Macropodidae,macropodidae,macropus giganteus
2fd789c5-1afb-4bcf-9a79-f11a7dbe193a,sequenceID:03011c91-e390-4ae8-b631-77c07f5e17fe,03011c91-e390-4ae8-b631-77c07f5e17fe,03011c91-e390-4ae8-b631-77c07f5e17fe,8dcf470a-299d-42c7-a92d-42b832d93ff5,animal,Osphranter rufus,0.74,addaxai VIC,Macropodidae,macropodidae,osphranter rufus
77a4d9d8-f059-466f-80c3-bf3d01305880,sequenceID:2eeb32ce-9003-4257-8b9b-9e3bb61e5a18,2eeb32ce-9003-4257-8b9b-9e3bb61e5a18,2eeb32ce-9003-4257-8b9b-9e3bb61e5a18,8dcf470a-299d-42c7-a92d-42b832d93ff5,unclassified,Unclassified,0.0,,Macropodidae,macropodidae,unclassified
c289f787-099f-4d63-872f-4c934afeebe7,sequenceID:633c559c-e7d2-4958-bde1-134d10d353ec,633c559c-e7d2-4958-bde1-134d10d353ec,633c559c-e7d2-4958-bde1-134d10d353ec,8dcf470a-299d-42c7-a92d-42b832d93ff5,unclassified,Unclassified,0.0,,Macropodidae,macropodidae,unclassified
b7dae45c-9ef9-4bfd-97cb-c94d5a490e32,sequenceID:c8b695c6-745a-4f32-a3ad-2975ff53af68,c8b695c6-745a-4f32-a3ad-2975ff53af68,c8b695c6-745a-4f32-a3ad-2975ff53af68,8dcf470a-299d-42c7-a92d-42b832d93ff5,animal,Macropus giganteus,0.71,addaxai VIC,Macropodidae,macropodidae,macropus giganteus
ab849df2-7b97-4932-8d9c-6cca4f2b782f,sequenceID:d3b310c8-151d-48d9-8146-e8af41ed6445,d3b310c8-151d-48d9-8146-e8af41ed6445,d3b310c8-151d-48d9-8146-e8af41ed6445,8dcf470a-299d-42c7-a92d-42b832d93ff5,animal,Macropus giganteus,0.97,addaxai VIC,Macropodidae,macropodidae,macropus giganteus
916e1235-560a-4526-8d5e-eda2e9538e9d,sequenceID:ea489234-387b-4039-ab98-6013bb6c4a91,ea489234-387b-4039-ab98-6013bb6c4a91,ea489234-387b-4039-ab98-6013bb6c4a91,8dcf470a-299d-42c7-a92d-42b832d93ff5,animal,Mammalia,0.83,addaxai VIC,Macropodidae,macropodidae,mammalia
31af817a-8199-4fb9-85ce-34322e39f247,sequenceID:65e71b80-ac42-4d4a-864e-5afe1a75323e,65e71b80-ac42-4d4a-864e-5afe1a75323e,65e71b80-ac42-4d4a-864e-5afe1a75323e,8dcf470a-299d-42c7-a92d-42b832d93ff5,animal,Macropus dorsalis,0.88,addaxai VIC,Macropodidae,macropodidae,macropus dorsalis
d8789bd6-15f9-422a-af80-c400a6764089,sequenceID:4cd5522e-2b31-4969-b97d-36ac00210e5a,4cd5522e-2b31-4969-b97d-36ac00210e5a,4cd5522e-2b31-4969-b97d-36ac00210e5a,8dcf470a-299d-42c7-a92d-42b832d93ff5,animal,Macropus giganteus,0.89,addaxai VIC,Macropodidae,macropodidae,macropus giganteus
0b63d138-cb07-4d0c-9460-02c951806495,sequenceID:7d7bd137-0eab-4566-a156-596852db747e,7d7bd137-0eab-4566-a156-596852db747e,7d7bd137-0eab-4566-a156-596852db747e,8dcf470a-299d-42c7-a92d-42b832d93ff5,animal,Macropus giganteus,0.8,addaxai VIC,Macropodidae,macropodidae,macropus giganteus
7e2facce-f757-4642-ae5d-cedf71e2d184,sequenceID:c62f7709-4fb9-4410-9dcf-05a3f6a58235,c62f7709-4fb9-4410-9dcf-05a3f6a58235,c62f7709-4fb9-4410-9dcf-05a3f6a58235,8dcf470a-299d-42c7-a92d-42b832d93ff5,animal,Macropus fuliginosus,0.85,addaxai VIC,Macropodidae,macropodidae,macropus fuliginosus
3c5fc180-43c6-4c01-82ce-eb018278f071,sequenceID:bdaef700-9569-4106-904d-5d0e9b24cfa5,bdaef700-9569-4106-904d-5d0e9b24cfa5,bdaef700-9569-4106-904d-5d0e9b24cfa5,8dcf470a-299d-42c7-a92d-42b832d93ff5,animal,Macropus dorsalis,0.65,addaxai VIC,Macropodidae,macropodidae,macropus dorsalis
37bc0ae0-180e-4465-bbaa-a0eb6b7d2c0a,sequenceID:f101c6b2-e515-48f3-9140-d31b46a2681f,f101c6b2-e515-48f3-9140-d31b46a2681f,f101c6b2-e515-48f3-9140-d31b46a2681f,8dcf470a-299d-42c7-a92d-42b832d93ff5,animal,Macropus giganteus,0.81,addaxai VIC,Macropodidae,macropodidae,macropus giganteus
a123ab2a-c5bc-4624-bc44-d84c124e219c,sequenceID:4bd2c103-0c5d-4fa7-aa91-8858f7da0edd,4bd2c103-0c5d-4fa7-aa91-8858f7da0edd,4bd2c103-0c5d-4fa7-aa91-8858f7da0edd,8dcf470a-299d-42c7-a92d-42b832d93ff5,animal,Osphranter rufus,0.81,addaxai VIC,Macropodidae,macropodidae,osphranter rufus
a123ab2a-c5bc-4624-bc44-d84c124e219c,sequenceID:4bd2c103-0c5d-4fa7-aa91-8858f7da0edd,4bd2c103-0c5d-4fa7-aa91-8858f7da0edd,4bd2c103-0c5d-4fa7-aa91-8858f7da0edd,8dcf470a-299d-42c7-a92d-42b832d93ff5,unclassified,Unclassified,0.72,addaxai VIC,Macropodidae,macropodidae,unclassified
aa7066f0-65cd-4d96-9415-187a6b844df8,sequenceID:7971c58d-4757-43d2-bd03-c7079a701f22,7971c58d-4757-43d2-bd03-c7079a701f22,7971c58d-4757-43d2-bd03-c7079a701f22,8dcf470a-299d-42c7-a92d-42b832d93ff5,animal,Mammalia,0.67,addaxai VIC,Macropodidae,macropodidae,mammalia
aa7066f0-65cd-4d96-9415-187a6b844df8,sequenceID:7971c58d-4757-43d2-bd03-c7079a701f22,7971c58d-4757-43d2-bd03-c7079a701f22,7971c58d-4757-43d2-bd03-c7079a701f22,8dcf470a-299d-42c7-a92d-42b832d93ff5,animal,Osphranter rufus,0.67,addaxai VIC,Macropodidae,macropodidae,osphranter rufus
aa7066f0-65cd-4d96-9415-187a6b844df8,sequenceID:7971c58d-4757-43d2-bd03-c7079a701f22,7971c58d-4757-43d2-bd03-c7079a701f22,7971c58d-4757-43d2-bd03-c7079a701f22,8dcf470a-299d-42c7-a92d-42b832d93ff5,unclassified,Unclassified,0.75,addaxai VIC,Macropodidae,macropodidae,unclassified
38d722ba-c340-427b-8031-c2fc0045e0c1,sequenceID:68bfbfb6-122d-4d71-ad7c-1a0ee542c49b,68bfbfb6-122d-4d71-ad7c-1a0ee542c49b,68bfbfb6-122d-4d71-ad7c-1a0ee542c49b,8dcf470a-299d-42c7-a92d-42b832d93ff5,unclassified,Unclassified,0.74,addaxai VIC,Macropodidae,macropodidae,unclassified
c289145a-b952-4773-b3ab-ed41b4e95113,sequenceID:11a7e699-9832-4e33-a9cf-24dac6cf47ec,11a7e699-9832-4e33-a9cf-24dac6cf47ec,11a7e699-9832-4e33-a9cf-24dac6cf47ec,8dcf470a-299d-42c7-a92d-42b832d93ff5,unclassified,Unclassified,0.68,addaxai VIC,Macropodidae,macropodidae,unclassified
ccfc376d-5f8b-460c-bf07-577e59cf6310,sequenceID:e25571d4-fd48-4271-9681-5199de96a995,e25571d4-fd48-4271-9681-5199de96a995,e25571d4-fd48-4271-9681-5199de96a995,8dcf470a-299d-42c7-a92d-42b832d93ff5,animal,Macropus dorsalis,0.77,addaxai VIC,Macropodidae,macropodidae,macropus dorsalis
dc75f055-b7fa-4d71-b93a-6a37bc0f5df8,sequenceID:1d7c1566-7a3d-4722-9e2e-7f77d685191b,1d7c1566-7a3d-4722-9e2e-7f77d685191b,1d7c1566-7a3d-4722-9e2e-7f77d685191b,8dcf470a-299d-42c7-a92d-42b832d93ff5,animal,Wallabia bicolor,0.67,addaxai VIC,Macropodidae,macropodidae,wallabia bicolor
86770805-f152-48d6-ba16-0e9c00973f72,sequenceID:2a08aa7f-26da-48d1-918d-29aaac688c54,2a08aa7f-26da-48d1-918d-29aaac688c54,2a08aa7f-26da-48d1-918d-29aaac688c54,8dcf470a-299d-42c7-a92d-42b832d93ff5,animal,Macropus giganteus,0.94,addaxai VIC,Macropodidae,macropodidae,macropus giganteus
631472eb-973e-432e-92d1-45370223d5c7,sequenceID:dc2dd980-26e0-42a0-89ce-cc118bcd2e4e,dc2dd980-26e0-42a0-89ce-cc118bcd2e4e,dc2dd980-26e0-42a0-89ce-cc118bcd2e4e,8dcf470a-299d-42c7-a92d-42b832d93ff5,animal,Macropus giganteus,0.78,addaxai VIC,Macropodidae,macropodidae,macropus giganteus
d0db91e9-d2fe-4f3c-97f6-7784029d7d56,sequenceID:2370c579-7f89-4f65-a796-6dae5e8d6293,2370c579-7f89-4f65-a796-6dae5e8d6293,2370c579-7f89-4f65-a796-6dae5e8d6293,8dcf470a-299d-42c7-a92d-42b832d93ff5,animal,Macropus fuliginosus,0.67,addaxai VIC,Macropodidae,macropodidae,macropus fuliginosus
332939c0-63f3-4a4d-a199-d2bb96f97e31,sequenceID:88a6c322-5c03-4284-ba2f-4aa86be851ca,88a6c322-5c03-4284-ba2f-4aa86be851ca,88a6c322-5c03-4284-ba2f-4aa86be851ca,8dcf470a-299d-42c7-a92d-42b832d93ff5,unclassified,Unclassified,0.0,,Macropodidae,macropodidae,unclassified
476746d8-0b6f-426f-9057-135736aecee5,sequenceID:827798ff-d871-45cd-a9c3-4fc75f790963,827798ff-d871-45cd-a9c3-4fc75f790963,827798ff-d871-45cd-a9c3-4fc75f790963,8dcf470a-299d-42c7-a92d-42b832d93ff5,animal,Macropus dorsalis,0.7,addaxai VIC,Macropodidae,macropodidae,macropus dorsalis
a5e1e70e-5f8d-4380-8740-f8b3a2ad62dd,sequenceID:3c8d40f8-99c4-4c67-a30d-9049b32184ae,3c8d40f8-99c4-4c67-a30d-9049b32184ae,3c8d40f8-99c4-4c67-a30d-9049b32184ae,8dcf470a-299d-42c7-a92d-42b832d93ff5,animal,Macropus dorsalis,0.98,addaxai VIC,Macropodidae,macropodidae,macropus dorsalis
9ca5fef6-2a7f-4803-80de-d6d986fe59dc,sequenceID:4d69aa64-35b6-4b09-b3d2-c27d1c573c56,4d69aa64-35b6-4b09-b3d2-c27d1c573c56,4d69aa64-35b6-4b09-b3d2-c27d1c573c56,8dcf470a-299d-42c7-a92d-42b832d93ff5,animal,Macropus fuliginosus,0.99,addaxai VIC,Macropodidae,macropodidae,macropus fuliginosus
ee2e224b-5997-40e5-8b4b-69d2d5e9e530,sequenceID:7f3e8adb-af4c-44c8-b641-fd56165e72cd,7f3e8adb-af4c-44c8-b641-fd56165e72cd,7f3e8adb-af4c-44c8-b641-fd56165e72cd,8dcf470a-299d-42c7-a92d-42b832d93ff5,unclassified,Unclassified,0.76,addaxai VIC,Macropodidae,macropodidae,unclassified
1f0bb149-040e-4527-b654-a3acd46508cf,sequenceID:89832972-c6be-47a0-a433-8d39f688afd7,89832972-c6be-47a0-a433-8d39f688afd7,89832972-c6be-47a0-a433-8d39f688afd7,8dcf470a-299d-42c7-a92d-42b832d93ff5,animal,Macropus fuliginosus,0.89,addaxai VIC,Macropodidae,macropodidae,macropus fuliginosus
a41d1a6a-a412-4bff-ac1c-30cafe4efc90,sequenceID:b7a52bbb-4a9d-4598-8135-13dbd7e2bbca,b7a52bbb-4a9d-4598-8135-13dbd7e2bbca,b7a52bbb-4a9d-4598-8135-13dbd7e2bbca,8dcf470a-299d-42c7-a92d-42b832d93ff5,unclassified,Unclassified,0.0,,Macropodidae,macropodidae,unclassified
14562122-56ab-49eb-b283-b62d381443b1,sequenceID:4618595a-bf7a-4011-b711-59303dcb3872,4618595a-bf7a-4011-b711-59303dcb3872,4618595a-bf7a-4011-b711-59303dcb3872,8dcf470a-299d-42c7-a92d-42b832d93ff5,unclassified,Unclassified,0.7,addaxai VIC,Macropodidae,macropodidae,unclassified
7fbc8448-61d2-4f31-9bf4-86da6bb48aa4,sequenceID:4414aa55-6875-4fc6-9491-3094b38c0729,4414aa55-6875-4fc6-9491-3094b38c0729,4414aa55-6875-4fc6-9491-3094b38c0729,8dcf470a-299d-42c7-a92d-42b832d93ff5,animal,Macropus giganteus,0.72,addaxai VIC,Macropodidae,macropodidae,macropus giganteus
80ca8f43-3daa-4149-9cba-90db252cae6b,sequenceID:5da917fe-2e9c-4073-bb72-72b9eaac4d5c,5da917fe-2e9c-4073-bb72-72b9eaac4d5c,5da917fe-2e9c-4073-bb72-72b9eaac4d5c,8dcf470a-299d-42c7-a92d-42b832d93ff5,animal,Ovis aries,0.78,addaxai VIC,Macropodidae,macropodidae,ovis aries
54164e86-adca-4382-9555-c4fcac68d3a4,sequenceID:d3e48413-c908-4750-9b66-203f8d88debb,d3e48413-c908-4750-9b66-203f8d88debb,d3e48413-c908-4750-9b66-203f8d88debb,8dcf470a-299d-42c7-a92d-42b832d93ff5,unclassified,Unclassified,0.0,,Macropodidae,macropodidae,unclassified
6c1cbdb4-768e-4cf1-8e98-5abcf29b6bad,sequenceID:63a93e29-f26a-4984-bcbb-b96efa5f48ac,63a93e29-f26a-4984-bcbb-b96efa5f48ac,63a93e29-f26a-4984-bcbb-b96efa5f48ac,8dcf470a-299d-42c7-a92d-42b832d93ff5,animal,Osphranter rufus,0.97,addaxai VIC,Macropodidae,macropodidae,osphranter rufus
d2c6ecbc-d684-4895-b16d-cfad0a41d01b,sequenceID:d0336e3a-4b01-4a5e-87df-1715ca2ea0a0,d0336e3a-4b01-4a5e-87df-1715ca2ea0a0,d0336e3a-4b01-4a5e-87df-1715ca2ea0a0,8dcf470a-299d-42c7-a92d-42b832d93ff5,animal,Macropus fuliginosus,0.86,addaxai VIC,Macropodidae,macropodidae,macropus fuliginosus
7a801bc5-9269-4202-81e1-aa6745fa35d7,sequenceID:cbeee1ed-7e28-470b-98b2-2c05dedd21cf,cbeee1ed-7e28-470b-98b2-2c05dedd21cf,cbeee1ed-7e28-470b-98b2-2c05dedd21cf,8dcf470a-299d-42c7-a92d-42b832d93ff5,animal,Macropus fuliginosus,0.89,addaxai VIC,Macropodidae,macropodidae,macropus fuliginosus
771d66bb-5d79-4e14-bf66-bbb021b36f83,sequenceID:7c53c8b1-1847-48de-918a-70f203ac19ce,7c53c8b1-1847-48de-918a-70f203ac19ce,7c53c8b1-1847-48de-918a-70f203ac19ce,8dcf470a-299d-42c7-a92d-42b832d93ff5,animal,Mammalia,0.77,addaxai VIC,Macropodidae,macropodidae,mammalia
45acb664-109b-4bb7-bba5-b04046531bd6,sequenceID:9cb575f6-cb3b-4419-acb0-12bdc03de4db,9cb575f6-cb3b-4419-acb0-12bdc03de4db,9cb575f6-cb3b-4419-acb0-12bdc03de4db,8dcf470a-299d-42c7-a92d-42b832d93ff5,animal,Mammalia,0.93,addaxai VIC,Macropodidae,macropodidae,mammalia
bd2a2c8f-c476-460e-b1ea-be9bc3135fb5,sequenceID:1127fb7f-8d21-466f-8f48-70faf6959aaf,1127fb7f-8d21-466f-8f48-70faf6959aaf,1127fb7f-8d21-466f-8f48-70faf6959aaf,8dcf470a-299d-42c7-a92d-42b832d93ff5,unclassified,Unclassified,0.65,addaxai VIC,Macropodidae,macropodidae,unclassified
56bc46cd-96de-4a17-ac80-4ba9279ae6de,sequenceID:4bcdbfb8-404e-45a4-a38f-23e8db4c2202,4bcdbfb8-404e-45a4-a38f-23e8db4c2202,4bcdbfb8-404e-45a4-a38f-23e8db4c2202,8dcf470a-299d-42c7-a92d-42b832d93ff5,animal,Macropus fuliginosus,0.9,addaxai VIC,Macropodidae,macropodidae,macropus fuliginosus
93ce5e94-07f0-483f-82f8-59012f71c609,sequenceID:b2448a1b-a9c2-405c-be7a-b0ef76f06b5b,b2448a1b-a9c2-405c-be7a-b0ef76f06b5b,b2448a1b-a9c2-405c-be7a-b0ef76f06b5b,8dcf470a-299d-42c7-a92d-42b832d93ff5,animal,Macropus fuliginosus,0.97,addaxai VIC,Macropodidae,macropodidae,macropus fuliginosus
9d8c583d-5e01-48e5-b03c-5515d820651c,sequenceID:7182fcee-7ce5-48f9-a7ad-50e8a64c983a,7182fcee-7ce5-48f9-a7ad-50e8a64c983a,7182fcee-7ce5-48f9-a7ad-50e8a64c983a,8dcf470a-299d-42c7-a92d-42b832d93ff5,animal,Macropus giganteus,0.72,addaxai VIC,Macropodidae,macropodidae,macropus giganteus
e1082282-3ae9-41bd-b004-d266150787aa,sequenceID:cc8b27af-4a6f-4e75-a4a7-a5037d8a7dde,cc8b27af-4a6f-4e75-a4a7-a5037d8a7dde,cc8b27af-4a6f-4e75-a4a7-a5037d8a7dde,8dcf470a-299d-42c7-a92d-42b832d93ff5,animal,Macropus fuliginosus,0.95,addaxai VIC,Macropodidae,macropodidae,macropus fuliginosus
ec714d26-101c-4fbf-825c-9cff211a864d,sequenceID:aea3bba1-acfb-4117-bd6c-2a596f4c79b8,aea3bba1-acfb-4117-bd6c-2a596f4c79b8,aea3bba1-acfb-4117-bd6c-2a596f4c79b8,8dcf470a-299d-42c7-a92d-42b832d93ff5,unclassified,Unclassified,0.9,addaxai VIC,Macropodidae,macropodidae,unclassified
ec714d26-101c-4fbf-825c-9cff211a864d,sequenceID:aea3bba1-acfb-4117-bd6c-2a596f4c79b8,aea3bba1-acfb-4117-bd6c-2a596f4c79b8,aea3bba1-acfb-4117-bd6c-2a596f4c79b8,8dcf470a-299d-42c7-a92d-42b832d93ff5,animal,Macropus giganteus,0.84,addaxai VIC,Macropodidae,macropodidae,macropus giganteus
110f750a-2736-45b0-917b-08d62d48cbfd,sequenceID:59360d63-4128-4cc9-b762-02fae4fdb3b1,59360d63-4128-4cc9-b762-02fae4fdb3b1,59360d63-4128-4cc9-b762-02fae4fdb3b1,8dcf470a-299d-42c7-a92d-42b832d93ff5,animal,Mammalia,0.7,addaxai VIC,Macropodidae,macropodidae,mammalia
05a7ef5a-1775-405c-b309-f8290aabe07b,sequenceID:c8524454-f953-4436-9fe9-e4467f762a4a,c8524454-f953-4436-9fe9-e4467f762a4a,c8524454-f953-4436-9fe9-e4467f762a4a,8dcf470a-299d-42c7-a92d-42b832d93ff5,unclassified,Unclassified,0.0,,Macropodidae,macropodidae,unclassified
f1603734-2e70-4984-96f2-858ee6ae4bbc,sequenceID:1fde5eb9-a7d4-4147-ac76-3b2bf9fc3ff2,1fde5eb9-a7d4-4147-ac76-3b2bf9fc3ff2,1fde5eb9-a7d4-4147-ac76-3b2bf9fc3ff2,8dcf470a-299d-42c7-a92d-42b832d93ff5,unclassified,Unclassified,0.0,,Macropodidae,macropodidae,unclassified
60a6f38a-b94d-459f-b693-476801687489,sequenceID:86c82882-1064-4e6a-9be4-b01391e84113,86c82882-1064-4e6a-9be4-b01391e84113,86c82882-1064-4e6a-9be4-b01391e84113,8dcf470a-299d-42c7-a92d-42b832d93ff5,unclassified,Unclassified,0.0,,Macropodidae,macropodidae,unclassified
5e331863-2e70-45b6-b2a6-a15b3c21db55,sequenceID:ef11ecc0-5954-46a8-899a-518e2c018cda,ef11ecc0-5954-46a8-899a-518e2c018cda,ef11ecc0-5954-46a8-899a-518e2c018cda,8dcf470a-299d-42c7-a92d-42b832d93ff5,unclassified,Unclassified,0.72,addaxai VIC,Macropodidae,macropodidae,unclassified
6d67f447-fbef-41d2-965e-ffce54147b08,sequenceID:d756a957-46e9-4afa-ac78-acca8867a8ca,d756a957-46e9-4afa-ac78-acca8867a8ca,d756a957-46e9-4afa-ac78-acca8867a8ca,8dcf470a-299d-42c7-a92d-42b832d93ff5,animal,Osphranter rufus,0.83,addaxai VIC,Macropodidae,macropodidae,osphranter rufus
388849b7-51c8-4e69-ba1b-bfd848d5c50e,sequenceID:ac274f33-2307-4e6b-8c8f-e302246deae7,ac274f33-2307-4e6b-8c8f-e302246deae7,ac274f33-2307-4e6b-8c8f-e302246deae7,8dcf470a-299d-42c7-a92d-42b832d93ff5,animal,Macropus dorsalis,0.7,addaxai VIC,Macropodidae,macropodidae,macropus dorsalis
431a1879-1678-46db-8856-9fdd52326248,sequenceID:eb01d6b6-a5e1-4f6a-99ea-8df3c08f6e82,eb01d6b6-a5e1-4f6a-99ea-8df3c08f6e82,eb01d6b6-a5e1-4f6a-99ea-8df3c08f6e82,8dcf470a-299d-42c7-a92d-42b832d93ff5,animal,Macropus dorsalis,0.65,addaxai VIC,Macropodidae,macropodidae,macropus dorsalis
cb3eaf9d-55aa-4e7c-a4b5-f77ceb472d03,sequenceID:a3f8f989-fda1-4ea6-94c1-cd4d20227e19,a3f8f989-fda1-4ea6-94c1-cd4d20227e19,a3f8f989-fda1-4ea6-94c1-cd4d20227e19,8dcf470a-299d-42c7-a92d-42b832d93ff5,unclassified,Unclassified,0.74,addaxai VIC,Macropodidae,macropodidae,unclassified
a760ae14-0a30-4fd7-859c-45e8615f4de0,sequenceID:9c3123bd-0b29-45b4-abc2-7649e0f13cdf,9c3123bd-0b29-45b4-abc2-7649e0f13cdf,9c3123bd-0b29-45b4-abc2-7649e0f13cdf,8dcf470a-299d-42c7-a92d-42b832d93ff5,animal,Macropus fuliginosus,0.68,addaxai VIC,Macropodidae,macropodidae,macropus fuliginosus
e7bebbf0-ff14-4c5f-9f3f-7ab0a82c7074,sequenceID:9350b8e3-aede-4058-98b7-efb29eff5d62,9350b8e3-aede-4058-98b7-efb29eff5d62,9350b8e3-aede-4058-98b7-efb29eff5d62,8dcf470a-299d-42c7-a92d-42b832d93ff5,animal,Macropus dorsalis,0.76,addaxai VIC,Macropodidae,macropodidae,macropus dorsalis
843a3e8e-25aa-4a92-9f6c-a7667b02c212,sequenceID:689fb298-a308-4805-980a-9c21858b59ab,689fb298-a308-4805-980a-9c21858b59ab,689fb298-a308-4805-980a-9c21858b59ab,8dcf470a-299d-42c7-a92d-42b832d93ff5,animal,Macropus fuliginosus,0.83,addaxai VIC,Macropodidae,macropodidae,macropus fuliginosus
5e8c6e8f-e8bb-4013-a244-e9c1f7dfab4d,sequenceID:49653228-b7a1-4151-87ea-24e9f6225f99,49653228-b7a1-4151-87ea-24e9f6225f99,49653228-b7a1-4151-87ea-24e9f6225f99,8dcf470a-299d-42c7-a92d-42b832d93ff5,animal,Macropus dorsalis,0.79,addaxai VIC,Macropodidae,macropodidae,macropus dorsalis
5e8c6e8f-e8bb-4013-a244-e9c1f7dfab4d,sequenceID:49653228-b7a1-4151-87ea-24e9f6225f99,49653228-b7a1-4151-87ea-24e9f6225f99,49653228-b7a1-4151-87ea-24e9f6225f99,8dcf470a-299d-42c7-a92d-42b832d93ff5,animal,Macropus fuliginosus,0.82,addaxai VIC,Macropodidae,macropodidae,macropus fuliginosus
9cc30955-dc33-4797-8598-78306f87a473,sequenceID:aba38f61-a410-4d6e-aa1f-eb86a73e00d8,aba38f61-a410-4d6e-aa1f-eb86a73e00d8,aba38f61-a410-4d6e-aa1f-eb86a73e00d8,8dcf470a-299d-42c7-a92d-42b832d93ff5,animal,Osphranter rufus,0.78,addaxai VIC,Macropodidae,macropodidae,osphranter rufus
fa53cb18-2d07-4fd6-98d6-5a95fb1c28a2,sequenceID:56063293-1db8-4a75-9cf3-c6294687a522,56063293-1db8-4a75-9cf3-c6294687a522,56063293-1db8-4a75-9cf3-c6294687a522,8dcf470a-299d-42c7-a92d-42b832d93ff5,animal,Macropus giganteus,0.85,addaxai VIC,Macropodidae,macropodidae,macropus giganteus
35b4892f-deb8-40a0-b811-a9ce3a03880c,sequenceID:965bc77a-e848-4850-887a-e04a6667bec4,965bc77a-e848-4850-887a-e04a6667bec4,965bc77a-e848-4850-887a-e04a6667bec4,8dcf470a-299d-42c7-a92d-42b832d93ff5,animal,Macropus fuliginosus,0.68,addaxai VIC,Macropodidae,macropodidae,macropus fuliginosus
35b4892f-deb8-40a0-b811-a9ce3a03880c,sequenceID:965bc77a-e848-4850-887a-e04a6667bec4,965bc77a-e848-4850-887a-e04a6667bec4,965bc77a-e848-4850-887a-e04a6667bec4,8dcf470a-299d-42c7-a92d-42b832d93ff5,animal,Macropus giganteus,0.95,addaxai VIC,Macropodidae,macropodidae,macropus giganteus
2d2fbb1b-22aa-4dfc-a689-c24e5986f811,sequenceID:2b76c683-92c6-46fb-970b-46cd31a55760,2b76c683-92c6-46fb-970b-46cd31a55760,2b76c683-92c6-46fb-970b-46cd31a55760,8dcf470a-299d-42c7-a92d-42b832d93ff5,unclassified,Unclassified,0.0,,Macropodidae,macropodidae,unclassified
3e7e28fe-46c7-44da-a9a6-7460af8464c6,sequenceID:e004d46c-7b69-4c6b-b7c7-9a3975a12fbe,e004d46c-7b69-4c6b-b7c7-9a3975a12fbe,e004d46c-7b69-4c6b-b7c7-9a3975a12fbe,8dcf470a-299d-42c7-a92d-42b832d93ff5,unclassified,Unclassified,0.0,,Macropodidae,macropodidae,unclassified
361d6156-8fbb-4a45-879d-4e3a25f4c765,sequenceID:b226ea12-e0c3-4dae-a48d-76defb0e1ec6,b226ea12-e0c3-4dae-a48d-76defb0e1ec6,b226ea12-e0c3-4dae-a48d-76defb0e1ec6,8dcf470a-299d-42c7-a92d-42b832d93ff5,unclassified,Unclassified,0.74,addaxai VIC,Macropodidae,macropodidae,unclassified
9cbdc7f7-36ba-4793-b907-645fb46c74b0,sequenceID:c9a4b053-a83e-427f-8cec-354a13ccb319,c9a4b053-a83e-427f-8cec-354a13ccb319,c9a4b053-a83e-427f-8cec-354a13ccb319,8dcf470a-299d-42c7-a92d-42b832d93ff5,animal,Macropus giganteus,0.68,addaxai VIC,Macropodidae,macropodidae,macropus giganteus
a12a58c0-701b-40e8-94a3-616707da0c32,sequenceID:f4ac8588-fc10-4d67-9747-fdf2214954df,f4ac8588-fc10-4d67-9747-fdf2214954df,f4ac8588-fc10-4d67-9747-fdf2214954df,8dcf470a-299d-42c7-a92d-42b832d93ff5,unclassified,Unclassified,0.0,,Macropodidae,macropodidae,unclassified
36306463-ace9-4344-a8ef-d1199051b41b,sequenceID:2fa2b9f0-d69d-4394-8138-f0713c4134b3,2fa2b9f0-d69d-4394-8138-f0713c4134b3,2fa2b9f0-d69d-4394-8138-f0713c4134b3,8dcf470a-299d-42c7-a92d-42b832d93ff5,animal,Macropus fuliginosus,0.93,addaxai VIC,Macropodidae,macropodidae,macropus fuliginosus
d1c8a209-3d9c-457f-a02c-3b53caf99521,sequenceID:14629ef8-d940-4cd2-bbe4-d3b5490a04a0,14629ef8-d940-4cd2-bbe4-d3b5490a04a0,14629ef8-d940-4cd2-bbe4-d3b5490a04a0,8dcf470a-299d-42c7-a92d-42b832d93ff5,animal,Macropus dorsalis,0.84,addaxai VIC,Macropodidae,macropodidae,macropus dorsalis
c829d47b-6249-4945-9aa5-f362daf3293e,sequenceID:49ba7a58-a1e7-4cf8-a14e-dc7a53def6ad,49ba7a58-a1e7-4cf8-a14e-dc7a53def6ad,49ba7a58-a1e7-4cf8-a14e-dc7a53def6ad,8dcf470a-299d-42c7-a92d-42b832d93ff5,animal,Macropus giganteus,0.85,addaxai VIC,Macropodidae,macropodidae,macropus giganteus
7e3f31e5-c9f9-420f-b741-b1cdea845881,sequenceID:e52a7037-8b84-4e6e-ac9f-a2e11391384e,e52a7037-8b84-4e6e-ac9f-a2e11391384e,e52a7037-8b84-4e6e-ac9f-a2e11391384e,8dcf470a-299d-42c7-a92d-42b832d93ff5,animal,Macropus dorsalis,0.65,addaxai VIC,Macropodidae,macropodidae,macropus dorsalis
9dc297e4-7f4f-4759-9547-646c9b4c64e3,sequenceID:b6168c2a-2935-46d7-848a-33d57875aebf,b6168c2a-2935-46d7-848a-33d57875aebf,b6168c2a-2935-46d7-848a-33d57875aebf,8dcf470a-299d-42c7-a92d-42b832d93ff5,unclassified,Unclassified,0.9,addaxai VIC,Macropodidae,macropodidae,unclassified
bfc2496d-6cf7-4c74-a6c1-4b449338314c,sequenceID:c3c1cd72-e53f-4806-b4a9-cc0765f0efbe,c3c1cd72-e53f-4806-b4a9-cc0765f0efbe,c3c1cd72-e53f-4806-b4a9-cc0765f0efbe,8dcf470a-299d-42c7-a92d-42b832d93ff5,animal,Aves,0.75,addaxai VIC,Macropodidae,macropodidae,aves
46419dbc-1055-4ab4-84d2-f83d36d565e0,sequenceID:8ee08f4a-1dfc-4463-80ef-cffa568013ae,8ee08f4a-1dfc-4463-80ef-cffa568013ae,8ee08f4a-1dfc-4463-80ef-cffa568013ae,8dcf470a-299d-42c7-a92d-42b832d93ff5,unclassified,Unclassified,0.65,addaxai VIC,Macropodidae,macropodidae,unclassified
7b0d1b18-ad52-4d85-834b-8093909ad574,sequenceID:2ba3a691-25e9-4215-8c48-979248c2684e,2ba3a691-25e9-4215-8c48-979248c2684e,2ba3a691-25e9-4215-8c48-979248c2684e,8dcf470a-299d-42c7-a92d-42b832d93ff5,animal,Macropus giganteus,0.84,addaxai VIC,Macropodidae,macropodidae,macropus giganteus
4469dbad-5c8e-43a1-affd-cd52ffac0ab8,sequenceID:6148f45b-982c-4b37-83ac-61afb676104c,6148f45b-982c-4b37-83ac-61afb676104c,6148f45b-982c-4b37-83ac-61afb676104c,8dcf470a-299d-42c7-a92d-42b832d93ff5,unclassified,Unclassified,0.0,,Macropodidae,macropodidae,unclassified
7c855f13-4ce9-431a-9709-f02abd2e233d,sequenceID:080c2bc0-b862-4e6d-aa0b-0161e9e9afa8,080c2bc0-b862-4e6d-aa0b-0161e9e9afa8,080c2bc0-b862-4e6d-aa0b-0161e9e9afa8,8dcf470a-299d-42c7-a92d-42b832d93ff5,animal,Macropus fuliginosus,0.8,addaxai VIC,Macropodidae,macropodidae,macropus fuliginosus
c1c0efec-5ee6-4312-b5cb-b15cdb267fbb,sequenceID:84b5b5af-f8ff-414f-9663-8f8fc308e5f4,84b5b5af-f8ff-414f-9663-8f8fc308e5f4,84b5b5af-f8ff-414f-9663-8f8fc308e5f4,8dcf470a-299d-42c7-a92d-42b832d93ff5,animal,Macropus giganteus,0.81,addaxai VIC,Macropodidae,macropodidae,macropus giganteus
7758c207-7cb5-4c59-8b8a-452df7cf480f,sequenceID:71f894db-baca-42f7-963c-fb38cb1d6dbb,71f894db-baca-42f7-963c-fb38cb1d6dbb,71f894db-baca-42f7-963c-fb38cb1d6dbb,8dcf470a-299d-42c7-a92d-42b832d93ff5,unclassified,Unclassified,0.0,,Macropodidae,macropodidae,unclassified
162e9ca9-24fa-4a4c-8361-d32814f64314,sequenceID:01de5784-cf29-433d-ac9d-afe4f8f690a3,01de5784-cf29-433d-ac9d-afe4f8f690a3,01de5784-cf29-433d-ac9d-afe4f8f690a3,8dcf470a-299d-42c7-a92d-42b832d93ff5,animal,Mammalia,0.68,addaxai VIC,Macropodidae,macropodidae,mammalia
7054a485-a8d9-48e2-8cce-e95a83896e36,sequenceID:1f43db71-108b-48f2-89bd-3e9b9b833adf,1f43db71-108b-48f2-89bd-3e9b9b833adf,1f43db71-108b-48f2-89bd-3e9b9b833adf,8dcf470a-299d-42c7-a92d-42b832d93ff5,unclassified,Unclassified,0.68,addaxai VIC,Macropodidae,macropodidae,unclassified
5fc58219-568c-4272-8523-23708ba2b3c2,sequenceID:1fc7743d-10a8-4017-bb73-fe6b926ffd6f,1fc7743d-10a8-4017-bb73-fe6b926ffd6f,1fc7743d-10a8-4017-bb73-fe6b926ffd6f,8dcf470a-299d-42c7-a92d-42b832d93ff5,unclassified,Unclassified,0.0,,Macropodidae,macropodidae,unclassified
c9753f2b-1ff1-4552-b236-fb125ed62bbd,sequenceID:e8919873-7423-4b3a-9810-5d3e7f551443,e8919873-7423-4b3a-9810-5d3e7f551443,e8919873-7423-4b3a-9810-5d3e7f551443,8dcf470a-299d-42c7-a92d-42b832d93ff5,animal,Macropus dorsalis,0.67,addaxai VIC,Macropodidae,macropodidae,macropus dorsalis
52543c7f-f6ff-4d29-867a-9a44dfc22546,sequenceID:a0c3f7f9-04a3-4825-bbc4-540952b94411,a0c3f7f9-04a3-4825-bbc4-540952b94411,a0c3f7f9-04a3-4825-bbc4-540952b94411,8dcf470a-299d-42c7-a92d-42b832d93ff5,animal,Macropus dorsalis,0.74,addaxai VIC,Macropodidae,macropodidae,macropus dorsalis
9b228f78-494f-4388-bc80-a695ae14dc57,sequenceID:1e228fa0-7f58-4c0e-898d-8b0c1d24624a,1e228fa0-7f58-4c0e-898d-8b0c1d24624a,1e228fa0-7f58-4c0e-898d-8b0c1d24624a,8dcf470a-299d-42c7-a92d-42b832d93ff5,unclassified,Unclassified,0.0,,Macropodidae,macropodidae,unclassified
95ecaeeb-f5c1-4fae-afb8-59e424abf85d,sequenceID:e4c64cdd-5ef4-430e-a2bb-6011570621f0,e4c64cdd-5ef4-430e-a2bb-6011570621f0,e4c64cdd-5ef4-430e-a2bb-6011570621f0,8dcf470a-299d-42c7-a92d-42b832d93ff5,unclassified,Unclassified,0.72,addaxai VIC,Macropodidae,macropodidae,unclassified
983f51bc-f570-4c37-be6e-41a26050aedd,sequenceID:b3b46ecc-5355-4e77-9c7c-bac12f6056c5,b3b46ecc-5355-4e77-9c7c-bac12f6056c5,b3b46ecc-5355-4e77-9c7c-bac12f6056c5,8dcf470a-299d-42c7-a92d-42b832d93ff5,animal,Macropus dorsalis,0.79,addaxai VIC,Macropodidae,macropodidae,macropus dorsalis
15f8ddb9-8781-498f-a4ce-1cc5c2759c7b,sequenceID:ce5e7d57-5433-4966-8e02-c34b1f0e6dd2,ce5e7d57-5433-4966-8e02-c34b1f0e6dd2,ce5e7d57-5433-4966-8e02-c34b1f0e6dd2,8dcf470a-299d-42c7-a92d-42b832d93ff5,animal,Macropus fuliginosus,0.72,addaxai VIC,Macropodidae,macropodidae,macropus fuliginosus
93de3b8b-656c-45d2-9a16-636e2eb1c541,sequenceID:80e148ac-f4c3-4e56-9867-be5bd8120386,80e148ac-f4c3-4e56-9867-be5bd8120386,80e148ac-f4c3-4e56-9867-be5bd8120386,8dcf470a-299d-42c7-a92d-42b832d93ff5,unclassified,Unclassified,0.69,addaxai VIC,Macropodidae,macropodidae,unclassified
3c2067a9-e5b7-4a7c-94db-5a1b5410d8f8,sequenceID:6a0371a3-8b38-4db7-8394-c76123e157db,6a0371a3-8b38-4db7-8394-c76123e157db,6a0371a3-8b38-4db7-8394-c76123e157db,8dcf470a-299d-42c7-a92d-42b832d93ff5,unclassified,Unclassified,0.67,addaxai VIC,Macropodidae,macropodidae,unclassified
a8c83d9c-7f51-4c87-85ba-79026547a32b,sequenceID:3b2e37d9-642a-4af9-8fae-e443852b4fb5,3b2e37d9-642a-4af9-8fae-e443852b4fb5,3b2e37d9-642a-4af9-8fae-e443852b4fb5,8dcf470a-299d-42c7-a92d-42b832d93ff5,animal,Dama dama,0.71,addaxai VIC,Macropodidae,macropodidae,dama dama
95d9a5f7-15aa-435c-aeb7-2aec676d8061,sequenceID:3f40b915-427c-44ab-9a83-5404e14ea70b,3f40b915-427c-44ab-9a83-5404e14ea70b,3f40b915-427c-44ab-9a83-5404e14ea70b,8dcf470a-299d-42c7-a92d-42b832d93ff5,animal,Mammalia,0.69,addaxai VIC,Macropodidae,macropodidae,mammalia
0625c325-6d00-4bad-bdf8-8ac1c3a4b15f,sequenceID:80dda0da-6b88-4f3f-aa7d-33136f4cc933,80dda0da-6b88-4f3f-aa7d-33136f4cc933,80dda0da-6b88-4f3f-aa7d-33136f4cc933,8dcf470a-299d-42c7-a92d-42b832d93ff5,animal,Macropus dorsalis,0.83,addaxai VIC,Macropodidae,macropodidae,macropus dorsalis
f3c4d9a7-84ac-44a4-9817-295a9d772324,sequenceID:86a9541d-11a6-40e2-a8f1-1f28c5f228d1,86a9541d-11a6-40e2-a8f1-1f28c5f228d1,86a9541d-11a6-40e2-a8f1-1f28c5f228d1,8dcf470a-299d-42c7-a92d-42b832d93ff5,animal,Mammalia,0.92,addaxai VIC,Macropodidae,macropodidae,mammalia
36fc9ace-4039-4bbb-bdcb-982173cc2b7d,sequenceID:45e27f68-91d2-4fdc-8173-0c6ef4213eae,45e27f68-91d2-4fdc-8173-0c6ef4213eae,45e27f68-91d2-4fdc-8173-0c6ef4213eae,8dcf470a-299d-42c7-a92d-42b832d93ff5,animal,Macropus fuliginosus,0.85,addaxai VIC,Macropodidae,macropodidae,macropus fuliginosus
33bd9959-9c61-4b1e-8f4f-f73246e92c1e,sequenceID:160fa189-9659-4c08-84f4-38805788e5bf,160fa189-9659-4c08-84f4-38805788e5bf,160fa189-9659-4c08-84f4-38805788e5bf,8dcf470a-299d-42c7-a92d-42b832d93ff5,animal,Macropus fuliginosus,0.98,addaxai VIC,Macropodidae,macropodidae,macropus fuliginosus
59f8260e-cb19-413d-8650-e1dbf3c736f3,sequenceID:5c791656-3fd9-430f-99f9-a672576ebccc,5c791656-3fd9-430f-99f9-a672576ebccc,5c791656-3fd9-430f-99f9-a672576ebccc,8dcf470a-299d-42c7-a92d-42b832d93ff5,animal,Macropus fuliginosus,0.89,addaxai VIC,Macropodidae,macropodidae,macropus fuliginosus
b6190094-0734-4392-82f5-12b958af2ddd,sequenceID:977ddd9a-cf85-4fd9-8861-cb8c6aac3d61,977ddd9a-cf85-4fd9-8861-cb8c6aac3d61,977ddd9a-cf85-4fd9-8861-cb8c6aac3d61,8dcf470a-299d-42c7-a92d-42b832d93ff5,animal,Macropus fuliginosus,0.93,addaxai VIC,Macropodidae,macropodidae,macropus fuliginosus
5c76d64c-dd4c-4b4d-9941-237e877f749a,sequenceID:2e47e226-7b26-45f4-a6d8-00f1f8ad34e5,2e47e226-7b26-45f4-a6d8-00f1f8ad34e5,2e47e226-7b26-45f4-a6d8-00f1f8ad34e5,8dcf470a-299d-42c7-a92d-42b832d93ff5,animal,Equus caballus,0.81,addaxai VIC,Macropodidae,macropodidae,equus caballus
3adec31a-a5cb-4535-9671-62f5eda86f49,sequenceID:448389bf-b9e3-428b-a92c-fddd50546fd8,448389bf-b9e3-428b-a92c-fddd50546fd8,448389bf-b9e3-428b-a92c-fddd50546fd8,8dcf470a-299d-42c7-a92d-42b832d93ff5,animal,Mammalia,0.74,addaxai VIC,Macropodidae,macropodidae,mammalia
1386ea8c-6426-4566-a41b-1b89a89689b3,sequenceID:c1014f63-64cf-4536-b086-f7eff45e8713,c1014f63-64cf-4536-b086-f7eff45e8713,c1014f63-64cf-4536-b086-f7eff45e8713,8dcf470a-299d-42c7-a92d-42b832d93ff5,animal,Mammalia,0.67,addaxai VIC,Macropodidae,macropodidae,mammalia
1386ea8c-6426-4566-a41b-1b89a89689b3,sequenceID:c1014f63-64cf-4536-b086-f7eff45e8713,c1014f63-64cf-4536-b086-f7eff45e8713,c1014f63-64cf-4536-b086-f7eff45e8713,8dcf470a-299d-42c7-a92d-42b832d93ff5,unclassified,Unclassified,0.79,addaxai VIC,Macropodidae,macropodidae,unclassified
e1e37f5c-416b-4a32-ba71-30cfc5e1e0f8,sequenceID:ff83eaf4-0fc4-442d-9bc3-8412b8b83801,ff83eaf4-0fc4-442d-9bc3-8412b8b83801,ff83eaf4-0fc4-442d-9bc3-8412b8b83801,8dcf470a-299d-42c7-a92d-42b832d93ff5,animal,Macropus fuliginosus,0.7,addaxai VIC,Macropodidae,macropodidae,macropus fuliginosus
1def555e-d7d6-450f-a717-3fb34823ec31,sequenceID:2cf92bf9-5c1f-4841-83bf-d54de3364aad,2cf92bf9-5c1f-4841-83bf-d54de3364aad,2cf92bf9-5c1f-4841-83bf-d54de3364aad,8dcf470a-299d-42c7-a92d-42b832d93ff5,unclassified,Unclassified,0.0,,Macropodidae,macropodidae,unclassified
4906c9ed-cfbd-4ef2-9141-993756eda896,sequenceID:05e3158f-523f-4421-9d63-69dfd26077a8,05e3158f-523f-4421-9d63-69dfd26077a8,05e3158f-523f-4421-9d63-69dfd26077a8,8dcf470a-299d-42c7-a92d-42b832d93ff5,animal,Macropus fuliginosus,0.98,addaxai VIC,Macropodidae,macropodidae,macropus fuliginosus
17dd18cc-655e-4acd-825d-5dec6cda82f1,sequenceID:7a3593ba-476d-437c-9433-e30a433d5dd4,7a3593ba-476d-437c-9433-e30a433d5dd4,7a3593ba-476d-437c-9433-e30a433d5dd4,8dcf470a-299d-42c7-a92d-42b832d93ff5,animal,Macropus fuliginosus,0.93,addaxai VIC,Macropodidae,macropodidae,macropus fuliginosus
3638e175-08de-4b7b-ba5d-addfd6d69de8,sequenceID:9ed587eb-70f3-4427-8e8b-35a982c175bc,9ed587eb-70f3-4427-8e8b-35a982c175bc,9ed587eb-70f3-4427-8e8b-35a982c175bc,8dcf470a-299d-42c7-a92d-42b832d93ff5,animal,Mammalia,0.7,addaxai VIC,Macropodidae,macropodidae,mammalia
d3ba6d7a-b934-4502-8d03-783e002b24b9,sequenceID:8b529df0-92f3-4174-9f27-4b8072928280,8b529df0-92f3-4174-9f27-4b8072928280,8b529df0-92f3-4174-9f27-4b8072928280,8dcf470a-299d-42c7-a92d-42b832d93ff5,animal,Osphranter rufus,0.7,addaxai VIC,Macropodidae,macropodidae,osphranter rufus
17cfa404-a7e6-4d3f-bc78-a196c26ef95a,sequenceID:e88bb72f-af11-4416-8b6d-edac925a7aca,e88bb72f-af11-4416-8b6d-edac925a7aca,e88bb72f-af11-4416-8b6d-edac925a7aca,8dcf470a-299d-42c7-a92d-42b832d93ff5,animal,Osphranter rufus,0.67,addaxai VIC,Macropodidae,macropodidae,osphranter rufus
476bf91f-22f7-41f1-b3fc-e875dcc3201d,sequenceID:28eafab3-d251-4d9f-afda-18e24465314b,28eafab3-d251-4d9f-afda-18e24465314b,28eafab3-d251-4d9f-afda-18e24465314b,8dcf470a-299d-42c7-a92d-42b832d93ff5,animal,Macropus dorsalis,0.68,addaxai VIC,Macropodidae,macropodidae,macropus dorsalis
e7cb9f62-5111-4ba6-a02d-20dafae14edd,sequenceID:d369b0b7-c6b3-41a7-88a1-86282044d5b0,d369b0b7-c6b3-41a7-88a1-86282044d5b0,d369b0b7-c6b3-41a7-88a1-86282044d5b0,8dcf470a-299d-42c7-a92d-42b832d93ff5,animal,Macropus fuliginosus,0.67,addaxai VIC,Macropodidae,macropodidae,macropus fuliginosus
537dce1f-f60e-48e1-bc96-8ef76238c325,sequenceID:51edad04-8b8d-4b9a-988f-866e1f4692bb,51edad04-8b8d-4b9a-988f-866e1f4692bb,51edad04-8b8d-4b9a-988f-866e1f4692bb,8dcf470a-299d-42c7-a92d-42b832d93ff5,animal,Osphranter rufus,0.67,addaxai VIC,Macropodidae,macropodidae,osphranter rufus
b9c6dafa-1015-4117-8557-0c864150d56c,sequenceID:324a016f-1ca9-4cc0-81f8-9fc2376e3f76,324a016f-1ca9-4cc0-81f8-9fc2376e3f76,324a016f-1ca9-4cc0-81f8-9fc2376e3f76,8dcf470a-299d-42c7-a92d-42b832d93ff5,unclassified,Unclassified,0.82,addaxai VIC,Macropodidae,macropodidae,unclassified
e030e28d-dc23-455d-b990-c223b7620ee6,sequenceID:ec79a2d9-15af-494c-9379-3b577639d369,ec79a2d9-15af-494c-9379-3b577639d369,ec79a2d9-15af-494c-9379-3b577639d369,8dcf470a-299d-42c7-a92d-42b832d93ff5,animal,Osphranter rufus,0.73,addaxai VIC,Macropodidae,macropodidae,osphranter rufus
7b17132d-0822-4cf6-9148-a4154e06e873,sequenceID:a7ba65ad-b881-4087-9c0e-bde8ff623127,a7ba65ad-b881-4087-9c0e-bde8ff623127,a7ba65ad-b881-4087-9c0e-bde8ff623127,8dcf470a-299d-42c7-a92d-42b832d93ff5,unclassified,Unclassified,0.83,addaxai VIC,Macropodidae,macropodidae,unclassified
174b96c7-255c-4a9a-adad-903193efa381,sequenceID:c8603353-d043-4806-8e44-eb9e30fe2566,c8603353-d043-4806-8e44-eb9e30fe2566,c8603353-d043-4806-8e44-eb9e30fe2566,8dcf470a-299d-42c7-a92d-42b832d93ff5,unclassified,Unclassified,0.83,addaxai VIC,Macropodidae,macropodidae,unclassified
51e1df01-5a43-4a35-b097-7768e6212592,sequenceID:43d18cd5-d3d1-46cc-9f99-27ae1860dff9,43d18cd5-d3d1-46cc-9f99-27ae1860dff9,43d18cd5-d3d1-46cc-9f99-27ae1860dff9,8dcf470a-299d-42c7-a92d-42b832d93ff5,unclassified,Unclassified,0.0,,Macropodidae,macropodidae,unclassified
a5e76b78-db06-4968-be33-a2c3e490b7b1,sequenceID:fb42a1dc-d518-4d48-8d36-c2eec5ada4ee,fb42a1dc-d518-4d48-8d36-c2eec5ada4ee,fb42a1dc-d518-4d48-8d36-c2eec5ada4ee,8dcf470a-299d-42c7-a92d-42b832d93ff5,animal,Cervus elaphus,0.72,addaxai VIC,Macropodidae,macropodidae,cervus elaphus
6bf8322d-5820-4fbd-bdd8-b34bc42429e0,sequenceID:f2a053dd-861f-4ba7-92bb-5d2ad537f86d,f2a053dd-861f-4ba7-92bb-5d2ad537f86d,f2a053dd-861f-4ba7-92bb-5d2ad537f86d,8dcf470a-299d-42c7-a92d-42b832d93ff5,animal,Mammalia,0.7,addaxai VIC,Macropodidae,macropodidae,mammalia
3e70c7fb-ab7a-4f08-af8e-1b3a52f023fa,sequenceID:0d183fb1-81a4-4ada-8b24-a00b66ca8b7f,0d183fb1-81a4-4ada-8b24-a00b66ca8b7f,0d183fb1-81a4-4ada-8b24-a00b66ca8b7f,8dcf470a-299d-42c7-a92d-42b832d93ff5,unclassified,Unclassified,0.0,,Macropodidae,macropodidae,unclassified
458d31a8-5c7c-48fb-85e7-f1aaca9c1e11,sequenceID:306992d4-a079-4505-b349-8745a369b041,306992d4-a079-4505-b349-8745a369b041,306992d4-a079-4505-b349-8745a369b041,8dcf470a-299d-42c7-a92d-42b832d93ff5,unclassified,Unclassified,0.94,addaxai VIC,Macropodidae,macropodidae,unclassified
4b342b37-1edc-4417-b07d-ef8e657e9f49,sequenceID:214a62f4-d8cf-4a3a-9ccb-b0b76575765a,214a62f4-d8cf-4a3a-9ccb-b0b76575765a,214a62f4-d8cf-4a3a-9ccb-b0b76575765a,8dcf470a-299d-42c7-a92d-42b832d93ff5,animal,Macropus giganteus,0.82,addaxai VIC,Macropodidae,macropodidae,macropus giganteus
9186b0d1-08b7-44f4-a12a-fd9f9632e824,sequenceID:1e92122f-2476-42a3-8b8f-6f6daaa669c5,1e92122f-2476-42a3-8b8f-6f6daaa669c5,1e92122f-2476-42a3-8b8f-6f6daaa669c5,8dcf470a-299d-42c7-a92d-42b832d93ff5,animal,Mammalia,0.77,addaxai VIC,Macropodidae,macropodidae,mammalia
b17b4a46-82b8-4b16-a262-2d6dc2293408,sequenceID:54ab0e7f-2aa0-48cc-821a-92a9dd7943d2,54ab0e7f-2aa0-48cc-821a-92a9dd7943d2,54ab0e7f-2aa0-48cc-821a-92a9dd7943d2,8dcf470a-299d-42c7-a92d-42b832d93ff5,animal,Mammalia,0.73,addaxai VIC,Macropodidae,macropodidae,mammalia
cf46848f-7ef7-4c4a-a77f-6b0d8dd18cca,sequenceID:1a600c1e-11ee-4c66-8bfe-e2650118e2d0,1a600c1e-11ee-4c66-8bfe-e2650118e2d0,1a600c1e-11ee-4c66-8bfe-e2650118e2d0,8dcf470a-299d-42c7-a92d-42b832d93ff5,animal,Macropus fuliginosus,0.69,addaxai VIC,Macropodidae,macropodidae,macropus fuliginosus
da4a52b0-90aa-4d02-92ad-9ac03678d25e,sequenceID:7824e1c1-66ff-4217-ac23-d6b6ec45200b,7824e1c1-66ff-4217-ac23-d6b6ec45200b,7824e1c1-66ff-4217-ac23-d6b6ec45200b,8dcf470a-299d-42c7-a92d-42b832d93ff5,animal,Macropus giganteus,0.87,addaxai VIC,Macropodidae,macropodidae,macropus giganteus
e0621261-f5db-4f8f-8cb3-2acf3bba6169,sequenceID:c1e4a941-149b-42cd-8afb-a58166e90311,c1e4a941-149b-42cd-8afb-a58166e90311,c1e4a941-149b-42cd-8afb-a58166e90311,8dcf470a-299d-42c7-a92d-42b832d93ff5,unclassified,Unclassified,0.82,addaxai VIC,Macropodidae,macropodidae,unclassified
8679ca61-591f-42fc-8d59-e30c77dc9982,sequenceID:4144e315-91fb-4e08-8122-fea408fe1518,4144e315-91fb-4e08-8122-fea408fe1518,4144e315-91fb-4e08-8122-fea408fe1518,8dcf470a-299d-42c7-a92d-42b832d93ff5,unclassified,Unclassified,0.74,addaxai VIC,Macropodidae,macropodidae,unclassified
8679ca61-591f-42fc-8d59-e30c77dc9982,sequenceID:4144e315-91fb-4e08-8122-fea408fe1518,4144e315-91fb-4e08-8122-fea408fe1518,4144e315-91fb-4e08-8122-fea408fe1518,8dcf470a-299d-42c7-a92d-42b832d93ff5,animal,Macropus giganteus,0.73,addaxai VIC,Macropodidae,macropodidae,macropus giganteus
5bd658b5-0d56-4e66-a134-b64fcae5c2f9,sequenceID:5916c6c3-d54e-44f4-920f-5255ff6cf5eb,5916c6c3-d54e-44f4-920f-5255ff6cf5eb,5916c6c3-d54e-44f4-920f-5255ff6cf5eb,8dcf470a-299d-42c7-a92d-42b832d93ff5,animal,Macropus dorsalis,0.81,addaxai VIC,Macropodidae,macropodidae,macropus dorsalis
5bd658b5-0d56-4e66-a134-b64fcae5c2f9,sequenceID:5916c6c3-d54e-44f4-920f-5255ff6cf5eb,5916c6c3-d54e-44f4-920f-5255ff6cf5eb,5916c6c3-d54e-44f4-920f-5255ff6cf5eb,8dcf470a-299d-42c7-a92d-42b832d93ff5,unclassified,Unclassified,0.9,addaxai VIC,Macropodidae,macropodidae,unclassified
5bd658b5-0d56-4e66-a134-b64fcae5c2f9,sequenceID:5916c6c3-d54e-44f4-920f-5255ff6cf5eb,5916c6c3-d54e-44f4-920f-5255ff6cf5eb,5916c6c3-d54e-44f4-920f-5255ff6cf5eb,8dcf470a-299d-42c7-a92d-42b832d93ff5,animal,Macropus giganteus,0.81,addaxai VIC,Macropodidae,macropodidae,macropus giganteus
a459f551-7c00-4e4e-b81f-8586300d2b5f,sequenceID:1965aa65-6d2d-4687-a266-e73c9ff2a4e5,1965aa65-6d2d-4687-a266-e73c9ff2a4e5,1965aa65-6d2d-4687-a266-e73c9ff2a4e5,8dcf470a-299d-42c7-a92d-42b832d93ff5,animal,Macropus fuliginosus,0.95,addaxai VIC,Macropodidae,macropodidae,macropus fuliginosus
a459f551-7c00-4e4e-b81f-8586300d2b5f,sequenceID:1965aa65-6d2d-4687-a266-e73c9ff2a4e5,1965aa65-6d2d-4687-a266-e73c9ff2a4e5,1965aa65-6d2d-4687-a266-e73c9ff2a4e5,8dcf470a-299d-42c7-a92d-42b832d93ff5,unclassified,Unclassified,0.88,addaxai VIC,Macropodidae,macropodidae,unclassified
a459f551-7c00-4e4e-b81f-8586300d2b5f,sequenceID:1965aa65-6d2d-4687-a266-e73c9ff2a4e5,1965aa65-6d2d-4687-a266-e73c9ff2a4e5,1965aa65-6d2d-4687-a266-e73c9ff2a4e5,8dcf470a-299d-42c7-a92d-42b832d93ff5,animal,Mammalia,0.79,addaxai VIC,Macropodidae,macropodidae,mammalia
ec186822-eba1-41ad-a45e-50f7e3fa385f,sequenceID:1c3ed77c-db1c-4314-8090-3ebc33cce8bb,1c3ed77c-db1c-4314-8090-3ebc33cce8bb,1c3ed77c-db1c-4314-8090-3ebc33cce8bb,8dcf470a-299d-42c7-a92d-42b832d93ff5,animal,Macropus giganteus,0.7,addaxai VIC,Macropodidae,macropodidae,macropus giganteus
ec186822-eba1-41ad-a45e-50f7e3fa385f,sequenceID:1c3ed77c-db1c-4314-8090-3ebc33cce8bb,1c3ed77c-db1c-4314-8090-3ebc33cce8bb,1c3ed77c-db1c-4314-8090-3ebc33cce8bb,8dcf470a-299d-42c7-a92d-42b832d93ff5,unclassified,Unclassified,0.92,addaxai VIC,Macropodidae,macropodidae,unclassified
10757f1e-7ba1-4019-bedc-f88bf80ba95b,sequenceID:5cb35ccf-d98e-4130-8435-0eef4394febf,5cb35ccf-d98e-4130-8435-0eef4394febf,5cb35ccf-d98e-4130-8435-0eef4394febf,8dcf470a-299d-42c7-a92d-42b832d93ff5,animal,Osphranter rufus,0.67,addaxai VIC,Macropodidae,macropodidae,osphranter rufus
36a85189-e81f-43c3-a467-2258e7471ef9,sequenceID:8a17419c-eb91-49c7-8618-c7be7e52023d,8a17419c-eb91-49c7-8618-c7be7e52023d,8a17419c-eb91-49c7-8618-c7be7e52023d,8dcf470a-299d-42c7-a92d-42b832d93ff5,animal,Macropus dorsalis,0.85,addaxai VIC,Macropodidae,macropodidae,macropus dorsalis
a7239c2d-9989-4b28-907b-607aded6a5db,sequenceID:d9f3a092-12a6-4b2e-b30d-a6901894325a,d9f3a092-12a6-4b2e-b30d-a6901894325a,d9f3a092-12a6-4b2e-b30d-a6901894325a,8dcf470a-299d-42c7-a92d-42b832d93ff5,animal,Macropus dorsalis,0.72,addaxai VIC,Macropodidae,macropodidae,macropus dorsalis
16976da6-f712-4175-961c-c84cd44dad25,sequenceID:04e9d505-1db8-4ee9-b7bc-e12b168dcca0,04e9d505-1db8-4ee9-b7bc-e12b168dcca0,04e9d505-1db8-4ee9-b7bc-e12b168dcca0,8dcf470a-299d-42c7-a92d-42b832d93ff5,unclassified,Unclassified,0.8,addaxai VIC,Macropodidae,macropodidae,unclassified
13318200-d391-49f3-88bb-5ef246067b9b,sequenceID:f62d3e33-bdea-40ed-a9fd-6df5c2682813,f62d3e33-bdea-40ed-a9fd-6df5c2682813,f62d3e33-bdea-40ed-a9fd-6df5c2682813,8dcf470a-299d-42c7-a92d-42b832d93ff5,unclassified,Unclassified,0.0,,Macropodidae,macropodidae,unclassified
db0e1aaf-410d-4d4e-a69f-cc1fe9bf91c6,sequenceID:d1f51f75-851b-4d6c-ba9c-6a209668c21d,d1f51f75-851b-4d6c-ba9c-6a209668c21d,d1f51f75-851b-4d6c-ba9c-6a209668c21d,8dcf470a-299d-42c7-a92d-42b832d93ff5,animal,Macropus fuliginosus,0.95,addaxai VIC,Macropodidae,macropodidae,macropus fuliginosus
842f564c-88f0-4f1c-b870-57ad4ca2e77f,sequenceID:43b59a16-d697-45d1-8c7b-9e2b65caa3b8,43b59a16-d697-45d1-8c7b-9e2b65caa3b8,43b59a16-d697-45d1-8c7b-9e2b65caa3b8,8dcf470a-299d-42c7-a92d-42b832d93ff5,animal,Mammalia,0.78,addaxai VIC,Macropodidae,macropodidae,mammalia
d98b702f-d2cd-48d8-8f88-616c3fa4ff9b,sequenceID:120b5cef-38c4-4f9c-8f15-d15a5a51e5ab,120b5cef-38c4-4f9c-8f15-d15a5a51e5ab,120b5cef-38c4-4f9c-8f15-d15a5a51e5ab,8dcf470a-299d-42c7-a92d-42b832d93ff5,unclassified,Unclassified,0.0,,Macropodidae,macropodidae,unclassified
a74c5600-1833-4def-8c4e-d051a9499cc0,sequenceID:d8b9cf78-2669-4ad9-8314-ea2b7704de66,d8b9cf78-2669-4ad9-8314-ea2b7704de66,d8b9cf78-2669-4ad9-8314-ea2b7704de66,8dcf470a-299d-42c7-a92d-42b832d93ff5,animal,Mammalia,0.65,addaxai VIC,Macropodidae,macropodidae,mammalia
e968eff6-dba6-4873-a9cf-2ee1e832f2ef,sequenceID:db81dd40-b3e6-4a6f-9762-b3b9b123aacd,db81dd40-b3e6-4a6f-9762-b3b9b123aacd,db81dd40-b3e6-4a6f-9762-b3b9b123aacd,8dcf470a-299d-42c7-a92d-42b832d93ff5,animal,Macropus fuliginosus,0.68,addaxai VIC,Macropodidae,macropodidae,macropus fuliginosus
2521b94a-3d87-4695-851d-4779cd917842,sequenceID:aa022ab3-2384-4b79-9003-07fe7ce864cf,aa022ab3-2384-4b79-9003-07fe7ce864cf,aa022ab3-2384-4b79-9003-07fe7ce864cf,8dcf470a-299d-42c7-a92d-42b832d93ff5,unclassified,Unclassified,0.95,addaxai VIC,Macropodidae,macropodidae,unclassified
27fb499b-4f06-4f13-aaf1-f6760e397744,sequenceID:5ab58d25-31fd-4171-b5a6-b5e2dfdf25bb,5ab58d25-31fd-4171-b5a6-b5e2dfdf25bb,5ab58d25-31fd-4171-b5a6-b5e2dfdf25bb,8dcf470a-299d-42c7-a92d-42b832d93ff5,animal,Macropus fuliginosus,0.9,addaxai VIC,Macropodidae,macropodidae,macropus fuliginosus
1e04236e-a4ac-4f59-850b-e70f105673bc,sequenceID:915cec47-26a6-4b52-a505-2eeeb33bf702,915cec47-26a6-4b52-a505-2eeeb33bf702,915cec47-26a6-4b52-a505-2eeeb33bf702,8dcf470a-299d-42c7-a92d-42b832d93ff5,animal,Osphranter rufus,0.84,addaxai VIC,Macropodidae,macropodidae,osphranter rufus
1e04236e-a4ac-4f59-850b-e70f105673bc,sequenceID:915cec47-26a6-4b52-a505-2eeeb33bf702,915cec47-26a6-4b52-a505-2eeeb33bf702,915cec47-26a6-4b52-a505-2eeeb33bf702,8dcf470a-299d-42c7-a92d-42b832d93ff5,animal,Macropus fuliginosus,0.91,addaxai VIC,Macropodidae,macropodidae,macropus fuliginosus
7a0dd3a1-feb5-4ba9-87c6-989b1b32941c,sequenceID:e297acac-a8b7-4ee2-a705-0b27d4fa501f,e297acac-a8b7-4ee2-a705-0b27d4fa501f,e297acac-a8b7-4ee2-a705-0b27d4fa501f,8dcf470a-299d-42c7-a92d-42b832d93ff5,unclassified,Unclassified,0.71,addaxai VIC,Macropodidae,macropodidae,unclassified
bcee473b-5f2c-46d6-97b1-ac98443c0316,sequenceID:21788bb5-909e-4741-b8f6-579ad4b1a662,21788bb5-909e-4741-b8f6-579ad4b1a662,21788bb5-909e-4741-b8f6-579ad4b1a662,8dcf470a-299d-42c7-a92d-42b832d93ff5,animal,Macropus giganteus,0.9,addaxai VIC,Macropodidae,macropodidae,macropus giganteus
ca91c215-7373-425f-b67e-96f987434e9a,sequenceID:868d06be-0f1d-4285-980b-62e3ee7c8937,868d06be-0f1d-4285-980b-62e3ee7c8937,868d06be-0f1d-4285-980b-62e3ee7c8937,8dcf470a-299d-42c7-a92d-42b832d93ff5,animal,Macropus fuliginosus,0.76,addaxai VIC,Macropodidae,macropodidae,macropus fuliginosus
0769b590-1c05-4e1e-9df6-80739751ba0d,sequenceID:697bc0b2-c45d-4ed6-9171-33ce55f46700,697bc0b2-c45d-4ed6-9171-33ce55f46700,697bc0b2-c45d-4ed6-9171-33ce55f46700,8dcf470a-299d-42c7-a92d-42b832d93ff5,animal,Macropus dorsalis,0.95,addaxai VIC,Macropodidae,macropodidae,macropus dorsalis
794a17c9-923b-4366-ad56-92e8ad717bd7,sequenceID:7a18689f-45cd-4f4c-89ee-a034b0e41a24,7a18689f-45cd-4f4c-89ee-a034b0e41a24,7a18689f-45cd-4f4c-89ee-a034b0e41a24,8dcf470a-299d-42c7-a92d-42b832d93ff5,animal,Osphranter rufus,0.79,addaxai VIC,Macropodidae,macropodidae,osphranter rufus
93f32f22-f5d2-43dd-be3d-7640ecf8727b,sequenceID:7231a67f-9987-4678-9a07-93fbdf5613ab,7231a67f-9987-4678-9a07-93fbdf5613ab,7231a67f-9987-4678-9a07-93fbdf5613ab,8dcf470a-299d-42c7-a92d-42b832d93ff5,unclassified,Unclassified,0.79,addaxai VIC,Macropodidae,macropodidae,unclassified
f80a5299-b7e6-4626-898a-325b9acd2c80,sequenceID:ea4908b7-17eb-4b27-a582-e7cbcba0e44b,ea4908b7-17eb-4b27-a582-e7cbcba0e44b,ea4908b7-17eb-4b27-a582-e7cbcba0e44b,8dcf470a-299d-42c7-a92d-42b832d93ff5,unclassified,Unclassified,0.0,,Macropodidae,macropodidae,unclassified
c9b0c2af-8429-452e-9242-6cea39876e69,sequenceID:924a939f-39d7-43b7-a300-3c807516d8e3,924a939f-39d7-43b7-a300-3c807516d8e3,924a939f-39d7-43b7-a300-3c807516d8e3,8dcf470a-299d-42c7-a92d-42b832d93ff5,animal,Macropus fuliginosus,0.95,addaxai VIC,Macropodidae,macropodidae,macropus fuliginosus
3cf985d5-e66f-427c-9dc5-c7382a5b1990,sequenceID:cd7265be-091d-40d3-92bc-20ca66e31bf6,cd7265be-091d-40d3-92bc-20ca66e31bf6,cd7265be-091d-40d3-92bc-20ca66e31bf6,8dcf470a-299d-42c7-a92d-42b832d93ff5,animal,Macropus dorsalis,0.73,addaxai VIC,Macropodidae,macropodidae,macropus dorsalis
571f65e1-b944-452f-afb4-f6021615d3fc,sequenceID:73b50aa8-fc9e-4055-a7f8-cc2fdac942be,73b50aa8-fc9e-4055-a7f8-cc2fdac942be,73b50aa8-fc9e-4055-a7f8-cc2fdac942be,8dcf470a-299d-42c7-a92d-42b832d93ff5,animal,Macropus dorsalis,0.67,addaxai VIC,Macropodidae,macropodidae,macropus dorsalis
687b6434-be4b-467b-9d77-f91d6b8545be,sequenceID:cd083652-ad3e-4a1a-b43a-c81b0879cbd3,cd083652-ad3e-4a1a-b43a-c81b0879cbd3,cd083652-ad3e-4a1a-b43a-c81b0879cbd3,8dcf470a-299d-42c7-a92d-42b832d93ff5,animal,Macropus dorsalis,0.92,addaxai VIC,Macropodidae,macropodidae,macropus dorsalis
984fdf0a-0a8c-4276-8db0-73bd7297a3be,sequenceID:a3aa7c33-e32a-48d0-bc6a-d05f1ab1cd64,a3aa7c33-e32a-48d0-bc6a-d05f1ab1cd64,a3aa7c33-e32a-48d0-bc6a-d05f1ab1cd64,8dcf470a-299d-42c7-a92d-42b832d93ff5,unclassified,Unclassified,0.88,addaxai VIC,Macropodidae,macropodidae,unclassified
9912d205-f336-490e-9109-3bafe2c7e80d,sequenceID:07111373-841e-4739-866d-f2db6528ceed,07111373-841e-4739-866d-f2db6528ceed,07111373-841e-4739-866d-f2db6528ceed,8dcf470a-299d-42c7-a92d-42b832d93ff5,animal,Mammalia,0.66,addaxai VIC,Macropodidae,macropodidae,mammalia
d7efa14a-2780-41b9-bee3-18748a3459db,sequenceID:9831f030-cd4c-4e91-8bdd-6b2ad2cfb7a8,9831f030-cd4c-4e91-8bdd-6b2ad2cfb7a8,9831f030-cd4c-4e91-8bdd-6b2ad2cfb7a8,8dcf470a-299d-42c7-a92d-42b832d93ff5,animal,Mammalia,0.91,addaxai VIC,Macropodidae,macropodidae,mammalia
a21d15f0-d72d-47b7-8aae-20af5b3c5448,sequenceID:f9f13ec5-a55d-47c2-a150-0e14f7c3938f,f9f13ec5-a55d-47c2-a150-0e14f7c3938f,f9f13ec5-a55d-47c2-a150-0e14f7c3938f,8dcf470a-299d-42c7-a92d-42b832d93ff5,animal,Macropus giganteus,0.94,addaxai VIC,Macropodidae,macropodidae,macropus giganteus
88577875-e628-4989-a17d-a4f8a3dd7da6,sequenceID:ea34d046-6199-4ca6-bdc5-3c61dfab34e8,ea34d046-6199-4ca6-bdc5-3c61dfab34e8,ea34d046-6199-4ca6-bdc5-3c61dfab34e8,8dcf470a-299d-42c7-a92d-42b832d93ff5,animal,Macropus fuliginosus,0.67,addaxai VIC,Macropodidae,macropodidae,macropus fuliginosus
2715d76f-c129-4d15-9113-14e72ba6c973,sequenceID:e242c1de-53e3-46fd-b931-e76c6c215e21,e242c1de-53e3-46fd-b931-e76c6c215e21,e242c1de-53e3-46fd-b931-e76c6c215e21,8dcf470a-299d-42c7-a92d-42b832d93ff5,animal,Macropus dorsalis,0.7,addaxai VIC,Macropodidae,macropodidae,macropus dorsalis
c25aa542-773c-4d9e-b8a8-5492fbcd429b,sequenceID:2a962ea3-5b48-43c9-8ab1-8e2e53584965,2a962ea3-5b48-43c9-8ab1-8e2e53584965,2a962ea3-5b48-43c9-8ab1-8e2e53584965,8dcf470a-299d-42c7-a92d-42b832d93ff5,animal,Mammalia,0.66,addaxai VIC,Macropodidae,macropodidae,mammalia
daf6887b-5a85-47fa-a3bb-d6ac5cfaa4e4,sequenceID:a6e5b7c2-43ab-44bc-a403-9636b52ce3b9,a6e5b7c2-43ab-44bc-a403-9636b52ce3b9,a6e5b7c2-43ab-44bc-a403-9636b52ce3b9,8dcf470a-299d-42c7-a92d-42b832d93ff5,animal,Macropus giganteus,0.91,addaxai VIC,Macropodidae,macropodidae,macropus giganteus
a5bb4e89-28ad-4202-a14b-7a43a03d5c2a,sequenceID:a9117e7c-984f-4ac9-94a0-0c07835921d7,a9117e7c-984f-4ac9-94a0-0c07835921d7,a9117e7c-984f-4ac9-94a0-0c07835921d7,8dcf470a-299d-42c7-a92d-42b832d93ff5,animal,Macropus giganteus,0.8,addaxai VIC,Macropodidae,macropodidae,macropus giganteus
a9219eda-ea69-4943-887c-333b88d918bf,sequenceID:2c9634b9-2bab-4a3b-89de-1ebbc2230081,2c9634b9-2bab-4a3b-89de-1ebbc2230081,2c9634b9-2bab-4a3b-89de-1ebbc2230081,8dcf470a-299d-42c7-a92d-42b832d93ff5,unclassified,Unclassified,0.0,,Macropodidae,macropodidae,unclassified
328dcb4f-a06d-48b4-981f-3ca8d24ad38e,sequenceID:9927cfd6-9900-44cf-98f8-0fb8437da3dc,9927cfd6-9900-44cf-98f8-0fb8437da3dc,9927cfd6-9900-44cf-98f8-0fb8437da3dc,8dcf470a-299d-42c7-a92d-42b832d93ff5,animal,Mammalia,0.73,addaxai VIC,Macropodidae,macropodidae,mammalia
f35db818-9a6b-4b8f-9aa4-8db98e5829ca,sequenceID:2bc0ad01-ac44-4f81-be6b-fac015c936d3,2bc0ad01-ac44-4f81-be6b-fac015c936d3,2bc0ad01-ac44-4f81-be6b-fac015c936d3,8dcf470a-299d-42c7-a92d-42b832d93ff5,animal,Macropus giganteus,0.91,addaxai VIC,Macropodidae,macropodidae,macropus giganteus
4e2cf7eb-542c-4e07-8f76-76e0f42bfd8d,sequenceID:4b76d35d-0e50-407b-9fc4-c905c9372440,4b76d35d-0e50-407b-9fc4-c905c9372440,4b76d35d-0e50-407b-9fc4-c905c9372440,8dcf470a-299d-42c7-a92d-42b832d93ff5,animal,Macropus dorsalis,0.77,addaxai VIC,Macropodidae,macropodidae,macropus dorsalis
894071d4-9178-4533-b17b-081e6ece36fa,sequenceID:b6f5e3e6-d8ca-447a-8be2-3e3f9cbb3e02,b6f5e3e6-d8ca-447a-8be2-3e3f9cbb3e02,b6f5e3e6-d8ca-447a-8be2-3e3f9cbb3e02,8dcf470a-299d-42c7-a92d-42b832d93ff5,animal,Macropus giganteus,0.72,addaxai VIC,Macropodidae,macropodidae,macropus giganteus
894071d4-9178-4533-b17b-081e6ece36fa,sequenceID:b6f5e3e6-d8ca-447a-8be2-3e3f9cbb3e02,b6f5e3e6-d8ca-447a-8be2-3e3f9cbb3e02,b6f5e3e6-d8ca-447a-8be2-3e3f9cbb3e02,8dcf470a-299d-42c7-a92d-42b832d93ff5,animal,Macropus dorsalis,0.86,addaxai VIC,Macropodidae,macropodidae,macropus dorsalis
fb351f7e-b699-4d84-8f44-e0f0870413e9,sequenceID:597c17ca-5b96-45e9-a14d-74f37aaf8763,597c17ca-5b96-45e9-a14d-74f37aaf8763,597c17ca-5b96-45e9-a14d-74f37aaf8763,8dcf470a-299d-42c7-a92d-42b832d93ff5,unclassified,Unclassified,0.69,addaxai VIC,Macropodidae,macropodidae,unclassified
5da108e4-36a6-4740-b64f-ab34aa53d3bf,sequenceID:ce7e3cf5-5ce1-4f03-a7d3-f8bb34e399c4,ce7e3cf5-5ce1-4f03-a7d3-f8bb34e399c4,ce7e3cf5-5ce1-4f03-a7d3-f8bb34e399c4,8dcf470a-299d-42c7-a92d-42b832d93ff5,animal,Macropus fuliginosus,0.65,addaxai VIC,Macropodidae,macropodidae,macropus fuliginosus
5da108e4-36a6-4740-b64f-ab34aa53d3bf,sequenceID:ce7e3cf5-5ce1-4f03-a7d3-f8bb34e399c4,ce7e3cf5-5ce1-4f03-a7d3-f8bb34e399c4,ce7e3cf5-5ce1-4f03-a7d3-f8bb34e399c4,8dcf470a-299d-42c7-a92d-42b832d93ff5,animal,Macropus dorsalis,0.73,addaxai VIC,Macropodidae,macropodidae,macropus dorsalis
d6b31fbe-15ea-489d-9c58-b86380b9a760,sequenceID:a3ff0537-8002-4c2d-bdac-01663730f02b,a3ff0537-8002-4c2d-bdac-01663730f02b,a3ff0537-8002-4c2d-bdac-01663730f02b,8dcf470a-299d-42c7-a92d-42b832d93ff5,animal,Macropus giganteus,0.89,addaxai VIC,Macropodidae,macropodidae,macropus giganteus
5b21fce5-c067-47d5-aecd-86c7cae264d2,sequenceID:95bd5fcc-e7b2-44d4-a28b-3cd62fb6b7c7,95bd5fcc-e7b2-44d4-a28b-3cd62fb6b7c7,95bd5fcc-e7b2-44d4-a28b-3cd62fb6b7c7,8dcf470a-299d-42c7-a92d-42b832d93ff5,animal,Macropus fuliginosus,0.75,addaxai VIC,Macropodidae,macropodidae,macropus fuliginosus
692fee84-2d60-40bd-a103-405ca5c148a4,sequenceID:ff0fa4ae-3378-4a6a-a4e2-3828e2f1267f,ff0fa4ae-3378-4a6a-a4e2-3828e2f1267f,ff0fa4ae-3378-4a6a-a4e2-3828e2f1267f,8dcf470a-299d-42c7-a92d-42b832d93ff5,animal,Macropus dorsalis,0.93,addaxai VIC,Macropodidae,macropodidae,macropus dorsalis
49e507a7-285e-4069-a713-eb193be247e4,sequenceID:d63f14b1-bbd4-4c2b-9688-4cb0d9108761,d63f14b1-bbd4-4c2b-9688-4cb0d9108761,d63f14b1-bbd4-4c2b-9688-4cb0d9108761,8dcf470a-299d-42c7-a92d-42b832d93ff5,animal,Mammalia,0.94,addaxai VIC,Macropodidae,macropodidae,mammalia
e226dcba-9b74-4a6a-8e1e-e8aece68e57e,sequenceID:39505769-e2d5-4725-9d96-e0ba4f62a2d4,39505769-e2d5-4725-9d96-e0ba4f62a2d4,39505769-e2d5-4725-9d96-e0ba4f62a2d4,8dcf470a-299d-42c7-a92d-42b832d93ff5,animal,Mammalia,0.87,addaxai VIC,Macropodidae,macropodidae,mammalia
f24462c2-edd6-4bda-a5c7-bf169a471fb3,sequenceID:be9e1fbd-e999-4c4b-a6cd-be496a68cbdc,be9e1fbd-e999-4c4b-a6cd-be496a68cbdc,be9e1fbd-e999-4c4b-a6cd-be496a68cbdc,8dcf470a-299d-42c7-a92d-42b832d93ff5,animal,Mammalia,0.8,addaxai VIC,Macropodidae,macropodidae,mammalia
ad41d245-7c8b-421c-a9bb-d1194fb8ca45,sequenceID:cf903341-51f7-4ae3-92a4-1eae80a5db83,cf903341-51f7-4ae3-92a4-1eae80a5db83,cf903341-51f7-4ae3-92a4-1eae80a5db83,8dcf470a-299d-42c7-a92d-42b832d93ff5,animal,Macropus dorsalis,0.92,addaxai VIC,Macropodidae,macropodidae,macropus dorsalis
2c6220cf-9983-41fc-8f3b-ba869a161584,sequenceID:b65e1cc5-64a8-4135-afb4-ab6898b58ab0,b65e1cc5-64a8-4135-afb4-ab6898b58ab0,b65e1cc5-64a8-4135-afb4-ab6898b58ab0,8dcf470a-299d-42c7-a92d-42b832d93ff5,animal,Wallabia bicolor,0.74,addaxai VIC,Macropodidae,macropodidae,wallabia bicolor
67f29eb3-3c4c-43c0-a579-6e9ee69f1118,sequenceID:da708694-02fd-4956-9e70-b653bd68f56c,da708694-02fd-4956-9e70-b653bd68f56c,da708694-02fd-4956-9e70-b653bd68f56c,8dcf470a-299d-42c7-a92d-42b832d93ff5,animal,Macropus giganteus,0.9,addaxai VIC,Macropodidae,macropodidae,macropus giganteus
0eaa63f6-2e8d-4dab-8955-d816cc5f0cd9,sequenceID:045fb666-e1e5-485a-ba4a-e387d318775a,045fb666-e1e5-485a-ba4a-e387d318775a,045fb666-e1e5-485a-ba4a-e387d318775a,8dcf470a-299d-42c7-a92d-42b832d93ff5,animal,Macropus giganteus,0.78,addaxai VIC,Macropodidae,macropodidae,macropus giganteus
a3717a71-03f6-4d6c-9375-9fce64b16517,sequenceID:50b0bf24-1b6b-4d2f-afa7-6b755548618d,50b0bf24-1b6b-4d2f-afa7-6b755548618d,50b0bf24-1b6b-4d2f-afa7-6b755548618d,8dcf470a-299d-42c7-a92d-42b832d93ff5,animal,Macropus dorsalis,0.9,addaxai VIC,Macropodidae,macropodidae,macropus dorsalis
ca1a38ee-fd68-43f1-b066-6444d191dfc5,sequenceID:2b098c19-99af-496a-9dc5-86e13631be51,2b098c19-99af-496a-9dc5-86e13631be51,2b098c19-99af-496a-9dc5-86e13631be51,8dcf470a-299d-42c7-a92d-42b832d93ff5,animal,Macropus giganteus,0.91,addaxai VIC,Macropodidae,macropodidae,macropus giganteus
22312d85-31e3-403e-a0f3-ce394945de3f,sequenceID:14ad109c-0eed-4993-9f7b-f7905df41554,14ad109c-0eed-4993-9f7b-f7905df41554,14ad109c-0eed-4993-9f7b-f7905df41554,8dcf470a-299d-42c7-a92d-42b832d93ff5,unclassified,Unclassified,0.9,addaxai VIC,Macropodidae,macropodidae,unclassified
9b7e1458-e5da-4a26-9acb-fe5645c88d7d,sequenceID:5527cc27-0bb4-460f-89cd-a432485161ee,5527cc27-0bb4-460f-89cd-a432485161ee,5527cc27-0bb4-460f-89cd-a432485161ee,8dcf470a-299d-42c7-a92d-42b832d93ff5,animal,Mammalia,0.73,addaxai VIC,Macropodidae,macropodidae,mammalia
835b9c70-416d-40d9-874f-d370913aaaa4,sequenceID:738fca9d-cf2f-41a8-995b-1cee22bdb00a,738fca9d-cf2f-41a8-995b-1cee22bdb00a,738fca9d-cf2f-41a8-995b-1cee22bdb00a,8dcf470a-299d-42c7-a92d-42b832d93ff5,animal,Mammalia,0.71,addaxai VIC,Macropodidae,macropodidae,mammalia
1b6d5dba-b24e-4100-8d64-1771a9bcd7f6,sequenceID:5da4c1fc-357d-410a-8f2d-200d8eb0cf59,5da4c1fc-357d-410a-8f2d-200d8eb0cf59,5da4c1fc-357d-410a-8f2d-200d8eb0cf59,8dcf470a-299d-42c7-a92d-42b832d93ff5,animal,Mammalia,0.73,addaxai VIC,Macropodidae,macropodidae,mammalia
3964fc53-6231-48fb-8663-3c18a49e478f,sequenceID:4674d8c0-eee7-4375-8908-ec10036190e4,4674d8c0-eee7-4375-8908-ec10036190e4,4674d8c0-eee7-4375-8908-ec10036190e4,8dcf470a-299d-42c7-a92d-42b832d93ff5,unclassified,Unclassified,0.0,,Macropodidae,macropodidae,unclassified
64541720-1ad1-440e-bb1a-faa1eec67d3a,sequenceID:3bfba76d-e70e-424d-b16a-382e1e05741c,3bfba76d-e70e-424d-b16a-382e1e05741c,3bfba76d-e70e-424d-b16a-382e1e05741c,8dcf470a-299d-42c7-a92d-42b832d93ff5,animal,Macropus dorsalis,0.68,addaxai VIC,Macropodidae,macropodidae,macropus dorsalis
74370897-1667-46ec-a054-35ab188c7961,sequenceID:5f422d76-ae33-4203-9d81-69ffad946d3b,5f422d76-ae33-4203-9d81-69ffad946d3b,5f422d76-ae33-4203-9d81-69ffad946d3b,8dcf470a-299d-42c7-a92d-42b832d93ff5,animal,Macropus giganteus,0.87,addaxai VIC,Macropodidae,macropodidae,macropus giganteus
35f1f696-4592-44d7-8f8d-4d99c780905e,sequenceID:5d524f9e-9356-4e8f-ba55-050cbd8a8cf4,5d524f9e-9356-4e8f-ba55-050cbd8a8cf4,5d524f9e-9356-4e8f-ba55-050cbd8a8cf4,8dcf470a-299d-42c7-a92d-42b832d93ff5,animal,Macropus dorsalis,0.77,addaxai VIC,Macropodidae,macropodidae,macropus dorsalis
e41db057-c910-420e-a5c3-27023268130a,sequenceID:c387a406-4fff-46e6-b25f-e5ecd1003e40,c387a406-4fff-46e6-b25f-e5ecd1003e40,c387a406-4fff-46e6-b25f-e5ecd1003e40,8dcf470a-299d-42c7-a92d-42b832d93ff5,animal,Macropus giganteus,0.84,addaxai VIC,Macropodidae,macropodidae,macropus giganteus
f1dc9fe5-1e5e-480c-a6a9-d15a8f060c99,sequenceID:ce4219aa-a9b2-4693-a3e9-6f1ecd31147b,ce4219aa-a9b2-4693-a3e9-6f1ecd31147b,ce4219aa-a9b2-4693-a3e9-6f1ecd31147b,8dcf470a-299d-42c7-a92d-42b832d93ff5,animal,Macropus fuliginosus,0.81,addaxai VIC,Macropodidae,macropodidae,macropus fuliginosus
71e9b26a-797f-4c01-9854-ea3bc4be85d1,sequenceID:bcfa2710-ca55-4748-b94c-1e6b4a0eda23,bcfa2710-ca55-4748-b94c-1e6b4a0eda23,bcfa2710-ca55-4748-b94c-1e6b4a0eda23,8dcf470a-299d-42c7-a92d-42b832d93ff5,animal,Macropus fuliginosus,0.73,addaxai VIC,Macropodidae,macropodidae,macropus fuliginosus
fed6991c-fe97-47ad-82f7-03ca4f29c5d5,sequenceID:42ffc8ab-35d8-4113-af37-39de41b1f0d1,42ffc8ab-35d8-4113-af37-39de41b1f0d1,42ffc8ab-35d8-4113-af37-39de41b1f0d1,8dcf470a-299d-42c7-a92d-42b832d93ff5,animal,Macropus fuliginosus,0.76,addaxai VIC,Macropodidae,macropodidae,macropus fuliginosus
fed6991c-fe97-47ad-82f7-03ca4f29c5d5,sequenceID:42ffc8ab-35d8-4113-af37-39de41b1f0d1,42ffc8ab-35d8-4113-af37-39de41b1f0d1,42ffc8ab-35d8-4113-af37-39de41b1f0d1,8dcf470a-299d-42c7-a92d-42b832d93ff5,animal,Macropus dorsalis,0.85,addaxai VIC,Macropodidae,macropodidae,macropus dorsalis
c2640f8e-73b6-4e50-bc35-bd9ee2f08bcd,sequenceID:8c6cbf63-e953-4ca5-9370-3c485c34a1a0,8c6cbf63-e953-4ca5-9370-3c485c34a1a0,8c6cbf63-e953-4ca5-9370-3c485c34a1a0,8dcf470a-299d-42c7-a92d-42b832d93ff5,animal,Macropus giganteus,0.94,addaxai VIC,Macropodidae,macropodidae,macropus giganteus
8a9a46ac-2e69-435b-b94b-3e3ffba73dc5,sequenceID:d951668f-37ea-45b6-b5d0-011cbaa80472,d951668f-37ea-45b6-b5d0-011cbaa80472,d951668f-37ea-45b6-b5d0-011cbaa80472,8dcf470a-299d-42c7-a92d-42b832d93ff5,animal,Macropus giganteus,0.77,addaxai VIC,Macropodidae,macropodidae,macropus giganteus
abde704c-8adf-4c09-b63f-01debe96b08c,sequenceID:086fb7d4-bfd4-4534-8eac-65c30eca2d70,086fb7d4-bfd4-4534-8eac-65c30eca2d70,086fb7d4-bfd4-4534-8eac-65c30eca2d70,8dcf470a-299d-42c7-a92d-42b832d93ff5,animal,Macropus dorsalis,0.65,addaxai VIC,Macropodidae,macropodidae,macropus dorsalis
561fe989-ec71-4807-a502-0aaac1737fff,sequenceID:f0e25a33-e9e4-45c5-ad3f-1a1bf9ab3b0a,f0e25a33-e9e4-45c5-ad3f-1a1bf9ab3b0a,f0e25a33-e9e4-45c5-ad3f-1a1bf9ab3b0a,8dcf470a-299d-42c7-a92d-42b832d93ff5,animal,Macropus giganteus,0.82,addaxai VIC,Macropodidae,macropodidae,macropus giganteus
5c1f71ec-f555-4fa1-9543-0788f49319c0,sequenceID:c2f14570-62ca-4721-9d3d-8594f688112e,c2f14570-62ca-4721-9d3d-8594f688112e,c2f14570-62ca-4721-9d3d-8594f688112e,8dcf470a-299d-42c7-a92d-42b832d93ff5,animal,Macropus giganteus,0.91,addaxai VIC,Macropodidae,macropodidae,macropus giganteus
fdf1d8ef-32bc-413c-9d93-2a232d561d4e,sequenceID:847471ff-63a9-4ffe-a019-b830305dacbb,847471ff-63a9-4ffe-a019-b830305dacbb,847471ff-63a9-4ffe-a019-b830305dacbb,8dcf470a-299d-42c7-a92d-42b832d93ff5,animal,Macropus dorsalis,0.82,addaxai VIC,Macropodidae,macropodidae,macropus dorsalis
f4056fdf-f651-42d5-90f2-2eddbc74d28b,sequenceID:62d1ec86-f925-460d-aa52-6f5e34965712,62d1ec86-f925-460d-aa52-6f5e34965712,62d1ec86-f925-460d-aa52-6f5e34965712,8dcf470a-299d-42c7-a92d-42b832d93ff5,animal,Macropus giganteus,0.82,addaxai VIC,Macropodidae,macropodidae,macropus giganteus
d9f9ca16-217a-4a6d-8e6e-cc5295ed0775,sequenceID:b09b15e7-6cd1-4265-a523-79f5ea0ccd5f,b09b15e7-6cd1-4265-a523-79f5ea0ccd5f,b09b15e7-6cd1-4265-a523-79f5ea0ccd5f,8dcf470a-299d-42c7-a92d-42b832d93ff5,animal,Macropus giganteus,0.84,addaxai VIC,Macropodidae,macropodidae,macropus giganteus
8855d33f-18fe-4edb-9a53-18f7cec61e65,sequenceID:db7743fd-28d1-4c17-9b23-bad6647ae03a,db7743fd-28d1-4c17-9b23-bad6647ae03a,db7743fd-28d1-4c17-9b23-bad6647ae03a,8dcf470a-299d-42c7-a92d-42b832d93ff5,animal,Macropus giganteus,0.78,addaxai VIC,Macropodidae,macropodidae,macropus giganteus
b0353525-e767-4e22-a4cc-83af4474a122,sequenceID:8d12d353-bb71-413d-829c-dc416f9279fc,8d12d353-bb71-413d-829c-dc416f9279fc,8d12d353-bb71-413d-829c-dc416f9279fc,8dcf470a-299d-42c7-a92d-42b832d93ff5,animal,Macropus fuliginosus,0.83,addaxai VIC,Macropodidae,macropodidae,macropus fuliginosus
4d65a52d-a1ea-40cd-874f-a1d479780f8e,sequenceID:b050ad17-973c-474d-8bff-959b494350d3,b050ad17-973c-474d-8bff-959b494350d3,b050ad17-973c-474d-8bff-959b494350d3,8dcf470a-299d-42c7-a92d-42b832d93ff5,animal,Macropus dorsalis,0.68,addaxai VIC,Macropodidae,macropodidae,macropus dorsalis
2524f9a5-75be-4921-aa99-11504927d265,sequenceID:a890cb64-a6cc-4aaa-a5bd-33a6a03a4eb2,a890cb64-a6cc-4aaa-a5bd-33a6a03a4eb2,a890cb64-a6cc-4aaa-a5bd-33a6a03a4eb2,8dcf470a-299d-42c7-a92d-42b832d93ff5,animal,Macropus dorsalis,0.67,addaxai VIC,Macropodidae,macropodidae,macropus dorsalis
a68c924b-639d-46be-b37a-3fc5967b18cb,sequenceID:6fc6813d-0c7c-4703-9154-5c58b629bcca,6fc6813d-0c7c-4703-9154-5c58b629bcca,6fc6813d-0c7c-4703-9154-5c58b629bcca,8dcf470a-299d-42c7-a92d-42b832d93ff5,animal,Macropus dorsalis,0.76,addaxai VIC,Macropodidae,macropodidae,macropus dorsalis
5b682cd6-d428-4ac7-8d98-3fe1f1128628,sequenceID:a228f5e3-f1fb-4c8b-a58e-d414b5cec783,a228f5e3-f1fb-4c8b-a58e-d414b5cec783,a228f5e3-f1fb-4c8b-a58e-d414b5cec783,8dcf470a-299d-42c7-a92d-42b832d93ff5,animal,Macropus dorsalis,0.75,addaxai VIC,Macropodidae,macropodidae,macropus dorsalis
e7c88d1b-1ffe-49e1-951b-b517ed4f91a9,sequenceID:f315e6a5-578d-4f45-b67b-f13edd2e5eb5,f315e6a5-578d-4f45-b67b-f13edd2e5eb5,f315e6a5-578d-4f45-b67b-f13edd2e5eb5,8dcf470a-299d-42c7-a92d-42b832d93ff5,animal,Macropus dorsalis,0.85,addaxai VIC,Macropodidae,macropodidae,macropus dorsalis
ea5ca96c-06a6-4673-b44d-306ccbd00e5f,sequenceID:4439d4cb-f47b-4513-86c2-18278898331e,4439d4cb-f47b-4513-86c2-18278898331e,4439d4cb-f47b-4513-86c2-18278898331e,8dcf470a-299d-42c7-a92d-42b832d93ff5,animal,Macropus dorsalis,0.66,addaxai VIC,Macropodidae,macropodidae,macropus dorsalis
56dd03a0-abc3-4601-8817-52f8bac7f229,sequenceID:327c0b0d-9ab2-452b-a144-d33ae37e0b7a,327c0b0d-9ab2-452b-a144-d33ae37e0b7a,327c0b0d-9ab2-452b-a144-d33ae37e0b7a,8dcf470a-299d-42c7-a92d-42b832d93ff5,animal,Mammalia,0.7,addaxai VIC,Macropodidae,macropodidae,mammalia
d3a84f9b-eb81-4ba3-bbe3-4c809b69945b,sequenceID:897c5dab-4799-4b59-be92-2d129de45fd4,897c5dab-4799-4b59-be92-2d129de45fd4,897c5dab-4799-4b59-be92-2d129de45fd4,8dcf470a-299d-42c7-a92d-42b832d93ff5,animal,Macropus fuliginosus,0.8,addaxai VIC,Macropodidae,macropodidae,macropus fuliginosus
5bcccb89-6247-466c-a3f8-4f8ab2cf5467,sequenceID:0d2d62d0-abb4-4dd4-b916-1adb13a1475f,0d2d62d0-abb4-4dd4-b916-1adb13a1475f,0d2d62d0-abb4-4dd4-b916-1adb13a1475f,8dcf470a-299d-42c7-a92d-42b832d93ff5,animal,Equus caballus,0.68,addaxai VIC,Macropodidae,macropodidae,equus caballus
1a43b8eb-4262-4d78-8211-b00cfdae78f0,sequenceID:357c5c85-0016-4017-bb9c-6acb3576d989,357c5c85-0016-4017-bb9c-6acb3576d989,357c5c85-0016-4017-bb9c-6acb3576d989,8dcf470a-299d-42c7-a92d-42b832d93ff5,animal,Mammalia,0.67,addaxai VIC,Macropodidae,macropodidae,mammalia
85b34224-43a0-4aea-af32-f148f03916c0,sequenceID:189e26f3-9a45-489b-bf27-4078b44feca4,189e26f3-9a45-489b-bf27-4078b44feca4,189e26f3-9a45-489b-bf27-4078b44feca4,8dcf470a-299d-42c7-a92d-42b832d93ff5,animal,Macropus dorsalis,0.73,addaxai VIC,Macropodidae,macropodidae,macropus dorsalis
13bbc2af-2f78-4c54-beb9-d0f229027185,sequenceID:5c16ba33-9d69-4b39-b4d7-7572d3d1565f,5c16ba33-9d69-4b39-b4d7-7572d3d1565f,5c16ba33-9d69-4b39-b4d7-7572d3d1565f,8dcf470a-299d-42c7-a92d-42b832d93ff5,unclassified,Unclassified,0.0,,Macropodidae,macropodidae,unclassified
55fc61ef-76eb-45ca-8a8f-b589cfcb5270,sequenceID:5558d0b7-5c7a-4c0f-b8d1-76888cf163d9,5558d0b7-5c7a-4c0f-b8d1-76888cf163d9,5558d0b7-5c7a-4c0f-b8d1-76888cf163d9,8dcf470a-299d-42c7-a92d-42b832d93ff5,unclassified,Unclassified,0.0,,Macropodidae,macropodidae,unclassified
1ee2f179-ef98-4428-b6c1-3a2ebdeaacf2,sequenceID:20a53b5a-381a-4982-b0bd-af8174592583,20a53b5a-381a-4982-b0bd-af8174592583,20a53b5a-381a-4982-b0bd-af8174592583,8dcf470a-299d-42c7-a92d-42b832d93ff5,unclassified,Unclassified,0.0,,Macropodidae,macropodidae,unclassified
cdfc223d-df08-4056-a6fe-67d993c6d956,sequenceID:400bf985-f665-4253-a7f0-4fc1fb5cd69f,400bf985-f665-4253-a7f0-4fc1fb5cd69f,400bf985-f665-4253-a7f0-4fc1fb5cd69f,8dcf470a-299d-42c7-a92d-42b832d93ff5,animal,Ovis aries,0.91,addaxai VIC,Macropodidae,macropodidae,ovis aries
6d79194e-86b5-4372-9fd3-0bc6a41d2613,sequenceID:709b84d9-c171-4e4c-9f07-68592173df6d,709b84d9-c171-4e4c-9f07-68592173df6d,709b84d9-c171-4e4c-9f07-68592173df6d,8dcf470a-299d-42c7-a92d-42b832d93ff5,unclassified,Unclassified,0.0,,Macropodidae,macropodidae,unclassified
4902e788-d3d6-4f09-a9ac-59eb0c31212c,sequenceID:8e0e5553-92a8-4f0c-a6f4-c913f6981a14,8e0e5553-92a8-4f0c-a6f4-c913f6981a14,8e0e5553-92a8-4f0c-a6f4-c913f6981a14,8dcf470a-299d-42c7-a92d-42b832d93ff5,animal,Macropus giganteus,0.92,addaxai VIC,Macropodidae,macropodidae,macropus giganteus
1aa6860c-9c0f-48cd-b0a4-816e31c5830f,sequenceID:1ade1fc1-6b06-4931-b618-2604ff2f6905,1ade1fc1-6b06-4931-b618-2604ff2f6905,1ade1fc1-6b06-4931-b618-2604ff2f6905,8dcf470a-299d-42c7-a92d-42b832d93ff5,unclassified,Unclassified,0.9,addaxai VIC,Macropodidae,macropodidae,unclassified
d33fd389-68b8-4291-9a63-eda4e3e95f39,sequenceID:1101062d-cae5-4707-a611-b83dc4bda9cc,1101062d-cae5-4707-a611-b83dc4bda9cc,1101062d-cae5-4707-a611-b83dc4bda9cc,8dcf470a-299d-42c7-a92d-42b832d93ff5,animal,Macropus dorsalis,0.87,addaxai VIC,Macropodidae,macropodidae,macropus dorsalis
c7fe4801-020c-4d71-b9d3-a1b50437d70e,sequenceID:daa66b5d-7e9d-46b5-945f-c6f3ff5550fa,daa66b5d-7e9d-46b5-945f-c6f3ff5550fa,daa66b5d-7e9d-46b5-945f-c6f3ff5550fa,8dcf470a-299d-42c7-a92d-42b832d93ff5,animal,Macropus giganteus,0.85,addaxai VIC,Macropodidae,macropodidae,macropus giganteus
0f9daa82-84e0-4c2a-870d-9453131a6349,sequenceID:0c9952f6-77c9-4c42-b5b9-d40391c2b897,0c9952f6-77c9-4c42-b5b9-d40391c2b897,0c9952f6-77c9-4c42-b5b9-d40391c2b897,8dcf470a-299d-42c7-a92d-42b832d93ff5,animal,Macropus giganteus,0.88,addaxai VIC,Macropodidae,macropodidae,macropus giganteus
7b7aa7b5-8e36-434f-a583-ab5b7f0d85bc,sequenceID:3ed349fb-db40-4cc1-89c3-8b963911fa9f,3ed349fb-db40-4cc1-89c3-8b963911fa9f,3ed349fb-db40-4cc1-89c3-8b963911fa9f,8dcf470a-299d-42c7-a92d-42b832d93ff5,animal,Macropus fuliginosus,0.69,addaxai VIC,Macropodidae,macropodidae,macropus fuliginosus
64f3df2c-d298-424e-9026-a00a2f42c97a,sequenceID:f3a32f41-21c0-4740-abed-8d7b84b0f718,f3a32f41-21c0-4740-abed-8d7b84b0f718,f3a32f41-21c0-4740-abed-8d7b84b0f718,8dcf470a-299d-42c7-a92d-42b832d93ff5,animal,Mammalia,0.76,addaxai VIC,Macropodidae,macropodidae,mammalia
8aa63a16-f327-4131-8516-c610eda4b366,sequenceID:abe14e2c-08b6-4d93-877f-fea864152f72,abe14e2c-08b6-4d93-877f-fea864152f72,abe14e2c-08b6-4d93-877f-fea864152f72,8dcf470a-299d-42c7-a92d-42b832d93ff5,animal,Macropus giganteus,0.9,addaxai VIC,Macropodidae,macropodidae,macropus giganteus
a1523a45-db3d-4fd4-ae63-730fb2a61022,sequenceID:b50fbb4c-bfe0-4b4b-bdae-1f24ba431a96,b50fbb4c-bfe0-4b4b-bdae-1f24ba431a96,b50fbb4c-bfe0-4b4b-bdae-1f24ba431a96,8dcf470a-299d-42c7-a92d-42b832d93ff5,animal,Macropus dorsalis,0.7,addaxai VIC,Macropodidae,macropodidae,macropus dorsalis
3623894a-5a69-4b7a-a02d-3501637e7d45,sequenceID:bf031862-17af-4119-be5c-75dfd6066652,bf031862-17af-4119-be5c-75dfd6066652,bf031862-17af-4119-be5c-75dfd6066652,8dcf470a-299d-42c7-a92d-42b832d93ff5,animal,Macropus dorsalis,0.75,addaxai VIC,Macropodidae,macropodidae,macropus dorsalis
7b38415d-d044-4dfd-bdee-fb86fb25c38f,sequenceID:1c81c56c-a1e0-44df-b17a-ec3f894c2bfc,1c81c56c-a1e0-44df-b17a-ec3f894c2bfc,1c81c56c-a1e0-44df-b17a-ec3f894c2bfc,8dcf470a-299d-42c7-a92d-42b832d93ff5,animal,Macropus fuliginosus,0.83,addaxai VIC,Macropodidae,macropodidae,macropus fuliginosus
5124f263-0f9c-4897-8954-6d4f700fda5f,sequenceID:d11164f9-8adf-40b8-8cc6-1b0ee6698492,d11164f9-8adf-40b8-8cc6-1b0ee6698492,d11164f9-8adf-40b8-8cc6-1b0ee6698492,8dcf470a-299d-42c7-a92d-42b832d93ff5,animal,Macropus fuliginosus,0.92,addaxai VIC,Macropodidae,macropodidae,macropus fuliginosus
8ea9ee33-6227-495a-a393-1b95f207106d,sequenceID:4b912c30-bcc3-4687-89da-5b4aaa75ff0f,4b912c30-bcc3-4687-89da-5b4aaa75ff0f,4b912c30-bcc3-4687-89da-5b4aaa75ff0f,8dcf470a-299d-42c7-a92d-42b832d93ff5,animal,Macropus fuliginosus,0.82,addaxai VIC,Macropodidae,macropodidae,macropus fuliginosus
32bcd9b2-7e78-461e-bb8b-ef030214b479,sequenceID:ff16ead7-898a-4f7e-84b6-6d2dbf772133,ff16ead7-898a-4f7e-84b6-6d2dbf772133,ff16ead7-898a-4f7e-84b6-6d2dbf772133,8dcf470a-299d-42c7-a92d-42b832d93ff5,animal,Macropus giganteus,0.72,addaxai VIC,Macropodidae,macropodidae,macropus giganteus
81bec68a-db3e-44e3-8e1e-12ef22da2501,sequenceID:df1667fd-9d96-468e-838d-1e66fbc74447,df1667fd-9d96-468e-838d-1e66fbc74447,df1667fd-9d96-468e-838d-1e66fbc74447,8dcf470a-299d-42c7-a92d-42b832d93ff5,animal,Mammalia,0.75,addaxai VIC,Macropodidae,macropodidae,mammalia
81bec68a-db3e-44e3-8e1e-12ef22da2501,sequenceID:df1667fd-9d96-468e-838d-1e66fbc74447,df1667fd-9d96-468e-838d-1e66fbc74447,df1667fd-9d96-468e-838d-1e66fbc74447,8dcf470a-299d-42c7-a92d-42b832d93ff5,unclassified,Unclassified,0.76,addaxai VIC,Macropodidae,macropodidae,unclassified
b2514cfd-d494-4909-8c32-44e7748ce672,sequenceID:b49d0518-ccae-4f46-a9df-9b7ecff84ef3,b49d0518-ccae-4f46-a9df-9b7ecff84ef3,b49d0518-ccae-4f46-a9df-9b7ecff84ef3,8dcf470a-299d-42c7-a92d-42b832d93ff5,animal,Mammalia,0.67,addaxai VIC,Macropodidae,macropodidae,mammalia
996073a9-b809-408b-893b-d5dc725d2556,sequenceID:bcb4aba8-cbfb-4470-8632-2dfc0aa35aa9,bcb4aba8-cbfb-4470-8632-2dfc0aa35aa9,bcb4aba8-cbfb-4470-8632-2dfc0aa35aa9,8dcf470a-299d-42c7-a92d-42b832d93ff5,animal,Macropus fuliginosus,0.93,addaxai VIC,Macropodidae,macropodidae,macropus fuliginosus
4bf07571-b8b9-45b1-8269-c0d1bdf02814,sequenceID:c1a2c5df-30e0-4172-95a2-09560d2bb019,c1a2c5df-30e0-4172-95a2-09560d2bb019,c1a2c5df-30e0-4172-95a2-09560d2bb019,8dcf470a-299d-42c7-a92d-42b832d93ff5,animal,Mammalia,0.81,addaxai VIC,Macropodidae,macropodidae,mammalia
fb852eb2-a268-4f1e-9cfd-b46a10643163,sequenceID:5411fe69-1d01-4246-9c48-6248711bdeca,5411fe69-1d01-4246-9c48-6248711bdeca,5411fe69-1d01-4246-9c48-6248711bdeca,8dcf470a-299d-42c7-a92d-42b832d93ff5,animal,Macropus fuliginosus,0.79,addaxai VIC,Macropodidae,macropodidae,macropus fuliginosus
c8fb3be8-e9e7-49db-a3ec-5839620416e3,sequenceID:42667a29-9e40-40ae-8d96-d3adb5f3a738,42667a29-9e40-40ae-8d96-d3adb5f3a738,42667a29-9e40-40ae-8d96-d3adb5f3a738,8dcf470a-299d-42c7-a92d-42b832d93ff5,unclassified,Unclassified,0.66,addaxai VIC,Macropodidae,macropodidae,unclassified
3004b8ab-6914-43ba-9377-04309239ea7e,sequenceID:de1002f2-abe4-4502-b2a2-3e7f9082b994,de1002f2-abe4-4502-b2a2-3e7f9082b994,de1002f2-abe4-4502-b2a2-3e7f9082b994,8dcf470a-299d-42c7-a92d-42b832d93ff5,animal,Macropus fuliginosus,0.82,addaxai VIC,Macropodidae,macropodidae,macropus fuliginosus
df63c6c6-0670-4d77-81a1-bb76aa55cf61,sequenceID:6cbf3438-b821-4e83-8461-4a2a65aa4062,6cbf3438-b821-4e83-8461-4a2a65aa4062,6cbf3438-b821-4e83-8461-4a2a65aa4062,8dcf470a-299d-42c7-a92d-42b832d93ff5,animal,Canis lupus dingo,0.69,addaxai VIC,Macropodidae,macropodidae,canis lupus dingo
cf7b4b77-cea4-43d8-a008-47caff0e77e0,sequenceID:2f716778-9fe9-4060-a5a7-9dd88c6a514c,2f716778-9fe9-4060-a5a7-9dd88c6a514c,2f716778-9fe9-4060-a5a7-9dd88c6a514c,8dcf470a-299d-42c7-a92d-42b832d93ff5,animal,Macropus fuliginosus,0.96,addaxai VIC,Macropodidae,macropodidae,macropus fuliginosus
44eec021-1f53-4d5e-bf88-c306e39ff10b,sequenceID:70d085cc-f3e8-4f0c-9de5-e75e13796519,70d085cc-f3e8-4f0c-9de5-e75e13796519,70d085cc-f3e8-4f0c-9de5-e75e13796519,8dcf470a-299d-42c7-a92d-42b832d93ff5,animal,Macropus fuliginosus,0.95,addaxai VIC,Macropodidae,macropodidae,macropus fuliginosus
ffb96ae7-ac2b-4cf2-bf60-96314550d20d,sequenceID:bfc5e4bb-63ec-4676-8119-819eee8e3125,bfc5e4bb-63ec-4676-8119-819eee8e3125,bfc5e4bb-63ec-4676-8119-819eee8e3125,8dcf470a-299d-42c7-a92d-42b832d93ff5,animal,Macropus fuliginosus,0.92,addaxai VIC,Macropodidae,macropodidae,macropus fuliginosus
a0f47109-5097-4edb-98ef-d0232bfae4e3,sequenceID:3a73cd9c-1164-42f8-a959-c672aab48408,3a73cd9c-1164-42f8-a959-c672aab48408,3a73cd9c-1164-42f8-a959-c672aab48408,8dcf470a-299d-42c7-a92d-42b832d93ff5,animal,Macropus giganteus,0.82,addaxai VIC,Macropodidae,macropodidae,macropus giganteus
055bb8e5-1e02-4177-a77c-a6e201d58723,sequenceID:5394e720-2c0b-473d-90d6-2a48b3609e8f,5394e720-2c0b-473d-90d6-2a48b3609e8f,5394e720-2c0b-473d-90d6-2a48b3609e8f,8dcf470a-299d-42c7-a92d-42b832d93ff5,animal,Macropus giganteus,0.73,addaxai VIC,Macropodidae,macropodidae,macropus giganteus
7c7c3feb-3368-4c57-ba09-19210eab633c,sequenceID:9b5df46f-59a5-4edb-b55d-08fe1727b5f7,9b5df46f-59a5-4edb-b55d-08fe1727b5f7,9b5df46f-59a5-4edb-b55d-08fe1727b5f7,8dcf470a-299d-42c7-a92d-42b832d93ff5,animal,Macropus giganteus,0.81,addaxai VIC,Macropodidae,macropodidae,macropus giganteus
faabff4f-2c03-46ae-9f97-6e1f9f29184e,sequenceID:5b22435b-d9ef-4bf8-af32-e7c55ee933c3,5b22435b-d9ef-4bf8-af32-e7c55ee933c3,5b22435b-d9ef-4bf8-af32-e7c55ee933c3,8dcf470a-299d-42c7-a92d-42b832d93ff5,animal,Macropus giganteus,0.72,addaxai VIC,Macropodidae,macropodidae,macropus giganteus
1d2e36ad-5cb9-4219-b400-45f83a50fe37,sequenceID:0abf268d-2c9a-4962-92f5-fda3319bde2b,0abf268d-2c9a-4962-92f5-fda3319bde2b,0abf268d-2c9a-4962-92f5-fda3319bde2b,8dcf470a-299d-42c7-a92d-42b832d93ff5,unclassified,Unclassified,0.89,addaxai VIC,Macropodidae,macropodidae,unclassified
1d2e36ad-5cb9-4219-b400-45f83a50fe37,sequenceID:0abf268d-2c9a-4962-92f5-fda3319bde2b,0abf268d-2c9a-4962-92f5-fda3319bde2b,0abf268d-2c9a-4962-92f5-fda3319bde2b,8dcf470a-299d-42c7-a92d-42b832d93ff5,animal,Macropus dorsalis,0.65,addaxai VIC,Macropodidae,macropodidae,macropus dorsalis
84fdbedc-bd43-40f1-8913-93dcd876265d,sequenceID:751e9899-5f27-45a1-aca5-9377232b27ed,751e9899-5f27-45a1-aca5-9377232b27ed,751e9899-5f27-45a1-aca5-9377232b27ed,8dcf470a-299d-42c7-a92d-42b832d93ff5,unclassified,Unclassified,0.0,,Macropodidae,macropodidae,unclassified
1d37735f-0a44-4fe6-992e-8bac11eca3ae,sequenceID:00104917-8963-4bcb-b52f-1b787a6448f8,00104917-8963-4bcb-b52f-1b787a6448f8,00104917-8963-4bcb-b52f-1b787a6448f8,8dcf470a-299d-42c7-a92d-42b832d93ff5,animal,Macropus dorsalis,0.65,addaxai VIC,Macropodidae,macropodidae,macropus dorsalis
b844c0a2-bd43-4691-9004-f65a2dde3944,sequenceID:9db5eac4-b03a-43b5-b115-1d8d19ce425d,9db5eac4-b03a-43b5-b115-1d8d19ce425d,9db5eac4-b03a-43b5-b115-1d8d19ce425d,8dcf470a-299d-42c7-a92d-42b832d93ff5,animal,Macropus dorsalis,0.75,addaxai VIC,Macropodidae,macropodidae,macropus dorsalis
ac510e57-7f23-4e13-aca2-43881d217d3c,sequenceID:2cdbc7a4-8933-4d2c-abd7-db2a4a67ef7f,2cdbc7a4-8933-4d2c-abd7-db2a4a67ef7f,2cdbc7a4-8933-4d2c-abd7-db2a4a67ef7f,8dcf470a-299d-42c7-a92d-42b832d93ff5,animal,Osphranter rufus,0.8,addaxai VIC,Macropodidae,macropodidae,osphranter rufus
f49cda58-e0f2-4d46-b3b7-c7e50422595e,sequenceID:b31a6f95-1057-4624-8051-b043e0aef776,b31a6f95-1057-4624-8051-b043e0aef776,b31a6f95-1057-4624-8051-b043e0aef776,8dcf470a-299d-42c7-a92d-42b832d93ff5,unclassified,Unclassified,0.79,addaxai VIC,Macropodidae,macropodidae,unclassified
e0fd469d-d107-48ff-b4bb-0022848dae3d,sequenceID:99bbb12d-fa75-46b4-9006-6a83982bbe49,99bbb12d-fa75-46b4-9006-6a83982bbe49,99bbb12d-fa75-46b4-9006-6a83982bbe49,8dcf470a-299d-42c7-a92d-42b832d93ff5,animal,Osphranter rufus,0.82,addaxai VIC,Macropodidae,macropodidae,osphranter rufus
ecc956a8-9cee-4da8-b63d-d17fd5c07f2c,sequenceID:60d465d7-c102-4d93-a19f-0c6f0c26d181,60d465d7-c102-4d93-a19f-0c6f0c26d181,60d465d7-c102-4d93-a19f-0c6f0c26d181,8dcf470a-299d-42c7-a92d-42b832d93ff5,animal,Macropus fuliginosus,0.96,addaxai VIC,Macropodidae,macropodidae,macropus fuliginosus
e159bcaa-0407-4b40-bbf2-a8d4e51b1dd2,sequenceID:5acbcb90-f4ce-4657-9f71-b55e61f01d64,5acbcb90-f4ce-4657-9f71-b55e61f01d64,5acbcb90-f4ce-4657-9f71-b55e61f01d64,8dcf470a-299d-42c7-a92d-42b832d93ff5,animal,Mammalia,0.82,addaxai VIC,Macropodidae,macropodidae,mammalia
a3c958f9-ee36-4fa4-af33-b87a58373911,sequenceID:aa0c4e39-2309-4477-a5f7-58325e89d7f2,aa0c4e39-2309-4477-a5f7-58325e89d7f2,aa0c4e39-2309-4477-a5f7-58325e89d7f2,8dcf470a-299d-42c7-a92d-42b832d93ff5,unclassified,Unclassified,0.81,addaxai VIC,Macropodidae,macropodidae,unclassified
48f26071-5d6b-4463-98ca-ba46f4e5f732,sequenceID:50fe8ea6-90d8-4231-84cd-a88aab5cd570,50fe8ea6-90d8-4231-84cd-a88aab5cd570,50fe8ea6-90d8-4231-84cd-a88aab5cd570,8dcf470a-299d-42c7-a92d-42b832d93ff5,unclassified,Unclassified,0.77,addaxai VIC,Macropodidae,macropodidae,unclassified
e409f98a-b432-4219-8486-eff6f9b7707a,sequenceID:ccba2e22-0767-423b-a8d1-c1de81d422b8,ccba2e22-0767-423b-a8d1-c1de81d422b8,ccba2e22-0767-423b-a8d1-c1de81d422b8,8dcf470a-299d-42c7-a92d-42b832d93ff5,animal,Macropus fuliginosus,0.8,addaxai VIC,Macropodidae,macropodidae,macropus fuliginosus
b3ba995d-3222-413a-9a8c-54d2e3471560,sequenceID:952fad87-900c-489c-b671-a7b12d293bab,952fad87-900c-489c-b671-a7b12d293bab,952fad87-900c-489c-b671-a7b12d293bab,8dcf470a-299d-42c7-a92d-42b832d93ff5,animal,Macropus dorsalis,0.67,addaxai VIC,Macropodidae,macropodidae,macropus dorsalis
356dfadb-b83a-4cca-ae21-9606f48dc4b4,sequenceID:88f09b26-addb-4755-819e-645cf4922d49,88f09b26-addb-4755-819e-645cf4922d49,88f09b26-addb-4755-819e-645cf4922d49,8dcf470a-299d-42c7-a92d-42b832d93ff5,animal,Macropus fuliginosus,0.86,addaxai VIC,Macropodidae,macropodidae,macropus fuliginosus
49feab66-22ba-4b01-8628-feb99cbd4d91,sequenceID:6e8eb1d8-2990-46bb-9db7-e5870e21aa22,6e8eb1d8-2990-46bb-9db7-e5870e21aa22,6e8eb1d8-2990-46bb-9db7-e5870e21aa22,8dcf470a-299d-42c7-a92d-42b832d93ff5,unclassified,Unclassified,0.71,addaxai VIC,Macropodidae,macropodidae,unclassified
6912de51-d1bf-4e68-89d7-cd8d358c41a9,sequenceID:7b95288d-a655-45f0-b53a-05f0c33c17ca,7b95288d-a655-45f0-b53a-05f0c33c17ca,7b95288d-a655-45f0-b53a-05f0c33c17ca,8dcf470a-299d-42c7-a92d-42b832d93ff5,animal,Macropus dorsalis,0.86,addaxai VIC,Macropodidae,macropodidae,macropus dorsalis
e8e3395f-46f7-44dc-9766-12c2404a43ff,sequenceID:34e90604-10b7-46b4-bfad-ce6b6b121092,34e90604-10b7-46b4-bfad-ce6b6b121092,34e90604-10b7-46b4-bfad-ce6b6b121092,8dcf470a-299d-42c7-a92d-42b832d93ff5,animal,Macropus fuliginosus,0.8,addaxai VIC,Macropodidae,macropodidae,macropus fuliginosus
9024f46d-80eb-4ce2-978b-5709e7624f46,sequenceID:217aa765-212d-421a-afa6-b1ec49dadd30,217aa765-212d-421a-afa6-b1ec49dadd30,217aa765-212d-421a-afa6-b1ec49dadd30,8dcf470a-299d-42c7-a92d-42b832d93ff5,animal,Macropus fuliginosus,0.65,addaxai VIC,Macropodidae,macropodidae,macropus fuliginosus
2eb99e47-17b8-406c-b1fd-4ad808fa720f,sequenceID:11de5e06-d014-4972-929e-60430aa869a8,11de5e06-d014-4972-929e-60430aa869a8,11de5e06-d014-4972-929e-60430aa869a8,8dcf470a-299d-42c7-a92d-42b832d93ff5,animal,Macropus giganteus,0.83,addaxai VIC,Macropodidae,macropodidae,macropus giganteus
39cb2864-564f-4e4b-8bef-7219bcda4085,sequenceID:5920d95d-4af0-45dc-a3b7-737ff46a8bc7,5920d95d-4af0-45dc-a3b7-737ff46a8bc7,5920d95d-4af0-45dc-a3b7-737ff46a8bc7,8dcf470a-299d-42c7-a92d-42b832d93ff5,animal,Macropus fuliginosus,0.87,addaxai VIC,Macropodidae,macropodidae,macropus fuliginosus
c4bf731e-0bc4-4dfe-a64b-f2fb793f0ead,sequenceID:c4fe97fe-e03c-4171-8a6b-16588e4c926d,c4fe97fe-e03c-4171-8a6b-16588e4c926d,c4fe97fe-e03c-4171-8a6b-16588e4c926d,8dcf470a-299d-42c7-a92d-42b832d93ff5,animal,Cervus elaphus,0.71,addaxai VIC,Macropodidae,macropodidae,cervus elaphus
63cd771c-2271-404e-a6ce-eb2be829c064,sequenceID:0ea1d8b7-7682-4d48-b781-69ba0a3cae2c,0ea1d8b7-7682-4d48-b781-69ba0a3cae2c,0ea1d8b7-7682-4d48-b781-69ba0a3cae2c,8dcf470a-299d-42c7-a92d-42b832d93ff5,animal,Macropus dorsalis,0.74,addaxai VIC,Macropodidae,macropodidae,macropus dorsalis
8839cfbc-34d1-43a7-ad0d-5b1a935f640f,sequenceID:5712a913-f55b-41c0-8084-0b8e13589ac4,5712a913-f55b-41c0-8084-0b8e13589ac4,5712a913-f55b-41c0-8084-0b8e13589ac4,8dcf470a-299d-42c7-a92d-42b832d93ff5,animal,Macropus giganteus,0.86,addaxai VIC,Macropodidae,macropodidae,macropus giganteus
3140088d-4c2a-470b-8fe5-6367f4150413,sequenceID:31d48489-b678-438c-8115-349e58f7160b,31d48489-b678-438c-8115-349e58f7160b,31d48489-b678-438c-8115-349e58f7160b,8dcf470a-299d-42c7-a92d-42b832d93ff5,unclassified,Unclassified,0.0,,Macropodidae,macropodidae,unclassified
a8cd1f7a-79a8-4d01-9cca-c83cf8f08f79,sequenceID:0d06fe9e-5aa6-40fd-8b6c-5a87b45b43db,0d06fe9e-5aa6-40fd-8b6c-5a87b45b43db,0d06fe9e-5aa6-40fd-8b6c-5a87b45b43db,8dcf470a-299d-42c7-a92d-42b832d93ff5,unclassified,Unclassified,0.0,,Macropodidae,macropodidae,unclassified
dcbe9410-cad3-45f2-aa16-4ed63b71fd0c,sequenceID:423e97da-54c8-47df-8e70-45dd686d1f55,423e97da-54c8-47df-8e70-45dd686d1f55,423e97da-54c8-47df-8e70-45dd686d1f55,8dcf470a-299d-42c7-a92d-42b832d93ff5,animal,Macropus fuliginosus,0.89,addaxai VIC,Macropodidae,macropodidae,macropus fuliginosus
226f5d37-ed03-40c8-8062-eed01eb194b3,sequenceID:d1325757-ab53-445e-a6e4-b6ee789f0588,d1325757-ab53-445e-a6e4-b6ee789f0588,d1325757-ab53-445e-a6e4-b6ee789f0588,8dcf470a-299d-42c7-a92d-42b832d93ff5,animal,Macropus fuliginosus,0.92,addaxai VIC,Macropodidae,macropodidae,macropus fuliginosus
6404a94c-ef1b-409f-92cc-cc2e97a86064,sequenceID:170ac1c8-7b81-4366-97ae-bf7a372f60fd,170ac1c8-7b81-4366-97ae-bf7a372f60fd,170ac1c8-7b81-4366-97ae-bf7a372f60fd,8dcf470a-299d-42c7-a92d-42b832d93ff5,unclassified,Unclassified,0.67,addaxai VIC,Macropodidae,macropodidae,unclassified
6404a94c-ef1b-409f-92cc-cc2e97a86064,sequenceID:170ac1c8-7b81-4366-97ae-bf7a372f60fd,170ac1c8-7b81-4366-97ae-bf7a372f60fd,170ac1c8-7b81-4366-97ae-bf7a372f60fd,8dcf470a-299d-42c7-a92d-42b832d93ff5,animal,Macropus dorsalis,0.88,addaxai VIC,Macropodidae,macropodidae,macropus dorsalis
7e8879f2-b00e-42e3-80ed-e2597119279b,sequenceID:ee1d993c-9c5a-443d-a4a7-ba75534c9134,ee1d993c-9c5a-443d-a4a7-ba75534c9134,ee1d993c-9c5a-443d-a4a7-ba75534c9134,8dcf470a-299d-42c7-a92d-42b832d93ff5,unclassified,Unclassified,0.0,,Macropodidae,macropodidae,unclassified
dac32bec-7ebb-4913-8079-f020517745eb,sequenceID:038c85a6-fbf1-4043-8152-96484e540aad,038c85a6-fbf1-4043-8152-96484e540aad,038c85a6-fbf1-4043-8152-96484e540aad,8dcf470a-299d-42c7-a92d-42b832d93ff5,animal,Osphranter rufus,0.84,addaxai VIC,Macropodidae,macropodidae,osphranter rufus
20b0a3fb-6d3a-4dd8-8642-47d20aa65fd8,sequenceID:449ea1b7-3553-4897-aac1-55428fc13560,449ea1b7-3553-4897-aac1-55428fc13560,449ea1b7-3553-4897-aac1-55428fc13560,8dcf470a-299d-42c7-a92d-42b832d93ff5,unclassified,Unclassified,0.0,,Macropodidae,macropodidae,unclassified
1586b5df-7954-4070-8fff-f2df2de5d129,sequenceID:4dacf944-e24e-4185-9934-ee8eaddf9460,4dacf944-e24e-4185-9934-ee8eaddf9460,4dacf944-e24e-4185-9934-ee8eaddf9460,8dcf470a-299d-42c7-a92d-42b832d93ff5,animal,Macropus dorsalis,0.7,addaxai VIC,Macropodidae,macropodidae,macropus dorsalis
d9dab03c-c454-4a52-97e8-01773a74d7d0,sequenceID:13af8e33-b3a6-4d87-aeea-8715cb94ad68,13af8e33-b3a6-4d87-aeea-8715cb94ad68,13af8e33-b3a6-4d87-aeea-8715cb94ad68,8dcf470a-299d-42c7-a92d-42b832d93ff5,animal,Macropus dorsalis,0.82,addaxai VIC,Macropodidae,macropodidae,macropus dorsalis
020fd9e5-754e-4055-b01e-46cc223e60a6,sequenceID:ad888ba4-f4cd-4bdd-a916-952a2d9191e2,ad888ba4-f4cd-4bdd-a916-952a2d9191e2,ad888ba4-f4cd-4bdd-a916-952a2d9191e2,8dcf470a-299d-42c7-a92d-42b832d93ff5,animal,Mammalia,0.73,addaxai VIC,Macropodidae,macropodidae,mammalia
7df61320-4537-4448-af8c-ec369e02eb68,sequenceID:a829068f-955d-43e5-b253-834bafc6d068,a829068f-955d-43e5-b253-834bafc6d068,a829068f-955d-43e5-b253-834bafc6d068,8dcf470a-299d-42c7-a92d-42b832d93ff5,unclassified,Unclassified,0.78,addaxai VIC,Macropodidae,macropodidae,unclassified
8b28fb9e-d994-4668-b14c-741ad5ccc59b,sequenceID:57a0d06c-ec7c-41b4-9adf-d59762b635ee,57a0d06c-ec7c-41b4-9adf-d59762b635ee,57a0d06c-ec7c-41b4-9adf-d59762b635ee,8dcf470a-299d-42c7-a92d-42b832d93ff5,animal,Osphranter rufus,0.83,addaxai VIC,Macropodidae,macropodidae,osphranter rufus
d1dfda91-5bea-4a70-9505-14f1744c851a,sequenceID:87006b33-e629-4aa5-94fb-c293c779156a,87006b33-e629-4aa5-94fb-c293c779156a,87006b33-e629-4aa5-94fb-c293c779156a,8dcf470a-299d-42c7-a92d-42b832d93ff5,animal,Macropus dorsalis,0.84,addaxai VIC,Macropodidae,macropodidae,macropus dorsalis
28dd6e02-ecee-481b-81bd-643eaf8a8c34,sequenceID:8aae1468-aeba-443c-94e6-3b416fea4c87,8aae1468-aeba-443c-94e6-3b416fea4c87,8aae1468-aeba-443c-94e6-3b416fea4c87,8dcf470a-299d-42c7-a92d-42b832d93ff5,unclassified,Unclassified,0.74,addaxai VIC,Macropodidae,macropodidae,unclassified
879cb382-7c97-4997-871c-2dbc811589f7,sequenceID:b3baf61a-0c73-4ae9-82b5-1ca0effc7b96,b3baf61a-0c73-4ae9-82b5-1ca0effc7b96,b3baf61a-0c73-4ae9-82b5-1ca0effc7b96,8dcf470a-299d-42c7-a92d-42b832d93ff5,animal,Mammalia,0.93,addaxai VIC,Macropodidae,macropodidae,mammalia
046ddee9-5731-4ed6-9bab-35a52b8d21b0,sequenceID:71ec532b-a163-49c7-8dab-f3e387c49768,71ec532b-a163-49c7-8dab-f3e387c49768,71ec532b-a163-49c7-8dab-f3e387c49768,8dcf470a-299d-42c7-a92d-42b832d93ff5,animal,Macropus dorsalis,0.65,addaxai VIC,Macropodidae,macropodidae,macropus dorsalis
5de3e3a6-6d70-492a-a06b-abca1af97ab4,sequenceID:152d01f5-2736-4af1-bc01-21d84518083e,152d01f5-2736-4af1-bc01-21d84518083e,152d01f5-2736-4af1-bc01-21d84518083e,8dcf470a-299d-42c7-a92d-42b832d93ff5,animal,Macropus giganteus,0.78,addaxai VIC,Macropodidae,macropodidae,macropus giganteus
80e6d03e-c804-466e-96c8-5916f957ae0c,sequenceID:dad2595e-5c3d-4ad2-909e-1057c78d9392,dad2595e-5c3d-4ad2-909e-1057c78d9392,dad2595e-5c3d-4ad2-909e-1057c78d9392,8dcf470a-299d-42c7-a92d-42b832d93ff5,unclassified,Unclassified,0.72,addaxai VIC,Macropodidae,macropodidae,unclassified
d3438fd5-dcc0-4920-aa16-e06a779369f1,sequenceID:f9bb2084-6372-4732-ad22-e5bd9e42da15,f9bb2084-6372-4732-ad22-e5bd9e42da15,f9bb2084-6372-4732-ad22-e5bd9e42da15,8dcf470a-299d-42c7-a92d-42b832d93ff5,unclassified,Unclassified,0.67,addaxai VIC,Macropodidae,macropodidae,unclassified
718f8b51-4d91-4dcd-9d24-cd584c161539,sequenceID:41403364-fe61-4225-be17-3625156fab26,41403364-fe61-4225-be17-3625156fab26,41403364-fe61-4225-be17-3625156fab26,8dcf470a-299d-42c7-a92d-42b832d93ff5,animal,Mammalia,0.82,addaxai VIC,Macropodidae,macropodidae,mammalia
88e34b5c-b5e6-46d9-9d22-02250987efd8,sequenceID:5ceaf876-5223-4c0a-bd7b-bc5f403bea7e,5ceaf876-5223-4c0a-bd7b-bc5f403bea7e,5ceaf876-5223-4c0a-bd7b-bc5f403bea7e,8dcf470a-299d-42c7-a92d-42b832d93ff5,unclassified,Unclassified,0.0,,Macropodidae,macropodidae,unclassified
cbcfa234-4634-43e3-a427-77d1e1b6deec,sequenceID:648dc748-6b84-47bd-9a1b-49a82f01ca01,648dc748-6b84-47bd-9a1b-49a82f01ca01,648dc748-6b84-47bd-9a1b-49a82f01ca01,8dcf470a-299d-42c7-a92d-42b832d93ff5,animal,Osphranter rufus,0.72,addaxai VIC,Macropodidae,macropodidae,osphranter rufus
cbcfa234-4634-43e3-a427-77d1e1b6deec,sequenceID:648dc748-6b84-47bd-9a1b-49a82f01ca01,648dc748-6b84-47bd-9a1b-49a82f01ca01,648dc748-6b84-47bd-9a1b-49a82f01ca01,8dcf470a-299d-42c7-a92d-42b832d93ff5,unclassified,Unclassified,0.74,addaxai VIC,Macropodidae,macropodidae,unclassified
a44b5725-a019-4277-91a2-587a919cb9c1,sequenceID:35aa6b9c-255b-4b3b-9849-7e959582409e,35aa6b9c-255b-4b3b-9849-7e959582409e,35aa6b9c-255b-4b3b-9849-7e959582409e,8dcf470a-299d-42c7-a92d-42b832d93ff5,animal,Macropus dorsalis,0.78,addaxai VIC,Macropodidae,macropodidae,macropus dorsalis
82e8b71a-e2dd-4eae-93f1-505ec16a1fb4,sequenceID:9a3f7496-b081-4809-a44a-18724b6c90dd,9a3f7496-b081-4809-a44a-18724b6c90dd,9a3f7496-b081-4809-a44a-18724b6c90dd,8dcf470a-299d-42c7-a92d-42b832d93ff5,animal,Charadriiformes,0.95,addaxai VIC,Macropodidae,macropodidae,charadriiformes
82e8b71a-e2dd-4eae-93f1-505ec16a1fb4,sequenceID:9a3f7496-b081-4809-a44a-18724b6c90dd,9a3f7496-b081-4809-a44a-18724b6c90dd,9a3f7496-b081-4809-a44a-18724b6c90dd,8dcf470a-299d-42c7-a92d-42b832d93ff5,animal,Mammalia,0.66,addaxai VIC,Macropodidae,macropodidae,mammalia
82e8b71a-e2dd-4eae-93f1-505ec16a1fb4,sequenceID:9a3f7496-b081-4809-a44a-18724b6c90dd,9a3f7496-b081-4809-a44a-18724b6c90dd,9a3f7496-b081-4809-a44a-18724b6c90dd,8dcf470a-299d-42c7-a92d-42b832d93ff5,animal,Macropus dorsalis,0.84,addaxai VIC,Macropodidae,macropodidae,macropus dorsalis
0a47d844-32e9-4de1-b951-41d408576c00,sequenceID:57c0d3dd-be3d-491a-afe0-5702d2e29b99,57c0d3dd-be3d-491a-afe0-5702d2e29b99,57c0d3dd-be3d-491a-afe0-5702d2e29b99,8dcf470a-299d-42c7-a92d-42b832d93ff5,animal,Macropus dorsalis,0.77,addaxai VIC,Macropodidae,macropodidae,macropus dorsalis
41e96940-b7fa-4f58-8c65-93222fcc8dd7,sequenceID:a9b12afd-ddbb-45e9-a052-770d8529c225,a9b12afd-ddbb-45e9-a052-770d8529c225,a9b12afd-ddbb-45e9-a052-770d8529c225,8dcf470a-299d-42c7-a92d-42b832d93ff5,unclassified,Unclassified,0.0,,Macropodidae,macropodidae,unclassified
f3218b64-b697-49fb-90bc-991e44456400,sequenceID:4f494f3e-3e8b-4ae4-94e7-84c8230239b1,4f494f3e-3e8b-4ae4-94e7-84c8230239b1,4f494f3e-3e8b-4ae4-94e7-84c8230239b1,8dcf470a-299d-42c7-a92d-42b832d93ff5,animal,Macropus fuliginosus,0.7,addaxai VIC,Macropodidae,macropodidae,macropus fuliginosus
8da11e5d-fe72-482a-b756-56b91c20bd22,sequenceID:0d853509-8ad9-4d6e-a1dd-3346d6e3595b,0d853509-8ad9-4d6e-a1dd-3346d6e3595b,0d853509-8ad9-4d6e-a1dd-3346d6e3595b,8dcf470a-299d-42c7-a92d-42b832d93ff5,animal,Macropus fuliginosus,0.69,addaxai VIC,Macropodidae,macropodidae,macropus fuliginosus
d38411d0-1ce0-47cc-aec7-5ea8c3d77171,sequenceID:59e3ca38-d6bc-4633-a3b0-6f0dd05e7c10,59e3ca38-d6bc-4633-a3b0-6f0dd05e7c10,59e3ca38-d6bc-4633-a3b0-6f0dd05e7c10,8dcf470a-299d-42c7-a92d-42b832d93ff5,animal,Macropus fuliginosus,0.84,addaxai VIC,Macropodidae,macropodidae,macropus fuliginosus
c1e85620-869b-4823-891a-1a1ba690c425,sequenceID:8c5587a9-e6bd-4276-aa42-833b3c381a69,8c5587a9-e6bd-4276-aa42-833b3c381a69,8c5587a9-e6bd-4276-aa42-833b3c381a69,8dcf470a-299d-42c7-a92d-42b832d93ff5,unclassified,Unclassified,0.0,,Macropodidae,macropodidae,unclassified
e9a25555-cbc3-44c7-8c45-099433a1a808,sequenceID:2f0c0e70-8c8a-4d25-b4ff-1e2c28d47006,2f0c0e70-8c8a-4d25-b4ff-1e2c28d47006,2f0c0e70-8c8a-4d25-b4ff-1e2c28d47006,8dcf470a-299d-42c7-a92d-42b832d93ff5,animal,Macropus fuliginosus,0.71,addaxai VIC,Macropodidae,macropodidae,macropus fuliginosus
f411b350-a3fc-498f-bf5d-003642686d0c,sequenceID:6ee62b74-5064-4fb9-b66d-c1f01ed83150,6ee62b74-5064-4fb9-b66d-c1f01ed83150,6ee62b74-5064-4fb9-b66d-c1f01ed83150,8dcf470a-299d-42c7-a92d-42b832d93ff5,animal,Macropus fuliginosus,0.8,addaxai VIC,Macropodidae,macropodidae,macropus fuliginosus
c8b6cd36-16e3-4bce-a57b-41edc5a8d778,sequenceID:fee63360-ee98-4749-9d50-a0c79c1a2b62,fee63360-ee98-4749-9d50-a0c79c1a2b62,fee63360-ee98-4749-9d50-a0c79c1a2b62,8dcf470a-299d-42c7-a92d-42b832d93ff5,animal,Macropus dorsalis,0.76,addaxai VIC,Macropodidae,macropodidae,macropus dorsalis
a0bd759e-7cfc-4a5d-a161-12fb399de1c0,sequenceID:365c0f05-1ad8-4c4a-a6f8-e6370d39d937,365c0f05-1ad8-4c4a-a6f8-e6370d39d937,365c0f05-1ad8-4c4a-a6f8-e6370d39d937,8dcf470a-299d-42c7-a92d-42b832d93ff5,animal,Macropus dorsalis,0.67,addaxai VIC,Macropodidae,macropodidae,macropus dorsalis
8f0d7fa0-cc7c-43fe-8bb9-76a6387ca934,sequenceID:0b7d9a4c-89f5-414d-bbf3-f1723ee5ab2d,0b7d9a4c-89f5-414d-bbf3-f1723ee5ab2d,0b7d9a4c-89f5-414d-bbf3-f1723ee5ab2d,8dcf470a-299d-42c7-a92d-42b832d93ff5,unclassified,Unclassified,0.75,addaxai VIC,Macropodidae,macropodidae,unclassified
18790ee4-cc80-4767-bc57-ba5f0c247d64,sequenceID:0e418ad6-d347-4cb5-b718-3753095490b3,0e418ad6-d347-4cb5-b718-3753095490b3,0e418ad6-d347-4cb5-b718-3753095490b3,8dcf470a-299d-42c7-a92d-42b832d93ff5,animal,Mammalia,0.77,addaxai VIC,Macropodidae,macropodidae,mammalia
4ec3ff4d-c0cf-486c-9109-28aa4a10036f,sequenceID:fe00a54d-f412-43d3-8ac0-a3ca85dcfb84,fe00a54d-f412-43d3-8ac0-a3ca85dcfb84,fe00a54d-f412-43d3-8ac0-a3ca85dcfb84,8dcf470a-299d-42c7-a92d-42b832d93ff5,unclassified,Unclassified,0.77,addaxai VIC,Macropodidae,macropodidae,unclassified
640e1c0b-c7d9-4c9c-9720-c0732b25e182,sequenceID:aaf5afb6-6341-4217-b42f-df7bd1b2dc30,aaf5afb6-6341-4217-b42f-df7bd1b2dc30,aaf5afb6-6341-4217-b42f-df7bd1b2dc30,8dcf470a-299d-42c7-a92d-42b832d93ff5,animal,Mammalia,0.66,addaxai VIC,Macropodidae,macropodidae,mammalia
38fe1e09-4994-491d-8679-4b1e44a0a51a,sequenceID:d4522816-218f-4fae-ae65-f83067af7e39,d4522816-218f-4fae-ae65-f83067af7e39,d4522816-218f-4fae-ae65-f83067af7e39,8dcf470a-299d-42c7-a92d-42b832d93ff5,unclassified,Unclassified,0.0,,Macropodidae,macropodidae,unclassified
d16bac2c-9612-4094-be9d-b36abae04370,sequenceID:010bb987-0ed6-4807-be81-a830c00006bb,010bb987-0ed6-4807-be81-a830c00006bb,010bb987-0ed6-4807-be81-a830c00006bb,8dcf470a-299d-42c7-a92d-42b832d93ff5,unclassified,Unclassified,0.0,,Macropodidae,macropodidae,unclassified
b4f28690-135e-43e4-bad5-2b8ed087fa30,sequenceID:3782786e-7334-4a89-a845-05f5496fa204,3782786e-7334-4a89-a845-05f5496fa204,3782786e-7334-4a89-a845-05f5496fa204,8dcf470a-299d-42c7-a92d-42b832d93ff5,unclassified,Unclassified,0.66,addaxai VIC,Macropodidae,macropodidae,unclassified
b4f28690-135e-43e4-bad5-2b8ed087fa30,sequenceID:3782786e-7334-4a89-a845-05f5496fa204,3782786e-7334-4a89-a845-05f5496fa204,3782786e-7334-4a89-a845-05f5496fa204,8dcf470a-299d-42c7-a92d-42b832d93ff5,animal,Macropus giganteus,0.91,addaxai VIC,Macropodidae,macropodidae,macropus giganteus
4e1dc55a-377c-4b79-a837-261b5036ea44,sequenceID:9bf5fcff-e541-46dc-80c7-123b716e01df,9bf5fcff-e541-46dc-80c7-123b716e01df,9bf5fcff-e541-46dc-80c7-123b716e01df,8dcf470a-299d-42c7-a92d-42b832d93ff5,animal,Macropus dorsalis,0.83,addaxai VIC,Macropodidae,macropodidae,macropus dorsalis
ebeabe4d-ae83-4d21-948d-2a8b96e98822,sequenceID:2f494a07-1ccd-46e8-a10d-e20844ab881f,2f494a07-1ccd-46e8-a10d-e20844ab881f,2f494a07-1ccd-46e8-a10d-e20844ab881f,8dcf470a-299d-42c7-a92d-42b832d93ff5,animal,Macropus giganteus,0.71,addaxai VIC,Macropodidae,macropodidae,macropus giganteus
ebeabe4d-ae83-4d21-948d-2a8b96e98822,sequenceID:2f494a07-1ccd-46e8-a10d-e20844ab881f,2f494a07-1ccd-46e8-a10d-e20844ab881f,2f494a07-1ccd-46e8-a10d-e20844ab881f,8dcf470a-299d-42c7-a92d-42b832d93ff5,animal,Osphranter rufus,0.9,addaxai VIC,Macropodidae,macropodidae,osphranter rufus
57e11575-9156-4169-a8df-459b89e286c5,sequenceID:8411e29f-a3f2-444a-99aa-66d347dd2046,8411e29f-a3f2-444a-99aa-66d347dd2046,8411e29f-a3f2-444a-99aa-66d347dd2046,8dcf470a-299d-42c7-a92d-42b832d93ff5,animal,Macropus dorsalis,0.84,addaxai VIC,Macropodidae,macropodidae,macropus dorsalis
cb50aa9d-c915-4b96-8f5c-a00eb7f55672,sequenceID:b3421610-366f-4113-9039-78731ee536b5,b3421610-366f-4113-9039-78731ee536b5,b3421610-366f-4113-9039-78731ee536b5,8dcf470a-299d-42c7-a92d-42b832d93ff5,unclassified,Unclassified,0.77,addaxai VIC,Macropodidae,macropodidae,unclassified
a7e4d943-4c34-4a73-a846-ac2b4497da6c,sequenceID:f4ea3409-c86d-4154-87a1-257bc841089b,f4ea3409-c86d-4154-87a1-257bc841089b,f4ea3409-c86d-4154-87a1-257bc841089b,8dcf470a-299d-42c7-a92d-42b832d93ff5,animal,Macropus giganteus,0.78,addaxai VIC,Macropodidae,macropodidae,macropus giganteus
c338a0de-4cf4-40af-a184-08f32d649619,sequenceID:6304ec7a-227b-4938-b81a-54a2cea9297d,6304ec7a-227b-4938-b81a-54a2cea9297d,6304ec7a-227b-4938-b81a-54a2cea9297d,8dcf470a-299d-42c7-a92d-42b832d93ff5,animal,Macropus giganteus,0.87,addaxai VIC,Macropodidae,macropodidae,macropus giganteus
72632eda-456e-482e-bcba-b2e29e7b3c88,sequenceID:b177a7db-7fb2-499f-9475-334b384f8890,b177a7db-7fb2-499f-9475-334b384f8890,b177a7db-7fb2-499f-9475-334b384f8890,8dcf470a-299d-42c7-a92d-42b832d93ff5,animal,Macropus dorsalis,0.9,addaxai VIC,Macropodidae,macropodidae,macropus dorsalis
193930a7-a6c5-4ba4-bdaf-22516e73d9b5,sequenceID:77411a09-03db-44bb-bf89-fe4d310ec84e,77411a09-03db-44bb-bf89-fe4d310ec84e,77411a09-03db-44bb-bf89-fe4d310ec84e,8dcf470a-299d-42c7-a92d-42b832d93ff5,unclassified,Unclassified,0.96,addaxai VIC,Macropodidae,macropodidae,unclassified
e4db7e75-171a-4876-93ed-e91cf4945c85,sequenceID:6eff8e41-03b2-4753-8ed6-fb704ecaa24b,6eff8e41-03b2-4753-8ed6-fb704ecaa24b,6eff8e41-03b2-4753-8ed6-fb704ecaa24b,8dcf470a-299d-42c7-a92d-42b832d93ff5,unclassified,Unclassified,0.99,addaxai VIC,Macropodidae,macropodidae,unclassified
8c85eb98-a7c4-4a1b-b9f9-9952825a4ac9,sequenceID:15b1ba65-044f-4302-ad24-78187a99e4a8,15b1ba65-044f-4302-ad24-78187a99e4a8,15b1ba65-044f-4302-ad24-78187a99e4a8,8dcf470a-299d-42c7-a92d-42b832d93ff5,unclassified,Unclassified,0.98,addaxai VIC,Macropodidae,macropodidae,unclassified
e47aead0-c909-4f6f-b4ae-c97187a5febf,sequenceID:60341afc-25a3-421d-bb99-78e489fe5692,60341afc-25a3-421d-bb99-78e489fe5692,60341afc-25a3-421d-bb99-78e489fe5692,8dcf470a-299d-42c7-a92d-42b832d93ff5,unclassified,Unclassified,0.97,addaxai VIC,Macropodidae,macropodidae,unclassified
383f5565-80d9-4c9d-b9a5-0425036237d4,sequenceID:572746d7-cedf-4d24-ae5a-a805e7ada8fd,572746d7-cedf-4d24-ae5a-a805e7ada8fd,572746d7-cedf-4d24-ae5a-a805e7ada8fd,8dcf470a-299d-42c7-a92d-42b832d93ff5,animal,Mammalia,0.68,addaxai VIC,Macropodidae,macropodidae,mammalia
82ea8745-4b4a-4f5f-a328-2c7e37e1b3d3,sequenceID:0154c3b6-89b0-4f87-9ac9-8e189ae26f69,0154c3b6-89b0-4f87-9ac9-8e189ae26f69,0154c3b6-89b0-4f87-9ac9-8e189ae26f69,8dcf470a-299d-42c7-a92d-42b832d93ff5,animal,Mammalia,0.84,addaxai VIC,Macropodidae,macropodidae,mammalia
b7d9c220-139b-46a0-a1ef-9d6c89706d28,sequenceID:11243b95-8c87-41e5-98b2-4006f4e56a4f,11243b95-8c87-41e5-98b2-4006f4e56a4f,11243b95-8c87-41e5-98b2-4006f4e56a4f,8dcf470a-299d-42c7-a92d-42b832d93ff5,unclassified,Unclassified,0.0,,Macropodidae,macropodidae,unclassified
ffc7f510-cbee-4058-b45d-e2e5059fe5bb,sequenceID:baf55cef-8764-466f-992a-03a5afc4694a,baf55cef-8764-466f-992a-03a5afc4694a,baf55cef-8764-466f-992a-03a5afc4694a,8dcf470a-299d-42c7-a92d-42b832d93ff5,unclassified,Unclassified,0.0,,Macropodidae,macropodidae,unclassified
23583497-5999-46df-adc2-33ba3dea6742,sequenceID:905f7732-abba-4473-9fd4-ac7e1802da6f,905f7732-abba-4473-9fd4-ac7e1802da6f,905f7732-abba-4473-9fd4-ac7e1802da6f,8dcf470a-299d-42c7-a92d-42b832d93ff5,unclassified,Unclassified,0.74,addaxai VIC,Macropodidae,macropodidae,unclassified
6a85fb75-85d3-458e-9cce-45ebcd2f4a51,sequenceID:3da59a21-5a92-479f-be7f-2aa6904e3cb4,3da59a21-5a92-479f-be7f-2aa6904e3cb4,3da59a21-5a92-479f-be7f-2aa6904e3cb4,8dcf470a-299d-42c7-a92d-42b832d93ff5,animal,Mammalia,0.73,addaxai VIC,Macropodidae,macropodidae,mammalia
006c7796-b2e1-4b8d-842c-43ec3cfe1dd5,sequenceID:29d3d12b-987c-48ab-83d4-c1f0342a5af4,29d3d12b-987c-48ab-83d4-c1f0342a5af4,29d3d12b-987c-48ab-83d4-c1f0342a5af4,8dcf470a-299d-42c7-a92d-42b832d93ff5,unclassified,Unclassified,0.7,addaxai VIC,Macropodidae,macropodidae,unclassified
7b458176-9420-47fe-b2d8-92cd12bde91d,sequenceID:e8fffa1a-3246-4b11-9745-888d81f23c5a,e8fffa1a-3246-4b11-9745-888d81f23c5a,e8fffa1a-3246-4b11-9745-888d81f23c5a,8dcf470a-299d-42c7-a92d-42b832d93ff5,animal,Mammalia,0.66,addaxai VIC,Macropodidae,macropodidae,mammalia
56195d20-f3ba-4b11-8a99-4cb68e2f1c95,sequenceID:ac1c4f89-f3df-44e9-b9af-63751051835c,ac1c4f89-f3df-44e9-b9af-63751051835c,ac1c4f89-f3df-44e9-b9af-63751051835c,8dcf470a-299d-42c7-a92d-42b832d93ff5,animal,Macropus dorsalis,0.87,addaxai VIC,Macropodidae,macropodidae,macropus dorsalis
0099a019-59a3-4b7f-bc18-522bee7e1c8f,sequenceID:aa781ffe-17e4-4e08-86ea-bdaf35cb99cb,aa781ffe-17e4-4e08-86ea-bdaf35cb99cb,aa781ffe-17e4-4e08-86ea-bdaf35cb99cb,8dcf470a-299d-42c7-a92d-42b832d93ff5,unclassified,Unclassified,0.0,,Macropodidae,macropodidae,unclassified
f6f93262-962c-45f9-9b95-5c27faf0aff1,sequenceID:bd41244e-3fc6-40d6-84f6-0f2f823f5732,bd41244e-3fc6-40d6-84f6-0f2f823f5732,bd41244e-3fc6-40d6-84f6-0f2f823f5732,8dcf470a-299d-42c7-a92d-42b832d93ff5,unclassified,Unclassified,0.82,addaxai VIC,Macropodidae,macropodidae,unclassified
36a53591-60c2-4b55-bfe3-ef3275d47236,sequenceID:d813e8ed-cc37-4622-8c7c-049e789ad4d2,d813e8ed-cc37-4622-8c7c-049e789ad4d2,d813e8ed-cc37-4622-8c7c-049e789ad4d2,8dcf470a-299d-42c7-a92d-42b832d93ff5,unclassified,Unclassified,0.0,,Macropodidae,macropodidae,unclassified
8e296230-6678-4eb5-9626-5573c685376b,sequenceID:12e26f40-5799-4ea6-9863-4e23a561920f,12e26f40-5799-4ea6-9863-4e23a561920f,12e26f40-5799-4ea6-9863-4e23a561920f,8dcf470a-299d-42c7-a92d-42b832d93ff5,unclassified,Unclassified,0.69,addaxai VIC,Macropodidae,macropodidae,unclassified
bf8ff516-a6a2-446a-be25-1a081e8a6e5e,sequenceID:2ee65598-304b-4d8c-9c07-8955a6e12830,2ee65598-304b-4d8c-9c07-8955a6e12830,2ee65598-304b-4d8c-9c07-8955a6e12830,8dcf470a-299d-42c7-a92d-42b832d93ff5,animal,Mammalia,0.78,addaxai VIC,Macropodidae,macropodidae,mammalia
bf8ff516-a6a2-446a-be25-1a081e8a6e5e,sequenceID:2ee65598-304b-4d8c-9c07-8955a6e12830,2ee65598-304b-4d8c-9c07-8955a6e12830,2ee65598-304b-4d8c-9c07-8955a6e12830,8dcf470a-299d-42c7-a92d-42b832d93ff5,animal,Macropus fuliginosus,0.74,addaxai VIC,Macropodidae,macropodidae,macropus fuliginosus
41203139-33bc-49df-863d-fb82e6afa652,sequenceID:2ed5da64-6794-4d07-ab11-e27f5426f732,2ed5da64-6794-4d07-ab11-e27f5426f732,2ed5da64-6794-4d07-ab11-e27f5426f732,8dcf470a-299d-42c7-a92d-42b832d93ff5,animal,Macropus dorsalis,0.8,addaxai VIC,Macropodidae,macropodidae,macropus dorsalis
961c8c08-81f6-4b72-b5a0-d60190a98935,sequenceID:02cce643-0060-44d8-a77a-c86ab617a8e5,02cce643-0060-44d8-a77a-c86ab617a8e5,02cce643-0060-44d8-a77a-c86ab617a8e5,8dcf470a-299d-42c7-a92d-42b832d93ff5,animal,Macropus fuliginosus,0.7,addaxai VIC,Macropodidae,macropodidae,macropus fuliginosus
569c8ece-2643-42a8-a496-8ec65c2ddb60,sequenceID:9d231abd-169b-4d20-af65-2ebc5a9b5cff,9d231abd-169b-4d20-af65-2ebc5a9b5cff,9d231abd-169b-4d20-af65-2ebc5a9b5cff,8dcf470a-299d-42c7-a92d-42b832d93ff5,animal,Macropus fuliginosus,0.89,addaxai VIC,Macropodidae,macropodidae,macropus fuliginosus
569c8ece-2643-42a8-a496-8ec65c2ddb60,sequenceID:9d231abd-169b-4d20-af65-2ebc5a9b5cff,9d231abd-169b-4d20-af65-2ebc5a9b5cff,9d231abd-169b-4d20-af65-2ebc5a9b5cff,8dcf470a-299d-42c7-a92d-42b832d93ff5,animal,Macropus dorsalis,0.74,addaxai VIC,Macropodidae,macropodidae,macropus dorsalis
329c6515-877b-4d08-9c38-f00a03cef937,sequenceID:cdd0358b-5f0a-46b2-9750-eddcef80ab3a,cdd0358b-5f0a-46b2-9750-eddcef80ab3a,cdd0358b-5f0a-46b2-9750-eddcef80ab3a,8dcf470a-299d-42c7-a92d-42b832d93ff5,animal,Macropus fuliginosus,0.87,addaxai VIC,Macropodidae,macropodidae,macropus fuliginosus
329c6515-877b-4d08-9c38-f00a03cef937,sequenceID:cdd0358b-5f0a-46b2-9750-eddcef80ab3a,cdd0358b-5f0a-46b2-9750-eddcef80ab3a,cdd0358b-5f0a-46b2-9750-eddcef80ab3a,8dcf470a-299d-42c7-a92d-42b832d93ff5,animal,Macropus dorsalis,0.84,addaxai VIC,Macropodidae,macropodidae,macropus dorsalis
7caf73b3-64af-4a9d-9a78-08cb81106b92,sequenceID:2c91f175-a281-4b61-96e6-51f260b4d0f9,2c91f175-a281-4b61-96e6-51f260b4d0f9,2c91f175-a281-4b61-96e6-51f260b4d0f9,8dcf470a-299d-42c7-a92d-42b832d93ff5,animal,Macropus fuliginosus,0.71,addaxai VIC,Macropodidae,macropodidae,macropus fuliginosus
43c263da-a5f2-4962-8bfa-a1c82bcbc61f,sequenceID:55f5e4ca-fd42-45a5-8913-eeaca8ce547d,55f5e4ca-fd42-45a5-8913-eeaca8ce547d,55f5e4ca-fd42-45a5-8913-eeaca8ce547d,8dcf470a-299d-42c7-a92d-42b832d93ff5,animal,Macropus fuliginosus,0.77,addaxai VIC,Macropodidae,macropodidae,macropus fuliginosus
dd8f170c-4153-4b2b-91a7-0008049d81ac,sequenceID:a0b1c9b5-e80f-42c6-9f2d-4f70c72e2ec9,a0b1c9b5-e80f-42c6-9f2d-4f70c72e2ec9,a0b1c9b5-e80f-42c6-9f2d-4f70c72e2ec9,8dcf470a-299d-42c7-a92d-42b832d93ff5,animal,Macropus fuliginosus,0.88,addaxai VIC,Macropodidae,macropodidae,macropus fuliginosus
a7a5a139-e604-4d9e-a60f-4047c58e423a,sequenceID:53ea7e76-9df8-48e3-b78b-25bd26ff5f7f,53ea7e76-9df8-48e3-b78b-25bd26ff5f7f,53ea7e76-9df8-48e3-b78b-25bd26ff5f7f,8dcf470a-299d-42c7-a92d-42b832d93ff5,animal,Macropus fuliginosus,0.74,addaxai VIC,Macropodidae,macropodidae,macropus fuliginosus
ea560ec5-49ee-4a1c-9820-a01560ab943f,sequenceID:3f44be92-cd15-48cc-8535-4c09c800a8ba,3f44be92-cd15-48cc-8535-4c09c800a8ba,3f44be92-cd15-48cc-8535-4c09c800a8ba,8dcf470a-299d-42c7-a92d-42b832d93ff5,animal,Mammalia,0.71,addaxai VIC,Macropodidae,macropodidae,mammalia
8fff4d13-a5aa-4b8e-9be6-56c126751e4c,sequenceID:52358cf4-63fc-4313-9dad-f5fbca1b5ca9,52358cf4-63fc-4313-9dad-f5fbca1b5ca9,52358cf4-63fc-4313-9dad-f5fbca1b5ca9,8dcf470a-299d-42c7-a92d-42b832d93ff5,unclassified,Unclassified,0.0,,Macropodidae,macropodidae,unclassified
aa19ac72-21e5-497e-9140-5c4b831c714f,sequenceID:471e5c48-c76e-4ba5-a2bb-275b4ca54997,471e5c48-c76e-4ba5-a2bb-275b4ca54997,471e5c48-c76e-4ba5-a2bb-275b4ca54997,8dcf470a-299d-42c7-a92d-42b832d93ff5,unclassified,Unclassified,0.0,,Macropodidae,macropodidae,unclassified
44a2531e-d981-4b3f-b8db-2b392cd225b9,sequenceID:702e9b1d-f951-4955-9a63-ffdf42ab18b5,702e9b1d-f951-4955-9a63-ffdf42ab18b5,702e9b1d-f951-4955-9a63-ffdf42ab18b5,8dcf470a-299d-42c7-a92d-42b832d93ff5,unclassified,Unclassified,0.76,addaxai VIC,Macropodidae,macropodidae,unclassified
44a2531e-d981-4b3f-b8db-2b392cd225b9,sequenceID:702e9b1d-f951-4955-9a63-ffdf42ab18b5,702e9b1d-f951-4955-9a63-ffdf42ab18b5,702e9b1d-f951-4955-9a63-ffdf42ab18b5,8dcf470a-299d-42c7-a92d-42b832d93ff5,animal,Mammalia,0.75,addaxai VIC,Macropodidae,macropodidae,mammalia
192c52c3-0174-45a2-b646-b86abb31bac4,sequenceID:e25483ff-cd9c-4642-abe7-3568790ea56c,e25483ff-cd9c-4642-abe7-3568790ea56c,e25483ff-cd9c-4642-abe7-3568790ea56c,8dcf470a-299d-42c7-a92d-42b832d93ff5,animal,Mammalia,0.76,addaxai VIC,Macropodidae,macropodidae,mammalia
e65cbb11-5b70-42f0-85d7-8f92bb1334fd,sequenceID:50431eaf-26c3-4755-8695-f8441d7e0de8,50431eaf-26c3-4755-8695-f8441d7e0de8,50431eaf-26c3-4755-8695-f8441d7e0de8,8dcf470a-299d-42c7-a92d-42b832d93ff5,unclassified,Unclassified,0.98,addaxai VIC,Macropodidae,macropodidae,unclassified
e65cbb11-5b70-42f0-85d7-8f92bb1334fd,sequenceID:50431eaf-26c3-4755-8695-f8441d7e0de8,50431eaf-26c3-4755-8695-f8441d7e0de8,50431eaf-26c3-4755-8695-f8441d7e0de8,8dcf470a-299d-42c7-a92d-42b832d93ff5,animal,Macropus giganteus,0.86,addaxai VIC,Macropodidae,macropodidae,macropus giganteus
d58ce396-323e-42a9-98ee-25f36228dae2,sequenceID:8dec7f09-a6f4-4319-9fa5-b690dc953c1a,8dec7f09-a6f4-4319-9fa5-b690dc953c1a,8dec7f09-a6f4-4319-9fa5-b690dc953c1a,8dcf470a-299d-42c7-a92d-42b832d93ff5,unclassified,Unclassified,0.0,,Macropodidae,macropodidae,unclassified
3eafbfc9-a17e-4106-b843-3c0a59b62bdb,sequenceID:478eb72a-6762-4ab2-987b-c81b8347085f,478eb72a-6762-4ab2-987b-c81b8347085f,478eb72a-6762-4ab2-987b-c81b8347085f,8dcf470a-299d-42c7-a92d-42b832d93ff5,unclassified,Unclassified,0.0,,Macropodidae,macropodidae,unclassified
796a7920-c512-4e6d-93f8-5dbaa6786def,sequenceID:34c6f3ce-98c5-4025-bf2a-1f59d6ce8ced,34c6f3ce-98c5-4025-bf2a-1f59d6ce8ced,34c6f3ce-98c5-4025-bf2a-1f59d6ce8ced,8dcf470a-299d-42c7-a92d-42b832d93ff5,animal,Macropus fuliginosus,0.66,addaxai VIC,Macropodidae,macropodidae,macropus fuliginosus
e5918aad-6f8b-4274-8dd5-abd32f72b910,sequenceID:b64eebd7-61d3-46be-9960-d3b08011d173,b64eebd7-61d3-46be-9960-d3b08011d173,b64eebd7-61d3-46be-9960-d3b08011d173,8dcf470a-299d-42c7-a92d-42b832d93ff5,animal,Macropus fuliginosus,0.9,addaxai VIC,Macropodidae,macropodidae,macropus fuliginosus
e5918aad-6f8b-4274-8dd5-abd32f72b910,sequenceID:b64eebd7-61d3-46be-9960-d3b08011d173,b64eebd7-61d3-46be-9960-d3b08011d173,b64eebd7-61d3-46be-9960-d3b08011d173,8dcf470a-299d-42c7-a92d-42b832d93ff5,unclassified,Unclassified,0.96,addaxai VIC,Macropodidae,macropodidae,unclassified
873b0206-e4b8-488d-af5a-aacc696c6e70,sequenceID:0915fc47-59c5-4a64-a623-8250e857acce,0915fc47-59c5-4a64-a623-8250e857acce,0915fc47-59c5-4a64-a623-8250e857acce,8dcf470a-299d-42c7-a92d-42b832d93ff5,animal,Macropus fuliginosus,0.95,addaxai VIC,Macropodidae,macropodidae,macropus fuliginosus
c946772f-5df0-40da-b589-ada9d48c8f03,sequenceID:34080ad1-7876-479d-9599-95a531f4d25d,34080ad1-7876-479d-9599-95a531f4d25d,34080ad1-7876-479d-9599-95a531f4d25d,8dcf470a-299d-42c7-a92d-42b832d93ff5,unclassified,Unclassified,0.0,,Macropodidae,macropodidae,unclassified
5711ee3c-91d4-49f8-ab26-61007deed70b,sequenceID:f3416c11-8e43-4c2b-9062-ecea503fa01a,f3416c11-8e43-4c2b-9062-ecea503fa01a,f3416c11-8e43-4c2b-9062-ecea503fa01a,8dcf470a-299d-42c7-a92d-42b832d93ff5,animal,Macropus dorsalis,0.71,addaxai VIC,Macropodidae,macropodidae,macropus dorsalis
5711ee3c-91d4-49f8-ab26-61007deed70b,sequenceID:f3416c11-8e43-4c2b-9062-ecea503fa01a,f3416c11-8e43-4c2b-9062-ecea503fa01a,f3416c11-8e43-4c2b-9062-ecea503fa01a,8dcf470a-299d-42c7-a92d-42b832d93ff5,unclassified,Unclassified,0.74,addaxai VIC,Macropodidae,macropodidae,unclassified
e3981c1d-437e-45c7-a368-4f878df4de79,sequenceID:90157ae1-feb3-4914-8efc-e6993cc862b9,90157ae1-feb3-4914-8efc-e6993cc862b9,90157ae1-feb3-4914-8efc-e6993cc862b9,8dcf470a-299d-42c7-a92d-42b832d93ff5,animal,Macropus giganteus,0.77,addaxai VIC,Macropodidae,macropodidae,macropus giganteus
cb083bc4-2c81-4cd1-b7a3-542e344e762e,sequenceID:8437c099-1130-4532-8ee8-4d1e7e931941,8437c099-1130-4532-8ee8-4d1e7e931941,8437c099-1130-4532-8ee8-4d1e7e931941,8dcf470a-299d-42c7-a92d-42b832d93ff5,animal,Mammalia,0.67,addaxai VIC,Macropodidae,macropodidae,mammalia
f26d480d-fa40-455d-a3c2-1d5cdc952272,sequenceID:27b6778e-9cd3-4a68-b236-bfa0472274be,27b6778e-9cd3-4a68-b236-bfa0472274be,27b6778e-9cd3-4a68-b236-bfa0472274be,8dcf470a-299d-42c7-a92d-42b832d93ff5,animal,Mammalia,0.66,addaxai VIC,Macropodidae,macropodidae,mammalia
f26d480d-fa40-455d-a3c2-1d5cdc952272,sequenceID:27b6778e-9cd3-4a68-b236-bfa0472274be,27b6778e-9cd3-4a68-b236-bfa0472274be,27b6778e-9cd3-4a68-b236-bfa0472274be,8dcf470a-299d-42c7-a92d-42b832d93ff5,unclassified,Unclassified,0.98,addaxai VIC,Macropodidae,macropodidae,unclassified
d514604a-6a15-4459-850e-866bb9c71971,sequenceID:b3597579-4182-40b6-b070-186857f9ab2b,b3597579-4182-40b6-b070-186857f9ab2b,b3597579-4182-40b6-b070-186857f9ab2b,8dcf470a-299d-42c7-a92d-42b832d93ff5,animal,Macropus giganteus,0.93,addaxai VIC,Macropodidae,macropodidae,macropus giganteus
d514604a-6a15-4459-850e-866bb9c71971,sequenceID:b3597579-4182-40b6-b070-186857f9ab2b,b3597579-4182-40b6-b070-186857f9ab2b,b3597579-4182-40b6-b070-186857f9ab2b,8dcf470a-299d-42c7-a92d-42b832d93ff5,unclassified,Unclassified,0.97,addaxai VIC,Macropodidae,macropodidae,unclassified
98eba5df-dc94-40b1-9a72-449a16897b53,sequenceID:7c00a358-2472-4e81-a090-b841e462017e,7c00a358-2472-4e81-a090-b841e462017e,7c00a358-2472-4e81-a090-b841e462017e,8dcf470a-299d-42c7-a92d-42b832d93ff5,animal,Macropus giganteus,0.94,addaxai VIC,Macropodidae,macropodidae,macropus giganteus
48c23fa5-a828-4959-8af9-cf2ef3e53814,sequenceID:44f9bf9d-baf8-4d61-93d8-08c437d648e2,44f9bf9d-baf8-4d61-93d8-08c437d648e2,44f9bf9d-baf8-4d61-93d8-08c437d648e2,8dcf470a-299d-42c7-a92d-42b832d93ff5,animal,Macropus giganteus,0.96,addaxai VIC,Macropodidae,macropodidae,macropus giganteus
6b2c38b6-1a02-4d00-890e-c480b0b71bcd,sequenceID:22d457a8-0c3a-45c6-86a6-ad9676a65fc7,22d457a8-0c3a-45c6-86a6-ad9676a65fc7,22d457a8-0c3a-45c6-86a6-ad9676a65fc7,8dcf470a-299d-42c7-a92d-42b832d93ff5,animal,Macropus giganteus,0.7,addaxai VIC,Macropodidae,macropodidae,macropus giganteus
b5ecdf29-168a-4749-aaaa-5739127641b2,sequenceID:dc9dafdd-eadc-4b45-be68-61288800f9c8,dc9dafdd-eadc-4b45-be68-61288800f9c8,dc9dafdd-eadc-4b45-be68-61288800f9c8,8dcf470a-299d-42c7-a92d-42b832d93ff5,animal,Macropus giganteus,0.69,addaxai VIC,Macropodidae,macropodidae,macropus giganteus
5c35d230-79f2-4a66-890d-bbf6dfcb2b4e,sequenceID:c3a4045f-367e-4239-a613-a3f6a689388c,c3a4045f-367e-4239-a613-a3f6a689388c,c3a4045f-367e-4239-a613-a3f6a689388c,8dcf470a-299d-42c7-a92d-42b832d93ff5,animal,Macropus fuliginosus,0.92,addaxai VIC,Macropodidae,macropodidae,macropus fuliginosus
c35a2258-944c-46ff-ab40-98115ab0b7d6,sequenceID:4efc89c7-1ad4-4333-8ade-2ba44cb8b429,4efc89c7-1ad4-4333-8ade-2ba44cb8b429,4efc89c7-1ad4-4333-8ade-2ba44cb8b429,8dcf470a-299d-42c7-a92d-42b832d93ff5,animal,Mammalia,0.67,addaxai VIC,Macropodidae,macropodidae,mammalia
aeef1131-3e3d-424b-948d-b648ac332823,sequenceID:b40448c8-0ca6-452f-9e89-0a5395d0b9fd,b40448c8-0ca6-452f-9e89-0a5395d0b9fd,b40448c8-0ca6-452f-9e89-0a5395d0b9fd,8dcf470a-299d-42c7-a92d-42b832d93ff5,animal,Macropus giganteus,0.89,addaxai VIC,Macropodidae,macropodidae,macropus giganteus
2235956f-64f5-4380-9307-6d7d2017e323,sequenceID:bb863d9b-6ff8-4015-a9a5-af1a0fb9b7ca,bb863d9b-6ff8-4015-a9a5-af1a0fb9b7ca,bb863d9b-6ff8-4015-a9a5-af1a0fb9b7ca,8dcf470a-299d-42c7-a92d-42b832d93ff5,animal,Macropus giganteus,0.7,addaxai VIC,Macropodidae,macropodidae,macropus giganteus
afe4e1ff-f24f-46ae-a128-cf34c8bee4f0,sequenceID:b81e2e36-1bb9-4baa-a02e-76e2c5cc2a4e,b81e2e36-1bb9-4baa-a02e-76e2c5cc2a4e,b81e2e36-1bb9-4baa-a02e-76e2c5cc2a4e,8dcf470a-299d-42c7-a92d-42b832d93ff5,animal,Macropus dorsalis,0.72,addaxai VIC,Macropodidae,macropodidae,macropus dorsalis
b17c8e7d-7814-467a-bed6-7899799661f9,sequenceID:34bd308f-bc2c-4f5d-95b1-b24e19c8dadf,34bd308f-bc2c-4f5d-95b1-b24e19c8dadf,34bd308f-bc2c-4f5d-95b1-b24e19c8dadf,8dcf470a-299d-42c7-a92d-42b832d93ff5,animal,Macropus giganteus,0.79,addaxai VIC,Macropodidae,macropodidae,macropus giganteus
e876ce17-59d6-4481-837a-4c723c633f3b,sequenceID:2dc035f0-2702-4e62-a671-f975ac2907c0,2dc035f0-2702-4e62-a671-f975ac2907c0,2dc035f0-2702-4e62-a671-f975ac2907c0,8dcf470a-299d-42c7-a92d-42b832d93ff5,unclassified,Unclassified,0.0,,Macropodidae,macropodidae,unclassified
1a35c65b-3a51-49a6-92dd-8745d312589f,sequenceID:1bbafb58-b177-402b-9c10-cb4c25dd928c,1bbafb58-b177-402b-9c10-cb4c25dd928c,1bbafb58-b177-402b-9c10-cb4c25dd928c,8dcf470a-299d-42c7-a92d-42b832d93ff5,animal,Macropus giganteus,0.67,addaxai VIC,Macropodidae,macropodidae,macropus giganteus
45cee77e-549e-46c3-b2f3-5e1b7aed5af4,sequenceID:bf08d18a-2df6-498b-b6c7-1ee152ed4a72,bf08d18a-2df6-498b-b6c7-1ee152ed4a72,bf08d18a-2df6-498b-b6c7-1ee152ed4a72,8dcf470a-299d-42c7-a92d-42b832d93ff5,animal,Macropus dorsalis,0.92,addaxai VIC,Macropodidae,macropodidae,macropus dorsalis
0f999924-956e-4aef-a207-475b785a1a4b,sequenceID:5d70c443-f596-4378-a2cc-79ff4f3ed057,5d70c443-f596-4378-a2cc-79ff4f3ed057,5d70c443-f596-4378-a2cc-79ff4f3ed057,8dcf470a-299d-42c7-a92d-42b832d93ff5,unclassified,Unclassified,0.0,,Macropodidae,macropodidae,unclassified
29dda204-768c-485a-8e39-030297d40ec8,sequenceID:b3e4edb9-4f1c-432b-a02a-61195e34cef9,b3e4edb9-4f1c-432b-a02a-61195e34cef9,b3e4edb9-4f1c-432b-a02a-61195e34cef9,8dcf470a-299d-42c7-a92d-42b832d93ff5,animal,Mammalia,0.91,addaxai VIC,Macropodidae,macropodidae,mammalia
29dda204-768c-485a-8e39-030297d40ec8,sequenceID:b3e4edb9-4f1c-432b-a02a-61195e34cef9,b3e4edb9-4f1c-432b-a02a-61195e34cef9,b3e4edb9-4f1c-432b-a02a-61195e34cef9,8dcf470a-299d-42c7-a92d-42b832d93ff5,animal,Charadriiformes,0.86,addaxai VIC,Macropodidae,macropodidae,charadriiformes
29dda204-768c-485a-8e39-030297d40ec8,sequenceID:b3e4edb9-4f1c-432b-a02a-61195e34cef9,b3e4edb9-4f1c-432b-a02a-61195e34cef9,b3e4edb9-4f1c-432b-a02a-61195e34cef9,8dcf470a-299d-42c7-a92d-42b832d93ff5,unclassified,Unclassified,0.93,addaxai VIC,Macropodidae,macropodidae,unclassified
13a1ac6d-00e3-4a87-8e6d-4a13314b0079,sequenceID:a7f6ab02-fd92-4a7a-848d-f3f53f24be9f,a7f6ab02-fd92-4a7a-848d-f3f53f24be9f,a7f6ab02-fd92-4a7a-848d-f3f53f24be9f,8dcf470a-299d-42c7-a92d-42b832d93ff5,animal,Macropus dorsalis,0.67,addaxai VIC,Macropodidae,macropodidae,macropus dorsalis
13a1ac6d-00e3-4a87-8e6d-4a13314b0079,sequenceID:a7f6ab02-fd92-4a7a-848d-f3f53f24be9f,a7f6ab02-fd92-4a7a-848d-f3f53f24be9f,a7f6ab02-fd92-4a7a-848d-f3f53f24be9f,8dcf470a-299d-42c7-a92d-42b832d93ff5,animal,Cervus elaphus,0.89,addaxai VIC,Macropodidae,macropodidae,cervus elaphus
02abdc5c-b21d-4e6b-a1af-f0bf22fb85b7,sequenceID:54ac7d7c-a08f-4e3f-853c-ea341cb145b1,54ac7d7c-a08f-4e3f-853c-ea341cb145b1,54ac7d7c-a08f-4e3f-853c-ea341cb145b1,8dcf470a-299d-42c7-a92d-42b832d93ff5,animal,Macropus giganteus,0.89,addaxai VIC,Macropodidae,macropodidae,macropus giganteus
387d9a4e-1c85-43e7-b2e7-eb74ffffb6f4,sequenceID:43f83daa-1d56-4f46-ae77-b4390df8034c,43f83daa-1d56-4f46-ae77-b4390df8034c,43f83daa-1d56-4f46-ae77-b4390df8034c,8dcf470a-299d-42c7-a92d-42b832d93ff5,animal,Macropus dorsalis,0.83,addaxai VIC,Macropodidae,macropodidae,macropus dorsalis
387d9a4e-1c85-43e7-b2e7-eb74ffffb6f4,sequenceID:43f83daa-1d56-4f46-ae77-b4390df8034c,43f83daa-1d56-4f46-ae77-b4390df8034c,43f83daa-1d56-4f46-ae77-b4390df8034c,8dcf470a-299d-42c7-a92d-42b832d93ff5,unclassified,Unclassified,0.7,addaxai VIC,Macropodidae,macropodidae,unclassified
aea45a8b-93a9-4b53-90dc-26b778224a02,sequenceID:3cd94cea-629d-492a-a14d-c23559739749,3cd94cea-629d-492a-a14d-c23559739749,3cd94cea-629d-492a-a14d-c23559739749,8dcf470a-299d-42c7-a92d-42b832d93ff5,unclassified,Unclassified,0.0,,Macropodidae,macropodidae,unclassified
5fe9246d-6096-452d-b042-bffb39a93e04,sequenceID:b0027f8a-6d65-404e-98e7-13afb4d5e49f,b0027f8a-6d65-404e-98e7-13afb4d5e49f,b0027f8a-6d65-404e-98e7-13afb4d5e49f,8dcf470a-299d-42c7-a92d-42b832d93ff5,animal,Macropus fuliginosus,0.97,addaxai VIC,Macropodidae,macropodidae,macropus fuliginosus
1e252f4c-fe24-4133-90e8-9be3a2747a61,sequenceID:559dbe6d-e720-4636-aa52-1fc2e09736a1,559dbe6d-e720-4636-aa52-1fc2e09736a1,559dbe6d-e720-4636-aa52-1fc2e09736a1,8dcf470a-299d-42c7-a92d-42b832d93ff5,animal,Macropus fuliginosus,0.75,addaxai VIC,Macropodidae,macropodidae,macropus fuliginosus
1bf5890e-954a-4787-af24-11867dfc4f93,sequenceID:19a8163f-5dd3-4678-958b-2b5d198d9dc9,19a8163f-5dd3-4678-958b-2b5d198d9dc9,19a8163f-5dd3-4678-958b-2b5d198d9dc9,8dcf470a-299d-42c7-a92d-42b832d93ff5,animal,Macropus fuliginosus,0.88,addaxai VIC,Macropodidae,macropodidae,macropus fuliginosus
1bf5890e-954a-4787-af24-11867dfc4f93,sequenceID:19a8163f-5dd3-4678-958b-2b5d198d9dc9,19a8163f-5dd3-4678-958b-2b5d198d9dc9,19a8163f-5dd3-4678-958b-2b5d198d9dc9,8dcf470a-299d-42c7-a92d-42b832d93ff5,animal,Mammalia,0.75,addaxai VIC,Macropodidae,macropodidae,mammalia
1bf5890e-954a-4787-af24-11867dfc4f93,sequenceID:19a8163f-5dd3-4678-958b-2b5d198d9dc9,19a8163f-5dd3-4678-958b-2b5d198d9dc9,19a8163f-5dd3-4678-958b-2b5d198d9dc9,8dcf470a-299d-42c7-a92d-42b832d93ff5,animal,Macropus dorsalis,0.69,addaxai VIC,Macropodidae,macropodidae,macropus dorsalis
d1704979-d495-47a1-80dd-9db53dcc75a6,sequenceID:2d631a22-ecbb-4d25-ba02-83e648c87023,2d631a22-ecbb-4d25-ba02-83e648c87023,2d631a22-ecbb-4d25-ba02-83e648c87023,8dcf470a-299d-42c7-a92d-42b832d93ff5,animal,Mammalia,0.83,addaxai VIC,Macropodidae,macropodidae,mammalia
6f4b986f-16e1-4255-9f79-b3619f1ee409,sequenceID:c31bf234-1f6a-4c23-ba18-a7032634d987,c31bf234-1f6a-4c23-ba18-a7032634d987,c31bf234-1f6a-4c23-ba18-a7032634d987,8dcf470a-299d-42c7-a92d-42b832d93ff5,animal,Macropus fuliginosus,0.97,addaxai VIC,Macropodidae,macropodidae,macropus fuliginosus
26ac219a-a7de-4ff0-8df1-4d0a2f599729,sequenceID:5c32eb84-42b5-440d-95ce-3a4bcd5f5afb,5c32eb84-42b5-440d-95ce-3a4bcd5f5afb,5c32eb84-42b5-440d-95ce-3a4bcd5f5afb,8dcf470a-299d-42c7-a92d-42b832d93ff5,unclassified,Unclassified,0.0,,Macropodidae,macropodidae,unclassified
2b1dde60-5ec9-440b-a550-422b41b791ac,sequenceID:047f3252-5f31-4d5a-84db-b07f45f5e71a,047f3252-5f31-4d5a-84db-b07f45f5e71a,047f3252-5f31-4d5a-84db-b07f45f5e71a,8dcf470a-299d-42c7-a92d-42b832d93ff5,animal,Mammalia,0.73,addaxai VIC,Macropodidae,macropodidae,mammalia
2b1dde60-5ec9-440b-a550-422b41b791ac,sequenceID:047f3252-5f31-4d5a-84db-b07f45f5e71a,047f3252-5f31-4d5a-84db-b07f45f5e71a,047f3252-5f31-4d5a-84db-b07f45f5e71a,8dcf470a-299d-42c7-a92d-42b832d93ff5,unclassified,Unclassified,0.97,addaxai VIC,Macropodidae,macropodidae,unclassified
bcf5aac8-f178-4451-a22e-acd54768c4c2,sequenceID:a1c81ec9-1c60-4d51-a0c1-a9d6d952e357,a1c81ec9-1c60-4d51-a0c1-a9d6d952e357,a1c81ec9-1c60-4d51-a0c1-a9d6d952e357,8dcf470a-299d-42c7-a92d-42b832d93ff5,animal,Macropus giganteus,0.76,addaxai VIC,Macropodidae,macropodidae,macropus giganteus
b9b3a7a4-2a81-471f-9ad9-55149c57e49d,sequenceID:5bdffba4-3df1-4adf-a943-84f53c9c8387,5bdffba4-3df1-4adf-a943-84f53c9c8387,5bdffba4-3df1-4adf-a943-84f53c9c8387,8dcf470a-299d-42c7-a92d-42b832d93ff5,animal,Mammalia,0.8,addaxai VIC,Macropodidae,macropodidae,mammalia
68c7d643-4b79-4aa7-b5ec-0799a9fb6407,sequenceID:b0f40dea-8c86-4c58-b05f-2e12ec7bfaa3,b0f40dea-8c86-4c58-b05f-2e12ec7bfaa3,b0f40dea-8c86-4c58-b05f-2e12ec7bfaa3,8dcf470a-299d-42c7-a92d-42b832d93ff5,unclassified,Unclassified,0.0,,Macropodidae,macropodidae,unclassified
9711a1ad-a733-41fd-a80f-c2fa4c719649,sequenceID:80c24e00-5076-472b-b99b-290a311ee769,80c24e00-5076-472b-b99b-290a311ee769,80c24e00-5076-472b-b99b-290a311ee769,8dcf470a-299d-42c7-a92d-42b832d93ff5,animal,Macropus giganteus,0.88,addaxai VIC,Macropodidae,macropodidae,macropus giganteus
9711a1ad-a733-41fd-a80f-c2fa4c719649,sequenceID:80c24e00-5076-472b-b99b-290a311ee769,80c24e00-5076-472b-b99b-290a311ee769,80c24e00-5076-472b-b99b-290a311ee769,8dcf470a-299d-42c7-a92d-42b832d93ff5,unclassified,Unclassified,0.69,addaxai VIC,Macropodidae,macropodidae,unclassified
981acbdd-d128-4b5a-adef-5b7c23925027,sequenceID:eeae518b-6dbd-4963-9cf6-39ce156c9469,eeae518b-6dbd-4963-9cf6-39ce156c9469,eeae518b-6dbd-4963-9cf6-39ce156c9469,8dcf470a-299d-42c7-a92d-42b832d93ff5,animal,Macropus giganteus,0.83,addaxai VIC,Macropodidae,macropodidae,macropus giganteus
37e728a8-882e-4801-9519-a7ae3ff0c417,sequenceID:cafbc688-64eb-4fa5-85cb-1ccdb89c91c4,cafbc688-64eb-4fa5-85cb-1ccdb89c91c4,cafbc688-64eb-4fa5-85cb-1ccdb89c91c4,8dcf470a-299d-42c7-a92d-42b832d93ff5,animal,Cervidae,0.65,addaxai VIC,Macropodidae,macropodidae,cervidae
c44b0a8f-4659-482d-b00c-ecc8c9321bfd,sequenceID:b9e70712-f640-4b4c-a592-a088ce39be91,b9e70712-f640-4b4c-a592-a088ce39be91,b9e70712-f640-4b4c-a592-a088ce39be91,8dcf470a-299d-42c7-a92d-42b832d93ff5,unclassified,Unclassified,0.85,addaxai VIC,Macropodidae,macropodidae,unclassified
6c1d3b3f-7eac-4df0-860e-eec217582345,sequenceID:fb08f50c-bf0c-45b0-8548-ad733e00b781,fb08f50c-bf0c-45b0-8548-ad733e00b781,fb08f50c-bf0c-45b0-8548-ad733e00b781,8dcf470a-299d-42c7-a92d-42b832d93ff5,animal,Macropus dorsalis,0.66,addaxai VIC,Macropodidae,macropodidae,macropus dorsalis
d4746c94-1352-4ab1-a353-beca2d9d3511,sequenceID:34190765-8b93-4869-998d-028817d33c55,34190765-8b93-4869-998d-028817d33c55,34190765-8b93-4869-998d-028817d33c55,8dcf470a-299d-42c7-a92d-42b832d93ff5,animal,Macropus fuliginosus,0.73,addaxai VIC,Macropodidae,macropodidae,macropus fuliginosus
86da6e2d-fbbe-4df1-b984-86ae11e25fac,sequenceID:78d6f021-eb9d-48aa-babf-b6d0463204d2,78d6f021-eb9d-48aa-babf-b6d0463204d2,78d6f021-eb9d-48aa-babf-b6d0463204d2,8dcf470a-299d-42c7-a92d-42b832d93ff5,animal,Mammalia,0.72,addaxai VIC,Macropodidae,macropodidae,mammalia
86da6e2d-fbbe-4df1-b984-86ae11e25fac,sequenceID:78d6f021-eb9d-48aa-babf-b6d0463204d2,78d6f021-eb9d-48aa-babf-b6d0463204d2,78d6f021-eb9d-48aa-babf-b6d0463204d2,8dcf470a-299d-42c7-a92d-42b832d93ff5,animal,Macropus fuliginosus,0.9,addaxai VIC,Macropodidae,macropodidae,macropus fuliginosus
222d66ca-19ef-48e5-a7b1-4823dba2d1bb,sequenceID:e4f4afce-2348-48e1-88b4-89c2b24a2d41,e4f4afce-2348-48e1-88b4-89c2b24a2d41,e4f4afce-2348-48e1-88b4-89c2b24a2d41,8dcf470a-299d-42c7-a92d-42b832d93ff5,animal,Macropus giganteus,0.85,addaxai VIC,Macropodidae,macropodidae,macropus giganteus
222d66ca-19ef-48e5-a7b1-4823dba2d1bb,sequenceID:e4f4afce-2348-48e1-88b4-89c2b24a2d41,e4f4afce-2348-48e1-88b4-89c2b24a2d41,e4f4afce-2348-48e1-88b4-89c2b24a2d41,8dcf470a-299d-42c7-a92d-42b832d93ff5,animal,Macropus dorsalis,0.83,addaxai VIC,Macropodidae,macropodidae,macropus dorsalis
206cb431-0eea-4553-8a80-43a0b25f6d8c,sequenceID:37652a24-43a4-4ee7-a049-5e1ad1c16cc7,37652a24-43a4-4ee7-a049-5e1ad1c16cc7,37652a24-43a4-4ee7-a049-5e1ad1c16cc7,8dcf470a-299d-42c7-a92d-42b832d93ff5,unclassified,Unclassified,0.0,,Macropodidae,macropodidae,unclassified
8527931c-570b-4528-a95f-3f1b7f77d1a0,sequenceID:e64b6279-05c7-4b53-a35a-7c2453106155,e64b6279-05c7-4b53-a35a-7c2453106155,e64b6279-05c7-4b53-a35a-7c2453106155,8dcf470a-299d-42c7-a92d-42b832d93ff5,unclassified,Unclassified,0.0,,Macropodidae,macropodidae,unclassified
5e73e1cb-cb6f-4500-bca0-f6b9549e3310,sequenceID:fcbb8e1b-3c08-4c8b-b1bb-4e55d6af52e1,fcbb8e1b-3c08-4c8b-b1bb-4e55d6af52e1,fcbb8e1b-3c08-4c8b-b1bb-4e55d6af52e1,8dcf470a-299d-42c7-a92d-42b832d93ff5,unclassified,Unclassified,0.0,,Macropodidae,macropodidae,unclassified
0315fb6e-2746-4d0d-af37-51a9f6ba8e1b,sequenceID:381314ee-ca33-4986-bc76-a30b12ba203b,381314ee-ca33-4986-bc76-a30b12ba203b,381314ee-ca33-4986-bc76-a30b12ba203b,8dcf470a-299d-42c7-a92d-42b832d93ff5,animal,Equus caballus,0.87,addaxai VIC,Macropodidae,macropodidae,equus caballus
30d99854-fdf0-481a-8f25-164c3bf53b20,sequenceID:0221c186-5aa8-4176-b77a-26b692b91823,0221c186-5aa8-4176-b77a-26b692b91823,0221c186-5aa8-4176-b77a-26b692b91823,8dcf470a-299d-42c7-a92d-42b832d93ff5,animal,Equus caballus,0.75,addaxai VIC,Macropodidae,macropodidae,equus caballus
4c832328-41c2-416f-a5f1-ba3fa92930eb,sequenceID:83f75ce6-d4d1-4cd3-b7c1-0ba9c6809aa2,83f75ce6-d4d1-4cd3-b7c1-0ba9c6809aa2,83f75ce6-d4d1-4cd3-b7c1-0ba9c6809aa2,8dcf470a-299d-42c7-a92d-42b832d93ff5,animal,Macropus giganteus,0.71,addaxai VIC,Macropodidae,macropodidae,macropus giganteus
e1eda33a-ed12-46b6-9a8d-2b55f2e020e6,sequenceID:b9e9e890-ab1d-4307-8500-51c1216df617,b9e9e890-ab1d-4307-8500-51c1216df617,b9e9e890-ab1d-4307-8500-51c1216df617,8dcf470a-299d-42c7-a92d-42b832d93ff5,animal,Macropus dorsalis,0.73,addaxai VIC,Macropodidae,macropodidae,macropus dorsalis
558c357e-4a5e-4eb7-b6f8-ceba50822afe,sequenceID:6409b1f6-555b-4da4-813c-eb3d4486ec25,6409b1f6-555b-4da4-813c-eb3d4486ec25,6409b1f6-555b-4da4-813c-eb3d4486ec25,8dcf470a-299d-42c7-a92d-42b832d93ff5,animal,Macropus giganteus,0.71,addaxai VIC,Macropodidae,macropodidae,macropus giganteus
1e10d7bb-865d-4178-8b13-ea3eb7f4de50,sequenceID:2eae59f1-f645-47e2-bd40-50c6f1921421,2eae59f1-f645-47e2-bd40-50c6f1921421,2eae59f1-f645-47e2-bd40-50c6f1921421,8dcf470a-299d-42c7-a92d-42b832d93ff5,animal,Macropus giganteus,0.72,addaxai VIC,Macropodidae,macropodidae,macropus giganteus
ecbc002d-6571-4ca3-a35d-ae2dc86a3d21,sequenceID:67b79e53-2d5d-4a3a-8fde-cbc6e3e45e56,67b79e53-2d5d-4a3a-8fde-cbc6e3e45e56,67b79e53-2d5d-4a3a-8fde-cbc6e3e45e56,8dcf470a-299d-42c7-a92d-42b832d93ff5,animal,Macropus dorsalis,0.87,addaxai VIC,Macropodidae,macropodidae,macropus dorsalis
c597b6d9-fd7e-4565-b4ed-1113c52ffbbe,sequenceID:8bc6cfc4-ef14-4d29-9b4f-3ca1c46147de,8bc6cfc4-ef14-4d29-9b4f-3ca1c46147de,8bc6cfc4-ef14-4d29-9b4f-3ca1c46147de,8dcf470a-299d-42c7-a92d-42b832d93ff5,animal,Macropus giganteus,0.85,addaxai VIC,Macropodidae,macropodidae,macropus giganteus
16800149-d492-464f-a999-dd80b8bc588f,sequenceID:034a975a-78f0-4016-a05c-e6124d8be146,034a975a-78f0-4016-a05c-e6124d8be146,034a975a-78f0-4016-a05c-e6124d8be146,8dcf470a-299d-42c7-a92d-42b832d93ff5,animal,Mammalia,0.72,addaxai VIC,Macropodidae,macropodidae,mammalia
9532b92e-3c67-45d6-b983-21d1a0b1a3aa,sequenceID:b3a2a3f2-e6cc-43c6-888d-56a5f432215e,b3a2a3f2-e6cc-43c6-888d-56a5f432215e,b3a2a3f2-e6cc-43c6-888d-56a5f432215e,8dcf470a-299d-42c7-a92d-42b832d93ff5,unclassified,Unclassified,0.95,addaxai VIC,Macropodidae,macropodidae,unclassified
9532b92e-3c67-45d6-b983-21d1a0b1a3aa,sequenceID:b3a2a3f2-e6cc-43c6-888d-56a5f432215e,b3a2a3f2-e6cc-43c6-888d-56a5f432215e,b3a2a3f2-e6cc-43c6-888d-56a5f432215e,8dcf470a-299d-42c7-a92d-42b832d93ff5,animal,Cervus elaphus,0.84,addaxai VIC,Macropodidae,macropodidae,cervus elaphus
b013b298-681a-40a5-b77d-af7b18f8ad56,sequenceID:12e65e11-c8f5-43d2-a8b9-852891632df9,12e65e11-c8f5-43d2-a8b9-852891632df9,12e65e11-c8f5-43d2-a8b9-852891632df9,8dcf470a-299d-42c7-a92d-42b832d93ff5,unclassified,Unclassified,0.0,,Macropodidae,macropodidae,unclassified
5bb28649-2189-4e60-aca7-1e50c0db8e27,sequenceID:703300c7-06e2-4ec4-9fad-866abc94c17c,703300c7-06e2-4ec4-9fad-866abc94c17c,703300c7-06e2-4ec4-9fad-866abc94c17c,8dcf470a-299d-42c7-a92d-42b832d93ff5,unclassified,Unclassified,0.66,addaxai VIC,Macropodidae,macropodidae,unclassified
64d8c488-0c5a-485b-a721-8f95f0b7e2b3,sequenceID:c6bf32c8-873c-41f0-a488-66cd98c546d2,c6bf32c8-873c-41f0-a488-66cd98c546d2,c6bf32c8-873c-41f0-a488-66cd98c546d2,8dcf470a-299d-42c7-a92d-42b832d93ff5,animal,Canis lupus dingo,0.72,addaxai VIC,Macropodidae,macropodidae,canis lupus dingo
6ac00759-8329-45b7-a62a-9f4fa2f198c6,sequenceID:7c6351fc-8007-4cfb-97c3-6537f28c315a,7c6351fc-8007-4cfb-97c3-6537f28c315a,7c6351fc-8007-4cfb-97c3-6537f28c315a,8dcf470a-299d-42c7-a92d-42b832d93ff5,unclassified,Unclassified,0.65,addaxai VIC,Macropodidae,macropodidae,unclassified
c9f38be5-2f0f-4ad6-9740-bfd3c92f10a9,sequenceID:8b6dfbf4-bb56-48b0-a705-07f99d7bb92b,8b6dfbf4-bb56-48b0-a705-07f99d7bb92b,8b6dfbf4-bb56-48b0-a705-07f99d7bb92b,8dcf470a-299d-42c7-a92d-42b832d93ff5,animal,Macropus giganteus,0.86,addaxai VIC,Macropodidae,macropodidae,macropus giganteus
f16a18bf-67eb-4cb8-9532-fcc1088d998e,sequenceID:21ceb8d1-fcba-4b5d-af75-10773d611522,21ceb8d1-fcba-4b5d-af75-10773d611522,21ceb8d1-fcba-4b5d-af75-10773d611522,8dcf470a-299d-42c7-a92d-42b832d93ff5,unclassified,Unclassified,0.96,addaxai VIC,Macropodidae,macropodidae,unclassified
f16a18bf-67eb-4cb8-9532-fcc1088d998e,sequenceID:21ceb8d1-fcba-4b5d-af75-10773d611522,21ceb8d1-fcba-4b5d-af75-10773d611522,21ceb8d1-fcba-4b5d-af75-10773d611522,8dcf470a-299d-42c7-a92d-42b832d93ff5,animal,Macropus giganteus,0.72,addaxai VIC,Macropodidae,macropodidae,macropus giganteus
7c812ae1-99d3-4d22-9ba5-ff3a97661b30,sequenceID:2dcdf495-058f-422f-8802-a23ebd51ee36,2dcdf495-058f-422f-8802-a23ebd51ee36,2dcdf495-058f-422f-8802-a23ebd51ee36,8dcf470a-299d-42c7-a92d-42b832d93ff5,animal,Macropus giganteus,0.91,addaxai VIC,Macropodidae,macropodidae,macropus giganteus
b87aa707-b8d1-4cef-8eaf-1f2752688860,sequenceID:7f5c6b3c-8e0f-4fbd-a287-4107586450c5,7f5c6b3c-8e0f-4fbd-a287-4107586450c5,7f5c6b3c-8e0f-4fbd-a287-4107586450c5,8dcf470a-299d-42c7-a92d-42b832d93ff5,unclassified,Unclassified,0.86,addaxai VIC,Macropodidae,macropodidae,unclassified
b87aa707-b8d1-4cef-8eaf-1f2752688860,sequenceID:7f5c6b3c-8e0f-4fbd-a287-4107586450c5,7f5c6b3c-8e0f-4fbd-a287-4107586450c5,7f5c6b3c-8e0f-4fbd-a287-4107586450c5,8dcf470a-299d-42c7-a92d-42b832d93ff5,animal,Macropus giganteus,0.92,addaxai VIC,Macropodidae,macropodidae,macropus giganteus
b87aa707-b8d1-4cef-8eaf-1f2752688860,sequenceID:7f5c6b3c-8e0f-4fbd-a287-4107586450c5,7f5c6b3c-8e0f-4fbd-a287-4107586450c5,7f5c6b3c-8e0f-4fbd-a287-4107586450c5,8dcf470a-299d-42c7-a92d-42b832d93ff5,unclassified,Unclassified,0.79,addaxai VIC,Macropodidae,macropodidae,unclassified
ad00d72e-832c-4c5c-a682-e092ba2e1a05,sequenceID:18352c04-cb9c-412a-8c74-aa16da79007a,18352c04-cb9c-412a-8c74-aa16da79007a,18352c04-cb9c-412a-8c74-aa16da79007a,8dcf470a-299d-42c7-a92d-42b832d93ff5,animal,Macropus giganteus,0.88,addaxai VIC,Macropodidae,macropodidae,macropus giganteus
ad00d72e-832c-4c5c-a682-e092ba2e1a05,sequenceID:18352c04-cb9c-412a-8c74-aa16da79007a,18352c04-cb9c-412a-8c74-aa16da79007a,18352c04-cb9c-412a-8c74-aa16da79007a,8dcf470a-299d-42c7-a92d-42b832d93ff5,animal,Macropus fuliginosus,0.97,addaxai VIC,Macropodidae,macropodidae,macropus fuliginosus
32d1beeb-d528-4c43-b8c6-37f9818ef5ad,sequenceID:fb72a764-9380-4ea0-b239-c4d6e3918aa8,fb72a764-9380-4ea0-b239-c4d6e3918aa8,fb72a764-9380-4ea0-b239-c4d6e3918aa8,8dcf470a-299d-42c7-a92d-42b832d93ff5,animal,Macropus fuliginosus,0.7,addaxai VIC,Macropodidae,macropodidae,macropus fuliginosus
32d1beeb-d528-4c43-b8c6-37f9818ef5ad,sequenceID:fb72a764-9380-4ea0-b239-c4d6e3918aa8,fb72a764-9380-4ea0-b239-c4d6e3918aa8,fb72a764-9380-4ea0-b239-c4d6e3918aa8,8dcf470a-299d-42c7-a92d-42b832d93ff5,animal,Macropus giganteus,0.83,addaxai VIC,Macropodidae,macropodidae,macropus giganteus
efae4780-986e-48e5-8402-73b31a93db22,sequenceID:b3d8cb90-9d8e-48e0-afc6-c7b96e9816bf,b3d8cb90-9d8e-48e0-afc6-c7b96e9816bf,b3d8cb90-9d8e-48e0-afc6-c7b96e9816bf,8dcf470a-299d-42c7-a92d-42b832d93ff5,animal,Macropus dorsalis,0.67,addaxai VIC,Macropodidae,macropodidae,macropus dorsalis
cc97e835-3100-454d-be9d-53ac67929e8d,sequenceID:535e81d9-1d71-4a1f-b176-bc7229621cee,535e81d9-1d71-4a1f-b176-bc7229621cee,535e81d9-1d71-4a1f-b176-bc7229621cee,8dcf470a-299d-42c7-a92d-42b832d93ff5,animal,Macropus dorsalis,0.69,addaxai VIC,Macropodidae,macropodidae,macropus dorsalis
14b98a93-047f-467c-8cbb-927a53e0c1d4,sequenceID:7df07120-9855-49c9-9147-be82898866e8,7df07120-9855-49c9-9147-be82898866e8,7df07120-9855-49c9-9147-be82898866e8,8dcf470a-299d-42c7-a92d-42b832d93ff5,unclassified,Unclassified,0.74,addaxai VIC,Macropodidae,macropodidae,unclassified
96ce486c-70f6-4f8b-9fb3-0fb2fde34a0a,sequenceID:ed76146d-ccf9-4a88-b2ca-6b67efb0af03,ed76146d-ccf9-4a88-b2ca-6b67efb0af03,ed76146d-ccf9-4a88-b2ca-6b67efb0af03,8dcf470a-299d-42c7-a92d-42b832d93ff5,animal,Macropus dorsalis,0.76,addaxai VIC,Macropodidae,macropodidae,macropus dorsalis
abdfea66-4fa7-4d8d-a9a7-c42a1b235ef3,sequenceID:a5efb471-067a-4be5-8b8c-8625399d3a47,a5efb471-067a-4be5-8b8c-8625399d3a47,a5efb471-067a-4be5-8b8c-8625399d3a47,8dcf470a-299d-42c7-a92d-42b832d93ff5,animal,Macropus dorsalis,0.73,addaxai VIC,Macropodidae,macropodidae,macropus dorsalis
37aefda7-50a3-499f-9d36-1adbb4219e56,sequenceID:6ad8937e-436d-467e-8dca-99ff3bdca020,6ad8937e-436d-467e-8dca-99ff3bdca020,6ad8937e-436d-467e-8dca-99ff3bdca020,8dcf470a-299d-42c7-a92d-42b832d93ff5,animal,Macropus giganteus,0.86,addaxai VIC,Macropodidae,macropodidae,macropus giganteus
79941134-e9c5-4541-bc8e-6b566f861d91,sequenceID:65274a47-70b6-4317-9fab-db8b85a058f2,65274a47-70b6-4317-9fab-db8b85a058f2,65274a47-70b6-4317-9fab-db8b85a058f2,8dcf470a-299d-42c7-a92d-42b832d93ff5,animal,Macropus dorsalis,0.83,addaxai VIC,Macropodidae,macropodidae,macropus dorsalis
504e81bb-625a-4f2c-a101-4544b6d00351,sequenceID:19f93555-b194-4465-95ef-b741add1db29,19f93555-b194-4465-95ef-b741add1db29,19f93555-b194-4465-95ef-b741add1db29,8dcf470a-299d-42c7-a92d-42b832d93ff5,unclassified,Unclassified,0.0,,Macropodidae,macropodidae,unclassified
069b60d4-4516-46cc-ac46-01777fe4c0ea,sequenceID:4aa76525-dc4e-4f7e-ae44-32fa87aeaef9,4aa76525-dc4e-4f7e-ae44-32fa87aeaef9,4aa76525-dc4e-4f7e-ae44-32fa87aeaef9,8dcf470a-299d-42c7-a92d-42b832d93ff5,animal,Macropus fuliginosus,0.7,addaxai VIC,Macropodidae,macropodidae,macropus fuliginosus
069b60d4-4516-46cc-ac46-01777fe4c0ea,sequenceID:4aa76525-dc4e-4f7e-ae44-32fa87aeaef9,4aa76525-dc4e-4f7e-ae44-32fa87aeaef9,4aa76525-dc4e-4f7e-ae44-32fa87aeaef9,8dcf470a-299d-42c7-a92d-42b832d93ff5,animal,Macropus dorsalis,0.73,addaxai VIC,Macropodidae,macropodidae,macropus dorsalis
b26c0f57-ac4b-4a85-94a9-7fa7ae44e520,sequenceID:c4bd5a4c-8c0d-484c-bbb8-434b1f03152b,c4bd5a4c-8c0d-484c-bbb8-434b1f03152b,c4bd5a4c-8c0d-484c-bbb8-434b1f03152b,8dcf470a-299d-42c7-a92d-42b832d93ff5,animal,Osphranter rufus,0.76,addaxai VIC,Macropodidae,macropodidae,osphranter rufus
3831c254-c690-4784-bcad-ee9f6a43692a,sequenceID:3390da3c-ec30-4136-ac77-68c1a3471b92,3390da3c-ec30-4136-ac77-68c1a3471b92,3390da3c-ec30-4136-ac77-68c1a3471b92,8dcf470a-299d-42c7-a92d-42b832d93ff5,animal,Osphranter rufus,0.71,addaxai VIC,Macropodidae,macropodidae,osphranter rufus
004d3acd-56e8-4188-bf84-3d77064f8197,sequenceID:aeab3837-439c-4d5c-bb73-891e453fc6d4,aeab3837-439c-4d5c-bb73-891e453fc6d4,aeab3837-439c-4d5c-bb73-891e453fc6d4,8dcf470a-299d-42c7-a92d-42b832d93ff5,animal,Charadriiformes,0.75,addaxai VIC,Macropodidae,macropodidae,charadriiformes
004d3acd-56e8-4188-bf84-3d77064f8197,sequenceID:aeab3837-439c-4d5c-bb73-891e453fc6d4,aeab3837-439c-4d5c-bb73-891e453fc6d4,aeab3837-439c-4d5c-bb73-891e453fc6d4,8dcf470a-299d-42c7-a92d-42b832d93ff5,unclassified,Unclassified,0.93,addaxai VIC,Macropodidae,macropodidae,unclassified
004d3acd-56e8-4188-bf84-3d77064f8197,sequenceID:aeab3837-439c-4d5c-bb73-891e453fc6d4,aeab3837-439c-4d5c-bb73-891e453fc6d4,aeab3837-439c-4d5c-bb73-891e453fc6d4,8dcf470a-299d-42c7-a92d-42b832d93ff5,animal,Osphranter rufus,0.9,addaxai VIC,Macropodidae,macropodidae,osphranter rufus
004d3acd-56e8-4188-bf84-3d77064f8197,sequenceID:aeab3837-439c-4d5c-bb73-891e453fc6d4,aeab3837-439c-4d5c-bb73-891e453fc6d4,aeab3837-439c-4d5c-bb73-891e453fc6d4,8dcf470a-299d-42c7-a92d-42b832d93ff5,unclassified,Unclassified,0.77,addaxai VIC,Macropodidae,macropodidae,unclassified
df947e14-62d3-4de9-96a7-ff3d6b53c3d6,sequenceID:3af42b84-c7e7-4c68-a09d-2891478f08f3,3af42b84-c7e7-4c68-a09d-2891478f08f3,3af42b84-c7e7-4c68-a09d-2891478f08f3,8dcf470a-299d-42c7-a92d-42b832d93ff5,unclassified,Unclassified,0.91,addaxai VIC,Macropodidae,macropodidae,unclassified
df947e14-62d3-4de9-96a7-ff3d6b53c3d6,sequenceID:3af42b84-c7e7-4c68-a09d-2891478f08f3,3af42b84-c7e7-4c68-a09d-2891478f08f3,3af42b84-c7e7-4c68-a09d-2891478f08f3,8dcf470a-299d-42c7-a92d-42b832d93ff5,animal,Osphranter rufus,0.84,addaxai VIC,Macropodidae,macropodidae,osphranter rufus
f7e8d743-98fc-47a9-a8d9-b68427916ee5,sequenceID:810fb86c-e12c-448e-bbf4-5ab7a6d892c7,810fb86c-e12c-448e-bbf4-5ab7a6d892c7,810fb86c-e12c-448e-bbf4-5ab7a6d892c7,8dcf470a-299d-42c7-a92d-42b832d93ff5,animal,Osphranter rufus,0.87,addaxai VIC,Macropodidae,macropodidae,osphranter rufus
f7e8d743-98fc-47a9-a8d9-b68427916ee5,sequenceID:810fb86c-e12c-448e-bbf4-5ab7a6d892c7,810fb86c-e12c-448e-bbf4-5ab7a6d892c7,810fb86c-e12c-448e-bbf4-5ab7a6d892c7,8dcf470a-299d-42c7-a92d-42b832d93ff5,unclassified,Unclassified,0.93,addaxai VIC,Macropodidae,macropodidae,unclassified
2d8cf95e-15d6-40b2-962f-c518d2e24f1e,sequenceID:ba44adb1-f862-49c2-8368-9cfd28e92fd8,ba44adb1-f862-49c2-8368-9cfd28e92fd8,ba44adb1-f862-49c2-8368-9cfd28e92fd8,8dcf470a-299d-42c7-a92d-42b832d93ff5,unclassified,Unclassified,0.78,addaxai VIC,Macropodidae,macropodidae,unclassified
eb5aac02-f28c-480a-9206-bcb0addbb0ce,sequenceID:11fb12c2-21db-40e8-9d51-53910ad93605,11fb12c2-21db-40e8-9d51-53910ad93605,11fb12c2-21db-40e8-9d51-53910ad93605,8dcf470a-299d-42c7-a92d-42b832d93ff5,unclassified,Unclassified,0.82,addaxai VIC,Macropodidae,macropodidae,unclassified
5376a558-feec-4a4a-93e0-257bc8271d3a,sequenceID:810f652b-27d2-461a-b0b4-657781224786,810f652b-27d2-461a-b0b4-657781224786,810f652b-27d2-461a-b0b4-657781224786,8dcf470a-299d-42c7-a92d-42b832d93ff5,unclassified,Unclassified,0.0,,Macropodidae,macropodidae,unclassified
8e541fbf-5532-44f3-a85b-b3f8643c4c52,sequenceID:c432b0b1-4687-4128-a980-aeb9ac0069aa,c432b0b1-4687-4128-a980-aeb9ac0069aa,c432b0b1-4687-4128-a980-aeb9ac0069aa,8dcf470a-299d-42c7-a92d-42b832d93ff5,animal,Macropus dorsalis,0.77,addaxai VIC,Macropodidae,macropodidae,macropus dorsalis
3f56416f-ff44-4ebd-9af9-f0c2a1b8f35e,sequenceID:ec76e11c-7338-4092-9db7-87fc0564e470,ec76e11c-7338-4092-9db7-87fc0564e470,ec76e11c-7338-4092-9db7-87fc0564e470,8dcf470a-299d-42c7-a92d-42b832d93ff5,animal,Macropus giganteus,0.86,addaxai VIC,Macropodidae,macropodidae,macropus giganteus
944610ff-a4fd-44d7-86b5-d6a0abefe4d3,sequenceID:038a64ca-f73a-4998-af2f-1119fcbad956,038a64ca-f73a-4998-af2f-1119fcbad956,038a64ca-f73a-4998-af2f-1119fcbad956,8dcf470a-299d-42c7-a92d-42b832d93ff5,animal,Macropus giganteus,0.71,addaxai VIC,Macropodidae,macropodidae,macropus giganteus
e95127b2-f705-429a-b726-e4cb43f74f7a,sequenceID:a10a9133-0277-40d7-bfb1-c760d3f297a1,a10a9133-0277-40d7-bfb1-c760d3f297a1,a10a9133-0277-40d7-bfb1-c760d3f297a1,8dcf470a-299d-42c7-a92d-42b832d93ff5,animal,Wallabia bicolor,0.83,addaxai VIC,Macropodidae,macropodidae,wallabia bicolor
9e65b3be-4c2e-46d5-8d56-5f8876dfe8ac,sequenceID:0bc3a07c-bac8-4573-ad71-48479d642c9a,0bc3a07c-bac8-4573-ad71-48479d642c9a,0bc3a07c-bac8-4573-ad71-48479d642c9a,8dcf470a-299d-42c7-a92d-42b832d93ff5,animal,Ovis aries,0.78,addaxai VIC,Macropodidae,macropodidae,ovis aries
8c3e7448-c7ef-4288-bc8f-8941436a8ee7,sequenceID:57fdb24d-6962-4195-ad8f-5bb766ed90a2,57fdb24d-6962-4195-ad8f-5bb766ed90a2,57fdb24d-6962-4195-ad8f-5bb766ed90a2,8dcf470a-299d-42c7-a92d-42b832d93ff5,unclassified,Unclassified,0.0,,Macropodidae,macropodidae,unclassified
526d1a23-263f-4a7a-8404-d4625bc12db6,sequenceID:3c5d3d26-ae2f-4270-8ee1-892c0cf82742,3c5d3d26-ae2f-4270-8ee1-892c0cf82742,3c5d3d26-ae2f-4270-8ee1-892c0cf82742,8dcf470a-299d-42c7-a92d-42b832d93ff5,animal,Macropus dorsalis,0.89,addaxai VIC,Macropodidae,macropodidae,macropus dorsalis
d774200b-76a1-40aa-9008-f6c623f6e715,sequenceID:6f39c9bf-d6c8-4fa8-a812-973e78c7a532,6f39c9bf-d6c8-4fa8-a812-973e78c7a532,6f39c9bf-d6c8-4fa8-a812-973e78c7a532,8dcf470a-299d-42c7-a92d-42b832d93ff5,animal,Macropus dorsalis,0.75,addaxai VIC,Macropodidae,macropodidae,macropus dorsalis
26558302-0c2f-4228-b1cb-98287c3d6a9a,sequenceID:ae2d5449-9a0c-43e5-aecf-ebed0bab6cde,ae2d5449-9a0c-43e5-aecf-ebed0bab6cde,ae2d5449-9a0c-43e5-aecf-ebed0bab6cde,8dcf470a-299d-42c7-a92d-42b832d93ff5,animal,Mammalia,0.85,addaxai VIC,Macropodidae,macropodidae,mammalia
66bdf0ee-a96a-4866-9e29-465e3685aaa6,sequenceID:03c6f3c7-a33c-4f38-8002-064c9f45148b,03c6f3c7-a33c-4f38-8002-064c9f45148b,03c6f3c7-a33c-4f38-8002-064c9f45148b,8dcf470a-299d-42c7-a92d-42b832d93ff5,animal,Macropus dorsalis,0.84,addaxai VIC,Macropodidae,macropodidae,macropus dorsalis
12579017-504e-4efa-8e40-380dec19322e,sequenceID:a06b14e8-ee39-4b15-8fec-65d4d4097105,a06b14e8-ee39-4b15-8fec-65d4d4097105,a06b14e8-ee39-4b15-8fec-65d4d4097105,8dcf470a-299d-42c7-a92d-42b832d93ff5,animal,Macropus dorsalis,0.79,addaxai VIC,Macropodidae,macropodidae,macropus dorsalis
becd98f4-3ccc-4f0d-a027-a5e6ab6dd4cb,sequenceID:b00504a0-ca1b-4c9a-9288-d95e3aa27d1f,b00504a0-ca1b-4c9a-9288-d95e3aa27d1f,b00504a0-ca1b-4c9a-9288-d95e3aa27d1f,8dcf470a-299d-42c7-a92d-42b832d93ff5,unclassified,Unclassified,0.7,addaxai VIC,Macropodidae,macropodidae,unclassified
dbc81654-3583-4bde-9d95-dff89447de2f,sequenceID:bb1d6a34-cbde-490b-9570-5c8fd4b14c0a,bb1d6a34-cbde-490b-9570-5c8fd4b14c0a,bb1d6a34-cbde-490b-9570-5c8fd4b14c0a,8dcf470a-299d-42c7-a92d-42b832d93ff5,animal,Macropus dorsalis,0.66,addaxai VIC,Macropodidae,macropodidae,macropus dorsalis
414e160a-0582-44b6-9ffa-6dc30cacc72c,sequenceID:5a2eb9c2-8911-466b-abc1-068301fa93d3,5a2eb9c2-8911-466b-abc1-068301fa93d3,5a2eb9c2-8911-466b-abc1-068301fa93d3,8dcf470a-299d-42c7-a92d-42b832d93ff5,unclassified,Unclassified,0.88,addaxai VIC,Macropodidae,macropodidae,unclassified
e6ad6e58-e666-4ef2-91ae-00fceb399158,sequenceID:fd9c102e-a10c-40aa-8597-bde625ae1b95,fd9c102e-a10c-40aa-8597-bde625ae1b95,fd9c102e-a10c-40aa-8597-bde625ae1b95,8dcf470a-299d-42c7-a92d-42b832d93ff5,animal,Macropus fuliginosus,0.76,addaxai VIC,Macropodidae,macropodidae,macropus fuliginosus
2aa56bcd-381b-4627-9d08-9b45257b2f98,sequenceID:9c7ca7f0-c4a1-4f11-873d-42ca5c026443,9c7ca7f0-c4a1-4f11-873d-42ca5c026443,9c7ca7f0-c4a1-4f11-873d-42ca5c026443,8dcf470a-299d-42c7-a92d-42b832d93ff5,animal,Macropus fuliginosus,0.88,addaxai VIC,Macropodidae,macropodidae,macropus fuliginosus
69eac0ed-a189-4f11-9966-47ec2da33339,sequenceID:f639b758-85e1-4880-aaf4-c1c4aba9de9f,f639b758-85e1-4880-aaf4-c1c4aba9de9f,f639b758-85e1-4880-aaf4-c1c4aba9de9f,8dcf470a-299d-42c7-a92d-42b832d93ff5,unclassified,Unclassified,0.7,addaxai VIC,Macropodidae,macropodidae,unclassified
4ae7c8bb-8a63-434e-87d4-41de9aa8b046,sequenceID:6ebd30c4-7a15-4a7c-abb5-39f808b90ecc,6ebd30c4-7a15-4a7c-abb5-39f808b90ecc,6ebd30c4-7a15-4a7c-abb5-39f808b90ecc,8dcf470a-299d-42c7-a92d-42b832d93ff5,animal,Macropus dorsalis,0.79,addaxai VIC,Macropodidae,macropodidae,macropus dorsalis
64a5d440-bf70-4cd0-93be-ed5975a49a64,sequenceID:e259b6b4-a938-4116-b6bd-95f816808d11,e259b6b4-a938-4116-b6bd-95f816808d11,e259b6b4-a938-4116-b6bd-95f816808d11,8dcf470a-299d-42c7-a92d-42b832d93ff5,unclassified,Unclassified,0.66,addaxai VIC,Macropodidae,macropodidae,unclassified
cb0caeb8-008a-4273-9f47-28bbbe2bcb8c,sequenceID:41992da3-d64e-49b6-ad8c-103badb24398,41992da3-d64e-49b6-ad8c-103badb24398,41992da3-d64e-49b6-ad8c-103badb24398,8dcf470a-299d-42c7-a92d-42b832d93ff5,animal,Mammalia,0.72,addaxai VIC,Macropodidae,macropodidae,mammalia
d1857758-8efa-4811-8083-e6053b6fa5c4,sequenceID:38408a13-6673-4671-bd14-b64b76209e3c,38408a13-6673-4671-bd14-b64b76209e3c,38408a13-6673-4671-bd14-b64b76209e3c,8dcf470a-299d-42c7-a92d-42b832d93ff5,animal,Macropus dorsalis,0.66,addaxai VIC,Macropodidae,macropodidae,macropus dorsalis
18f09b15-ec60-49ff-9f75-59d5809327a4,sequenceID:70d52b9e-1862-49dd-9a25-90ae5145d79d,70d52b9e-1862-49dd-9a25-90ae5145d79d,70d52b9e-1862-49dd-9a25-90ae5145d79d,8dcf470a-299d-42c7-a92d-42b832d93ff5,unclassified,Unclassified,0.8,addaxai VIC,Macropodidae,macropodidae,unclassified
417068c1-1f75-4518-b441-d071097eeefd,sequenceID:64bc7e90-b6a2-4e31-8b99-a31b42bc07f3,64bc7e90-b6a2-4e31-8b99-a31b42bc07f3,64bc7e90-b6a2-4e31-8b99-a31b42bc07f3,8dcf470a-299d-42c7-a92d-42b832d93ff5,animal,Macropus fuliginosus,0.72,addaxai VIC,Macropodidae,macropodidae,macropus fuliginosus
9e3d8a00-3742-4b3a-8bd8-288603aac684,sequenceID:a76efb1c-3680-4e0b-8b28-76dec50fdc31,a76efb1c-3680-4e0b-8b28-76dec50fdc31,a76efb1c-3680-4e0b-8b28-76dec50fdc31,8dcf470a-299d-42c7-a92d-42b832d93ff5,human,Homo sapiens,0.57,addaxai VIC,Macropodidae,macropodidae,homo sapiens
9e3d8a00-3742-4b3a-8bd8-288603aac684,sequenceID:a76efb1c-3680-4e0b-8b28-76dec50fdc31,a76efb1c-3680-4e0b-8b28-76dec50fdc31,a76efb1c-3680-4e0b-8b28-76dec50fdc31,8dcf470a-299d-42c7-a92d-42b832d93ff5,unclassified,Unclassified,0.89,addaxai VIC,Macropodidae,macropodidae,unclassified
d13f221f-88e1-48ab-9d2f-06947dd038db,sequenceID:8b2c5162-a0b3-415c-a957-34acf5868423,8b2c5162-a0b3-415c-a957-34acf5868423,8b2c5162-a0b3-415c-a957-34acf5868423,8dcf470a-299d-42c7-a92d-42b832d93ff5,animal,Macropus fuliginosus,0.82,addaxai VIC,Macropodidae,macropodidae,macropus fuliginosus
54d3cb47-bc30-4969-9b87-02d5bb924f35,sequenceID:83905625-bdb5-42cb-b122-739f59d4159a,83905625-bdb5-42cb-b122-739f59d4159a,83905625-bdb5-42cb-b122-739f59d4159a,8dcf470a-299d-42c7-a92d-42b832d93ff5,unclassified,Unclassified,0.65,addaxai VIC,Macropodidae,macropodidae,unclassified
0f1466eb-08b7-48d3-b003-36544af8d359,sequenceID:da2f6ac8-559e-4306-a076-87e3910925f1,da2f6ac8-559e-4306-a076-87e3910925f1,da2f6ac8-559e-4306-a076-87e3910925f1,8dcf470a-299d-42c7-a92d-42b832d93ff5,animal,Macropus dorsalis,0.88,addaxai VIC,Macropodidae,macropodidae,macropus dorsalis
0f1466eb-08b7-48d3-b003-36544af8d359,sequenceID:da2f6ac8-559e-4306-a076-87e3910925f1,da2f6ac8-559e-4306-a076-87e3910925f1,da2f6ac8-559e-4306-a076-87e3910925f1,8dcf470a-299d-42c7-a92d-42b832d93ff5,animal,Macropus fuliginosus,0.74,addaxai VIC,Macropodidae,macropodidae,macropus fuliginosus
e2088a50-923f-4f39-8ce3-f21437cf0337,sequenceID:0a17b2e2-3cea-4654-95e6-33e915b487cf,0a17b2e2-3cea-4654-95e6-33e915b487cf,0a17b2e2-3cea-4654-95e6-33e915b487cf,8dcf470a-299d-42c7-a92d-42b832d93ff5,animal,Cervus elaphus,0.72,addaxai VIC,Macropodidae,macropodidae,cervus elaphus
e2088a50-923f-4f39-8ce3-f21437cf0337,sequenceID:0a17b2e2-3cea-4654-95e6-33e915b487cf,0a17b2e2-3cea-4654-95e6-33e915b487cf,0a17b2e2-3cea-4654-95e6-33e915b487cf,8dcf470a-299d-42c7-a92d-42b832d93ff5,animal,Macropus fuliginosus,0.89,addaxai VIC,Macropodidae,macropodidae,macropus fuliginosus
c82739d2-e7e4-4fbc-aead-584c6a14adc9,sequenceID:ee74b152-3d72-4d2b-a837-04cc2bcb2daa,ee74b152-3d72-4d2b-a837-04cc2bcb2daa,ee74b152-3d72-4d2b-a837-04cc2bcb2daa,8dcf470a-299d-42c7-a92d-42b832d93ff5,animal,Mammalia,0.76,addaxai VIC,Macropodidae,macropodidae,mammalia
bbd38d9b-509e-41a3-b23f-17806e5a58bc,sequenceID:ac4731a5-50dd-4b55-8a4a-94deb6f6ae02,ac4731a5-50dd-4b55-8a4a-94deb6f6ae02,ac4731a5-50dd-4b55-8a4a-94deb6f6ae02,8dcf470a-299d-42c7-a92d-42b832d93ff5,animal,Macropus fuliginosus,0.86,addaxai VIC,Macropodidae,macropodidae,macropus fuliginosus
0679ea98-8563-4bd2-ac28-89295c8b98d5,sequenceID:a14dfa16-c739-4266-8e1d-ff6162a95682,a14dfa16-c739-4266-8e1d-ff6162a95682,a14dfa16-c739-4266-8e1d-ff6162a95682,8dcf470a-299d-42c7-a92d-42b832d93ff5,animal,Mammalia,0.74,addaxai VIC,Macropodidae,macropodidae,mammalia
ae6634d3-b4b0-4d4b-90d2-d74b311d6b3b,sequenceID:4914c0a1-d481-419d-b8d3-c77b6e9616c3,4914c0a1-d481-419d-b8d3-c77b6e9616c3,4914c0a1-d481-419d-b8d3-c77b6e9616c3,8dcf470a-299d-42c7-a92d-42b832d93ff5,animal,Macropus giganteus,0.7,addaxai VIC,Macropodidae,macropodidae,macropus giganteus
96dd0474-756f-483d-81d9-d6fc6ba50c0f,sequenceID:00124e8b-7605-4d96-9a91-44bfba6ba105,00124e8b-7605-4d96-9a91-44bfba6ba105,00124e8b-7605-4d96-9a91-44bfba6ba105,8dcf470a-299d-42c7-a92d-42b832d93ff5,animal,Macropus fuliginosus,0.89,addaxai VIC,Macropodidae,macropodidae,macropus fuliginosus
29f786bd-1c3a-4a80-aeeb-5382fd3e72c9,sequenceID:3ef65bfa-143e-4ff7-a799-159f5845e54c,3ef65bfa-143e-4ff7-a799-159f5845e54c,3ef65bfa-143e-4ff7-a799-159f5845e54c,8dcf470a-299d-42c7-a92d-42b832d93ff5,animal,Mammalia,0.74,addaxai VIC,Macropodidae,macropodidae,mammalia
bb7018d0-4d8f-44a2-918b-f802f71fc71b,sequenceID:295f3d03-8183-44e4-97f6-56e3ffc59e40,295f3d03-8183-44e4-97f6-56e3ffc59e40,295f3d03-8183-44e4-97f6-56e3ffc59e40,8dcf470a-299d-42c7-a92d-42b832d93ff5,animal,Macropus fuliginosus,0.92,addaxai VIC,Macropodidae,macropodidae,macropus fuliginosus
3fa6105c-85bb-429f-ad9e-c4bf84761957,sequenceID:339d221b-b729-4fca-b422-8cbe96a59c27,339d221b-b729-4fca-b422-8cbe96a59c27,339d221b-b729-4fca-b422-8cbe96a59c27,8dcf470a-299d-42c7-a92d-42b832d93ff5,animal,Macropus dorsalis,0.67,addaxai VIC,Macropodidae,macropodidae,macropus dorsalis
11848aec-841b-4ae0-ba9d-ac18b12f0e97,sequenceID:d6d9a0f7-1fce-4cc5-a35d-50553eea0071,d6d9a0f7-1fce-4cc5-a35d-50553eea0071,d6d9a0f7-1fce-4cc5-a35d-50553eea0071,8dcf470a-299d-42c7-a92d-42b832d93ff5,animal,Macropus fuliginosus,0.98,addaxai VIC,Macropodidae,macropodidae,macropus fuliginosus
dcffc71c-81cf-4caf-aa22-2417c868d0c8,sequenceID:8558f1f2-b845-49a7-980d-1dedf9c53fbf,8558f1f2-b845-49a7-980d-1dedf9c53fbf,8558f1f2-b845-49a7-980d-1dedf9c53fbf,8dcf470a-299d-42c7-a92d-42b832d93ff5,animal,Macropus fuliginosus,0.73,addaxai VIC,Macropodidae,macropodidae,macropus fuliginosus
da1142b6-42f7-44c0-9497-a96301de781e,sequenceID:b1a07015-7c32-4454-9ed5-9171f097d9b9,b1a07015-7c32-4454-9ed5-9171f097d9b9,b1a07015-7c32-4454-9ed5-9171f097d9b9,8dcf470a-299d-42c7-a92d-42b832d93ff5,animal,Macropus fuliginosus,0.82,addaxai VIC,Macropodidae,macropodidae,macropus fuliginosus
acbe4a4f-ca71-40dc-adf0-78149374aecf,sequenceID:9c9bb6ad-f143-430b-94e3-e98d29f596c1,9c9bb6ad-f143-430b-94e3-e98d29f596c1,9c9bb6ad-f143-430b-94e3-e98d29f596c1,8dcf470a-299d-42c7-a92d-42b832d93ff5,animal,Macropus fuliginosus,0.85,addaxai VIC,Macropodidae,macropodidae,macropus fuliginosus
6ea2b39d-6eae-4920-96fe-599783f5b7bf,sequenceID:729b110f-fd9d-464c-a6c5-bdd1d01a21c9,729b110f-fd9d-464c-a6c5-bdd1d01a21c9,729b110f-fd9d-464c-a6c5-bdd1d01a21c9,8dcf470a-299d-42c7-a92d-42b832d93ff5,animal,Macropus giganteus,0.9,addaxai VIC,Macropodidae,macropodidae,macropus giganteus
c2595f80-136f-4469-9c8b-2fdf1ae8861c,sequenceID:5de5eeef-9039-446d-acf9-b38f2cf84dc7,5de5eeef-9039-446d-acf9-b38f2cf84dc7,5de5eeef-9039-446d-acf9-b38f2cf84dc7,8dcf470a-299d-42c7-a92d-42b832d93ff5,animal,Macropus giganteus,0.81,addaxai VIC,Macropodidae,macropodidae,macropus giganteus
a03f6820-6e16-4b65-b015-700f2c1dd1f3,sequenceID:72b02af8-7ddf-4157-b709-3c394e2d1a23,72b02af8-7ddf-4157-b709-3c394e2d1a23,72b02af8-7ddf-4157-b709-3c394e2d1a23,8dcf470a-299d-42c7-a92d-42b832d93ff5,animal,Macropus giganteus,0.67,addaxai VIC,Macropodidae,macropodidae,macropus giganteus
7d9eef44-af4d-4e30-bfcb-47ab7e05ca11,sequenceID:4a0101c2-8851-4b1a-b67a-6a01e7dc5598,4a0101c2-8851-4b1a-b67a-6a01e7dc5598,4a0101c2-8851-4b1a-b67a-6a01e7dc5598,8dcf470a-299d-42c7-a92d-42b832d93ff5,animal,Macropus dorsalis,0.88,addaxai VIC,Macropodidae,macropodidae,macropus dorsalis
a3604856-935b-4c02-ab73-466397df3ee4,sequenceID:df3bc2e5-5904-4598-ade4-2fad63b7f352,df3bc2e5-5904-4598-ade4-2fad63b7f352,df3bc2e5-5904-4598-ade4-2fad63b7f352,8dcf470a-299d-42c7-a92d-42b832d93ff5,animal,Macropus dorsalis,0.78,addaxai VIC,Macropodidae,macropodidae,macropus dorsalis
a3604856-935b-4c02-ab73-466397df3ee4,sequenceID:df3bc2e5-5904-4598-ade4-2fad63b7f352,df3bc2e5-5904-4598-ade4-2fad63b7f352,df3bc2e5-5904-4598-ade4-2fad63b7f352,8dcf470a-299d-42c7-a92d-42b832d93ff5,animal,Mammalia,0.67,addaxai VIC,Macropodidae,macropodidae,mammalia
d557ece8-e59b-439e-8c04-b1ecf4e126f4,sequenceID:05710031-bebf-4e04-bd59-79718e6fa7eb,05710031-bebf-4e04-bd59-79718e6fa7eb,05710031-bebf-4e04-bd59-79718e6fa7eb,8dcf470a-299d-42c7-a92d-42b832d93ff5,animal,Macropus fuliginosus,0.99,addaxai VIC,Macropodidae,macropodidae,macropus fuliginosus
de78548d-13e5-4ca3-bb57-fffa2fa01f9e,sequenceID:86905ff8-eb17-4225-a3b5-52f20b91c01c,86905ff8-eb17-4225-a3b5-52f20b91c01c,86905ff8-eb17-4225-a3b5-52f20b91c01c,8dcf470a-299d-42c7-a92d-42b832d93ff5,animal,Macropus fuliginosus,0.94,addaxai VIC,Macropodidae,macropodidae,macropus fuliginosus
2bc42e99-2f84-41cf-b770-97d55e85fb98,sequenceID:c0f97eb7-eb3f-4c6f-8c4b-46e03e88a394,c0f97eb7-eb3f-4c6f-8c4b-46e03e88a394,c0f97eb7-eb3f-4c6f-8c4b-46e03e88a394,8dcf470a-299d-42c7-a92d-42b832d93ff5,animal,Macropus fuliginosus,0.98,addaxai VIC,Macropodidae,macropodidae,macropus fuliginosus
4613324e-139e-4c1c-ba99-a8abefa6ff70,sequenceID:c2f5bb2f-b729-47c9-a811-350bd506eb8e,c2f5bb2f-b729-47c9-a811-350bd506eb8e,c2f5bb2f-b729-47c9-a811-350bd506eb8e,8dcf470a-299d-42c7-a92d-42b832d93ff5,animal,Macropus fuliginosus,0.98,addaxai VIC,Macropodidae,macropodidae,macropus fuliginosus
087fe8f4-f5df-4ac6-9686-28250a02841c,sequenceID:2fa68059-85a2-4f91-8425-93b8b2b3f734,2fa68059-85a2-4f91-8425-93b8b2b3f734,2fa68059-85a2-4f91-8425-93b8b2b3f734,8dcf470a-299d-42c7-a92d-42b832d93ff5,animal,Macropus giganteus,0.93,addaxai VIC,Macropodidae,macropodidae,macropus giganteus
75fa7e95-b430-4032-b400-e9bca54193ff,sequenceID:a52cb859-56d2-42d0-8125-7ebb020a4ee2,a52cb859-56d2-42d0-8125-7ebb020a4ee2,a52cb859-56d2-42d0-8125-7ebb020a4ee2,8dcf470a-299d-42c7-a92d-42b832d93ff5,animal,Macropus giganteus,0.82,addaxai VIC,Macropodidae,macropodidae,macropus giganteus
75fa7e95-b430-4032-b400-e9bca54193ff,sequenceID:a52cb859-56d2-42d0-8125-7ebb020a4ee2,a52cb859-56d2-42d0-8125-7ebb020a4ee2,a52cb859-56d2-42d0-8125-7ebb020a4ee2,8dcf470a-299d-42c7-a92d-42b832d93ff5,animal,Mammalia,0.87,addaxai VIC,Macropodidae,macropodidae,mammalia
e7abaa2c-b25a-497a-af93-f4f57a62ef1a,sequenceID:2e9fc085-bc22-484a-b8c6-10a5dc48e2b7,2e9fc085-bc22-484a-b8c6-10a5dc48e2b7,2e9fc085-bc22-484a-b8c6-10a5dc48e2b7,8dcf470a-299d-42c7-a92d-42b832d93ff5,animal,Macropus giganteus,0.88,addaxai VIC,Macropodidae,macropodidae,macropus giganteus
cedff6b7-4367-4116-9eff-88c7793a7b21,sequenceID:60ee0dde-3fa1-4b92-92fe-094e1f9d2629,60ee0dde-3fa1-4b92-92fe-094e1f9d2629,60ee0dde-3fa1-4b92-92fe-094e1f9d2629,8dcf470a-299d-42c7-a92d-42b832d93ff5,unclassified,Unclassified,0.0,,Macropodidae,macropodidae,unclassified
71328130-f94f-4ed2-922f-269b22225c18,sequenceID:77041999-bd80-4ffb-9fe0-752f397a55ce,77041999-bd80-4ffb-9fe0-752f397a55ce,77041999-bd80-4ffb-9fe0-752f397a55ce,8dcf470a-299d-42c7-a92d-42b832d93ff5,animal,Macropus giganteus,0.98,addaxai VIC,Macropodidae,macropodidae,macropus giganteus
57addcee-ef45-4d91-9a47-6ccbf2f5ccae,sequenceID:ef3c4bbd-06ff-4ba8-bbfa-0fa6ccee0e99,ef3c4bbd-06ff-4ba8-bbfa-0fa6ccee0e99,ef3c4bbd-06ff-4ba8-bbfa-0fa6ccee0e99,8dcf470a-299d-42c7-a92d-42b832d93ff5,animal,Macropus giganteus,0.91,addaxai VIC,Macropodidae,macropodidae,macropus giganteus
225923d3-cee5-4162-88af-217bb211872d,sequenceID:5cadd42f-8036-4d06-89a9-cbe597a7224a,5cadd42f-8036-4d06-89a9-cbe597a7224a,5cadd42f-8036-4d06-89a9-cbe597a7224a,8dcf470a-299d-42c7-a92d-42b832d93ff5,animal,Macropus fuliginosus,0.89,addaxai VIC,Macropodidae,macropodidae,macropus fuliginosus
c5917b45-5692-463f-9cca-90baa655ac0d,sequenceID:2c11a0f4-40d5-47b3-b7cb-97f15704e6fe,2c11a0f4-40d5-47b3-b7cb-97f15704e6fe,2c11a0f4-40d5-47b3-b7cb-97f15704e6fe,8dcf470a-299d-42c7-a92d-42b832d93ff5,animal,Mammalia,0.73,addaxai VIC,Macropodidae,macropodidae,mammalia
b7044d47-85b4-4d2d-aa66-4b83e7f0ce81,sequenceID:c2798d86-e547-41c2-b185-704e9a7e98e4,c2798d86-e547-41c2-b185-704e9a7e98e4,c2798d86-e547-41c2-b185-704e9a7e98e4,8dcf470a-299d-42c7-a92d-42b832d93ff5,animal,Mammalia,0.85,addaxai VIC,Macropodidae,macropodidae,mammalia
e304aef6-d4c4-4351-baab-eb14c3060df4,sequenceID:92f1f748-4b89-4d14-98c6-5d7732e7875f,92f1f748-4b89-4d14-98c6-5d7732e7875f,92f1f748-4b89-4d14-98c6-5d7732e7875f,8dcf470a-299d-42c7-a92d-42b832d93ff5,animal,Phascolarctos cinereus,0.87,addaxai VIC,Macropodidae,macropodidae,phascolarctos cinereus
e9bf9c61-e549-4de3-935c-3250ee9bfa00,sequenceID:4fe503d9-4f69-4a38-9fa6-b44c93289621,4fe503d9-4f69-4a38-9fa6-b44c93289621,4fe503d9-4f69-4a38-9fa6-b44c93289621,8dcf470a-299d-42c7-a92d-42b832d93ff5,animal,Macropus fuliginosus,0.92,addaxai VIC,Macropodidae,macropodidae,macropus fuliginosus
761ad60b-d7c3-4dc5-9a91-141838067337,sequenceID:9ef9caf9-67e8-45cd-87d1-aad0fab2425d,9ef9caf9-67e8-45cd-87d1-aad0fab2425d,9ef9caf9-67e8-45cd-87d1-aad0fab2425d,8dcf470a-299d-42c7-a92d-42b832d93ff5,unclassified,Unclassified,0.81,addaxai VIC,Macropodidae,macropodidae,unclassified
2d7e4cb2-2634-4985-a293-10f64166f87d,sequenceID:23702c32-4380-4913-ad57-7c6b80441b2f,23702c32-4380-4913-ad57-7c6b80441b2f,23702c32-4380-4913-ad57-7c6b80441b2f,8dcf470a-299d-42c7-a92d-42b832d93ff5,animal,Macropus fuliginosus,0.7,addaxai VIC,Macropodidae,macropodidae,macropus fuliginosus
5853856b-5357-4276-bcad-902b4fb85ea9,sequenceID:1521a807-dedf-434d-b40e-e1d6a2242b4b,1521a807-dedf-434d-b40e-e1d6a2242b4b,1521a807-dedf-434d-b40e-e1d6a2242b4b,8dcf470a-299d-42c7-a92d-42b832d93ff5,unclassified,Unclassified,0.66,addaxai VIC,Macropodidae,macropodidae,unclassified
fc1230d1-f626-47f2-8f23-68a5b47d2726,sequenceID:47b2b16e-6b4a-4b86-a08b-71363b480e5f,47b2b16e-6b4a-4b86-a08b-71363b480e5f,47b2b16e-6b4a-4b86-a08b-71363b480e5f,8dcf470a-299d-42c7-a92d-42b832d93ff5,animal,Mammalia,0.87,addaxai VIC,Macropodidae,macropodidae,mammalia
fc1230d1-f626-47f2-8f23-68a5b47d2726,sequenceID:47b2b16e-6b4a-4b86-a08b-71363b480e5f,47b2b16e-6b4a-4b86-a08b-71363b480e5f,47b2b16e-6b4a-4b86-a08b-71363b480e5f,8dcf470a-299d-42c7-a92d-42b832d93ff5,animal,Macropus fuliginosus,0.67,addaxai VIC,Macropodidae,macropodidae,macropus fuliginosus
1d74247e-660f-401e-918f-e5bc849b0b51,sequenceID:29890f45-e9fd-4eaa-a4f5-f9ebaec0edeb,29890f45-e9fd-4eaa-a4f5-f9ebaec0edeb,29890f45-e9fd-4eaa-a4f5-f9ebaec0edeb,8dcf470a-299d-42c7-a92d-42b832d93ff5,animal,Macropus dorsalis,0.75,addaxai VIC,Macropodidae,macropodidae,macropus dorsalis
2bf23f3e-273f-4cab-90f6-a86f0ba45de2,sequenceID:51b6fac4-b86b-4c91-a4fb-2231c03b2839,51b6fac4-b86b-4c91-a4fb-2231c03b2839,51b6fac4-b86b-4c91-a4fb-2231c03b2839,8dcf470a-299d-42c7-a92d-42b832d93ff5,unclassified,Unclassified,0.0,,Macropodidae,macropodidae,unclassified
3289a2d5-1c70-4433-b51b-9633b6e2687a,sequenceID:cec75b24-cc26-4a35-b4a0-182ae3d092d6,cec75b24-cc26-4a35-b4a0-182ae3d092d6,cec75b24-cc26-4a35-b4a0-182ae3d092d6,8dcf470a-299d-42c7-a92d-42b832d93ff5,animal,Macropus dorsalis,0.72,addaxai VIC,Macropodidae,macropodidae,macropus dorsalis
52ed74bc-36c3-4d96-b4c5-ec77a383a7f2,sequenceID:f55c19f9-3a15-413f-b367-13c8ff7f01dd,f55c19f9-3a15-413f-b367-13c8ff7f01dd,f55c19f9-3a15-413f-b367-13c8ff7f01dd,8dcf470a-299d-42c7-a92d-42b832d93ff5,animal,Macropus fuliginosus,0.69,addaxai VIC,Macropodidae,macropodidae,macropus fuliginosus
c13aae63-fd1c-4519-a379-59bbc640af4b,sequenceID:d1ec1c53-ef13-42ee-b842-bf26430b3ede,d1ec1c53-ef13-42ee-b842-bf26430b3ede,d1ec1c53-ef13-42ee-b842-bf26430b3ede,8dcf470a-299d-42c7-a92d-42b832d93ff5,animal,Mammalia,0.69,addaxai VIC,Macropodidae,macropodidae,mammalia
f6214965-ee89-4315-9063-0045d49c62c7,sequenceID:d1592243-c6d4-44cd-9397-112458479cbb,d1592243-c6d4-44cd-9397-112458479cbb,d1592243-c6d4-44cd-9397-112458479cbb,8dcf470a-299d-42c7-a92d-42b832d93ff5,animal,Macropus fuliginosus,0.86,addaxai VIC,Macropodidae,macropodidae,macropus fuliginosus
9ec189f2-52ab-477a-b05f-73f1dae1901f,sequenceID:948e0548-425d-44b3-a9e9-4c9c0369921c,948e0548-425d-44b3-a9e9-4c9c0369921c,948e0548-425d-44b3-a9e9-4c9c0369921c,8dcf470a-299d-42c7-a92d-42b832d93ff5,animal,Cervidae,0.68,addaxai VIC,Macropodidae,macropodidae,cervidae
5de20b28-b972-4fea-8763-3d68ed749ded,sequenceID:bd445b89-744d-44ff-a23b-41643b20a31a,bd445b89-744d-44ff-a23b-41643b20a31a,bd445b89-744d-44ff-a23b-41643b20a31a,8dcf470a-299d-42c7-a92d-42b832d93ff5,animal,Macropus dorsalis,0.76,addaxai VIC,Macropodidae,macropodidae,macropus dorsalis
c7558987-02d6-4681-ab11-b6b7f226e280,sequenceID:ca3ad192-6b77-41c5-8b31-df22ecebc398,ca3ad192-6b77-41c5-8b31-df22ecebc398,ca3ad192-6b77-41c5-8b31-df22ecebc398,8dcf470a-299d-42c7-a92d-42b832d93ff5,animal,Macropus fuliginosus,0.79,addaxai VIC,Macropodidae,macropodidae,macropus fuliginosus
06ecb1ef-d7a8-47d1-9864-e393881b5d35,sequenceID:a28fc89d-1d23-4297-8785-570eb53a2b0f,a28fc89d-1d23-4297-8785-570eb53a2b0f,a28fc89d-1d23-4297-8785-570eb53a2b0f,8dcf470a-299d-42c7-a92d-42b832d93ff5,unclassified,Unclassified,0.0,,Macropodidae,macropodidae,unclassified
925833f3-a9dd-48b8-ae71-a17fff5ea3d3,sequenceID:184abaa7-e6dc-431b-89c9-dba95da93fdd,184abaa7-e6dc-431b-89c9-dba95da93fdd,184abaa7-e6dc-431b-89c9-dba95da93fdd,8dcf470a-299d-42c7-a92d-42b832d93ff5,animal,Mammalia,0.74,addaxai VIC,Macropodidae,macropodidae,mammalia
500b1e6c-82d9-4e45-9fc6-d8a2a5283057,sequenceID:c81f6db5-6b4f-435d-9338-9e9d8347d26c,c81f6db5-6b4f-435d-9338-9e9d8347d26c,c81f6db5-6b4f-435d-9338-9e9d8347d26c,8dcf470a-299d-42c7-a92d-42b832d93ff5,animal,Mammalia,0.66,addaxai VIC,Macropodidae,macropodidae,mammalia
b10031d4-1725-4953-b1e3-5a6930a28fa3,sequenceID:3c2c7def-9823-4ec2-860a-9a89626826f2,3c2c7def-9823-4ec2-860a-9a89626826f2,3c2c7def-9823-4ec2-860a-9a89626826f2,8dcf470a-299d-42c7-a92d-42b832d93ff5,animal,Macropus dorsalis,0.75,addaxai VIC,Macropodidae,macropodidae,macropus dorsalis
61f6c554-bacd-4ca7-8e51-7455e6e90f3e,sequenceID:a0939e7f-f5f2-442c-9220-b18f1d6e9091,a0939e7f-f5f2-442c-9220-b18f1d6e9091,a0939e7f-f5f2-442c-9220-b18f1d6e9091,8dcf470a-299d-42c7-a92d-42b832d93ff5,unclassified,Unclassified,0.68,addaxai VIC,Macropodidae,macropodidae,unclassified
20b16402-1a05-4bca-aa82-6e01c251ce68,sequenceID:240e5272-0218-4094-a704-e6bf434517df,240e5272-0218-4094-a704-e6bf434517df,240e5272-0218-4094-a704-e6bf434517df,8dcf470a-299d-42c7-a92d-42b832d93ff5,animal,Mammalia,0.88,addaxai VIC,Macropodidae,macropodidae,mammalia
eb1c0806-5909-4d76-8034-c097461c855c,sequenceID:37bfddb4-2da7-4bb3-a7ab-ed245e76518d,37bfddb4-2da7-4bb3-a7ab-ed245e76518d,37bfddb4-2da7-4bb3-a7ab-ed245e76518d,8dcf470a-299d-42c7-a92d-42b832d93ff5,unclassified,Unclassified,0.0,,Macropodidae,macropodidae,unclassified
48bd7999-e80a-4f8d-a795-d39812deba50,sequenceID:311678bd-e91e-4282-9518-9522826cf4cb,311678bd-e91e-4282-9518-9522826cf4cb,311678bd-e91e-4282-9518-9522826cf4cb,8dcf470a-299d-42c7-a92d-42b832d93ff5,animal,Macropus dorsalis,0.71,addaxai VIC,Macropodidae,macropodidae,macropus dorsalis
ddbe2776-cc76-4973-b165-a3a045191f97,sequenceID:f0f73a65-0b61-499c-a148-91141b9daf16,f0f73a65-0b61-499c-a148-91141b9daf16,f0f73a65-0b61-499c-a148-91141b9daf16,8dcf470a-299d-42c7-a92d-42b832d93ff5,unclassified,Unclassified,0.67,addaxai VIC,Macropodidae,macropodidae,unclassified
14ec38ce-3a08-415b-aadc-b0f53d823ae8,sequenceID:e7a9197d-8869-4e3b-b546-19ff678fc12f,e7a9197d-8869-4e3b-b546-19ff678fc12f,e7a9197d-8869-4e3b-b546-19ff678fc12f,8dcf470a-299d-42c7-a92d-42b832d93ff5,animal,Macropus fuliginosus,0.67,addaxai VIC,Macropodidae,macropodidae,macropus fuliginosus
da83b580-448c-4e7b-b2b6-689a7b914dfb,sequenceID:c8879b72-f6ae-4f75-a43f-04aae5862cda,c8879b72-f6ae-4f75-a43f-04aae5862cda,c8879b72-f6ae-4f75-a43f-04aae5862cda,8dcf470a-299d-42c7-a92d-42b832d93ff5,animal,Macropus fuliginosus,0.96,addaxai VIC,Macropodidae,macropodidae,macropus fuliginosus
1a8e1d57-5b08-42f5-9bfb-c3e58746769d,sequenceID:48ed24aa-ca89-4a43-87fc-3dc05946e99c,48ed24aa-ca89-4a43-87fc-3dc05946e99c,48ed24aa-ca89-4a43-87fc-3dc05946e99c,8dcf470a-299d-42c7-a92d-42b832d93ff5,animal,Macropus fuliginosus,0.85,addaxai VIC,Macropodidae,macropodidae,macropus fuliginosus
68c56333-bbd3-413c-898a-9b984c6eacc2,sequenceID:df34bb48-38d4-40c5-9595-02a7b8c85955,df34bb48-38d4-40c5-9595-02a7b8c85955,df34bb48-38d4-40c5-9595-02a7b8c85955,8dcf470a-299d-42c7-a92d-42b832d93ff5,unclassified,Unclassified,0.0,,Macropodidae,macropodidae,unclassified
4a5c11ca-f66d-4839-808b-453d5f50c710,sequenceID:687ddacd-5765-4dbf-aa31-4e7cdb739584,687ddacd-5765-4dbf-aa31-4e7cdb739584,687ddacd-5765-4dbf-aa31-4e7cdb739584,8dcf470a-299d-42c7-a92d-42b832d93ff5,unclassified,Unclassified,0.0,,Macropodidae,macropodidae,unclassified
f61dfc8b-6601-41c5-aa4e-b22d0e8f9262,sequenceID:ff04ebbb-9bb7-45ff-90c1-aad64c03486b,ff04ebbb-9bb7-45ff-90c1-aad64c03486b,ff04ebbb-9bb7-45ff-90c1-aad64c03486b,8dcf470a-299d-42c7-a92d-42b832d93ff5,unclassified,Unclassified,0.0,,Macropodidae,macropodidae,unclassified
4716e78c-a189-42d7-b81f-2a2ebd063663,sequenceID:d0e63861-b65b-482d-8c63-e125ea9e1c29,d0e63861-b65b-482d-8c63-e125ea9e1c29,d0e63861-b65b-482d-8c63-e125ea9e1c29,8dcf470a-299d-42c7-a92d-42b832d93ff5,animal,Macropus giganteus,0.65,addaxai VIC,Macropodidae,macropodidae,macropus giganteus
4716e78c-a189-42d7-b81f-2a2ebd063663,sequenceID:d0e63861-b65b-482d-8c63-e125ea9e1c29,d0e63861-b65b-482d-8c63-e125ea9e1c29,d0e63861-b65b-482d-8c63-e125ea9e1c29,8dcf470a-299d-42c7-a92d-42b832d93ff5,animal,Macropus dorsalis,0.73,addaxai VIC,Macropodidae,macropodidae,macropus dorsalis
a74d0364-5a82-4e5a-aa58-e28525e611de,sequenceID:bb7de0f2-1a80-4b23-b362-411099e90d27,bb7de0f2-1a80-4b23-b362-411099e90d27,bb7de0f2-1a80-4b23-b362-411099e90d27,8dcf470a-299d-42c7-a92d-42b832d93ff5,animal,Mammalia,0.75,addaxai VIC,Macropodidae,macropodidae,mammalia
0184110c-3ade-4e2d-9f70-f7b0a258fff7,sequenceID:bf074dc7-771d-46a2-8939-12eaaf7b11ba,bf074dc7-771d-46a2-8939-12eaaf7b11ba,bf074dc7-771d-46a2-8939-12eaaf7b11ba,8dcf470a-299d-42c7-a92d-42b832d93ff5,unclassified,Unclassified,0.74,addaxai VIC,Macropodidae,macropodidae,unclassified
d79dc628-ada2-44ae-b66a-c2b4970eaac2,sequenceID:f0de77a1-fff8-4113-9003-ed86f5fb09a3,f0de77a1-fff8-4113-9003-ed86f5fb09a3,f0de77a1-fff8-4113-9003-ed86f5fb09a3,8dcf470a-299d-42c7-a92d-42b832d93ff5,animal,Mammalia,0.8,addaxai VIC,Macropodidae,macropodidae,mammalia
f581dce3-ac06-4c75-bd7d-a1a8f8dddb87,sequenceID:0c14f8e4-6d9a-4232-8685-11e7b4e4c85a,0c14f8e4-6d9a-4232-8685-11e7b4e4c85a,0c14f8e4-6d9a-4232-8685-11e7b4e4c85a,8dcf470a-299d-42c7-a92d-42b832d93ff5,unclassified,Unclassified,0.71,addaxai VIC,Macropodidae,macropodidae,unclassified
b799f649-a1f7-46f2-a762-c5b4b46f9377,sequenceID:e18babe8-81ee-4035-81db-a605580e4391,e18babe8-81ee-4035-81db-a605580e4391,e18babe8-81ee-4035-81db-a605580e4391,8dcf470a-299d-42c7-a92d-42b832d93ff5,unclassified,Unclassified,0.78,addaxai VIC,Macropodidae,macropodidae,unclassified
36b71867-3d7c-47cd-ada3-3d82ec12b17f,sequenceID:1c4d7857-8482-43eb-91fa-18dd89fa888e,1c4d7857-8482-43eb-91fa-18dd89fa888e,1c4d7857-8482-43eb-91fa-18dd89fa888e,8dcf470a-299d-42c7-a92d-42b832d93ff5,animal,Mammalia,0.73,addaxai VIC,Macropodidae,macropodidae,mammalia
697cd879-1097-4653-8b73-471eb3310b66,sequenceID:695a4bd8-12d0-4ee5-bbe0-9e880706f7d5,695a4bd8-12d0-4ee5-bbe0-9e880706f7d5,695a4bd8-12d0-4ee5-bbe0-9e880706f7d5,8dcf470a-299d-42c7-a92d-42b832d93ff5,unclassified,Unclassified,0.0,,Macropodidae,macropodidae,unclassified
e8fbfd11-dc41-4227-adeb-25cafe91b656,sequenceID:e6392eea-c017-47d5-b895-324f08ce18e6,e6392eea-c017-47d5-b895-324f08ce18e6,e6392eea-c017-47d5-b895-324f08ce18e6,8dcf470a-299d-42c7-a92d-42b832d93ff5,unclassified,Unclassified,0.67,addaxai VIC,Macropodidae,macropodidae,unclassified
a596e487-c475-4f04-915c-0b31840a670b,sequenceID:93910b66-9e60-4672-8533-8d0e33a68215,93910b66-9e60-4672-8533-8d0e33a68215,93910b66-9e60-4672-8533-8d0e33a68215,8dcf470a-299d-42c7-a92d-42b832d93ff5,animal,Mammalia,0.71,addaxai VIC,Macropodidae,macropodidae,mammalia
50eb1eed-71df-4640-92aa-475f88795247,sequenceID:3875bb6e-0d69-446f-9508-e42cfbbd5974,3875bb6e-0d69-446f-9508-e42cfbbd5974,3875bb6e-0d69-446f-9508-e42cfbbd5974,8dcf470a-299d-42c7-a92d-42b832d93ff5,unclassified,Unclassified,0.0,,Macropodidae,macropodidae,unclassified
d2b7ad93-8ed0-4be6-a284-973578bf5051,sequenceID:4d24c7fb-e487-4e9f-975f-3f617e95c2d1,4d24c7fb-e487-4e9f-975f-3f617e95c2d1,4d24c7fb-e487-4e9f-975f-3f617e95c2d1,8dcf470a-299d-42c7-a92d-42b832d93ff5,unclassified,Unclassified,0.94,addaxai VIC,Macropodidae,macropodidae,unclassified
156a0823-6d0b-4a66-894f-bfd336acf71b,sequenceID:6f2ff6a4-6936-4145-9198-79133246f516,6f2ff6a4-6936-4145-9198-79133246f516,6f2ff6a4-6936-4145-9198-79133246f516,8dcf470a-299d-42c7-a92d-42b832d93ff5,animal,Mammalia,0.72,addaxai VIC,Macropodidae,macropodidae,mammalia
8cd64dff-d144-4e25-9c72-b0d86ea162f8,sequenceID:8d443260-226e-4b63-bee5-f202d0f0359f,8d443260-226e-4b63-bee5-f202d0f0359f,8d443260-226e-4b63-bee5-f202d0f0359f,8dcf470a-299d-42c7-a92d-42b832d93ff5,unclassified,Unclassified,0.0,,Macropodidae,macropodidae,unclassified
4e01cc5c-ab22-426f-a92d-81df286bc015,sequenceID:0bd7a820-952e-47ea-bbe5-bc2f9bacf5db,0bd7a820-952e-47ea-bbe5-bc2f9bacf5db,0bd7a820-952e-47ea-bbe5-bc2f9bacf5db,8dcf470a-299d-42c7-a92d-42b832d93ff5,animal,Macropus giganteus,0.84,addaxai VIC,Macropodidae,macropodidae,macropus giganteus
6548f192-4aa2-4368-977a-65ed54a2d988,sequenceID:cc2d5600-ea0e-4fb3-aaa3-efc1d0d05a5e,cc2d5600-ea0e-4fb3-aaa3-efc1d0d05a5e,cc2d5600-ea0e-4fb3-aaa3-efc1d0d05a5e,8dcf470a-299d-42c7-a92d-42b832d93ff5,animal,Mammalia,0.77,addaxai VIC,Macropodidae,macropodidae,mammalia
2cb8691b-9d42-4581-be4c-dd7247aade68,sequenceID:2c61d830-fcad-4242-9aff-defb0e9c2616,2c61d830-fcad-4242-9aff-defb0e9c2616,2c61d830-fcad-4242-9aff-defb0e9c2616,8dcf470a-299d-42c7-a92d-42b832d93ff5,animal,Mammalia,0.74,addaxai VIC,Macropodidae,macropodidae,mammalia
a7c588a7-8f54-45d6-b6a3-cb51b00db689,sequenceID:7e9b2aa1-e6bd-4f6c-9637-2b1eddf2c5c8,7e9b2aa1-e6bd-4f6c-9637-2b1eddf2c5c8,7e9b2aa1-e6bd-4f6c-9637-2b1eddf2c5c8,8dcf470a-299d-42c7-a92d-42b832d93ff5,animal,Macropus fuliginosus,0.83,addaxai VIC,Macropodidae,macropodidae,macropus fuliginosus
2d8df03e-c6b8-44f9-bfad-f890efd2c00f,sequenceID:b12890c2-0876-4cf8-b513-48d350d0bd00,b12890c2-0876-4cf8-b513-48d350d0bd00,b12890c2-0876-4cf8-b513-48d350d0bd00,8dcf470a-299d-42c7-a92d-42b832d93ff5,unclassified,Unclassified,0.78,addaxai VIC,Macropodidae,macropodidae,unclassified
2dcd4bdc-e6cd-449b-8509-51d536888170,sequenceID:497ae5ec-87e6-43cf-82c5-b640b6e5bb97,497ae5ec-87e6-43cf-82c5-b640b6e5bb97,497ae5ec-87e6-43cf-82c5-b640b6e5bb97,8dcf470a-299d-42c7-a92d-42b832d93ff5,animal,Macropus giganteus,0.89,addaxai VIC,Macropodidae,macropodidae,macropus giganteus
9605526e-6e14-437c-8d8b-b5ea3e445dd3,sequenceID:e9aefde4-d0a6-497e-8130-aad7cdb7c6d7,e9aefde4-d0a6-497e-8130-aad7cdb7c6d7,e9aefde4-d0a6-497e-8130-aad7cdb7c6d7,8dcf470a-299d-42c7-a92d-42b832d93ff5,animal,Mammalia,0.78,addaxai VIC,Macropodidae,macropodidae,mammalia
e03b5614-7015-4902-963c-8386821cac21,sequenceID:1689f66d-f339-442d-9193-6f5ad213614b,1689f66d-f339-442d-9193-6f5ad213614b,1689f66d-f339-442d-9193-6f5ad213614b,8dcf470a-299d-42c7-a92d-42b832d93ff5,unclassified,Unclassified,0.0,,Macropodidae,macropodidae,unclassified
703ece57-838b-4765-9057-b1ded0648d5a,sequenceID:03410456-b8af-4547-81ed-4b0e56c4e746,03410456-b8af-4547-81ed-4b0e56c4e746,03410456-b8af-4547-81ed-4b0e56c4e746,8dcf470a-299d-42c7-a92d-42b832d93ff5,animal,Mammalia,0.84,addaxai VIC,Macropodidae,macropodidae,mammalia
4e32830f-7ee2-4ef4-bb10-9c02e38a8f4c,sequenceID:5c959096-d2d0-493d-a8a9-ead7d1ba116a,5c959096-d2d0-493d-a8a9-ead7d1ba116a,5c959096-d2d0-493d-a8a9-ead7d1ba116a,8dcf470a-299d-42c7-a92d-42b832d93ff5,unclassified,Unclassified,0.0,,Macropodidae,macropodidae,unclassified
14cd00cd-4846-4302-9a91-744ac9467941,sequenceID:7f55f9c5-9e0b-4d21-b2bd-cbdd4bfccbaa,7f55f9c5-9e0b-4d21-b2bd-cbdd4bfccbaa,7f55f9c5-9e0b-4d21-b2bd-cbdd4bfccbaa,8dcf470a-299d-42c7-a92d-42b832d93ff5,animal,Macropus dorsalis,0.71,addaxai VIC,Macropodidae,macropodidae,macropus dorsalis
39e30a3e-076b-4c2a-829f-31e7e79c5043,sequenceID:66dea954-a66e-43d0-959d-742426a5a4b1,66dea954-a66e-43d0-959d-742426a5a4b1,66dea954-a66e-43d0-959d-742426a5a4b1,8dcf470a-299d-42c7-a92d-42b832d93ff5,unclassified,Unclassified,0.67,addaxai VIC,Macropodidae,macropodidae,unclassified
c100436b-2ea7-4598-8a31-10beff31a2ce,sequenceID:67748492-7720-472d-ab2f-c906028ee17f,67748492-7720-472d-ab2f-c906028ee17f,67748492-7720-472d-ab2f-c906028ee17f,8dcf470a-299d-42c7-a92d-42b832d93ff5,animal,Osphranter rufus,0.81,addaxai VIC,Macropodidae,macropodidae,osphranter rufus
c100436b-2ea7-4598-8a31-10beff31a2ce,sequenceID:67748492-7720-472d-ab2f-c906028ee17f,67748492-7720-472d-ab2f-c906028ee17f,67748492-7720-472d-ab2f-c906028ee17f,8dcf470a-299d-42c7-a92d-42b832d93ff5,unclassified,Unclassified,0.94,addaxai VIC,Macropodidae,macropodidae,unclassified
ab7ad754-f3be-4c4b-b138-375f15afa254,sequenceID:706c9e7c-07ba-4343-8e3e-4ed873e513ec,706c9e7c-07ba-4343-8e3e-4ed873e513ec,706c9e7c-07ba-4343-8e3e-4ed873e513ec,8dcf470a-299d-42c7-a92d-42b832d93ff5,animal,Macropus giganteus,0.95,addaxai VIC,Macropodidae,macropodidae,macropus giganteus
920a88b3-aa98-43be-a616-77c967e9ca6f,sequenceID:98c28b17-cd02-43de-aa62-b1b3d5b10f09,98c28b17-cd02-43de-aa62-b1b3d5b10f09,98c28b17-cd02-43de-aa62-b1b3d5b10f09,8dcf470a-299d-42c7-a92d-42b832d93ff5,animal,Macropus dorsalis,0.86,addaxai VIC,Macropodidae,macropodidae,macropus dorsalis
ed9fd1d7-8470-42f0-84d0-a0a38a8ef14b,sequenceID:78774d09-6ae3-4334-92a7-b2813ad4e489,78774d09-6ae3-4334-92a7-b2813ad4e489,78774d09-6ae3-4334-92a7-b2813ad4e489,8dcf470a-299d-42c7-a92d-42b832d93ff5,animal,Macropus dorsalis,0.81,addaxai VIC,Macropodidae,macropodidae,macropus dorsalis
7ff72be7-d129-4b46-a63f-16ff3b15469d,sequenceID:00910e26-71f3-46ca-a395-7f4da046572e,00910e26-71f3-46ca-a395-7f4da046572e,00910e26-71f3-46ca-a395-7f4da046572e,8dcf470a-299d-42c7-a92d-42b832d93ff5,animal,Macropus dorsalis,0.66,addaxai VIC,Macropodidae,macropodidae,macropus dorsalis
5ae2af77-d992-4226-b73d-a173666cfe7c,sequenceID:ebcdee93-cfce-4571-b4de-22e8cec9c332,ebcdee93-cfce-4571-b4de-22e8cec9c332,ebcdee93-cfce-4571-b4de-22e8cec9c332,8dcf470a-299d-42c7-a92d-42b832d93ff5,animal,Macropus dorsalis,0.71,addaxai VIC,Macropodidae,macropodidae,macropus dorsalis
2107c177-6b2a-49b0-999c-4dd20bcf215a,sequenceID:30dc508c-9949-43c3-850f-77970eaf36dc,30dc508c-9949-43c3-850f-77970eaf36dc,30dc508c-9949-43c3-850f-77970eaf36dc,8dcf470a-299d-42c7-a92d-42b832d93ff5,animal,Dama dama,0.68,addaxai VIC,Macropodidae,macropodidae,dama dama
cc1a699d-a277-46ee-bbf2-aac9fb2d50b5,sequenceID:82a8ebd3-e0fe-4b59-b2a0-855881f6a167,82a8ebd3-e0fe-4b59-b2a0-855881f6a167,82a8ebd3-e0fe-4b59-b2a0-855881f6a167,8dcf470a-299d-42c7-a92d-42b832d93ff5,animal,Phascolarctos cinereus,0.91,addaxai VIC,Macropodidae,macropodidae,phascolarctos cinereus
dc668e76-da59-4544-837e-4c0153a9cb98,sequenceID:9e0bacbf-3ab9-403e-9744-6a6ed5a42ffe,9e0bacbf-3ab9-403e-9744-6a6ed5a42ffe,9e0bacbf-3ab9-403e-9744-6a6ed5a42ffe,8dcf470a-299d-42c7-a92d-42b832d93ff5,animal,Macropus giganteus,0.89,addaxai VIC,Macropodidae,macropodidae,macropus giganteus
8594b9bd-2d5d-44f4-a4a9-9f34b823cb66,sequenceID:9a4570b5-8278-4a22-aa40-3e05c117cfb1,9a4570b5-8278-4a22-aa40-3e05c117cfb1,9a4570b5-8278-4a22-aa40-3e05c117cfb1,8dcf470a-299d-42c7-a92d-42b832d93ff5,animal,Macropus dorsalis,0.9,addaxai VIC,Macropodidae,macropodidae,macropus dorsalis
46da7ebf-12f5-4290-8ef4-ef865fd97459,sequenceID:fe967e12-1a33-40b2-8970-6b403a497463,fe967e12-1a33-40b2-8970-6b403a497463,fe967e12-1a33-40b2-8970-6b403a497463,8dcf470a-299d-42c7-a92d-42b832d93ff5,animal,Macropus fuliginosus,0.89,addaxai VIC,Macropodidae,macropodidae,macropus fuliginosus
a144185c-22c5-4df2-850c-bbe61eb8c45f,sequenceID:3f442e5f-cb37-446a-a1e2-16cff70a68c5,3f442e5f-cb37-446a-a1e2-16cff70a68c5,3f442e5f-cb37-446a-a1e2-16cff70a68c5,8dcf470a-299d-42c7-a92d-42b832d93ff5,animal,Mammalia,0.69,addaxai VIC,Macropodidae,macropodidae,mammalia
5209a282-efb8-4300-99fa-2b0f5a12216a,sequenceID:962259d4-944e-4a00-95c8-4d74278f08c5,962259d4-944e-4a00-95c8-4d74278f08c5,962259d4-944e-4a00-95c8-4d74278f08c5,8dcf470a-299d-42c7-a92d-42b832d93ff5,unclassified,Unclassified,0.0,,Macropodidae,macropodidae,unclassified
471638c6-b769-41a5-9827-c32bebd7f123,sequenceID:4d7ff98b-94d3-42f9-8cd1-77e2f83e7300,4d7ff98b-94d3-42f9-8cd1-77e2f83e7300,4d7ff98b-94d3-42f9-8cd1-77e2f83e7300,8dcf470a-299d-42c7-a92d-42b832d93ff5,unclassified,Unclassified,0.0,,Macropodidae,macropodidae,unclassified
b2e60c04-2e44-43a9-ae60-0b4af47f754a,sequenceID:9c85caa3-fe85-4152-aeda-f01d2b60da33,9c85caa3-fe85-4152-aeda-f01d2b60da33,9c85caa3-fe85-4152-aeda-f01d2b60da33,8dcf470a-299d-42c7-a92d-42b832d93ff5,unclassified,Unclassified,0.0,,Macropodidae,macropodidae,unclassified
f72efc33-3c8d-450f-99b4-c7e11f9406b0,sequenceID:c1655d37-5292-4190-8e64-8cd435a6252b,c1655d37-5292-4190-8e64-8cd435a6252b,c1655d37-5292-4190-8e64-8cd435a6252b,8dcf470a-299d-42c7-a92d-42b832d93ff5,animal,Phascolarctos cinereus,0.86,addaxai VIC,Macropodidae,macropodidae,phascolarctos cinereus
7b9951bb-de78-4f0a-b52c-2d082e73269e,sequenceID:5ce7cff4-b481-415b-bfb3-ef6745d39b9b,5ce7cff4-b481-415b-bfb3-ef6745d39b9b,5ce7cff4-b481-415b-bfb3-ef6745d39b9b,8dcf470a-299d-42c7-a92d-42b832d93ff5,animal,Macropus giganteus,0.7,addaxai VIC,Macropodidae,macropodidae,macropus giganteus
9590de03-ecca-4899-8dc2-705dd9482fc5,sequenceID:d0a9ea63-5463-4afc-8816-cbab265fddc1,d0a9ea63-5463-4afc-8816-cbab265fddc1,d0a9ea63-5463-4afc-8816-cbab265fddc1,8dcf470a-299d-42c7-a92d-42b832d93ff5,animal,Mammalia,0.69,addaxai VIC,Macropodidae,macropodidae,mammalia
e8ffb862-5b83-4fa2-a7bd-244a0411b0cc,sequenceID:cb22122b-5fd3-4887-bbaa-523c7a89048a,cb22122b-5fd3-4887-bbaa-523c7a89048a,cb22122b-5fd3-4887-bbaa-523c7a89048a,8dcf470a-299d-42c7-a92d-42b832d93ff5,unclassified,Unclassified,0.68,addaxai VIC,Macropodidae,macropodidae,unclassified
0cf5c474-3bee-4976-a73a-2096a4568708,sequenceID:52feb347-7e0b-4a6f-9ce5-2b8847ceb78b,52feb347-7e0b-4a6f-9ce5-2b8847ceb78b,52feb347-7e0b-4a6f-9ce5-2b8847ceb78b,8dcf470a-299d-42c7-a92d-42b832d93ff5,unclassified,Unclassified,0.71,addaxai VIC,Macropodidae,macropodidae,unclassified
0cf5c474-3bee-4976-a73a-2096a4568708,sequenceID:52feb347-7e0b-4a6f-9ce5-2b8847ceb78b,52feb347-7e0b-4a6f-9ce5-2b8847ceb78b,52feb347-7e0b-4a6f-9ce5-2b8847ceb78b,8dcf470a-299d-42c7-a92d-42b832d93ff5,animal,Osphranter rufus,0.69,addaxai VIC,Macropodidae,macropodidae,osphranter rufus
db347422-b942-458d-bb1d-9c5261b4ae41,sequenceID:c3a5ec79-45c7-4223-bb4b-6b366a761254,c3a5ec79-45c7-4223-bb4b-6b366a761254,c3a5ec79-45c7-4223-bb4b-6b366a761254,8dcf470a-299d-42c7-a92d-42b832d93ff5,unclassified,Unclassified,0.0,,Macropodidae,macropodidae,unclassified
2690bfa7-539c-4744-a830-9c1a680de53a,sequenceID:0b901e13-3035-4c85-b4e9-036a9faf7bb9,0b901e13-3035-4c85-b4e9-036a9faf7bb9,0b901e13-3035-4c85-b4e9-036a9faf7bb9,8dcf470a-299d-42c7-a92d-42b832d93ff5,unclassified,Unclassified,0.77,addaxai VIC,Macropodidae,macropodidae,unclassified
43cf9f75-76ea-4724-919f-f4e769c9b4d9,sequenceID:1e384b46-d9a5-4905-90af-89cbd920cab6,1e384b46-d9a5-4905-90af-89cbd920cab6,1e384b46-d9a5-4905-90af-89cbd920cab6,8dcf470a-299d-42c7-a92d-42b832d93ff5,animal,Cervus elaphus,0.83,addaxai VIC,Macropodidae,macropodidae,cervus elaphus
43cf9f75-76ea-4724-919f-f4e769c9b4d9,sequenceID:1e384b46-d9a5-4905-90af-89cbd920cab6,1e384b46-d9a5-4905-90af-89cbd920cab6,1e384b46-d9a5-4905-90af-89cbd920cab6,8dcf470a-299d-42c7-a92d-42b832d93ff5,animal,Macropus fuliginosus,0.82,addaxai VIC,Macropodidae,macropodidae,macropus fuliginosus
43cf9f75-76ea-4724-919f-f4e769c9b4d9,sequenceID:1e384b46-d9a5-4905-90af-89cbd920cab6,1e384b46-d9a5-4905-90af-89cbd920cab6,1e384b46-d9a5-4905-90af-89cbd920cab6,8dcf470a-299d-42c7-a92d-42b832d93ff5,unclassified,Unclassified,0.92,addaxai VIC,Macropodidae,macropodidae,unclassified
2042dd3e-efd1-4aa7-9d45-5d21c5d8ae26,sequenceID:55470830-7d65-4268-a35b-a39d02ec0b2f,55470830-7d65-4268-a35b-a39d02ec0b2f,55470830-7d65-4268-a35b-a39d02ec0b2f,8dcf470a-299d-42c7-a92d-42b832d93ff5,animal,Macropus dorsalis,0.81,addaxai VIC,Macropodidae,macropodidae,macropus dorsalis
2042dd3e-efd1-4aa7-9d45-5d21c5d8ae26,sequenceID:55470830-7d65-4268-a35b-a39d02ec0b2f,55470830-7d65-4268-a35b-a39d02ec0b2f,55470830-7d65-4268-a35b-a39d02ec0b2f,8dcf470a-299d-42c7-a92d-42b832d93ff5,unclassified,Unclassified,0.69,addaxai VIC,Macropodidae,macropodidae,unclassified
2efbe50d-943b-47b2-b339-ddcc2267d09c,sequenceID:23c5f65f-b103-4d3f-a22e-ae94eedf3e1f,23c5f65f-b103-4d3f-a22e-ae94eedf3e1f,23c5f65f-b103-4d3f-a22e-ae94eedf3e1f,8dcf470a-299d-42c7-a92d-42b832d93ff5,animal,Mammalia,0.74,addaxai VIC,Macropodidae,macropodidae,mammalia
850a5660-fd00-4de7-aae6-6bade184406a,sequenceID:cbe0df91-8058-4454-b348-23f419083659,cbe0df91-8058-4454-b348-23f419083659,cbe0df91-8058-4454-b348-23f419083659,8dcf470a-299d-42c7-a92d-42b832d93ff5,animal,Macropus fuliginosus,0.77,addaxai VIC,Macropodidae,macropodidae,macropus fuliginosus
850a5660-fd00-4de7-aae6-6bade184406a,sequenceID:cbe0df91-8058-4454-b348-23f419083659,cbe0df91-8058-4454-b348-23f419083659,cbe0df91-8058-4454-b348-23f419083659,8dcf470a-299d-42c7-a92d-42b832d93ff5,unclassified,Unclassified,0.88,addaxai VIC,Macropodidae,macropodidae,unclassified
9974b049-dccd-40f7-8a77-181e9b36bbf9,sequenceID:ba10349f-4ddc-4a07-9e28-f9afcf185c5e,ba10349f-4ddc-4a07-9e28-f9afcf185c5e,ba10349f-4ddc-4a07-9e28-f9afcf185c5e,8dcf470a-299d-42c7-a92d-42b832d93ff5,unclassified,Unclassified,0.0,,Macropodidae,macropodidae,unclassified
578e596b-d7c0-4a49-9efc-9c6b9e6a1953,sequenceID:39c4553b-08a3-424a-8f1c-3c2ff11f3414,39c4553b-08a3-424a-8f1c-3c2ff11f3414,39c4553b-08a3-424a-8f1c-3c2ff11f3414,8dcf470a-299d-42c7-a92d-42b832d93ff5,animal,Macropus fuliginosus,0.95,addaxai VIC,Macropodidae,macropodidae,macropus fuliginosus
7578f6a7-3f11-4ed3-9348-03600c1848cc,sequenceID:a081aa01-d92f-43e0-8c4f-a85533c9c152,a081aa01-d92f-43e0-8c4f-a85533c9c152,a081aa01-d92f-43e0-8c4f-a85533c9c152,8dcf470a-299d-42c7-a92d-42b832d93ff5,unclassified,Unclassified,0.0,,Macropodidae,macropodidae,unclassified
df4fade8-b422-4a7f-abea-a98b6f8c3882,sequenceID:6a407921-d0a7-4743-bd53-b51a0b1cb708,6a407921-d0a7-4743-bd53-b51a0b1cb708,6a407921-d0a7-4743-bd53-b51a0b1cb708,8dcf470a-299d-42c7-a92d-42b832d93ff5,unclassified,Unclassified,0.0,,Macropodidae,macropodidae,unclassified
5bddca58-cb11-445c-b31e-0eb9782801c0,sequenceID:da49acd4-09e9-4f45-b0de-f23ec77e3683,da49acd4-09e9-4f45-b0de-f23ec77e3683,da49acd4-09e9-4f45-b0de-f23ec77e3683,8dcf470a-299d-42c7-a92d-42b832d93ff5,unclassified,Unclassified,0.0,,Macropodidae,macropodidae,unclassified
fa0c1b96-1d35-4cfd-89f3-2330b8df8cd7,sequenceID:134e3af2-33c5-4243-8bc0-5f35a9ddecf7,134e3af2-33c5-4243-8bc0-5f35a9ddecf7,134e3af2-33c5-4243-8bc0-5f35a9ddecf7,8dcf470a-299d-42c7-a92d-42b832d93ff5,unclassified,Unclassified,0.0,,Macropodidae,macropodidae,unclassified
34032263-0047-43e6-bd08-e5fc4cfacfa7,sequenceID:ed12b152-1367-40c7-9f73-c95ea04bf851,ed12b152-1367-40c7-9f73-c95ea04bf851,ed12b152-1367-40c7-9f73-c95ea04bf851,8dcf470a-299d-42c7-a92d-42b832d93ff5,animal,Mammalia,0.83,addaxai VIC,Macropodidae,macropodidae,mammalia
4b17f373-73df-4f65-9973-e50d378b227e,sequenceID:2d7f13d6-129c-4dec-b02f-ea04c2d476a7,2d7f13d6-129c-4dec-b02f-ea04c2d476a7,2d7f13d6-129c-4dec-b02f-ea04c2d476a7,8dcf470a-299d-42c7-a92d-42b832d93ff5,animal,Mammalia,0.87,addaxai VIC,Macropodidae,macropodidae,mammalia
a344a7b6-8048-4f2d-8c42-de5eefefad57,sequenceID:78651b7c-76c0-47c3-9496-e190a237bd1b,78651b7c-76c0-47c3-9496-e190a237bd1b,78651b7c-76c0-47c3-9496-e190a237bd1b,8dcf470a-299d-42c7-a92d-42b832d93ff5,unclassified,Unclassified,0.0,,Macropodidae,macropodidae,unclassified
7c246c92-e34c-4504-abf8-13e721abcca3,sequenceID:a81e2b14-d747-463e-9bb2-f14a0f54266c,a81e2b14-d747-463e-9bb2-f14a0f54266c,a81e2b14-d747-463e-9bb2-f14a0f54266c,8dcf470a-299d-42c7-a92d-42b832d93ff5,animal,Macropus dorsalis,0.91,addaxai VIC,Macropodidae,macropodidae,macropus dorsalis
42b3b44f-b348-4cf5-8d6a-1d5737d4a16c,sequenceID:037b354c-bc55-4331-9b66-2b1226e4850d,037b354c-bc55-4331-9b66-2b1226e4850d,037b354c-bc55-4331-9b66-2b1226e4850d,8dcf470a-299d-42c7-a92d-42b832d93ff5,animal,Macropus fuliginosus,0.97,addaxai VIC,Macropodidae,macropodidae,macropus fuliginosus
c2e1cfb5-5513-4bc4-9dfe-f414c3b09235,sequenceID:00d09b38-fb28-493c-aebd-1a88a3cd716b,00d09b38-fb28-493c-aebd-1a88a3cd716b,00d09b38-fb28-493c-aebd-1a88a3cd716b,8dcf470a-299d-42c7-a92d-42b832d93ff5,animal,Macropus fuliginosus,0.87,addaxai VIC,Macropodidae,macropodidae,macropus fuliginosus
e384e546-c16b-4b52-b8ad-ae5f0fe81ba5,sequenceID:ff958385-21d9-494a-85b6-8328bfce2dd1,ff958385-21d9-494a-85b6-8328bfce2dd1,ff958385-21d9-494a-85b6-8328bfce2dd1,8dcf470a-299d-42c7-a92d-42b832d93ff5,animal,Mammalia,0.79,addaxai VIC,Macropodidae,macropodidae,mammalia
e4fd6897-3781-4e33-a490-2774dba86e63,sequenceID:c51e1ada-7770-4a0a-87db-3ddae902b68b,c51e1ada-7770-4a0a-87db-3ddae902b68b,c51e1ada-7770-4a0a-87db-3ddae902b68b,8dcf470a-299d-42c7-a92d-42b832d93ff5,unclassified,Unclassified,0.66,addaxai VIC,Macropodidae,macropodidae,unclassified
0071e674-a8de-4143-a97f-b6955bd414e8,sequenceID:15fea333-3b3f-4a56-bb0c-e723e663d748,15fea333-3b3f-4a56-bb0c-e723e663d748,15fea333-3b3f-4a56-bb0c-e723e663d748,8dcf470a-299d-42c7-a92d-42b832d93ff5,animal,Macropus fuliginosus,0.7,addaxai VIC,Macropodidae,macropodidae,macropus fuliginosus
bbd94b17-b997-4361-8024-0d8b57492a39,sequenceID:e896859a-6a7b-47a6-b7b9-985b25c5e33b,e896859a-6a7b-47a6-b7b9-985b25c5e33b,e896859a-6a7b-47a6-b7b9-985b25c5e33b,8dcf470a-299d-42c7-a92d-42b832d93ff5,animal,Macropus fuliginosus,0.93,addaxai VIC,Macropodidae,macropodidae,macropus fuliginosus
9541d39b-f3d3-45a6-80a1-67def7a2f68a,sequenceID:2c2c647c-d3e5-4e58-b792-469fd222e612,2c2c647c-d3e5-4e58-b792-469fd222e612,2c2c647c-d3e5-4e58-b792-469fd222e612,8dcf470a-299d-42c7-a92d-42b832d93ff5,animal,Macropus fuliginosus,0.83,addaxai VIC,Macropodidae,macropodidae,macropus fuliginosus
d8a6b3e1-ffe6-4fa5-8fee-77b0c2034380,sequenceID:71d96c1b-5cf5-4756-88e7-faefdd69bf47,71d96c1b-5cf5-4756-88e7-faefdd69bf47,71d96c1b-5cf5-4756-88e7-faefdd69bf47,8dcf470a-299d-42c7-a92d-42b832d93ff5,animal,Macropus fuliginosus,0.87,addaxai VIC,Macropodidae,macropodidae,macropus fuliginosus
f3a9eb1b-4243-4c9d-aed5-09a99d15fa58,sequenceID:4a50821c-a7cc-405d-98b7-a8dfc4499fd1,4a50821c-a7cc-405d-98b7-a8dfc4499fd1,4a50821c-a7cc-405d-98b7-a8dfc4499fd1,8dcf470a-299d-42c7-a92d-42b832d93ff5,animal,Macropus fuliginosus,0.96,addaxai VIC,Macropodidae,macropodidae,macropus fuliginosus
50bdc839-d350-470b-82f2-98b666826c85,sequenceID:ead3f9ec-96fb-4b2b-89ae-cc435a9c452c,ead3f9ec-96fb-4b2b-89ae-cc435a9c452c,ead3f9ec-96fb-4b2b-89ae-cc435a9c452c,8dcf470a-299d-42c7-a92d-42b832d93ff5,animal,Mammalia,0.87,addaxai VIC,Macropodidae,macropodidae,mammalia
ad2aeb9d-ef2f-4cb1-af0c-0bd4e0fb3284,sequenceID:93c1343b-59fa-491b-8b94-a6e5d02a770e,93c1343b-59fa-491b-8b94-a6e5d02a770e,93c1343b-59fa-491b-8b94-a6e5d02a770e,8dcf470a-299d-42c7-a92d-42b832d93ff5,animal,Macropus dorsalis,0.94,addaxai VIC,Macropodidae,macropodidae,macropus dorsalis
d1b7c6ee-786e-4294-ad68-b21078c2363e,sequenceID:a722b222-277c-4f9f-a7e8-7644f99ef039,a722b222-277c-4f9f-a7e8-7644f99ef039,a722b222-277c-4f9f-a7e8-7644f99ef039,8dcf470a-299d-42c7-a92d-42b832d93ff5,animal,Macropus fuliginosus,0.68,addaxai VIC,Macropodidae,macropodidae,macropus fuliginosus
18e8b74e-edeb-4e17-8324-b66f15a47f75,sequenceID:3511a747-946a-4abc-86cb-a8b52a589566,3511a747-946a-4abc-86cb-a8b52a589566,3511a747-946a-4abc-86cb-a8b52a589566,8dcf470a-299d-42c7-a92d-42b832d93ff5,animal,Macropus fuliginosus,0.97,addaxai VIC,Macropodidae,macropodidae,macropus fuliginosus
ac7cea5d-96d4-41ee-bce2-22803db71573,sequenceID:f4211d15-a0f8-4d88-9241-6739f0a373a4,f4211d15-a0f8-4d88-9241-6739f0a373a4,f4211d15-a0f8-4d88-9241-6739f0a373a4,8dcf470a-299d-42c7-a92d-42b832d93ff5,animal,Macropus dorsalis,0.85,addaxai VIC,Macropodidae,macropodidae,macropus dorsalis
7ef44fe3-5c45-45d4-8c2f-f9248b5ec2a5,sequenceID:ffe71e5b-6675-4667-95d8-077b20fb11f9,ffe71e5b-6675-4667-95d8-077b20fb11f9,ffe71e5b-6675-4667-95d8-077b20fb11f9,8dcf470a-299d-42c7-a92d-42b832d93ff5,animal,Macropus fuliginosus,0.78,addaxai VIC,Macropodidae,macropodidae,macropus fuliginosus
cffac43f-c039-4a90-9bc6-756c1bc1d76a,sequenceID:94190ff6-27ea-46f8-8b64-2edb24816994,94190ff6-27ea-46f8-8b64-2edb24816994,94190ff6-27ea-46f8-8b64-2edb24816994,8dcf470a-299d-42c7-a92d-42b832d93ff5,animal,Mammalia,0.81,addaxai VIC,Macropodidae,macropodidae,mammalia
dc91dc77-dddb-4a31-b4b8-6323672544bb,sequenceID:52ab0c95-720f-4565-8009-bb6f0b44e6c9,52ab0c95-720f-4565-8009-bb6f0b44e6c9,52ab0c95-720f-4565-8009-bb6f0b44e6c9,8dcf470a-299d-42c7-a92d-42b832d93ff5,unclassified,Unclassified,0.0,,Macropodidae,macropodidae,unclassified
4ac4590d-0e84-4893-af0c-e207812bb68f,sequenceID:b555289c-a31d-4046-bfeb-c02004fb5c84,b555289c-a31d-4046-bfeb-c02004fb5c84,b555289c-a31d-4046-bfeb-c02004fb5c84,8dcf470a-299d-42c7-a92d-42b832d93ff5,unclassified,Unclassified,0.0,,Macropodidae,macropodidae,unclassified
c44a536b-291d-4101-bfdf-8a981340e57a,sequenceID:15b7113a-021f-459e-831d-78b268708ff1,15b7113a-021f-459e-831d-78b268708ff1,15b7113a-021f-459e-831d-78b268708ff1,8dcf470a-299d-42c7-a92d-42b832d93ff5,unclassified,Unclassified,0.72,addaxai VIC,Macropodidae,macropodidae,unclassified
5d9d2aa2-4eed-44f5-94dd-7e2c46b51167,sequenceID:501ed74e-c8e5-4705-8dee-bf5e229cdd33,501ed74e-c8e5-4705-8dee-bf5e229cdd33,501ed74e-c8e5-4705-8dee-bf5e229cdd33,8dcf470a-299d-42c7-a92d-42b832d93ff5,animal,Macropus dorsalis,0.74,addaxai VIC,Macropodidae,macropodidae,macropus dorsalis
ff829ae3-aedf-4fab-82c4-a30474ae7fdd,sequenceID:9204374f-be0c-4612-ab06-f20cd60213c4,9204374f-be0c-4612-ab06-f20cd60213c4,9204374f-be0c-4612-ab06-f20cd60213c4,8dcf470a-299d-42c7-a92d-42b832d93ff5,unclassified,Unclassified,0.0,,Macropodidae,macropodidae,unclassified
63b3650a-9fed-471d-bea1-6f9322c1333f,sequenceID:3ecef330-2ba4-4428-a559-c681faa43061,3ecef330-2ba4-4428-a559-c681faa43061,3ecef330-2ba4-4428-a559-c681faa43061,8dcf470a-299d-42c7-a92d-42b832d93ff5,animal,Macropus fuliginosus,0.91,addaxai VIC,Macropodidae,macropodidae,macropus fuliginosus
046eeff3-f0c4-4efd-96e0-7b59b0278d51,sequenceID:2a3102da-3ba9-45e7-ad02-443352f6994f,2a3102da-3ba9-45e7-ad02-443352f6994f,2a3102da-3ba9-45e7-ad02-443352f6994f,8dcf470a-299d-42c7-a92d-42b832d93ff5,animal,Macropus fuliginosus,0.92,addaxai VIC,Macropodidae,macropodidae,macropus fuliginosus
dd09d66e-7e33-479d-9845-07c927f1f862,sequenceID:df3675ad-ec4c-4cf5-85a2-e253d2979e53,df3675ad-ec4c-4cf5-85a2-e253d2979e53,df3675ad-ec4c-4cf5-85a2-e253d2979e53,8dcf470a-299d-42c7-a92d-42b832d93ff5,animal,Macropus giganteus,0.96,addaxai VIC,Macropodidae,macropodidae,macropus giganteus
b1c21387-3b9a-437a-8957-57fc5d3c480c,sequenceID:591a994e-3ff6-4266-8294-d85f37a9fa67,591a994e-3ff6-4266-8294-d85f37a9fa67,591a994e-3ff6-4266-8294-d85f37a9fa67,8dcf470a-299d-42c7-a92d-42b832d93ff5,animal,Macropus dorsalis,0.87,addaxai VIC,Macropodidae,macropodidae,macropus dorsalis
0972c014-63a1-49fc-a8d3-06ea5203edbe,sequenceID:9ea76f25-91fd-47c0-9781-0c2ca503691a,9ea76f25-91fd-47c0-9781-0c2ca503691a,9ea76f25-91fd-47c0-9781-0c2ca503691a,8dcf470a-299d-42c7-a92d-42b832d93ff5,animal,Macropus dorsalis,0.84,addaxai VIC,Macropodidae,macropodidae,macropus dorsalis
c046dc73-8234-4212-bc49-e43614bdd4f5,sequenceID:ba15734c-79e4-4cc0-9db3-4263609dce3e,ba15734c-79e4-4cc0-9db3-4263609dce3e,ba15734c-79e4-4cc0-9db3-4263609dce3e,8dcf470a-299d-42c7-a92d-42b832d93ff5,animal,Macropus fuliginosus,0.89,addaxai VIC,Macropodidae,macropodidae,macropus fuliginosus
af2cb69d-4898-4476-a00b-215ac61fc9b3,sequenceID:bb1ab5e7-1f44-40e5-8a18-4b2682bed94c,bb1ab5e7-1f44-40e5-8a18-4b2682bed94c,bb1ab5e7-1f44-40e5-8a18-4b2682bed94c,8dcf470a-299d-42c7-a92d-42b832d93ff5,animal,Mammalia,0.69,addaxai VIC,Macropodidae,macropodidae,mammalia
1e71252c-66a3-4321-8c90-cb13a009b1cb,sequenceID:435259db-7212-4daa-9b77-ba0634521380,435259db-7212-4daa-9b77-ba0634521380,435259db-7212-4daa-9b77-ba0634521380,8dcf470a-299d-42c7-a92d-42b832d93ff5,animal,Macropus fuliginosus,0.75,addaxai VIC,Macropodidae,macropodidae,macropus fuliginosus
977a10d0-864e-4df0-91b6-ab55bf8d3a11,sequenceID:36206a97-5482-4c8e-b235-761b5f2d18b4,36206a97-5482-4c8e-b235-761b5f2d18b4,36206a97-5482-4c8e-b235-761b5f2d18b4,8dcf470a-299d-42c7-a92d-42b832d93ff5,animal,Ovis aries,0.71,addaxai VIC,Macropodidae,macropodidae,ovis aries
3a56a908-4f33-4c77-b01c-a552a22f1055,sequenceID:78c0ab0b-82d4-46ac-84bc-4d7623b13b2a,78c0ab0b-82d4-46ac-84bc-4d7623b13b2a,78c0ab0b-82d4-46ac-84bc-4d7623b13b2a,8dcf470a-299d-42c7-a92d-42b832d93ff5,animal,Macropus giganteus,0.78,addaxai VIC,Macropodidae,macropodidae,macropus giganteus
c1380943-2b7f-413c-8c10-7713e6332587,sequenceID:fb209b08-fbca-4d6b-b7e6-392977cad29c,fb209b08-fbca-4d6b-b7e6-392977cad29c,fb209b08-fbca-4d6b-b7e6-392977cad29c,8dcf470a-299d-42c7-a92d-42b832d93ff5,animal,Macropus giganteus,0.9,addaxai VIC,Macropodidae,macropodidae,macropus giganteus
727a7165-9157-479e-a3d6-785bab5d5d33,sequenceID:d5a07007-25fb-48d3-b547-f436f688e837,d5a07007-25fb-48d3-b547-f436f688e837,d5a07007-25fb-48d3-b547-f436f688e837,8dcf470a-299d-42c7-a92d-42b832d93ff5,animal,Macropus dorsalis,0.9,addaxai VIC,Macropodidae,macropodidae,macropus dorsalis
1b7f3de4-af8d-457c-9566-e6943a70ad61,sequenceID:79e05fc3-14f9-4e21-ac37-e7754c634c2c,79e05fc3-14f9-4e21-ac37-e7754c634c2c,79e05fc3-14f9-4e21-ac37-e7754c634c2c,8dcf470a-299d-42c7-a92d-42b832d93ff5,animal,Macropus giganteus,0.7,addaxai VIC,Macropodidae,macropodidae,macropus giganteus
3dd57536-95af-465c-9dd6-a7588aa76c9c,sequenceID:a407f030-d9bd-48e5-9551-20a220f7a3ed,a407f030-d9bd-48e5-9551-20a220f7a3ed,a407f030-d9bd-48e5-9551-20a220f7a3ed,8dcf470a-299d-42c7-a92d-42b832d93ff5,animal,Macropus dorsalis,0.98,addaxai VIC,Macropodidae,macropodidae,macropus dorsalis
b4668aad-15bd-4317-8b55-2391ca383cba,sequenceID:d47dd873-04ef-4a79-a33b-54a583187ec7,d47dd873-04ef-4a79-a33b-54a583187ec7,d47dd873-04ef-4a79-a33b-54a583187ec7,8dcf470a-299d-42c7-a92d-42b832d93ff5,animal,Macropus giganteus,0.81,addaxai VIC,Macropodidae,macropodidae,macropus giganteus
469fb548-8d4f-4605-a37d-0a8c6169eaa4,sequenceID:9aa8cf81-a19c-49f1-b260-ca00a370dabc,9aa8cf81-a19c-49f1-b260-ca00a370dabc,9aa8cf81-a19c-49f1-b260-ca00a370dabc,8dcf470a-299d-42c7-a92d-42b832d93ff5,animal,Macropus dorsalis,0.94,addaxai VIC,Macropodidae,macropodidae,macropus dorsalis
b4238d8b-c7fc-4cbb-933e-aefa3a03c411,sequenceID:56f3d9cb-3edc-4eaa-859e-a4f7097d2132,56f3d9cb-3edc-4eaa-859e-a4f7097d2132,56f3d9cb-3edc-4eaa-859e-a4f7097d2132,8dcf470a-299d-42c7-a92d-42b832d93ff5,animal,Macropus fuliginosus,0.85,addaxai VIC,Macropodidae,macropodidae,macropus fuliginosus
60bee516-7929-4aeb-b657-3e25acb9c188,sequenceID:70152a31-3c86-466e-91ea-0d6be0b76a09,70152a31-3c86-466e-91ea-0d6be0b76a09,70152a31-3c86-466e-91ea-0d6be0b76a09,8dcf470a-299d-42c7-a92d-42b832d93ff5,animal,Macropus giganteus,0.77,addaxai VIC,Macropodidae,macropodidae,macropus giganteus
9686658a-1e4b-4567-8f9a-fbc67116962f,sequenceID:636e35e3-e614-4b17-a86e-b01384d70cb5,636e35e3-e614-4b17-a86e-b01384d70cb5,636e35e3-e614-4b17-a86e-b01384d70cb5,8dcf470a-299d-42c7-a92d-42b832d93ff5,animal,Macropus giganteus,0.71,addaxai VIC,Macropodidae,macropodidae,macropus giganteus
f584bf97-60a2-4060-9360-05f5f9cfb528,sequenceID:998f8711-920a-498e-8ae9-97e9116a90e4,998f8711-920a-498e-8ae9-97e9116a90e4,998f8711-920a-498e-8ae9-97e9116a90e4,8dcf470a-299d-42c7-a92d-42b832d93ff5,animal,Macropus dorsalis,0.83,addaxai VIC,Macropodidae,macropodidae,macropus dorsalis
bc66ed76-6364-483f-8363-3eba693b8f63,sequenceID:5e99d811-e0d7-4f70-890d-1be6f3e6877a,5e99d811-e0d7-4f70-890d-1be6f3e6877a,5e99d811-e0d7-4f70-890d-1be6f3e6877a,8dcf470a-299d-42c7-a92d-42b832d93ff5,animal,Mammalia,0.76,addaxai VIC,Macropodidae,macropodidae,mammalia
f1022545-f7ec-4e89-b09b-3e395bc4eb3c,sequenceID:1522b97d-b9d0-4aa9-874b-47b78ba3ed0f,1522b97d-b9d0-4aa9-874b-47b78ba3ed0f,1522b97d-b9d0-4aa9-874b-47b78ba3ed0f,8dcf470a-299d-42c7-a92d-42b832d93ff5,animal,Mammalia,0.96,addaxai VIC,Macropodidae,macropodidae,mammalia
2689c48a-9202-4eb7-9fae-dc94a3a1d1f4,sequenceID:987481a0-d535-4327-ad56-eeb2f0c0b49c,987481a0-d535-4327-ad56-eeb2f0c0b49c,987481a0-d535-4327-ad56-eeb2f0c0b49c,8dcf470a-299d-42c7-a92d-42b832d93ff5,animal,Mammalia,0.88,addaxai VIC,Macropodidae,macropodidae,mammalia
a1c7a098-03b7-4b2b-b367-aac022b278c2,sequenceID:22edc8e5-8da9-45d3-baa6-f0d8d0b8b804,22edc8e5-8da9-45d3-baa6-f0d8d0b8b804,22edc8e5-8da9-45d3-baa6-f0d8d0b8b804,8dcf470a-299d-42c7-a92d-42b832d93ff5,unclassified,Unclassified,0.77,addaxai VIC,Macropodidae,macropodidae,unclassified
0c207c74-ead8-4857-962e-ccec0afce4a4,sequenceID:999cc059-dfc0-48c0-a255-34368f8282bf,999cc059-dfc0-48c0-a255-34368f8282bf,999cc059-dfc0-48c0-a255-34368f8282bf,8dcf470a-299d-42c7-a92d-42b832d93ff5,animal,Macropus dorsalis,0.66,addaxai VIC,Macropodidae,macropodidae,macropus dorsalis
0c207c74-ead8-4857-962e-ccec0afce4a4,sequenceID:999cc059-dfc0-48c0-a255-34368f8282bf,999cc059-dfc0-48c0-a255-34368f8282bf,999cc059-dfc0-48c0-a255-34368f8282bf,8dcf470a-299d-42c7-a92d-42b832d93ff5,unclassified,Unclassified,0.8,addaxai VIC,Macropodidae,macropodidae,unclassified
a18e7499-6f14-4a99-9ba2-dea487039a85,sequenceID:7a961d10-09b5-4337-a3d3-caee66c0d0b5,7a961d10-09b5-4337-a3d3-caee66c0d0b5,7a961d10-09b5-4337-a3d3-caee66c0d0b5,8dcf470a-299d-42c7-a92d-42b832d93ff5,unclassified,Unclassified,0.0,,Macropodidae,macropodidae,unclassified
719013e9-adc5-48cb-a838-f818a26dce9a,sequenceID:cce77a20-edb4-4e40-8b46-7c44eb05dbc1,cce77a20-edb4-4e40-8b46-7c44eb05dbc1,cce77a20-edb4-4e40-8b46-7c44eb05dbc1,8dcf470a-299d-42c7-a92d-42b832d93ff5,animal,Macropus fuliginosus,0.96,addaxai VIC,Macropodidae,macropodidae,macropus fuliginosus
3eb64c5f-9d18-45bc-9e5c-8a1213496609,sequenceID:7d060739-9fa8-4c67-a2c2-2b6b49bdaa4b,7d060739-9fa8-4c67-a2c2-2b6b49bdaa4b,7d060739-9fa8-4c67-a2c2-2b6b49bdaa4b,8dcf470a-299d-42c7-a92d-42b832d93ff5,animal,Cervus elaphus,0.68,addaxai VIC,Macropodidae,macropodidae,cervus elaphus
87b48422-95db-4b37-8105-c53a01130915,sequenceID:0935e08b-5a89-4598-990f-ec6b1454baa8,0935e08b-5a89-4598-990f-ec6b1454baa8,0935e08b-5a89-4598-990f-ec6b1454baa8,8dcf470a-299d-42c7-a92d-42b832d93ff5,animal,Cervus elaphus,0.74,addaxai VIC,Macropodidae,macropodidae,cervus elaphus
8be6173a-5fd8-44cd-bc79-505bd1bb1ef8,sequenceID:3f8a7df7-e8bd-4779-ae83-d82e1818f516,3f8a7df7-e8bd-4779-ae83-d82e1818f516,3f8a7df7-e8bd-4779-ae83-d82e1818f516,8dcf470a-299d-42c7-a92d-42b832d93ff5,unclassified,Unclassified,0.87,addaxai VIC,Macropodidae,macropodidae,unclassified
4f3a8574-5189-4794-b3dd-3e0a88a1d6d7,sequenceID:232cad1f-9836-4e7a-af1f-2c39fb2fe6b2,232cad1f-9836-4e7a-af1f-2c39fb2fe6b2,232cad1f-9836-4e7a-af1f-2c39fb2fe6b2,8dcf470a-299d-42c7-a92d-42b832d93ff5,animal,Mammalia,0.85,addaxai VIC,Macropodidae,macropodidae,mammalia
b6ed33b1-029c-4c72-81f6-6005dddd6f3f,sequenceID:673f606d-1b80-4156-8a08-48e6139dd94e,673f606d-1b80-4156-8a08-48e6139dd94e,673f606d-1b80-4156-8a08-48e6139dd94e,8dcf470a-299d-42c7-a92d-42b832d93ff5,animal,Macropus fuliginosus,0.66,addaxai VIC,Macropodidae,macropodidae,macropus fuliginosus
b6ed33b1-029c-4c72-81f6-6005dddd6f3f,sequenceID:673f606d-1b80-4156-8a08-48e6139dd94e,673f606d-1b80-4156-8a08-48e6139dd94e,673f606d-1b80-4156-8a08-48e6139dd94e,8dcf470a-299d-42c7-a92d-42b832d93ff5,animal,Macropus dorsalis,0.67,addaxai VIC,Macropodidae,macropodidae,macropus dorsalis
fa13f5a5-2b59-4f68-abbb-5922ec88dc15,sequenceID:ff3f02f2-6272-4416-9f58-08ec084f050a,ff3f02f2-6272-4416-9f58-08ec084f050a,ff3f02f2-6272-4416-9f58-08ec084f050a,8dcf470a-299d-42c7-a92d-42b832d93ff5,animal,Macropus giganteus,0.84,addaxai VIC,Macropodidae,macropodidae,macropus giganteus
d0882734-0d59-4c9f-889b-f5d13e08225f,sequenceID:81ca10e3-ec7c-4615-99c7-1480f11d0752,81ca10e3-ec7c-4615-99c7-1480f11d0752,81ca10e3-ec7c-4615-99c7-1480f11d0752,8dcf470a-299d-42c7-a92d-42b832d93ff5,animal,Macropus dorsalis,0.86,addaxai VIC,Macropodidae,macropodidae,macropus dorsalis
f7b555b2-8980-4d58-8a70-33058af5e79f,sequenceID:d6439458-60a7-4f51-9328-b64dcb8bbe16,d6439458-60a7-4f51-9328-b64dcb8bbe16,d6439458-60a7-4f51-9328-b64dcb8bbe16,8dcf470a-299d-42c7-a92d-42b832d93ff5,unclassified,Unclassified,0.71,addaxai VIC,Macropodidae,macropodidae,unclassified
1defcada-24e9-4501-b5ef-314eaeb5ab22,sequenceID:b4aa40dd-327c-427e-85b5-c205b82f0b4e,b4aa40dd-327c-427e-85b5-c205b82f0b4e,b4aa40dd-327c-427e-85b5-c205b82f0b4e,8dcf470a-299d-42c7-a92d-42b832d93ff5,unclassified,Unclassified,0.0,,Macropodidae,macropodidae,unclassified
5efe25e3-c082-4cf5-922b-71432ee57db5,sequenceID:50cdd66b-a315-4c70-a9ad-5506deb2a716,50cdd66b-a315-4c70-a9ad-5506deb2a716,50cdd66b-a315-4c70-a9ad-5506deb2a716,8dcf470a-299d-42c7-a92d-42b832d93ff5,unclassified,Unclassified,0.97,addaxai VIC,Macropodidae,macropodidae,unclassified
a1d47f1f-e35c-496f-a1ab-f2eeeed69e2c,sequenceID:643e3d80-056e-4b43-a2c9-2f7c20a20874,643e3d80-056e-4b43-a2c9-2f7c20a20874,643e3d80-056e-4b43-a2c9-2f7c20a20874,8dcf470a-299d-42c7-a92d-42b832d93ff5,animal,Macropus giganteus,0.66,addaxai VIC,Macropodidae,macropodidae,macropus giganteus
0f0a37ba-7b0b-4617-93ba-b70bee731dba,sequenceID:4056a346-54ce-4c7c-8cb3-5a67424db826,4056a346-54ce-4c7c-8cb3-5a67424db826,4056a346-54ce-4c7c-8cb3-5a67424db826,8dcf470a-299d-42c7-a92d-42b832d93ff5,animal,Macropus giganteus,0.67,addaxai VIC,Macropodidae,macropodidae,macropus giganteus
75efa925-c3c4-4b6d-8ae2-106da18c040e,sequenceID:46e9302d-a827-4148-abdb-5e2447d691e2,46e9302d-a827-4148-abdb-5e2447d691e2,46e9302d-a827-4148-abdb-5e2447d691e2,8dcf470a-299d-42c7-a92d-42b832d93ff5,animal,Mammalia,0.83,addaxai VIC,Macropodidae,macropodidae,mammalia
d78f03ea-ea72-4358-b36f-94cd10c15622,sequenceID:7c03909c-08a2-45c5-a994-28096bc1bc3d,7c03909c-08a2-45c5-a994-28096bc1bc3d,7c03909c-08a2-45c5-a994-28096bc1bc3d,8dcf470a-299d-42c7-a92d-42b832d93ff5,animal,Macropus giganteus,0.7,addaxai VIC,Macropodidae,macropodidae,macropus giganteus
e78a6f8c-bf5b-4977-bdd6-72846b2fe0f2,sequenceID:8e856697-9fcb-440e-842d-9a7c5607bde1,8e856697-9fcb-440e-842d-9a7c5607bde1,8e856697-9fcb-440e-842d-9a7c5607bde1,8dcf470a-299d-42c7-a92d-42b832d93ff5,animal,Macropus giganteus,0.65,addaxai VIC,Macropodidae,macropodidae,macropus giganteus
5821d159-8f70-4296-bb41-e335d68eb06f,sequenceID:259ebe49-4cc9-4cfa-8f60-82b2550db144,259ebe49-4cc9-4cfa-8f60-82b2550db144,259ebe49-4cc9-4cfa-8f60-82b2550db144,8dcf470a-299d-42c7-a92d-42b832d93ff5,animal,Macropus giganteus,0.96,addaxai VIC,Macropodidae,macropodidae,macropus giganteus
825c91a2-a7db-4b50-b768-0c8dcd67f953,sequenceID:bbedbc5c-f25a-4270-9301-be425ad2aaa8,bbedbc5c-f25a-4270-9301-be425ad2aaa8,bbedbc5c-f25a-4270-9301-be425ad2aaa8,8dcf470a-299d-42c7-a92d-42b832d93ff5,animal,Macropus giganteus,0.78,addaxai VIC,Macropodidae,macropodidae,macropus giganteus
0bc5a396-9fd8-4ef6-9d0d-b96836d52b2c,sequenceID:ca1a3b61-94a7-4da0-ba69-d181a7832c62,ca1a3b61-94a7-4da0-ba69-d181a7832c62,ca1a3b61-94a7-4da0-ba69-d181a7832c62,8dcf470a-299d-42c7-a92d-42b832d93ff5,animal,Mammalia,0.67,addaxai VIC,Macropodidae,macropodidae,mammalia
15d770a9-ad2c-4877-a777-2251388ea9d0,sequenceID:c942bf10-5955-4e78-9fc1-b05c4499d737,c942bf10-5955-4e78-9fc1-b05c4499d737,c942bf10-5955-4e78-9fc1-b05c4499d737,8dcf470a-299d-42c7-a92d-42b832d93ff5,animal,Macropus fuliginosus,0.81,addaxai VIC,Macropodidae,macropodidae,macropus fuliginosus
df3910ce-7d18-4938-8dd1-d7679ec60a65,sequenceID:37489369-9757-41db-9766-f56151bea7e2,37489369-9757-41db-9766-f56151bea7e2,37489369-9757-41db-9766-f56151bea7e2,8dcf470a-299d-42c7-a92d-42b832d93ff5,animal,Macropus fuliginosus,0.95,addaxai VIC,Macropodidae,macropodidae,macropus fuliginosus
6c3066f5-d68a-40c1-947d-c8b81c55b545,sequenceID:55cc92b1-832a-4535-a7e6-53c2e2b2cdd3,55cc92b1-832a-4535-a7e6-53c2e2b2cdd3,55cc92b1-832a-4535-a7e6-53c2e2b2cdd3,8dcf470a-299d-42c7-a92d-42b832d93ff5,unclassified,Unclassified,0.92,addaxai VIC,Macropodidae,macropodidae,unclassified
d54b73e1-7c7f-4f05-8063-025a8b3cbbfb,sequenceID:fb64012e-fa48-4860-9b22-11132de8deaf,fb64012e-fa48-4860-9b22-11132de8deaf,fb64012e-fa48-4860-9b22-11132de8deaf,8dcf470a-299d-42c7-a92d-42b832d93ff5,animal,Macropus fuliginosus,0.79,addaxai VIC,Macropodidae,macropodidae,macropus fuliginosus
a9bcd0b0-5df9-4bf2-a5c0-2dbbe5cdbfec,sequenceID:6f9f6de1-bdde-4a48-b599-8cc625a4d761,6f9f6de1-bdde-4a48-b599-8cc625a4d761,6f9f6de1-bdde-4a48-b599-8cc625a4d761,8dcf470a-299d-42c7-a92d-42b832d93ff5,animal,Mammalia,0.73,addaxai VIC,Macropodidae,macropodidae,mammalia
03d85480-7fe0-486e-90a9-5d33de1c4e59,sequenceID:3c570d58-2e90-4ddc-8d71-0e61ce4277d0,3c570d58-2e90-4ddc-8d71-0e61ce4277d0,3c570d58-2e90-4ddc-8d71-0e61ce4277d0,8dcf470a-299d-42c7-a92d-42b832d93ff5,animal,Macropus dorsalis,0.82,addaxai VIC,Macropodidae,macropodidae,macropus dorsalis
6a722001-e76f-476a-a363-9369dfd12b2e,sequenceID:8f70deed-dcd6-4103-aace-332659bb0626,8f70deed-dcd6-4103-aace-332659bb0626,8f70deed-dcd6-4103-aace-332659bb0626,8dcf470a-299d-42c7-a92d-42b832d93ff5,animal,Mammalia,0.79,addaxai VIC,Macropodidae,macropodidae,mammalia
1a4b7cf6-b6f1-496a-9209-28df959fd6a1,sequenceID:d95ba7a8-1006-4a27-92a9-c167d8cb00d0,d95ba7a8-1006-4a27-92a9-c167d8cb00d0,d95ba7a8-1006-4a27-92a9-c167d8cb00d0,8dcf470a-299d-42c7-a92d-42b832d93ff5,animal,Macropus dorsalis,0.82,addaxai VIC,Macropodidae,macropodidae,macropus dorsalis
8bd23cdb-5e39-4a06-8aba-76ed93b436ba,sequenceID:b3d75b9e-3697-4870-abae-18f1f9c03412,b3d75b9e-3697-4870-abae-18f1f9c03412,b3d75b9e-3697-4870-abae-18f1f9c03412,8dcf470a-299d-42c7-a92d-42b832d93ff5,animal,Macropus dorsalis,0.67,addaxai VIC,Macropodidae,macropodidae,macropus dorsalis
dcd8166b-2784-47c3-8ee1-99728717ba4a,sequenceID:abad790c-d020-4a5f-84ff-de28e1acfd0d,abad790c-d020-4a5f-84ff-de28e1acfd0d,abad790c-d020-4a5f-84ff-de28e1acfd0d,8dcf470a-299d-42c7-a92d-42b832d93ff5,animal,Cervidae,0.69,addaxai VIC,Macropodidae,macropodidae,cervidae
997a248a-d353-4c3e-8008-865597179a0d,sequenceID:0b92b37e-4b1e-40ba-96c2-fc0f256f898f,0b92b37e-4b1e-40ba-96c2-fc0f256f898f,0b92b37e-4b1e-40ba-96c2-fc0f256f898f,8dcf470a-299d-42c7-a92d-42b832d93ff5,unclassified,Unclassified,0.83,addaxai VIC,Macropodidae,macropodidae,unclassified
8dfa3b8e-8ea1-4259-813d-312bf6b88f67,sequenceID:e6bf0c5b-e5f8-41e9-9326-007344b9fd56,e6bf0c5b-e5f8-41e9-9326-007344b9fd56,e6bf0c5b-e5f8-41e9-9326-007344b9fd56,8dcf470a-299d-42c7-a92d-42b832d93ff5,animal,Mammalia,0.69,addaxai VIC,Macropodidae,macropodidae,mammalia
538294ca-c2ee-4fe0-96eb-ba0967b564b9,sequenceID:7fad32b8-c23c-49d3-867a-b9b488f454f3,7fad32b8-c23c-49d3-867a-b9b488f454f3,7fad32b8-c23c-49d3-867a-b9b488f454f3,8dcf470a-299d-42c7-a92d-42b832d93ff5,animal,Macropus dorsalis,0.89,addaxai VIC,Macropodidae,macropodidae,macropus dorsalis
87411b93-3a59-4a13-8a06-9bcb16042efb,sequenceID:b8fc31af-d83f-43ef-9def-53992e0d1eb7,b8fc31af-d83f-43ef-9def-53992e0d1eb7,b8fc31af-d83f-43ef-9def-53992e0d1eb7,8dcf470a-299d-42c7-a92d-42b832d93ff5,unclassified,Unclassified,0.0,,Macropodidae,macropodidae,unclassified
fede3875-183c-4543-8694-57fde39a8625,sequenceID:6e7523e2-9c03-4636-8de9-26fc2c702929,6e7523e2-9c03-4636-8de9-26fc2c702929,6e7523e2-9c03-4636-8de9-26fc2c702929,8dcf470a-299d-42c7-a92d-42b832d93ff5,unclassified,Unclassified,0.0,,Macropodidae,macropodidae,unclassified
9e53f241-b806-48af-8a2c-a7d2182c0f00,sequenceID:0e85afb9-7b21-4eaf-a8ec-2c70ac1efa69,0e85afb9-7b21-4eaf-a8ec-2c70ac1efa69,0e85afb9-7b21-4eaf-a8ec-2c70ac1efa69,8dcf470a-299d-42c7-a92d-42b832d93ff5,unclassified,Unclassified,0.0,,Macropodidae,macropodidae,unclassified
63de3fee-d687-4f1b-96cf-8f06e2747878,sequenceID:26b74cb2-a132-4768-a899-f7d002b4f939,26b74cb2-a132-4768-a899-f7d002b4f939,26b74cb2-a132-4768-a899-f7d002b4f939,8dcf470a-299d-42c7-a92d-42b832d93ff5,unclassified,Unclassified,0.0,,Macropodidae,macropodidae,unclassified
2463a0bb-daa2-4284-a5ec-14fa26e15657,sequenceID:7fe43274-9263-4e83-a052-b750c5e1cc92,7fe43274-9263-4e83-a052-b750c5e1cc92,7fe43274-9263-4e83-a052-b750c5e1cc92,8dcf470a-299d-42c7-a92d-42b832d93ff5,animal,Macropus fuliginosus,0.7,addaxai VIC,Macropodidae,macropodidae,macropus fuliginosus
d8dc60a3-4beb-4909-b4cc-84fbf69849ea,sequenceID:42b04310-a228-4f75-b18d-4277d1a26bb7,42b04310-a228-4f75-b18d-4277d1a26bb7,42b04310-a228-4f75-b18d-4277d1a26bb7,8dcf470a-299d-42c7-a92d-42b832d93ff5,unclassified,Unclassified,0.0,,Macropodidae,macropodidae,unclassified
55ee3116-af7b-4478-a22f-2c4e46fb23d2,sequenceID:a1ac22d6-554b-4dae-ae87-fa55db4bbf1a,a1ac22d6-554b-4dae-ae87-fa55db4bbf1a,a1ac22d6-554b-4dae-ae87-fa55db4bbf1a,8dcf470a-299d-42c7-a92d-42b832d93ff5,animal,Mammalia,0.67,addaxai VIC,Macropodidae,macropodidae,mammalia
12383864-a4e8-4034-942e-1c934ef472e7,sequenceID:8433c792-3dae-43ad-ad58-ee326208d7dc,8433c792-3dae-43ad-ad58-ee326208d7dc,8433c792-3dae-43ad-ad58-ee326208d7dc,8dcf470a-299d-42c7-a92d-42b832d93ff5,animal,Macropus fuliginosus,0.83,addaxai VIC,Macropodidae,macropodidae,macropus fuliginosus
3af5beb4-3543-434a-a15b-e5c35df99016,sequenceID:34a33efc-7fc6-470a-b756-692829baba2f,34a33efc-7fc6-470a-b756-692829baba2f,34a33efc-7fc6-470a-b756-692829baba2f,8dcf470a-299d-42c7-a92d-42b832d93ff5,animal,Macropus giganteus,0.67,addaxai VIC,Macropodidae,macropodidae,macropus giganteus
f6b82f4f-8844-49a9-86d7-7ad0664ef1e1,sequenceID:d21564fb-150b-4774-92ad-36f66b78efe2,d21564fb-150b-4774-92ad-36f66b78efe2,d21564fb-150b-4774-92ad-36f66b78efe2,8dcf470a-299d-42c7-a92d-42b832d93ff5,animal,Macropus dorsalis,0.91,addaxai VIC,Macropodidae,macropodidae,macropus dorsalis
7a55d31b-18ab-47e6-b7b3-b73199a6ab51,sequenceID:d9dfd03c-173a-4257-a387-7c3c4cd2064f,d9dfd03c-173a-4257-a387-7c3c4cd2064f,d9dfd03c-173a-4257-a387-7c3c4cd2064f,8dcf470a-299d-42c7-a92d-42b832d93ff5,animal,Macropus giganteus,0.93,addaxai VIC,Macropodidae,macropodidae,macropus giganteus
7a55d31b-18ab-47e6-b7b3-b73199a6ab51,sequenceID:d9dfd03c-173a-4257-a387-7c3c4cd2064f,d9dfd03c-173a-4257-a387-7c3c4cd2064f,d9dfd03c-173a-4257-a387-7c3c4cd2064f,8dcf470a-299d-42c7-a92d-42b832d93ff5,unclassified,Unclassified,0.82,addaxai VIC,Macropodidae,macropodidae,unclassified
1423b384-94af-40be-bcb0-bc26222a9065,sequenceID:9784464d-0f7d-46ae-99d5-e3629a70b9e1,9784464d-0f7d-46ae-99d5-e3629a70b9e1,9784464d-0f7d-46ae-99d5-e3629a70b9e1,8dcf470a-299d-42c7-a92d-42b832d93ff5,animal,Macropus fuliginosus,0.73,addaxai VIC,Macropodidae,macropodidae,macropus fuliginosus
fe3f463b-e92c-4236-9b9f-409edd29ccbc,sequenceID:0922df83-fab0-4e59-a820-dc156a643c74,0922df83-fab0-4e59-a820-dc156a643c74,0922df83-fab0-4e59-a820-dc156a643c74,8dcf470a-299d-42c7-a92d-42b832d93ff5,animal,Macropus fuliginosus,0.88,addaxai VIC,Macropodidae,macropodidae,macropus fuliginosus
43fcd3c1-0590-4885-9b17-00c3e477e86e,sequenceID:302a99d1-0a13-4932-a1d8-39de5e81acfd,302a99d1-0a13-4932-a1d8-39de5e81acfd,302a99d1-0a13-4932-a1d8-39de5e81acfd,8dcf470a-299d-42c7-a92d-42b832d93ff5,unclassified,Unclassified,0.0,,Macropodidae,macropodidae,unclassified
4c4f5fa9-88e9-4a88-807a-fed768d76e2e,sequenceID:1e76759d-e424-47e9-adee-c9195e490799,1e76759d-e424-47e9-adee-c9195e490799,1e76759d-e424-47e9-adee-c9195e490799,8dcf470a-299d-42c7-a92d-42b832d93ff5,unclassified,Unclassified,0.0,,Macropodidae,macropodidae,unclassified
1424501d-a570-47f9-a638-b66ff40e9d68,sequenceID:6e472eb8-3fa2-4808-9bf4-45d97dee3dd5,6e472eb8-3fa2-4808-9bf4-45d97dee3dd5,6e472eb8-3fa2-4808-9bf4-45d97dee3dd5,8dcf470a-299d-42c7-a92d-42b832d93ff5,animal,Macropus dorsalis,0.82,addaxai VIC,Macropodidae,macropodidae,macropus dorsalis
1424501d-a570-47f9-a638-b66ff40e9d68,sequenceID:6e472eb8-3fa2-4808-9bf4-45d97dee3dd5,6e472eb8-3fa2-4808-9bf4-45d97dee3dd5,6e472eb8-3fa2-4808-9bf4-45d97dee3dd5,8dcf470a-299d-42c7-a92d-42b832d93ff5,animal,Macropus fuliginosus,0.72,addaxai VIC,Macropodidae,macropodidae,macropus fuliginosus
8228a707-0e0c-41a4-b74c-707dafeae793,sequenceID:05034ff8-a0d0-4f71-bacc-225a509d1679,05034ff8-a0d0-4f71-bacc-225a509d1679,05034ff8-a0d0-4f71-bacc-225a509d1679,8dcf470a-299d-42c7-a92d-42b832d93ff5,animal,Macropus fuliginosus,0.89,addaxai VIC,Macropodidae,macropodidae,macropus fuliginosus
8228a707-0e0c-41a4-b74c-707dafeae793,sequenceID:05034ff8-a0d0-4f71-bacc-225a509d1679,05034ff8-a0d0-4f71-bacc-225a509d1679,05034ff8-a0d0-4f71-bacc-225a509d1679,8dcf470a-299d-42c7-a92d-42b832d93ff5,animal,Macropus giganteus,0.9,addaxai VIC,Macropodidae,macropodidae,macropus giganteus
800a29e3-9add-4c89-947c-bb1fce5aa2b9,sequenceID:052c0093-6ca6-426d-9716-7df3a0c731ff,052c0093-6ca6-426d-9716-7df3a0c731ff,052c0093-6ca6-426d-9716-7df3a0c731ff,8dcf470a-299d-42c7-a92d-42b832d93ff5,animal,Macropus giganteus,0.66,addaxai VIC,Macropodidae,macropodidae,macropus giganteus
487ff66c-811f-404c-90f4-16d14938bbe2,sequenceID:5871da28-3619-477a-b7da-9a0502e60e51,5871da28-3619-477a-b7da-9a0502e60e51,5871da28-3619-477a-b7da-9a0502e60e51,8dcf470a-299d-42c7-a92d-42b832d93ff5,unclassified,Unclassified,0.0,,Macropodidae,macropodidae,unclassified
5f210cb3-787a-4433-bb0f-bf2963e3dd0f,sequenceID:ba57e172-f437-4f78-9fb7-65682ffbee7b,ba57e172-f437-4f78-9fb7-65682ffbee7b,ba57e172-f437-4f78-9fb7-65682ffbee7b,8dcf470a-299d-42c7-a92d-42b832d93ff5,unclassified,Unclassified,0.0,,Macropodidae,macropodidae,unclassified
dafafd19-baf3-443b-9ac2-1189c1c7729a,sequenceID:6e448ff8-8647-4efe-a880-5d22f98558eb,6e448ff8-8647-4efe-a880-5d22f98558eb,6e448ff8-8647-4efe-a880-5d22f98558eb,8dcf470a-299d-42c7-a92d-42b832d93ff5,unclassified,Unclassified,0.0,,Macropodidae,macropodidae,unclassified
15ad7dd8-94e8-4964-badc-575eef017ad1,sequenceID:637377e5-48ed-41a6-88da-b8cc7dd8e6ec,637377e5-48ed-41a6-88da-b8cc7dd8e6ec,637377e5-48ed-41a6-88da-b8cc7dd8e6ec,8dcf470a-299d-42c7-a92d-42b832d93ff5,animal,Macropus fuliginosus,0.65,addaxai VIC,Macropodidae,macropodidae,macropus fuliginosus
1bfb0102-82ae-44de-a732-8dca109dbc00,sequenceID:b371df1c-df04-437a-af6c-f495356a0d4c,b371df1c-df04-437a-af6c-f495356a0d4c,b371df1c-df04-437a-af6c-f495356a0d4c,8dcf470a-299d-42c7-a92d-42b832d93ff5,unclassified,Unclassified,0.67,addaxai VIC,Macropodidae,macropodidae,unclassified
37ed9de0-cc0f-4473-8934-3a384695ef35,sequenceID:6009ab73-eecd-425a-851c-515ccb3018ef,6009ab73-eecd-425a-851c-515ccb3018ef,6009ab73-eecd-425a-851c-515ccb3018ef,8dcf470a-299d-42c7-a92d-42b832d93ff5,animal,Macropus fuliginosus,0.78,addaxai VIC,Macropodidae,macropodidae,macropus fuliginosus
37ed9de0-cc0f-4473-8934-3a384695ef35,sequenceID:6009ab73-eecd-425a-851c-515ccb3018ef,6009ab73-eecd-425a-851c-515ccb3018ef,6009ab73-eecd-425a-851c-515ccb3018ef,8dcf470a-299d-42c7-a92d-42b832d93ff5,animal,Macropus giganteus,0.76,addaxai VIC,Macropodidae,macropodidae,macropus giganteus
d0168be6-0302-4a7c-bc9d-7027e86cfaf9,sequenceID:d29e31ef-2568-4bf3-b627-5b7e962c5d89,d29e31ef-2568-4bf3-b627-5b7e962c5d89,d29e31ef-2568-4bf3-b627-5b7e962c5d89,8dcf470a-299d-42c7-a92d-42b832d93ff5,animal,Macropus dorsalis,0.87,addaxai VIC,Macropodidae,macropodidae,macropus dorsalis
d0168be6-0302-4a7c-bc9d-7027e86cfaf9,sequenceID:d29e31ef-2568-4bf3-b627-5b7e962c5d89,d29e31ef-2568-4bf3-b627-5b7e962c5d89,d29e31ef-2568-4bf3-b627-5b7e962c5d89,8dcf470a-299d-42c7-a92d-42b832d93ff5,unclassified,Unclassified,0.72,addaxai VIC,Macropodidae,macropodidae,unclassified
1e1f5e61-a1c9-4e20-9542-ce553d300476,sequenceID:48d65b34-8138-4c5a-b2a5-14ff16aee613,48d65b34-8138-4c5a-b2a5-14ff16aee613,48d65b34-8138-4c5a-b2a5-14ff16aee613,8dcf470a-299d-42c7-a92d-42b832d93ff5,unclassified,Unclassified,0.0,,Macropodidae,macropodidae,unclassified
656ad317-713e-4cbc-b38c-9af0f400b30b,sequenceID:7ffeba1d-cc03-443d-b308-a50d57486f3f,7ffeba1d-cc03-443d-b308-a50d57486f3f,7ffeba1d-cc03-443d-b308-a50d57486f3f,8dcf470a-299d-42c7-a92d-42b832d93ff5,unclassified,Unclassified,0.0,,Macropodidae,macropodidae,unclassified
47058ce8-7b62-42ea-b0c7-b2682513d426,sequenceID:b5763924-fd26-4b56-8bbc-dde8101c3dd8,b5763924-fd26-4b56-8bbc-dde8101c3dd8,b5763924-fd26-4b56-8bbc-dde8101c3dd8,8dcf470a-299d-42c7-a92d-42b832d93ff5,unclassified,Unclassified,0.0,,Macropodidae,macropodidae,unclassified
56ae024b-3256-4e77-a42e-0875d2ecb48a,sequenceID:988e453a-61b2-413d-9743-0dfbcfe319dc,988e453a-61b2-413d-9743-0dfbcfe319dc,988e453a-61b2-413d-9743-0dfbcfe319dc,8dcf470a-299d-42c7-a92d-42b832d93ff5,unclassified,Unclassified,0.0,,Macropodidae,macropodidae,unclassified
98bc13e4-ca19-4c15-be49-efa0774158b7,sequenceID:30a21055-677b-4a87-8b15-8034ca340044,30a21055-677b-4a87-8b15-8034ca340044,30a21055-677b-4a87-8b15-8034ca340044,8dcf470a-299d-42c7-a92d-42b832d93ff5,animal,Macropus fuliginosus,0.97,addaxai VIC,Macropodidae,macropodidae,macropus fuliginosus
fd3fe93d-88f1-4151-9f80-5db8a45280c7,sequenceID:a1f5f3bd-d317-4ed7-9ecd-7bb348fa118b,a1f5f3bd-d317-4ed7-9ecd-7bb348fa118b,a1f5f3bd-d317-4ed7-9ecd-7bb348fa118b,8dcf470a-299d-42c7-a92d-42b832d93ff5,animal,Macropus fuliginosus,0.92,addaxai VIC,Macropodidae,macropodidae,macropus fuliginosus
1a677a15-ee86-435a-8c9d-dbfdf80d5d22,sequenceID:23a811ad-550c-4044-9fc2-ed897ed67ff5,23a811ad-550c-4044-9fc2-ed897ed67ff5,23a811ad-550c-4044-9fc2-ed897ed67ff5,8dcf470a-299d-42c7-a92d-42b832d93ff5,animal,Macropus fuliginosus,0.9,addaxai VIC,Macropodidae,macropodidae,macropus fuliginosus
9eb47362-9606-4105-976f-9871ead3838f,sequenceID:06d2577e-80f2-40d5-b1aa-038583ed0ee6,06d2577e-80f2-40d5-b1aa-038583ed0ee6,06d2577e-80f2-40d5-b1aa-038583ed0ee6,8dcf470a-299d-42c7-a92d-42b832d93ff5,unclassified,Unclassified,0.0,,Macropodidae,macropodidae,unclassified
8c423091-2b0a-4177-b62f-83d30746ca9a,sequenceID:b392963e-92ed-41aa-89b9-666a62af2478,b392963e-92ed-41aa-89b9-666a62af2478,b392963e-92ed-41aa-89b9-666a62af2478,8dcf470a-299d-42c7-a92d-42b832d93ff5,animal,Macropus dorsalis,0.78,addaxai VIC,Macropodidae,macropodidae,macropus dorsalis
de1835f5-3bb4-4d50-a13a-cf0236a5cad9,sequenceID:13827104-7e07-40b6-9b20-b0092a0a3a23,13827104-7e07-40b6-9b20-b0092a0a3a23,13827104-7e07-40b6-9b20-b0092a0a3a23,8dcf470a-299d-42c7-a92d-42b832d93ff5,unclassified,Unclassified,0.0,,Macropodidae,macropodidae,unclassified
9bb19043-edb5-4245-90ed-4a784b1b01a7,sequenceID:f7975bcb-b8ca-4b22-a24d-08aa903c9f7e,f7975bcb-b8ca-4b22-a24d-08aa903c9f7e,f7975bcb-b8ca-4b22-a24d-08aa903c9f7e,8dcf470a-299d-42c7-a92d-42b832d93ff5,animal,Mammalia,0.67,addaxai VIC,Macropodidae,macropodidae,mammalia
9bb19043-edb5-4245-90ed-4a784b1b01a7,sequenceID:f7975bcb-b8ca-4b22-a24d-08aa903c9f7e,f7975bcb-b8ca-4b22-a24d-08aa903c9f7e,f7975bcb-b8ca-4b22-a24d-08aa903c9f7e,8dcf470a-299d-42c7-a92d-42b832d93ff5,unclassified,Unclassified,0.9,addaxai VIC,Macropodidae,macropodidae,unclassified
35b220c4-d972-4358-911d-e61b87202473,sequenceID:605b4a1b-cf39-48d8-a4b5-04d379516930,605b4a1b-cf39-48d8-a4b5-04d379516930,605b4a1b-cf39-48d8-a4b5-04d379516930,8dcf470a-299d-42c7-a92d-42b832d93ff5,unclassified,Unclassified,0.0,,Macropodidae,macropodidae,unclassified
a9d45e0b-074e-4556-9fd1-d7a1c0c5c4dd,sequenceID:ecd1ffd1-3082-48e6-9002-db92b89bb17f,ecd1ffd1-3082-48e6-9002-db92b89bb17f,ecd1ffd1-3082-48e6-9002-db92b89bb17f,8dcf470a-299d-42c7-a92d-42b832d93ff5,animal,Macropus dorsalis,0.7,addaxai VIC,Macropodidae,macropodidae,macropus dorsalis
b8479b17-4941-4916-88af-7ce015ee3e66,sequenceID:feb4f898-4aef-404a-b806-68b0d91d1a8a,feb4f898-4aef-404a-b806-68b0d91d1a8a,feb4f898-4aef-404a-b806-68b0d91d1a8a,8dcf470a-299d-42c7-a92d-42b832d93ff5,animal,Macropus fuliginosus,0.93,addaxai VIC,Macropodidae,macropodidae,macropus fuliginosus
1a27335c-9483-4a25-9bab-0c6ef144a611,sequenceID:08e3fb93-b3f2-40e0-94d3-77ed25ff17e4,08e3fb93-b3f2-40e0-94d3-77ed25ff17e4,08e3fb93-b3f2-40e0-94d3-77ed25ff17e4,8dcf470a-299d-42c7-a92d-42b832d93ff5,animal,Macropus giganteus,0.71,addaxai VIC,Macropodidae,macropodidae,macropus giganteus
a6d71ece-24d5-4ca0-994b-4a23977bcc00,sequenceID:1e2613e4-14cc-430d-bf64-25daf228f3a3,1e2613e4-14cc-430d-bf64-25daf228f3a3,1e2613e4-14cc-430d-bf64-25daf228f3a3,8dcf470a-299d-42c7-a92d-42b832d93ff5,animal,Macropus giganteus,0.79,addaxai VIC,Macropodidae,macropodidae,macropus giganteus
6b072fdb-f8e5-46f6-bc65-92266a3776bc,sequenceID:a43dc657-7c92-4b9f-a504-e7e84fdd7cd9,a43dc657-7c92-4b9f-a504-e7e84fdd7cd9,a43dc657-7c92-4b9f-a504-e7e84fdd7cd9,8dcf470a-299d-42c7-a92d-42b832d93ff5,animal,Macropus dorsalis,0.84,addaxai VIC,Macropodidae,macropodidae,macropus dorsalis
0553a9dc-986f-4967-8a48-873f9a2a9574,sequenceID:9f54a188-e3d3-468c-9f7d-19619950c26d,9f54a188-e3d3-468c-9f7d-19619950c26d,9f54a188-e3d3-468c-9f7d-19619950c26d,8dcf470a-299d-42c7-a92d-42b832d93ff5,animal,Macropus fuliginosus,0.88,addaxai VIC,Macropodidae,macropodidae,macropus fuliginosus
eaa2417c-e4b8-42e5-80ba-614c721f5703,sequenceID:0173b66c-dc86-4cea-a5ac-48a4fa216b17,0173b66c-dc86-4cea-a5ac-48a4fa216b17,0173b66c-dc86-4cea-a5ac-48a4fa216b17,8dcf470a-299d-42c7-a92d-42b832d93ff5,animal,Macropus fuliginosus,0.91,addaxai VIC,Macropodidae,macropodidae,macropus fuliginosus
a31e2916-778a-437d-bc4c-790ead74b299,sequenceID:cf1b5ceb-ee1d-4c9b-81d9-666464b60a81,cf1b5ceb-ee1d-4c9b-81d9-666464b60a81,cf1b5ceb-ee1d-4c9b-81d9-666464b60a81,8dcf470a-299d-42c7-a92d-42b832d93ff5,animal,Dama dama,0.78,addaxai VIC,Macropodidae,macropodidae,dama dama
b6a96e02-2e70-4a4a-a5bb-6d8828e6143a,sequenceID:f09630b1-4d57-4ed3-8b73-7c48aa99957d,f09630b1-4d57-4ed3-8b73-7c48aa99957d,f09630b1-4d57-4ed3-8b73-7c48aa99957d,8dcf470a-299d-42c7-a92d-42b832d93ff5,animal,Mammalia,0.82,addaxai VIC,Macropodidae,macropodidae,mammalia
b6a96e02-2e70-4a4a-a5bb-6d8828e6143a,sequenceID:f09630b1-4d57-4ed3-8b73-7c48aa99957d,f09630b1-4d57-4ed3-8b73-7c48aa99957d,f09630b1-4d57-4ed3-8b73-7c48aa99957d,8dcf470a-299d-42c7-a92d-42b832d93ff5,animal,Cervidae,0.8,addaxai VIC,Macropodidae,macropodidae,cervidae
ffd85a55-2f2c-4103-995d-688c8a11fd1b,sequenceID:df951554-fe34-40e1-af04-691125b6c21c,df951554-fe34-40e1-af04-691125b6c21c,df951554-fe34-40e1-af04-691125b6c21c,8dcf470a-299d-42c7-a92d-42b832d93ff5,unclassified,Unclassified,0.0,,Macropodidae,macropodidae,unclassified
a41043a7-453c-4e3d-8d3e-3b53617d9367,sequenceID:9286fc46-804b-4521-b5cd-5b0516e97a44,9286fc46-804b-4521-b5cd-5b0516e97a44,9286fc46-804b-4521-b5cd-5b0516e97a44,8dcf470a-299d-42c7-a92d-42b832d93ff5,animal,Macropus dorsalis,0.68,addaxai VIC,Macropodidae,macropodidae,macropus dorsalis
107e325f-7dd2-4217-a3da-a89e967cfc6a,sequenceID:e57382e8-d7da-4566-944d-1d01e5d67ade,e57382e8-d7da-4566-944d-1d01e5d67ade,e57382e8-d7da-4566-944d-1d01e5d67ade,8dcf470a-299d-42c7-a92d-42b832d93ff5,animal,Macropus giganteus,0.88,addaxai VIC,Macropodidae,macropodidae,macropus giganteus
107e325f-7dd2-4217-a3da-a89e967cfc6a,sequenceID:e57382e8-d7da-4566-944d-1d01e5d67ade,e57382e8-d7da-4566-944d-1d01e5d67ade,e57382e8-d7da-4566-944d-1d01e5d67ade,8dcf470a-299d-42c7-a92d-42b832d93ff5,animal,Mammalia,0.78,addaxai VIC,Macropodidae,macropodidae,mammalia
bbd53805-a1f0-4c27-a2de-2c26c55d66ec,sequenceID:cad9fe0d-5fb8-4388-8310-d38e282255df,cad9fe0d-5fb8-4388-8310-d38e282255df,cad9fe0d-5fb8-4388-8310-d38e282255df,8dcf470a-299d-42c7-a92d-42b832d93ff5,unclassified,Unclassified,0.0,,Macropodidae,macropodidae,unclassified
716107f5-fd33-4c8a-9936-557f44974478,sequenceID:09fe9d01-6de5-4442-8eca-e2dece227428,09fe9d01-6de5-4442-8eca-e2dece227428,09fe9d01-6de5-4442-8eca-e2dece227428,8dcf470a-299d-42c7-a92d-42b832d93ff5,unclassified,Unclassified,0.89,addaxai VIC,Macropodidae,macropodidae,unclassified
ba7e6293-5a6b-41d7-b5ab-09f67fc9fee9,sequenceID:34a4ac65-ea4e-4a24-b27a-dbb3ebb4f487,34a4ac65-ea4e-4a24-b27a-dbb3ebb4f487,34a4ac65-ea4e-4a24-b27a-dbb3ebb4f487,8dcf470a-299d-42c7-a92d-42b832d93ff5,animal,Macropus dorsalis,0.82,addaxai VIC,Macropodidae,macropodidae,macropus dorsalis
5502ea84-dc00-4ee2-a88a-5b21049ee5ec,sequenceID:04adfeb0-9620-4655-a9c8-2c851fbad641,04adfeb0-9620-4655-a9c8-2c851fbad641,04adfeb0-9620-4655-a9c8-2c851fbad641,8dcf470a-299d-42c7-a92d-42b832d93ff5,unclassified,Unclassified,0.89,addaxai VIC,Macropodidae,macropodidae,unclassified
31c1d458-5a8e-4ad9-87e0-cc7ab28a1dea,sequenceID:85b03bab-c88b-4183-9b29-df5482f0e650,85b03bab-c88b-4183-9b29-df5482f0e650,85b03bab-c88b-4183-9b29-df5482f0e650,8dcf470a-299d-42c7-a92d-42b832d93ff5,animal,Macropus fuliginosus,0.97,addaxai VIC,Macropodidae,macropodidae,macropus fuliginosus
35f97d69-d0f5-472b-b789-db8f354a9f71,sequenceID:6c4210a9-89af-4e90-8df6-a78673ab2293,6c4210a9-89af-4e90-8df6-a78673ab2293,6c4210a9-89af-4e90-8df6-a78673ab2293,8dcf470a-299d-42c7-a92d-42b832d93ff5,animal,Macropus fuliginosus,0.68,addaxai VIC,Macropodidae,macropodidae,macropus fuliginosus
acff1d02-7581-461f-9ba8-e5a3e73d2c26,sequenceID:8502380d-80ae-42d2-8771-b5e4af48469c,8502380d-80ae-42d2-8771-b5e4af48469c,8502380d-80ae-42d2-8771-b5e4af48469c,8dcf470a-299d-42c7-a92d-42b832d93ff5,animal,Macropus fuliginosus,0.83,addaxai VIC,Macropodidae,macropodidae,macropus fuliginosus
cdadf0bf-c77d-495e-85d0-ee67ace12b7f,sequenceID:77569859-6c78-4752-a17d-3d5f6c2bab80,77569859-6c78-4752-a17d-3d5f6c2bab80,77569859-6c78-4752-a17d-3d5f6c2bab80,8dcf470a-299d-42c7-a92d-42b832d93ff5,animal,Macropus dorsalis,0.88,addaxai VIC,Macropodidae,macropodidae,macropus dorsalis
cdadf0bf-c77d-495e-85d0-ee67ace12b7f,sequenceID:77569859-6c78-4752-a17d-3d5f6c2bab80,77569859-6c78-4752-a17d-3d5f6c2bab80,77569859-6c78-4752-a17d-3d5f6c2bab80,8dcf470a-299d-42c7-a92d-42b832d93ff5,unclassified,Unclassified,0.94,addaxai VIC,Macropodidae,macropodidae,unclassified
c93c82c5-ebca-4b44-84e9-a6222f4a58a1,sequenceID:0d58189b-d03f-4aea-8e30-65cb83442975,0d58189b-d03f-4aea-8e30-65cb83442975,0d58189b-d03f-4aea-8e30-65cb83442975,8dcf470a-299d-42c7-a92d-42b832d93ff5,animal,Mammalia,0.71,addaxai VIC,Macropodidae,macropodidae,mammalia
0104130d-6253-484d-908e-cdcef19fb8d4,sequenceID:9e837281-064d-4485-923d-dd49bb59e93a,9e837281-064d-4485-923d-dd49bb59e93a,9e837281-064d-4485-923d-dd49bb59e93a,8dcf470a-299d-42c7-a92d-42b832d93ff5,animal,Macropus dorsalis,0.75,addaxai VIC,Macropodidae,macropodidae,macropus dorsalis
d598919a-8560-4833-9c02-5e8823f60c8d,sequenceID:99604d6f-7888-4a12-91be-7222dcc0aeaf,99604d6f-7888-4a12-91be-7222dcc0aeaf,99604d6f-7888-4a12-91be-7222dcc0aeaf,8dcf470a-299d-42c7-a92d-42b832d93ff5,unclassified,Unclassified,0.0,,Macropodidae,macropodidae,unclassified
90af26b8-99ec-4e27-84e0-df2865d4afbf,sequenceID:11ece551-c50e-4134-a8d8-a496e45aa25c,11ece551-c50e-4134-a8d8-a496e45aa25c,11ece551-c50e-4134-a8d8-a496e45aa25c,8dcf470a-299d-42c7-a92d-42b832d93ff5,unclassified,Unclassified,0.0,,Macropodidae,macropodidae,unclassified
b145041a-c61d-41b7-bedd-e4d0d2255dc2,sequenceID:7cc707c8-692e-480a-b7c1-6460b4c04467,7cc707c8-692e-480a-b7c1-6460b4c04467,7cc707c8-692e-480a-b7c1-6460b4c04467,8dcf470a-299d-42c7-a92d-42b832d93ff5,animal,Macropus fuliginosus,0.77,addaxai VIC,Macropodidae,macropodidae,macropus fuliginosus
37d1b1fe-ce27-45e9-9b7f-5be31cb49a40,sequenceID:ec317bc0-401b-46e0-88b2-ba747cc590f9,ec317bc0-401b-46e0-88b2-ba747cc590f9,ec317bc0-401b-46e0-88b2-ba747cc590f9,8dcf470a-299d-42c7-a92d-42b832d93ff5,animal,Mammalia,0.71,addaxai VIC,Macropodidae,macropodidae,mammalia
09acfa14-1a61-448f-adf7-1c58b3ef0515,sequenceID:c46b1d4e-0376-4a9c-a36d-f5eeeb35ab2a,c46b1d4e-0376-4a9c-a36d-f5eeeb35ab2a,c46b1d4e-0376-4a9c-a36d-f5eeeb35ab2a,8dcf470a-299d-42c7-a92d-42b832d93ff5,unclassified,Unclassified,0.67,addaxai VIC,Macropodidae,macropodidae,unclassified
5cc058b8-3fb0-4291-8bca-4b527df03314,sequenceID:c86b8d40-ece8-4a91-bc72-61e7f5eee2ee,c86b8d40-ece8-4a91-bc72-61e7f5eee2ee,c86b8d40-ece8-4a91-bc72-61e7f5eee2ee,8dcf470a-299d-42c7-a92d-42b832d93ff5,unclassified,Unclassified,0.86,addaxai VIC,Macropodidae,macropodidae,unclassified
5cc058b8-3fb0-4291-8bca-4b527df03314,sequenceID:c86b8d40-ece8-4a91-bc72-61e7f5eee2ee,c86b8d40-ece8-4a91-bc72-61e7f5eee2ee,c86b8d40-ece8-4a91-bc72-61e7f5eee2ee,8dcf470a-299d-42c7-a92d-42b832d93ff5,animal,Osphranter rufus,0.81,addaxai VIC,Macropodidae,macropodidae,osphranter rufus
ce739e21-8732-413d-9ea2-1e7afef40135,sequenceID:0e535cca-9b6b-4b9f-b656-acf42f7f8514,0e535cca-9b6b-4b9f-b656-acf42f7f8514,0e535cca-9b6b-4b9f-b656-acf42f7f8514,8dcf470a-299d-42c7-a92d-42b832d93ff5,animal,Osphranter rufus,0.78,addaxai VIC,Macropodidae,macropodidae,osphranter rufus
18bd7dc2-64e8-4cdd-9764-976d25eeedd4,sequenceID:07d6e2e1-2e60-4d70-9761-d03d98cf84cb,07d6e2e1-2e60-4d70-9761-d03d98cf84cb,07d6e2e1-2e60-4d70-9761-d03d98cf84cb,8dcf470a-299d-42c7-a92d-42b832d93ff5,unclassified,Unclassified,0.81,addaxai VIC,Macropodidae,macropodidae,unclassified
18bd7dc2-64e8-4cdd-9764-976d25eeedd4,sequenceID:07d6e2e1-2e60-4d70-9761-d03d98cf84cb,07d6e2e1-2e60-4d70-9761-d03d98cf84cb,07d6e2e1-2e60-4d70-9761-d03d98cf84cb,8dcf470a-299d-42c7-a92d-42b832d93ff5,animal,Macropus dorsalis,0.65,addaxai VIC,Macropodidae,macropodidae,macropus dorsalis
f5b947f8-76cb-455d-b79c-33862df1d067,sequenceID:a1db1c44-cad4-4661-8ac1-b03b2d65989a,a1db1c44-cad4-4661-8ac1-b03b2d65989a,a1db1c44-cad4-4661-8ac1-b03b2d65989a,8dcf470a-299d-42c7-a92d-42b832d93ff5,unclassified,Unclassified,0.77,addaxai VIC,Macropodidae,macropodidae,unclassified
53436a2d-05fe-40f9-b68c-7c4c5e71104f,sequenceID:8d52d512-3a02-4505-b381-ae6a6ca19875,8d52d512-3a02-4505-b381-ae6a6ca19875,8d52d512-3a02-4505-b381-ae6a6ca19875,8dcf470a-299d-42c7-a92d-42b832d93ff5,animal,Mammalia,0.74,addaxai VIC,Macropodidae,macropodidae,mammalia
be9b91c4-1e3b-4237-8a2e-23b90142ae19,sequenceID:357761f1-8c90-41b2-9dc4-265ff31e22cc,357761f1-8c90-41b2-9dc4-265ff31e22cc,357761f1-8c90-41b2-9dc4-265ff31e22cc,8dcf470a-299d-42c7-a92d-42b832d93ff5,animal,Macropus dorsalis,0.71,addaxai VIC,Macropodidae,macropodidae,macropus dorsalis
84f75bf0-7880-44e6-ae68-c33f78ad26e0,sequenceID:94fe66f5-aff2-4689-af39-4370eb48366b,94fe66f5-aff2-4689-af39-4370eb48366b,94fe66f5-aff2-4689-af39-4370eb48366b,8dcf470a-299d-42c7-a92d-42b832d93ff5,unclassified,Unclassified,0.0,,Macropodidae,macropodidae,unclassified
4417ad01-fd36-4152-bfd2-f60f90413862,sequenceID:b161d567-27ec-47f1-a9d7-bc36010170d9,b161d567-27ec-47f1-a9d7-bc36010170d9,b161d567-27ec-47f1-a9d7-bc36010170d9,8dcf470a-299d-42c7-a92d-42b832d93ff5,unclassified,Unclassified,0.0,,Macropodidae,macropodidae,unclassified
e185164d-a915-4355-82c9-1c34d90e4741,sequenceID:79f4af0c-f259-4886-b57b-de15b39eb4b5,79f4af0c-f259-4886-b57b-de15b39eb4b5,79f4af0c-f259-4886-b57b-de15b39eb4b5,8dcf470a-299d-42c7-a92d-42b832d93ff5,unclassified,Unclassified,0.0,,Macropodidae,macropodidae,unclassified
ced9a23e-da57-4712-a592-70ef6658a638,sequenceID:745666e4-8a39-4d43-b0d4-e61870399e9d,745666e4-8a39-4d43-b0d4-e61870399e9d,745666e4-8a39-4d43-b0d4-e61870399e9d,8dcf470a-299d-42c7-a92d-42b832d93ff5,unclassified,Unclassified,0.0,,Macropodidae,macropodidae,unclassified
aa1c8dd2-652b-4879-801b-c94454172b36,sequenceID:2bd60a42-0dc7-4e43-93f3-aa141eb88495,2bd60a42-0dc7-4e43-93f3-aa141eb88495,2bd60a42-0dc7-4e43-93f3-aa141eb88495,8dcf470a-299d-42c7-a92d-42b832d93ff5,animal,Mammalia,0.88,addaxai VIC,Macropodidae,macropodidae,mammalia
2269513d-b4aa-48e5-87bc-df08bb0b051e,sequenceID:2bd6d4dd-c469-43b7-9458-8b3941f4f5d6,2bd6d4dd-c469-43b7-9458-8b3941f4f5d6,2bd6d4dd-c469-43b7-9458-8b3941f4f5d6,8dcf470a-299d-42c7-a92d-42b832d93ff5,unclassified,Unclassified,0.87,addaxai VIC,Macropodidae,macropodidae,unclassified
c491bb4d-7b48-411d-bdaf-e93b3444725b,sequenceID:1f87373b-0b31-451f-a833-fc29b6bac08d,1f87373b-0b31-451f-a833-fc29b6bac08d,1f87373b-0b31-451f-a833-fc29b6bac08d,8dcf470a-299d-42c7-a92d-42b832d93ff5,unclassified,Unclassified,0.0,,Macropodidae,macropodidae,unclassified
146bb77e-62f9-43dd-b806-16a6139907ea,sequenceID:eba5fcb4-b288-4946-8650-0a4c0b2dc17e,eba5fcb4-b288-4946-8650-0a4c0b2dc17e,eba5fcb4-b288-4946-8650-0a4c0b2dc17e,8dcf470a-299d-42c7-a92d-42b832d93ff5,animal,Mammalia,0.71,addaxai VIC,Macropodidae,macropodidae,mammalia
4ae53475-5e9c-4f55-aa49-9071346b7997,sequenceID:74916ad7-7f7f-4827-b6a1-29fc9131ae2e,74916ad7-7f7f-4827-b6a1-29fc9131ae2e,74916ad7-7f7f-4827-b6a1-29fc9131ae2e,8dcf470a-299d-42c7-a92d-42b832d93ff5,animal,Macropus dorsalis,0.67,addaxai VIC,Macropodidae,macropodidae,macropus dorsalis
4ae53475-5e9c-4f55-aa49-9071346b7997,sequenceID:74916ad7-7f7f-4827-b6a1-29fc9131ae2e,74916ad7-7f7f-4827-b6a1-29fc9131ae2e,74916ad7-7f7f-4827-b6a1-29fc9131ae2e,8dcf470a-299d-42c7-a92d-42b832d93ff5,unclassified,Unclassified,0.79,addaxai VIC,Macropodidae,macropodidae,unclassified
6198d717-a0a5-489e-aaaa-f8c64627e682,sequenceID:264656b9-e00f-4fe3-9bca-4123ce9b1d76,264656b9-e00f-4fe3-9bca-4123ce9b1d76,264656b9-e00f-4fe3-9bca-4123ce9b1d76,8dcf470a-299d-42c7-a92d-42b832d93ff5,animal,Macropus giganteus,0.82,addaxai VIC,Macropodidae,macropodidae,macropus giganteus
6198d717-a0a5-489e-aaaa-f8c64627e682,sequenceID:264656b9-e00f-4fe3-9bca-4123ce9b1d76,264656b9-e00f-4fe3-9bca-4123ce9b1d76,264656b9-e00f-4fe3-9bca-4123ce9b1d76,8dcf470a-299d-42c7-a92d-42b832d93ff5,animal,Macropus dorsalis,0.75,addaxai VIC,Macropodidae,macropodidae,macropus dorsalis
328fe932-c45a-46bf-a5b0-2cc238e97424,sequenceID:0670c5d2-fdd6-4130-95ae-dc73bb816eb7,0670c5d2-fdd6-4130-95ae-dc73bb816eb7,0670c5d2-fdd6-4130-95ae-dc73bb816eb7,8dcf470a-299d-42c7-a92d-42b832d93ff5,animal,Macropus giganteus,0.94,addaxai VIC,Macropodidae,macropodidae,macropus giganteus
328fe932-c45a-46bf-a5b0-2cc238e97424,sequenceID:0670c5d2-fdd6-4130-95ae-dc73bb816eb7,0670c5d2-fdd6-4130-95ae-dc73bb816eb7,0670c5d2-fdd6-4130-95ae-dc73bb816eb7,8dcf470a-299d-42c7-a92d-42b832d93ff5,unclassified,Unclassified,0.81,addaxai VIC,Macropodidae,macropodidae,unclassified
a8594d2a-edcc-4e3b-8786-c602ab4aefbd,sequenceID:ebccb15c-d360-4b45-a45d-5769d30e4879,ebccb15c-d360-4b45-a45d-5769d30e4879,ebccb15c-d360-4b45-a45d-5769d30e4879,8dcf470a-299d-42c7-a92d-42b832d93ff5,animal,Macropus fuliginosus,0.77,addaxai VIC,Macropodidae,macropodidae,macropus fuliginosus
2e68ef11-f74d-41ba-8d94-0d6c23b71575,sequenceID:f3f7350a-8aed-4d49-b231-bdf794245ea9,f3f7350a-8aed-4d49-b231-bdf794245ea9,f3f7350a-8aed-4d49-b231-bdf794245ea9,8dcf470a-299d-42c7-a92d-42b832d93ff5,animal,Macropus fuliginosus,0.81,addaxai VIC,Macropodidae,macropodidae,macropus fuliginosus
f9fa958f-726f-4137-aa28-f17e5c026f15,sequenceID:2d377445-6f5b-432b-8bd6-511ccfdac6f4,2d377445-6f5b-432b-8bd6-511ccfdac6f4,2d377445-6f5b-432b-8bd6-511ccfdac6f4,8dcf470a-299d-42c7-a92d-42b832d93ff5,unclassified,Unclassified,0.96,addaxai VIC,Macropodidae,macropodidae,unclassified
f9fa958f-726f-4137-aa28-f17e5c026f15,sequenceID:2d377445-6f5b-432b-8bd6-511ccfdac6f4,2d377445-6f5b-432b-8bd6-511ccfdac6f4,2d377445-6f5b-432b-8bd6-511ccfdac6f4,8dcf470a-299d-42c7-a92d-42b832d93ff5,animal,Macropus fuliginosus,0.81,addaxai VIC,Macropodidae,macropodidae,macropus fuliginosus
dd63dac4-1ba4-48cf-8fcc-3946fe4bfbff,sequenceID:aa657da0-a211-45b0-91a5-d0b05922da74,aa657da0-a211-45b0-91a5-d0b05922da74,aa657da0-a211-45b0-91a5-d0b05922da74,8dcf470a-299d-42c7-a92d-42b832d93ff5,animal,Mammalia,0.79,addaxai VIC,Macropodidae,macropodidae,mammalia
0e63cb72-fe84-4453-b738-81742bf2cd1a,sequenceID:b726728f-6d95-40b4-8acd-8648a2e53947,b726728f-6d95-40b4-8acd-8648a2e53947,b726728f-6d95-40b4-8acd-8648a2e53947,8dcf470a-299d-42c7-a92d-42b832d93ff5,unclassified,Unclassified,0.0,,Macropodidae,macropodidae,unclassified
577a6903-a3a8-4dc5-803d-2eed2899336e,sequenceID:7ca03484-e427-4d98-9a7e-e85c667f5eb5,7ca03484-e427-4d98-9a7e-e85c667f5eb5,7ca03484-e427-4d98-9a7e-e85c667f5eb5,8dcf470a-299d-42c7-a92d-42b832d93ff5,animal,Macropus dorsalis,0.71,addaxai VIC,Macropodidae,macropodidae,macropus dorsalis
e9f2d4a3-47fb-44d4-a67f-4132ba59eb14,sequenceID:3df93aa2-733c-453d-a469-016fe7c39c54,3df93aa2-733c-453d-a469-016fe7c39c54,3df93aa2-733c-453d-a469-016fe7c39c54,8dcf470a-299d-42c7-a92d-42b832d93ff5,animal,Macropus dorsalis,0.94,addaxai VIC,Macropodidae,macropodidae,macropus dorsalis
e9f2d4a3-47fb-44d4-a67f-4132ba59eb14,sequenceID:3df93aa2-733c-453d-a469-016fe7c39c54,3df93aa2-733c-453d-a469-016fe7c39c54,3df93aa2-733c-453d-a469-016fe7c39c54,8dcf470a-299d-42c7-a92d-42b832d93ff5,animal,Macropus giganteus,0.72,addaxai VIC,Macropodidae,macropodidae,macropus giganteus
f13e50f9-861f-4345-a62e-4089a2aeac26,sequenceID:bc034b81-04fb-49fb-9288-2ef113b4e5a8,bc034b81-04fb-49fb-9288-2ef113b4e5a8,bc034b81-04fb-49fb-9288-2ef113b4e5a8,8dcf470a-299d-42c7-a92d-42b832d93ff5,animal,Macropus giganteus,0.79,addaxai VIC,Macropodidae,macropodidae,macropus giganteus
9745da50-11a5-472d-960f-405f0c6953f4,sequenceID:465bc1b1-89bc-4ac9-806a-7762a5240aaf,465bc1b1-89bc-4ac9-806a-7762a5240aaf,465bc1b1-89bc-4ac9-806a-7762a5240aaf,8dcf470a-299d-42c7-a92d-42b832d93ff5,animal,Cervus elaphus,0.76,addaxai VIC,Macropodidae,macropodidae,cervus elaphus
c2a5f1e6-4fb4-44b0-af7c-c875fbb5c6c4,sequenceID:ce5c434a-d353-463b-998b-5a22d5e40fd5,ce5c434a-d353-463b-998b-5a22d5e40fd5,ce5c434a-d353-463b-998b-5a22d5e40fd5,8dcf470a-299d-42c7-a92d-42b832d93ff5,animal,Mammalia,0.8,addaxai VIC,Macropodidae,macropodidae,mammalia
ae8d8d04-5444-460f-9fa8-6f1eb7e02a2d,sequenceID:a1ba9b99-3299-43cb-b5f3-3ee97ecba9f3,a1ba9b99-3299-43cb-b5f3-3ee97ecba9f3,a1ba9b99-3299-43cb-b5f3-3ee97ecba9f3,8dcf470a-299d-42c7-a92d-42b832d93ff5,unclassified,Unclassified,0.0,,Macropodidae,macropodidae,unclassified
7be08da4-c6f8-46b6-862d-5f95b069b3e9,sequenceID:7b3664fb-bebd-4075-964b-3234599e7a66,7b3664fb-bebd-4075-964b-3234599e7a66,7b3664fb-bebd-4075-964b-3234599e7a66,8dcf470a-299d-42c7-a92d-42b832d93ff5,animal,Macropus giganteus,0.77,addaxai VIC,Macropodidae,macropodidae,macropus giganteus
0ee5a908-4819-4a4d-a0a3-cc7f9ff9adde,sequenceID:c02babaa-e1f2-4128-ac3e-ebd7ea48c3df,c02babaa-e1f2-4128-ac3e-ebd7ea48c3df,c02babaa-e1f2-4128-ac3e-ebd7ea48c3df,8dcf470a-299d-42c7-a92d-42b832d93ff5,unclassified,Unclassified,0.0,,Macropodidae,macropodidae,unclassified
fa5d3bbc-0cf4-4b77-ac08-f12696c6dacb,sequenceID:2df05ebc-188c-49f6-82d5-1ed77b0ef573,2df05ebc-188c-49f6-82d5-1ed77b0ef573,2df05ebc-188c-49f6-82d5-1ed77b0ef573,8dcf470a-299d-42c7-a92d-42b832d93ff5,unclassified,Unclassified,0.0,,Macropodidae,macropodidae,unclassified
a1b4df36-6ad1-45ef-80a3-47425ff00788,sequenceID:da226e1c-719e-49d1-a059-af09f69e5274,da226e1c-719e-49d1-a059-af09f69e5274,da226e1c-719e-49d1-a059-af09f69e5274,8dcf470a-299d-42c7-a92d-42b832d93ff5,animal,Macropus fuliginosus,0.76,addaxai VIC,Macropodidae,macropodidae,macropus fuliginosus
f0ae3cc3-850a-47c0-85ee-6d3f53bc40a7,sequenceID:79d58e23-c3ed-4259-9e56-5a17af2fcaef,79d58e23-c3ed-4259-9e56-5a17af2fcaef,79d58e23-c3ed-4259-9e56-5a17af2fcaef,8dcf470a-299d-42c7-a92d-42b832d93ff5,animal,Mammalia,0.66,addaxai VIC,Macropodidae,macropodidae,mammalia
e2b5c9dd-a8bc-4c19-b054-78617e84c09a,sequenceID:b33e3074-a9b0-4ad7-8855-0dc7014caa4b,b33e3074-a9b0-4ad7-8855-0dc7014caa4b,b33e3074-a9b0-4ad7-8855-0dc7014caa4b,8dcf470a-299d-42c7-a92d-42b832d93ff5,animal,Macropus fuliginosus,0.68,addaxai VIC,Macropodidae,macropodidae,macropus fuliginosus
313a4aab-8c22-404f-acba-266b44b9f4f5,sequenceID:460b7535-7c20-4a9c-8331-b60addee1273,460b7535-7c20-4a9c-8331-b60addee1273,460b7535-7c20-4a9c-8331-b60addee1273,8dcf470a-299d-42c7-a92d-42b832d93ff5,animal,Macropus dorsalis,0.76,addaxai VIC,Macropodidae,macropodidae,macropus dorsalis
a30f2d81-3d42-4e89-b05a-214b033b4619,sequenceID:23050c7c-9064-42da-94bf-bea72d5de741,23050c7c-9064-42da-94bf-bea72d5de741,23050c7c-9064-42da-94bf-bea72d5de741,8dcf470a-299d-42c7-a92d-42b832d93ff5,unclassified,Unclassified,0.0,,Macropodidae,macropodidae,unclassified
36e9acc8-e31d-4915-96db-71dc8ceb60dd,sequenceID:535e32f1-9216-4d9e-9e76-0247ab6590b6,535e32f1-9216-4d9e-9e76-0247ab6590b6,535e32f1-9216-4d9e-9e76-0247ab6590b6,8dcf470a-299d-42c7-a92d-42b832d93ff5,unclassified,Unclassified,0.0,,Macropodidae,macropodidae,unclassified
7883bdd4-fac2-49b2-8b96-1e8b8a6197de,sequenceID:6560be9c-7444-44b2-bb38-f621ef43c734,6560be9c-7444-44b2-bb38-f621ef43c734,6560be9c-7444-44b2-bb38-f621ef43c734,8dcf470a-299d-42c7-a92d-42b832d93ff5,unclassified,Unclassified,0.72,addaxai VIC,Macropodidae,macropodidae,unclassified
838da702-b1e6-4688-ac5b-ac69e78906e1,sequenceID:aacf33ee-e16e-4d7a-8614-144998110a66,aacf33ee-e16e-4d7a-8614-144998110a66,aacf33ee-e16e-4d7a-8614-144998110a66,8dcf470a-299d-42c7-a92d-42b832d93ff5,unclassified,Unclassified,0.0,,Macropodidae,macropodidae,unclassified
1563d43a-f887-437d-bd5a-12b957c05907,sequenceID:80db4304-f27e-4ca1-81b3-de48996dd9ad,80db4304-f27e-4ca1-81b3-de48996dd9ad,80db4304-f27e-4ca1-81b3-de48996dd9ad,8dcf470a-299d-42c7-a92d-42b832d93ff5,animal,Mammalia,0.73,addaxai VIC,Macropodidae,macropodidae,mammalia
61f9f27c-b4e6-48bd-96cb-ec279f93951e,sequenceID:b3382f53-a0b8-403c-986f-d6d7d927f684,b3382f53-a0b8-403c-986f-d6d7d927f684,b3382f53-a0b8-403c-986f-d6d7d927f684,8dcf470a-299d-42c7-a92d-42b832d93ff5,animal,Mammalia,0.71,addaxai VIC,Macropodidae,macropodidae,mammalia
4801afa6-3b94-4f92-8d2b-83dac7410309,sequenceID:30633c88-074c-4767-8d85-669419da6bcc,30633c88-074c-4767-8d85-669419da6bcc,30633c88-074c-4767-8d85-669419da6bcc,8dcf470a-299d-42c7-a92d-42b832d93ff5,animal,Macropus giganteus,0.93,addaxai VIC,Macropodidae,macropodidae,macropus giganteus
c6a11689-7f9b-4faa-8c90-38416bfc1663,sequenceID:60b68e86-5f20-42cb-9439-14663d216d11,60b68e86-5f20-42cb-9439-14663d216d11,60b68e86-5f20-42cb-9439-14663d216d11,8dcf470a-299d-42c7-a92d-42b832d93ff5,unclassified,Unclassified,0.75,addaxai VIC,Macropodidae,macropodidae,unclassified
5332a2f7-86c2-42fc-8a0a-67fc6b14a027,sequenceID:e455ed5f-e52e-45b3-9970-3ca1461192ab,e455ed5f-e52e-45b3-9970-3ca1461192ab,e455ed5f-e52e-45b3-9970-3ca1461192ab,8dcf470a-299d-42c7-a92d-42b832d93ff5,unclassified,Unclassified,0.74,addaxai VIC,Macropodidae,macropodidae,unclassified
5330f432-4389-4677-91db-88353b4139e2,sequenceID:6c99973d-28cc-4e11-98cc-3a26d4c7e7b2,6c99973d-28cc-4e11-98cc-3a26d4c7e7b2,6c99973d-28cc-4e11-98cc-3a26d4c7e7b2,8dcf470a-299d-42c7-a92d-42b832d93ff5,unclassified,Unclassified,0.0,,Macropodidae,macropodidae,unclassified
003d32b5-9e34-455f-bce8-6ca175a75c51,sequenceID:e2846ffd-95a8-4eee-95ca-c8fc827520ae,e2846ffd-95a8-4eee-95ca-c8fc827520ae,e2846ffd-95a8-4eee-95ca-c8fc827520ae,8dcf470a-299d-42c7-a92d-42b832d93ff5,animal,Mammalia,0.69,addaxai VIC,Macropodidae,macropodidae,mammalia
e8cf85c7-4826-4c52-b24b-c1053a2c37cd,sequenceID:432196c5-d63f-46b2-b114-6614cbbf482e,432196c5-d63f-46b2-b114-6614cbbf482e,432196c5-d63f-46b2-b114-6614cbbf482e,8dcf470a-299d-42c7-a92d-42b832d93ff5,unclassified,Unclassified,0.68,addaxai VIC,Macropodidae,macropodidae,unclassified
6d777a17-adcf-416b-b186-fb54cdf15c71,sequenceID:2e41ea97-d8a3-4aa1-9fda-be4f1396dd36,2e41ea97-d8a3-4aa1-9fda-be4f1396dd36,2e41ea97-d8a3-4aa1-9fda-be4f1396dd36,8dcf470a-299d-42c7-a92d-42b832d93ff5,unclassified,Unclassified,0.72,addaxai VIC,Macropodidae,macropodidae,unclassified
ed974308-3dd8-464e-b35a-8dd3102ae8e5,sequenceID:a042e506-b66c-4a54-807a-cde6536430cd,a042e506-b66c-4a54-807a-cde6536430cd,a042e506-b66c-4a54-807a-cde6536430cd,8dcf470a-299d-42c7-a92d-42b832d93ff5,animal,Macropus fuliginosus,0.74,addaxai VIC,Macropodidae,macropodidae,macropus fuliginosus
e089b68d-ae12-46c0-ae61-2163842c1a00,sequenceID:a06d0c01-e4c4-45a9-95f1-9946856a4c6f,a06d0c01-e4c4-45a9-95f1-9946856a4c6f,a06d0c01-e4c4-45a9-95f1-9946856a4c6f,8dcf470a-299d-42c7-a92d-42b832d93ff5,unclassified,Unclassified,0.66,addaxai VIC,Macropodidae,macropodidae,unclassified
52da08d4-81da-4435-a0b5-f23d785f4a57,sequenceID:a31acbca-c17c-4b9a-87c3-c886d7a83d7b,a31acbca-c17c-4b9a-87c3-c886d7a83d7b,a31acbca-c17c-4b9a-87c3-c886d7a83d7b,8dcf470a-299d-42c7-a92d-42b832d93ff5,unclassified,Unclassified,0.67,addaxai VIC,Macropodidae,macropodidae,unclassified
04a4c703-d75a-4293-8d13-f7b95a6d2bfa,sequenceID:094fb7a0-5c5d-4aba-ad7f-f8ca12fe6aa4,094fb7a0-5c5d-4aba-ad7f-f8ca12fe6aa4,094fb7a0-5c5d-4aba-ad7f-f8ca12fe6aa4,8dcf470a-299d-42c7-a92d-42b832d93ff5,unclassified,Unclassified,0.0,,Macropodidae,macropodidae,unclassified
74a6ad5b-6e8d-45a6-aeaf-fccd6427061e,sequenceID:1e191587-47c2-42b2-b7d4-fc62c1ae60fc,1e191587-47c2-42b2-b7d4-fc62c1ae60fc,1e191587-47c2-42b2-b7d4-fc62c1ae60fc,8dcf470a-299d-42c7-a92d-42b832d93ff5,unclassified,Unclassified,0.96,addaxai VIC,Macropodidae,macropodidae,unclassified
0786775b-ad8c-46ba-9721-1e4f8d03b777,sequenceID:e4e5ab17-d9d7-49d9-8877-7647f75502e2,e4e5ab17-d9d7-49d9-8877-7647f75502e2,e4e5ab17-d9d7-49d9-8877-7647f75502e2,8dcf470a-299d-42c7-a92d-42b832d93ff5,unclassified,Unclassified,0.0,,Macropodidae,macropodidae,unclassified
648fe896-495d-4dee-ac25-302e214d563a,sequenceID:716ae2a0-b6e9-4e82-838a-8551647cd575,716ae2a0-b6e9-4e82-838a-8551647cd575,716ae2a0-b6e9-4e82-838a-8551647cd575,8dcf470a-299d-42c7-a92d-42b832d93ff5,animal,Dama dama,0.7,addaxai VIC,Macropodidae,macropodidae,dama dama
a99726fb-831c-4a79-bd4e-dcebebf3a83f,sequenceID:00606943-aa24-4415-9cf6-25807ef8b24a,00606943-aa24-4415-9cf6-25807ef8b24a,00606943-aa24-4415-9cf6-25807ef8b24a,8dcf470a-299d-42c7-a92d-42b832d93ff5,unclassified,Unclassified,0.69,addaxai VIC,Macropodidae,macropodidae,unclassified
615cac0f-f6f2-47fa-b6cd-06fc397c2544,sequenceID:715b55e2-3918-4e95-9ba5-4e55ba945631,715b55e2-3918-4e95-9ba5-4e55ba945631,715b55e2-3918-4e95-9ba5-4e55ba945631,8dcf470a-299d-42c7-a92d-42b832d93ff5,animal,Macropus fuliginosus,0.86,addaxai VIC,Macropodidae,macropodidae,macropus fuliginosus
6d09caa1-d355-4a06-b119-d30e652da6c6,sequenceID:6477e348-4d7e-47f2-b53b-b7751b82e4ed,6477e348-4d7e-47f2-b53b-b7751b82e4ed,6477e348-4d7e-47f2-b53b-b7751b82e4ed,8dcf470a-299d-42c7-a92d-42b832d93ff5,animal,Macropus fuliginosus,0.91,addaxai VIC,Macropodidae,macropodidae,macropus fuliginosus
c71ef0b1-3fa5-4335-86fd-fbe9ac979d21,sequenceID:5b42645b-6520-4dff-923a-31e48b7a4c42,5b42645b-6520-4dff-923a-31e48b7a4c42,5b42645b-6520-4dff-923a-31e48b7a4c42,8dcf470a-299d-42c7-a92d-42b832d93ff5,animal,Macropus giganteus,0.76,addaxai VIC,Macropodidae,macropodidae,macropus giganteus
e3bd9492-d06f-4113-96ea-93672e528256,sequenceID:3c862d6d-3051-47ae-8497-c4c480e1a5d8,3c862d6d-3051-47ae-8497-c4c480e1a5d8,3c862d6d-3051-47ae-8497-c4c480e1a5d8,8dcf470a-299d-42c7-a92d-42b832d93ff5,animal,Macropus fuliginosus,0.73,addaxai VIC,Macropodidae,macropodidae,macropus fuliginosus
58fb7ce2-0150-46a1-8861-769ad77b01b1,sequenceID:a8a1bf82-6b1c-443b-b20e-db4c8d42e4dc,a8a1bf82-6b1c-443b-b20e-db4c8d42e4dc,a8a1bf82-6b1c-443b-b20e-db4c8d42e4dc,8dcf470a-299d-42c7-a92d-42b832d93ff5,unclassified,Unclassified,0.76,addaxai VIC,Macropodidae,macropodidae,unclassified
4e7a0fb1-f009-408f-9f16-b441b0142b3b,sequenceID:dbdcded4-5403-4566-9274-a36f31f8157e,dbdcded4-5403-4566-9274-a36f31f8157e,dbdcded4-5403-4566-9274-a36f31f8157e,8dcf470a-299d-42c7-a92d-42b832d93ff5,animal,Macropus fuliginosus,0.85,addaxai VIC,Macropodidae,macropodidae,macropus fuliginosus
2df7ac22-2b16-40e1-abaa-3c6fc96dad9a,sequenceID:d23dd42d-a864-41df-a3b6-987fc5e8a6a5,d23dd42d-a864-41df-a3b6-987fc5e8a6a5,d23dd42d-a864-41df-a3b6-987fc5e8a6a5,8dcf470a-299d-42c7-a92d-42b832d93ff5,animal,Macropus giganteus,0.96,addaxai VIC,Macropodidae,macropodidae,macropus giganteus
9800f856-4778-49c2-88aa-ddb5abbd7ea4,sequenceID:950b654b-cfad-4639-ab00-c0a13860872e,950b654b-cfad-4639-ab00-c0a13860872e,950b654b-cfad-4639-ab00-c0a13860872e,8dcf470a-299d-42c7-a92d-42b832d93ff5,unclassified,Unclassified,0.67,addaxai VIC,Macropodidae,macropodidae,unclassified
a716b3b0-e973-4696-8ecc-4539f06933e2,sequenceID:cbfbc5ae-4a1d-4316-957b-bed76084e9a2,cbfbc5ae-4a1d-4316-957b-bed76084e9a2,cbfbc5ae-4a1d-4316-957b-bed76084e9a2,8dcf470a-299d-42c7-a92d-42b832d93ff5,animal,Macropus fuliginosus,0.85,addaxai VIC,Macropodidae,macropodidae,macropus fuliginosus
e9a3de98-2cd8-4091-a1f9-c24eb298b70d,sequenceID:fea1f753-2ff3-4252-b5e5-353f9f96a6b6,fea1f753-2ff3-4252-b5e5-353f9f96a6b6,fea1f753-2ff3-4252-b5e5-353f9f96a6b6,8dcf470a-299d-42c7-a92d-42b832d93ff5,animal,Macropus fuliginosus,0.86,addaxai VIC,Macropodidae,macropodidae,macropus fuliginosus
9fda1950-45ed-44ed-88b1-4b2ef553bc07,sequenceID:16758949-1caa-4430-a037-fb2d81ee6f31,16758949-1caa-4430-a037-fb2d81ee6f31,16758949-1caa-4430-a037-fb2d81ee6f31,8dcf470a-299d-42c7-a92d-42b832d93ff5,animal,Macropus fuliginosus,0.83,addaxai VIC,Macropodidae,macropodidae,macropus fuliginosus
f7f557d4-98cd-4bc3-a748-216210d8615f,sequenceID:05855f27-e3d7-442e-b7a2-39d6f6317012,05855f27-e3d7-442e-b7a2-39d6f6317012,05855f27-e3d7-442e-b7a2-39d6f6317012,8dcf470a-299d-42c7-a92d-42b832d93ff5,animal,Macropus fuliginosus,0.77,addaxai VIC,Macropodidae,macropodidae,macropus fuliginosus
1d06b682-5ed9-45c8-8cbf-49ffaaedf7dc,sequenceID:00245ee7-2dca-4acd-b888-25323e0adee4,00245ee7-2dca-4acd-b888-25323e0adee4,00245ee7-2dca-4acd-b888-25323e0adee4,8dcf470a-299d-42c7-a92d-42b832d93ff5,unclassified,Unclassified,0.92,addaxai VIC,Macropodidae,macropodidae,unclassified
8558cbd3-fd9f-486d-9f95-cac76f2661d0,sequenceID:3cb0a7b8-d8a1-40ce-a1aa-7b60322bcb9c,3cb0a7b8-d8a1-40ce-a1aa-7b60322bcb9c,3cb0a7b8-d8a1-40ce-a1aa-7b60322bcb9c,8dcf470a-299d-42c7-a92d-42b832d93ff5,animal,Macropus dorsalis,0.65,addaxai VIC,Macropodidae,macropodidae,macropus dorsalis
65c1a80a-db74-41d1-bedd-4fff4c1b1249,sequenceID:52194317-7b76-4d47-8c9b-7c106bc45d95,52194317-7b76-4d47-8c9b-7c106bc45d95,52194317-7b76-4d47-8c9b-7c106bc45d95,8dcf470a-299d-42c7-a92d-42b832d93ff5,unclassified,Unclassified,0.0,,Macropodidae,macropodidae,unclassified
07973c04-8dcc-42e1-9923-8b1a39c38077,sequenceID:848abe15-a397-477d-ac30-cab0b39143c7,848abe15-a397-477d-ac30-cab0b39143c7,848abe15-a397-477d-ac30-cab0b39143c7,8dcf470a-299d-42c7-a92d-42b832d93ff5,unclassified,Unclassified,0.0,,Macropodidae,macropodidae,unclassified
632fd75b-77a2-43e2-883f-901e55a0d7ea,sequenceID:76d91f4a-1d95-4124-8981-2a781d0be18c,76d91f4a-1d95-4124-8981-2a781d0be18c,76d91f4a-1d95-4124-8981-2a781d0be18c,8dcf470a-299d-42c7-a92d-42b832d93ff5,unclassified,Unclassified,0.74,addaxai VIC,Macropodidae,macropodidae,unclassified
5ce77e52-b003-4c83-b533-97d2cb66e119,sequenceID:748c8bfc-dda5-4654-8bb6-9afa10981ee9,748c8bfc-dda5-4654-8bb6-9afa10981ee9,748c8bfc-dda5-4654-8bb6-9afa10981ee9,8dcf470a-299d-42c7-a92d-42b832d93ff5,animal,Macropus fuliginosus,0.96,addaxai VIC,Macropodidae,macropodidae,macropus fuliginosus
0d2536bf-2798-4798-9d8e-ad2d51d2bbfb,sequenceID:3fb991cb-67eb-4257-8403-40b186f15a43,3fb991cb-67eb-4257-8403-40b186f15a43,3fb991cb-67eb-4257-8403-40b186f15a43,8dcf470a-299d-42c7-a92d-42b832d93ff5,animal,Macropus fuliginosus,0.77,addaxai VIC,Macropodidae,macropodidae,macropus fuliginosus
145e479f-bdee-4d38-9943-71ba1bab7463,sequenceID:1d6cd0e1-c4a5-402c-b055-569befd76f6b,1d6cd0e1-c4a5-402c-b055-569befd76f6b,1d6cd0e1-c4a5-402c-b055-569befd76f6b,8dcf470a-299d-42c7-a92d-42b832d93ff5,animal,Osphranter rufus,0.76,addaxai VIC,Macropodidae,macropodidae,osphranter rufus
6f5e6cbd-55ed-45e0-a60e-b02a6686b14d,sequenceID:c0696e9a-e70b-476a-93e0-76bac23f2798,c0696e9a-e70b-476a-93e0-76bac23f2798,c0696e9a-e70b-476a-93e0-76bac23f2798,8dcf470a-299d-42c7-a92d-42b832d93ff5,unclassified,Unclassified,0.0,,Macropodidae,macropodidae,unclassified
4a16b83a-52c0-435c-8753-53e5ec2ed7d5,sequenceID:8edf690f-31d6-4997-8021-1c3fa87047fb,8edf690f-31d6-4997-8021-1c3fa87047fb,8edf690f-31d6-4997-8021-1c3fa87047fb,8dcf470a-299d-42c7-a92d-42b832d93ff5,animal,Macropus dorsalis,0.79,addaxai VIC,Macropodidae,macropodidae,macropus dorsalis
76136871-9bda-40a0-b8e3-5c84acec0188,sequenceID:776d57f7-b2af-4977-a603-59af5212b546,776d57f7-b2af-4977-a603-59af5212b546,776d57f7-b2af-4977-a603-59af5212b546,8dcf470a-299d-42c7-a92d-42b832d93ff5,animal,Macropus fuliginosus,0.69,addaxai VIC,Macropodidae,macropodidae,macropus fuliginosus
309fa205-df9f-4268-829b-5d13ee3a6b08,sequenceID:e1365c13-be2e-4ff4-8b46-1618df0a9c70,e1365c13-be2e-4ff4-8b46-1618df0a9c70,e1365c13-be2e-4ff4-8b46-1618df0a9c70,8dcf470a-299d-42c7-a92d-42b832d93ff5,animal,Mammalia,0.65,addaxai VIC,Macropodidae,macropodidae,mammalia
25f5f0ec-aec5-4d4f-94fc-a151186a673c,sequenceID:9e0731e6-a44b-45c0-9d26-5dcc0d188048,9e0731e6-a44b-45c0-9d26-5dcc0d188048,9e0731e6-a44b-45c0-9d26-5dcc0d188048,8dcf470a-299d-42c7-a92d-42b832d93ff5,animal,Macropus dorsalis,0.88,addaxai VIC,Macropodidae,macropodidae,macropus dorsalis
af91cf17-8f1e-4a17-bda5-924077d95f69,sequenceID:c25bdad9-7a8e-497a-815c-cbefe14c3e87,c25bdad9-7a8e-497a-815c-cbefe14c3e87,c25bdad9-7a8e-497a-815c-cbefe14c3e87,8dcf470a-299d-42c7-a92d-42b832d93ff5,animal,Macropus dorsalis,0.74,addaxai VIC,Macropodidae,macropodidae,macropus dorsalis
56ad922e-ccdc-45bb-972b-bbc42d89bb3c,sequenceID:c8428259-1050-422c-a668-6cd63dc09c18,c8428259-1050-422c-a668-6cd63dc09c18,c8428259-1050-422c-a668-6cd63dc09c18,8dcf470a-299d-42c7-a92d-42b832d93ff5,unclassified,Unclassified,0.75,addaxai VIC,Macropodidae,macropodidae,unclassified
dee61a59-e6d8-4edd-b81e-c5d6aab34893,sequenceID:b584c728-f453-42f6-aa62-e157b0096d26,b584c728-f453-42f6-aa62-e157b0096d26,b584c728-f453-42f6-aa62-e157b0096d26,8dcf470a-299d-42c7-a92d-42b832d93ff5,animal,Mammalia,0.73,addaxai VIC,Macropodidae,macropodidae,mammalia
2bcd4d14-0ee6-42a4-b02a-ad7936012588,sequenceID:1b7ccaa8-f026-4acd-b990-671dba43895e,1b7ccaa8-f026-4acd-b990-671dba43895e,1b7ccaa8-f026-4acd-b990-671dba43895e,8dcf470a-299d-42c7-a92d-42b832d93ff5,animal,Osphranter rufus,0.85,addaxai VIC,Macropodidae,macropodidae,osphranter rufus
8606e244-e8d7-4fc2-a1a1-2dc6f59f5c28,sequenceID:db49cc35-80a0-4821-bec7-c34ad1c4cd20,db49cc35-80a0-4821-bec7-c34ad1c4cd20,db49cc35-80a0-4821-bec7-c34ad1c4cd20,8dcf470a-299d-42c7-a92d-42b832d93ff5,unclassified,Unclassified,0.0,,Macropodidae,macropodidae,unclassified
b46b601e-7950-4d8c-8f77-f9c80a5fc7cb,sequenceID:f1616491-96fd-4007-9c95-f82113a8d0e9,f1616491-96fd-4007-9c95-f82113a8d0e9,f1616491-96fd-4007-9c95-f82113a8d0e9,8dcf470a-299d-42c7-a92d-42b832d93ff5,animal,Mammalia,0.7,addaxai VIC,Macropodidae,macropodidae,mammalia
093e9230-5117-43db-98f1-2713aaf0f5e8,sequenceID:5320a51e-971b-4d8c-8e3c-c4c007163f26,5320a51e-971b-4d8c-8e3c-c4c007163f26,5320a51e-971b-4d8c-8e3c-c4c007163f26,8dcf470a-299d-42c7-a92d-42b832d93ff5,animal,Macropus fuliginosus,0.69,addaxai VIC,Macropodidae,macropodidae,macropus fuliginosus
bfbfed80-008f-4d69-b70b-3e5e3481df4c,sequenceID:c572f779-25c4-4c4d-9115-8824d899e3c6,c572f779-25c4-4c4d-9115-8824d899e3c6,c572f779-25c4-4c4d-9115-8824d899e3c6,8dcf470a-299d-42c7-a92d-42b832d93ff5,animal,Macropus dorsalis,0.72,addaxai VIC,Macropodidae,macropodidae,macropus dorsalis
2dee50b8-20e8-4077-bf95-c2c12e7a1e22,sequenceID:611338b0-9f69-44e6-9d5b-e6d071a0a2c9,611338b0-9f69-44e6-9d5b-e6d071a0a2c9,611338b0-9f69-44e6-9d5b-e6d071a0a2c9,8dcf470a-299d-42c7-a92d-42b832d93ff5,animal,Macropus dorsalis,0.69,addaxai VIC,Macropodidae,macropodidae,macropus dorsalis
9939e435-b72a-431b-a607-960f0f427009,sequenceID:0dde7f42-a0a9-4b49-aa52-f9e9ce95b3e8,0dde7f42-a0a9-4b49-aa52-f9e9ce95b3e8,0dde7f42-a0a9-4b49-aa52-f9e9ce95b3e8,8dcf470a-299d-42c7-a92d-42b832d93ff5,animal,Mammalia,0.84,addaxai VIC,Macropodidae,macropodidae,mammalia
9939e435-b72a-431b-a607-960f0f427009,sequenceID:0dde7f42-a0a9-4b49-aa52-f9e9ce95b3e8,0dde7f42-a0a9-4b49-aa52-f9e9ce95b3e8,0dde7f42-a0a9-4b49-aa52-f9e9ce95b3e8,8dcf470a-299d-42c7-a92d-42b832d93ff5,animal,Macropus dorsalis,0.67,addaxai VIC,Macropodidae,macropodidae,macropus dorsalis
041711f5-6602-452d-bb3e-cfaa98c230f5,sequenceID:9fbee8fa-3e1c-4ad2-a4c2-9b52659dda0c,9fbee8fa-3e1c-4ad2-a4c2-9b52659dda0c,9fbee8fa-3e1c-4ad2-a4c2-9b52659dda0c,8dcf470a-299d-42c7-a92d-42b832d93ff5,animal,Mammalia,0.69,addaxai VIC,Macropodidae,macropodidae,mammalia
faa7fdb6-9042-49de-9faa-89079ee1de4e,sequenceID:fc8a7a00-56ae-4ed8-a9b4-30d5856537ad,fc8a7a00-56ae-4ed8-a9b4-30d5856537ad,fc8a7a00-56ae-4ed8-a9b4-30d5856537ad,8dcf470a-299d-42c7-a92d-42b832d93ff5,animal,Mammalia,0.7,addaxai VIC,Macropodidae,macropodidae,mammalia
faa7fdb6-9042-49de-9faa-89079ee1de4e,sequenceID:fc8a7a00-56ae-4ed8-a9b4-30d5856537ad,fc8a7a00-56ae-4ed8-a9b4-30d5856537ad,fc8a7a00-56ae-4ed8-a9b4-30d5856537ad,8dcf470a-299d-42c7-a92d-42b832d93ff5,animal,Macropus giganteus,0.68,addaxai VIC,Macropodidae,macropodidae,macropus giganteus
0696df91-a6d3-4954-b01d-2c27c350b18b,sequenceID:1b2c309b-057e-43cb-9c90-1e3cbacc6639,1b2c309b-057e-43cb-9c90-1e3cbacc6639,1b2c309b-057e-43cb-9c90-1e3cbacc6639,8dcf470a-299d-42c7-a92d-42b832d93ff5,animal,Mammalia,0.84,addaxai VIC,Macropodidae,macropodidae,mammalia
23a70b68-018c-43d5-bc00-6542824032a0,sequenceID:48000a64-d983-4cfe-9a2f-6e91e94f3905,48000a64-d983-4cfe-9a2f-6e91e94f3905,48000a64-d983-4cfe-9a2f-6e91e94f3905,8dcf470a-299d-42c7-a92d-42b832d93ff5,unclassified,Unclassified,0.0,,Macropodidae,macropodidae,unclassified
7864c20c-35ea-4551-beef-4f2ff383cee2,sequenceID:b6068dc4-881f-4308-90c0-1293d5e7bb8a,b6068dc4-881f-4308-90c0-1293d5e7bb8a,b6068dc4-881f-4308-90c0-1293d5e7bb8a,8dcf470a-299d-42c7-a92d-42b832d93ff5,animal,Osphranter rufus,0.86,addaxai VIC,Macropodidae,macropodidae,osphranter rufus
7864c20c-35ea-4551-beef-4f2ff383cee2,sequenceID:b6068dc4-881f-4308-90c0-1293d5e7bb8a,b6068dc4-881f-4308-90c0-1293d5e7bb8a,b6068dc4-881f-4308-90c0-1293d5e7bb8a,8dcf470a-299d-42c7-a92d-42b832d93ff5,animal,Macropus dorsalis,0.84,addaxai VIC,Macropodidae,macropodidae,macropus dorsalis
0f1f5f44-9f4a-4aa4-91df-d4f9e2982496,sequenceID:8215d4fb-fc12-455c-98de-adbe390575b3,8215d4fb-fc12-455c-98de-adbe390575b3,8215d4fb-fc12-455c-98de-adbe390575b3,8dcf470a-299d-42c7-a92d-42b832d93ff5,unclassified,Unclassified,0.65,addaxai VIC,Macropodidae,macropodidae,unclassified
0f1f5f44-9f4a-4aa4-91df-d4f9e2982496,sequenceID:8215d4fb-fc12-455c-98de-adbe390575b3,8215d4fb-fc12-455c-98de-adbe390575b3,8215d4fb-fc12-455c-98de-adbe390575b3,8dcf470a-299d-42c7-a92d-42b832d93ff5,animal,Osphranter rufus,0.83,addaxai VIC,Macropodidae,macropodidae,osphranter rufus
af67cc32-bef3-4ae7-9112-f17de08c28c7,sequenceID:264c5905-b2aa-4060-a27c-33426bda67f2,264c5905-b2aa-4060-a27c-33426bda67f2,264c5905-b2aa-4060-a27c-33426bda67f2,8dcf470a-299d-42c7-a92d-42b832d93ff5,animal,Osphranter rufus,0.94,addaxai VIC,Macropodidae,macropodidae,osphranter rufus
af67cc32-bef3-4ae7-9112-f17de08c28c7,sequenceID:264c5905-b2aa-4060-a27c-33426bda67f2,264c5905-b2aa-4060-a27c-33426bda67f2,264c5905-b2aa-4060-a27c-33426bda67f2,8dcf470a-299d-42c7-a92d-42b832d93ff5,unclassified,Unclassified,0.68,addaxai VIC,Macropodidae,macropodidae,unclassified
86616e94-9991-41e8-88ae-5ac7d29af9ef,sequenceID:8e0e5cac-4fcb-4c62-bff8-df7e0845ce46,8e0e5cac-4fcb-4c62-bff8-df7e0845ce46,8e0e5cac-4fcb-4c62-bff8-df7e0845ce46,8dcf470a-299d-42c7-a92d-42b832d93ff5,unclassified,Unclassified,0.0,,Macropodidae,macropodidae,unclassified
4d6121c5-e710-4bff-b386-1ce2d0032e74,sequenceID:cd9016a5-e1db-478f-b78b-0a7c3714d869,cd9016a5-e1db-478f-b78b-0a7c3714d869,cd9016a5-e1db-478f-b78b-0a7c3714d869,8dcf470a-299d-42c7-a92d-42b832d93ff5,animal,Osphranter rufus,0.76,addaxai VIC,Macropodidae,macropodidae,osphranter rufus
9b236948-97c0-4be6-b089-f6180637feb0,sequenceID:477504d2-a788-4b1b-b175-944c11ba6819,477504d2-a788-4b1b-b175-944c11ba6819,477504d2-a788-4b1b-b175-944c11ba6819,8dcf470a-299d-42c7-a92d-42b832d93ff5,animal,Osphranter rufus,0.67,addaxai VIC,Macropodidae,macropodidae,osphranter rufus
df510d86-70ce-4912-b461-d27c88fedb37,sequenceID:4ea7ab27-6f31-4b57-9a8f-fa45eeae4e8d,4ea7ab27-6f31-4b57-9a8f-fa45eeae4e8d,4ea7ab27-6f31-4b57-9a8f-fa45eeae4e8d,8dcf470a-299d-42c7-a92d-42b832d93ff5,animal,Osphranter rufus,0.71,addaxai VIC,Macropodidae,macropodidae,osphranter rufus
df510d86-70ce-4912-b461-d27c88fedb37,sequenceID:4ea7ab27-6f31-4b57-9a8f-fa45eeae4e8d,4ea7ab27-6f31-4b57-9a8f-fa45eeae4e8d,4ea7ab27-6f31-4b57-9a8f-fa45eeae4e8d,8dcf470a-299d-42c7-a92d-42b832d93ff5,unclassified,Unclassified,0.72,addaxai VIC,Macropodidae,macropodidae,unclassified
a6e42635-edd0-4e7c-93a3-f1c561e6eae3,sequenceID:d874fcef-a7e9-4ac5-8f26-13dff3486ff4,d874fcef-a7e9-4ac5-8f26-13dff3486ff4,d874fcef-a7e9-4ac5-8f26-13dff3486ff4,8dcf470a-299d-42c7-a92d-42b832d93ff5,unclassified,Unclassified,0.8,addaxai VIC,Macropodidae,macropodidae,unclassified
a6e42635-edd0-4e7c-93a3-f1c561e6eae3,sequenceID:d874fcef-a7e9-4ac5-8f26-13dff3486ff4,d874fcef-a7e9-4ac5-8f26-13dff3486ff4,d874fcef-a7e9-4ac5-8f26-13dff3486ff4,8dcf470a-299d-42c7-a92d-42b832d93ff5,animal,Osphranter rufus,0.88,addaxai VIC,Macropodidae,macropodidae,osphranter rufus
b415d86b-032b-4e83-8ba4-c13048ae3f6c,sequenceID:87c965bb-505e-4700-b247-6cc1b8fb1ba4,87c965bb-505e-4700-b247-6cc1b8fb1ba4,87c965bb-505e-4700-b247-6cc1b8fb1ba4,8dcf470a-299d-42c7-a92d-42b832d93ff5,animal,Macropus fuliginosus,0.72,addaxai VIC,Macropodidae,macropodidae,macropus fuliginosus
b167b36e-a1d0-4312-a7b5-67c465138f49,sequenceID:4161f8ae-9639-455a-a5e9-6dc06d7cb66e,4161f8ae-9639-455a-a5e9-6dc06d7cb66e,4161f8ae-9639-455a-a5e9-6dc06d7cb66e,8dcf470a-299d-42c7-a92d-42b832d93ff5,animal,Macropus dorsalis,0.9,addaxai VIC,Macropodidae,macropodidae,macropus dorsalis
d267d256-beed-434c-bc19-41f429d6719b,sequenceID:2c10cdab-4f03-4ce5-9df7-08ec951709e8,2c10cdab-4f03-4ce5-9df7-08ec951709e8,2c10cdab-4f03-4ce5-9df7-08ec951709e8,8dcf470a-299d-42c7-a92d-42b832d93ff5,animal,Mammalia,0.66,addaxai VIC,Macropodidae,macropodidae,mammalia
d267d256-beed-434c-bc19-41f429d6719b,sequenceID:2c10cdab-4f03-4ce5-9df7-08ec951709e8,2c10cdab-4f03-4ce5-9df7-08ec951709e8,2c10cdab-4f03-4ce5-9df7-08ec951709e8,8dcf470a-299d-42c7-a92d-42b832d93ff5,unclassified,Unclassified,0.96,addaxai VIC,Macropodidae,macropodidae,unclassified
d267d256-beed-434c-bc19-41f429d6719b,sequenceID:2c10cdab-4f03-4ce5-9df7-08ec951709e8,2c10cdab-4f03-4ce5-9df7-08ec951709e8,2c10cdab-4f03-4ce5-9df7-08ec951709e8,8dcf470a-299d-42c7-a92d-42b832d93ff5,animal,Macropus fuliginosus,0.85,addaxai VIC,Macropodidae,macropodidae,macropus fuliginosus
f6b46998-e2e2-477b-a1ec-96513f9e1702,sequenceID:ddbb5d10-3069-4e47-9f2c-e39dffbf766e,ddbb5d10-3069-4e47-9f2c-e39dffbf766e,ddbb5d10-3069-4e47-9f2c-e39dffbf766e,8dcf470a-299d-42c7-a92d-42b832d93ff5,animal,Cervidae,0.94,addaxai VIC,Macropodidae,macropodidae,cervidae
f6b46998-e2e2-477b-a1ec-96513f9e1702,sequenceID:ddbb5d10-3069-4e47-9f2c-e39dffbf766e,ddbb5d10-3069-4e47-9f2c-e39dffbf766e,ddbb5d10-3069-4e47-9f2c-e39dffbf766e,8dcf470a-299d-42c7-a92d-42b832d93ff5,unclassified,Unclassified,0.77,addaxai VIC,Macropodidae,macropodidae,unclassified
84d07639-c043-45f9-a8cf-ca4eba98683c,sequenceID:122c9dec-3691-423b-b2fb-4839a05a0e07,122c9dec-3691-423b-b2fb-4839a05a0e07,122c9dec-3691-423b-b2fb-4839a05a0e07,8dcf470a-299d-42c7-a92d-42b832d93ff5,animal,Macropus dorsalis,0.89,addaxai VIC,Macropodidae,macropodidae,macropus dorsalis
d151da94-82df-452d-b6d2-5ec1630712a2,sequenceID:b8ba6191-283b-4507-a827-3c9280488a9e,b8ba6191-283b-4507-a827-3c9280488a9e,b8ba6191-283b-4507-a827-3c9280488a9e,8dcf470a-299d-42c7-a92d-42b832d93ff5,unclassified,Unclassified,0.0,,Macropodidae,macropodidae,unclassified
88619b6d-c582-4b16-8ff8-a8659597cd8b,sequenceID:95dd31ef-99ce-4330-ae28-6473b8980847,95dd31ef-99ce-4330-ae28-6473b8980847,95dd31ef-99ce-4330-ae28-6473b8980847,8dcf470a-299d-42c7-a92d-42b832d93ff5,animal,Macropus fuliginosus,0.96,addaxai VIC,Macropodidae,macropodidae,macropus fuliginosus
88619b6d-c582-4b16-8ff8-a8659597cd8b,sequenceID:95dd31ef-99ce-4330-ae28-6473b8980847,95dd31ef-99ce-4330-ae28-6473b8980847,95dd31ef-99ce-4330-ae28-6473b8980847,8dcf470a-299d-42c7-a92d-42b832d93ff5,animal,Cervidae,0.84,addaxai VIC,Macropodidae,macropodidae,cervidae
c21900a3-fd14-450a-873f-f69caafd3747,sequenceID:0e1d921b-121b-4298-8a7f-88eaca747e64,0e1d921b-121b-4298-8a7f-88eaca747e64,0e1d921b-121b-4298-8a7f-88eaca747e64,8dcf470a-299d-42c7-a92d-42b832d93ff5,animal,Macropus fuliginosus,0.96,addaxai VIC,Macropodidae,macropodidae,macropus fuliginosus
c21900a3-fd14-450a-873f-f69caafd3747,sequenceID:0e1d921b-121b-4298-8a7f-88eaca747e64,0e1d921b-121b-4298-8a7f-88eaca747e64,0e1d921b-121b-4298-8a7f-88eaca747e64,8dcf470a-299d-42c7-a92d-42b832d93ff5,animal,Mammalia,0.69,addaxai VIC,Macropodidae,macropodidae,mammalia
920c2667-7613-4691-afbd-bce00a51ad6b,sequenceID:a976f316-8784-4ef0-a1bd-7ca33afcefdb,a976f316-8784-4ef0-a1bd-7ca33afcefdb,a976f316-8784-4ef0-a1bd-7ca33afcefdb,8dcf470a-299d-42c7-a92d-42b832d93ff5,animal,Macropus fuliginosus,0.99,addaxai VIC,Macropodidae,macropodidae,macropus fuliginosus
b71ead33-6556-4cfd-bcaf-cc00baba3c26,sequenceID:d84f378c-58b3-44ee-9fbc-cee867556025,d84f378c-58b3-44ee-9fbc-cee867556025,d84f378c-58b3-44ee-9fbc-cee867556025,8dcf470a-299d-42c7-a92d-42b832d93ff5,unclassified,Unclassified,0.8,addaxai VIC,Macropodidae,macropodidae,unclassified
effbd6bf-d883-4710-b900-b4147a55c2ff,sequenceID:1b12ece6-9d23-4429-b3a5-840fc246e7f4,1b12ece6-9d23-4429-b3a5-840fc246e7f4,1b12ece6-9d23-4429-b3a5-840fc246e7f4,8dcf470a-299d-42c7-a92d-42b832d93ff5,unclassified,Unclassified,0.65,addaxai VIC,Macropodidae,macropodidae,unclassified
7738a946-0668-45d4-83b2-37331f6e1679,sequenceID:09d9d327-6a62-4eb1-9a93-c94a578321c4,09d9d327-6a62-4eb1-9a93-c94a578321c4,09d9d327-6a62-4eb1-9a93-c94a578321c4,8dcf470a-299d-42c7-a92d-42b832d93ff5,unclassified,Unclassified,0.0,,Macropodidae,macropodidae,unclassified
48614299-981f-4cda-8361-21a41f4bf17e,sequenceID:16f4ff65-c9ef-401f-a61e-ee8c6b3aa908,16f4ff65-c9ef-401f-a61e-ee8c6b3aa908,16f4ff65-c9ef-401f-a61e-ee8c6b3aa908,8dcf470a-299d-42c7-a92d-42b832d93ff5,animal,Macropus dorsalis,0.7,addaxai VIC,Macropodidae,macropodidae,macropus dorsalis
3a4b15d9-b973-4052-b15e-0692f6c18092,sequenceID:a03e61c7-3e8f-41af-a125-7d51097ae4b3,a03e61c7-3e8f-41af-a125-7d51097ae4b3,a03e61c7-3e8f-41af-a125-7d51097ae4b3,8dcf470a-299d-42c7-a92d-42b832d93ff5,animal,Macropus giganteus,0.93,addaxai VIC,Macropodidae,macropodidae,macropus giganteus
d41cd1d4-c0ab-41be-96eb-b343abc2bb6a,sequenceID:331b45bf-3184-4705-baac-206186138e5a,331b45bf-3184-4705-baac-206186138e5a,331b45bf-3184-4705-baac-206186138e5a,8dcf470a-299d-42c7-a92d-42b832d93ff5,unclassified,Unclassified,0.0,,Macropodidae,macropodidae,unclassified
371c6ade-69ba-498f-aa01-9a687b85c1a2,sequenceID:e828fde0-3ff9-4c2d-80ce-bf0410b4aa18,e828fde0-3ff9-4c2d-80ce-bf0410b4aa18,e828fde0-3ff9-4c2d-80ce-bf0410b4aa18,8dcf470a-299d-42c7-a92d-42b832d93ff5,unclassified,Unclassified,0.0,,Macropodidae,macropodidae,unclassified
343a2ec4-3175-4877-bafe-75fd4d6cbeb1,sequenceID:3439fc7f-bb11-472c-bbe0-b8e77ca289e7,3439fc7f-bb11-472c-bbe0-b8e77ca289e7,3439fc7f-bb11-472c-bbe0-b8e77ca289e7,8dcf470a-299d-42c7-a92d-42b832d93ff5,unclassified,Unclassified,0.0,,Macropodidae,macropodidae,unclassified
676e4f22-ad3a-4778-8e57-560bfacbf58e,sequenceID:16beb14d-4630-42ab-9d56-0136d312f47e,16beb14d-4630-42ab-9d56-0136d312f47e,16beb14d-4630-42ab-9d56-0136d312f47e,8dcf470a-299d-42c7-a92d-42b832d93ff5,unclassified,Unclassified,0.0,,Macropodidae,macropodidae,unclassified
eec78a57-c99a-4996-a2ac-c61228b9e2f9,sequenceID:e41a9c44-ecc2-4362-b371-0f8d2fdf8ed6,e41a9c44-ecc2-4362-b371-0f8d2fdf8ed6,e41a9c44-ecc2-4362-b371-0f8d2fdf8ed6,8dcf470a-299d-42c7-a92d-42b832d93ff5,animal,Macropus dorsalis,0.83,addaxai VIC,Macropodidae,macropodidae,macropus dorsalis
9421fca6-38d0-4b0d-89dc-fbfed0f06f58,sequenceID:8b4aebec-980b-46ac-a23d-dc4b6eee3228,8b4aebec-980b-46ac-a23d-dc4b6eee3228,8b4aebec-980b-46ac-a23d-dc4b6eee3228,8dcf470a-299d-42c7-a92d-42b832d93ff5,unclassified,Unclassified,0.89,addaxai VIC,Macropodidae,macropodidae,unclassified
65306542-cce4-46f7-9996-40beca64f539,sequenceID:8bbcea37-5f62-479e-8587-a7c42ac25dd2,8bbcea37-5f62-479e-8587-a7c42ac25dd2,8bbcea37-5f62-479e-8587-a7c42ac25dd2,8dcf470a-299d-42c7-a92d-42b832d93ff5,animal,Cervidae,0.73,addaxai VIC,Macropodidae,macropodidae,cervidae
bd907005-7e54-4479-a020-57a63bcc257e,sequenceID:cb8fd3be-188c-4894-a4fe-c33892a11196,cb8fd3be-188c-4894-a4fe-c33892a11196,cb8fd3be-188c-4894-a4fe-c33892a11196,8dcf470a-299d-42c7-a92d-42b832d93ff5,unclassified,Unclassified,0.73,addaxai VIC,Macropodidae,macropodidae,unclassified
56d2a4ad-67f9-46f3-913a-51a8ce1e19a5,sequenceID:bc6402ad-ab7e-4761-9662-b36acede3808,bc6402ad-ab7e-4761-9662-b36acede3808,bc6402ad-ab7e-4761-9662-b36acede3808,8dcf470a-299d-42c7-a92d-42b832d93ff5,unclassified,Unclassified,0.0,,Macropodidae,macropodidae,unclassified
f5719bf8-8292-4804-9c60-3aab5f0d6caf,sequenceID:36649302-8a8a-4d4b-9d30-3e46eaf20c5d,36649302-8a8a-4d4b-9d30-3e46eaf20c5d,36649302-8a8a-4d4b-9d30-3e46eaf20c5d,8dcf470a-299d-42c7-a92d-42b832d93ff5,animal,Macropus fuliginosus,0.7,addaxai VIC,Macropodidae,macropodidae,macropus fuliginosus
e1b3d2ac-046a-4ac7-8dcf-9010113f6def,sequenceID:83f8ada2-d133-47ca-97be-d69d26a921bc,83f8ada2-d133-47ca-97be-d69d26a921bc,83f8ada2-d133-47ca-97be-d69d26a921bc,8dcf470a-299d-42c7-a92d-42b832d93ff5,unclassified,Unclassified,0.73,addaxai VIC,Macropodidae,macropodidae,unclassified
a47505fa-f6f7-4509-bd85-598f61557608,sequenceID:b3550343-ebcc-4de8-97af-da6819120c1f,b3550343-ebcc-4de8-97af-da6819120c1f,b3550343-ebcc-4de8-97af-da6819120c1f,8dcf470a-299d-42c7-a92d-42b832d93ff5,animal,Macropus dorsalis,0.7,addaxai VIC,Macropodidae,macropodidae,macropus dorsalis
17f480fc-6dca-4b59-bafa-d876c08a6105,sequenceID:8db603cb-1ca6-4017-a98d-5751e3cdfd59,8db603cb-1ca6-4017-a98d-5751e3cdfd59,8db603cb-1ca6-4017-a98d-5751e3cdfd59,8dcf470a-299d-42c7-a92d-42b832d93ff5,animal,Dama dama,0.75,addaxai VIC,Macropodidae,macropodidae,dama dama
925119aa-6455-4954-82a3-b0107ea5038e,sequenceID:282e1769-f9de-4b2c-bf86-6b797ccbd885,282e1769-f9de-4b2c-bf86-6b797ccbd885,282e1769-f9de-4b2c-bf86-6b797ccbd885,8dcf470a-299d-42c7-a92d-42b832d93ff5,unclassified,Unclassified,0.82,addaxai VIC,Macropodidae,macropodidae,unclassified
925119aa-6455-4954-82a3-b0107ea5038e,sequenceID:282e1769-f9de-4b2c-bf86-6b797ccbd885,282e1769-f9de-4b2c-bf86-6b797ccbd885,282e1769-f9de-4b2c-bf86-6b797ccbd885,8dcf470a-299d-42c7-a92d-42b832d93ff5,animal,Macropus giganteus,0.85,addaxai VIC,Macropodidae,macropodidae,macropus giganteus
4b5a2bec-d88e-4330-be96-7aa585b2a322,sequenceID:f879cf86-47a2-490a-9942-0bbc9bd2d118,f879cf86-47a2-490a-9942-0bbc9bd2d118,f879cf86-47a2-490a-9942-0bbc9bd2d118,8dcf470a-299d-42c7-a92d-42b832d93ff5,animal,Mammalia,0.7,addaxai VIC,Macropodidae,macropodidae,mammalia
12b73de3-3848-47c4-8a1f-9805612bde1e,sequenceID:6b901655-b777-4359-8299-9b91c052f1c7,6b901655-b777-4359-8299-9b91c052f1c7,6b901655-b777-4359-8299-9b91c052f1c7,8dcf470a-299d-42c7-a92d-42b832d93ff5,unclassified,Unclassified,0.0,,Macropodidae,macropodidae,unclassified
27fbc232-5aeb-45b7-874b-249157acd265,sequenceID:0fd7d7fb-6791-4d87-855b-021acae080e4,0fd7d7fb-6791-4d87-855b-021acae080e4,0fd7d7fb-6791-4d87-855b-021acae080e4,8dcf470a-299d-42c7-a92d-42b832d93ff5,unclassified,Unclassified,0.75,addaxai VIC,Macropodidae,macropodidae,unclassified
1a3479b4-23f1-4ed4-a21e-084072495c96,sequenceID:81c4d8d8-dd0c-49be-acdd-0f20f789d4cc,81c4d8d8-dd0c-49be-acdd-0f20f789d4cc,81c4d8d8-dd0c-49be-acdd-0f20f789d4cc,8dcf470a-299d-42c7-a92d-42b832d93ff5,unclassified,Unclassified,0.0,,Macropodidae,macropodidae,unclassified
03d09503-6ec2-4d5b-b69a-90864fef89bf,sequenceID:e5a4e045-4599-4a41-8d3e-cdf578b4eefe,e5a4e045-4599-4a41-8d3e-cdf578b4eefe,e5a4e045-4599-4a41-8d3e-cdf578b4eefe,8dcf470a-299d-42c7-a92d-42b832d93ff5,animal,Macropus dorsalis,0.92,addaxai VIC,Macropodidae,macropodidae,macropus dorsalis
03d09503-6ec2-4d5b-b69a-90864fef89bf,sequenceID:e5a4e045-4599-4a41-8d3e-cdf578b4eefe,e5a4e045-4599-4a41-8d3e-cdf578b4eefe,e5a4e045-4599-4a41-8d3e-cdf578b4eefe,8dcf470a-299d-42c7-a92d-42b832d93ff5,animal,Mammalia,0.68,addaxai VIC,Macropodidae,macropodidae,mammalia
3efc1f28-1177-4563-bd51-36030a13dfbe,sequenceID:b2460dbb-d6d7-49fd-9477-e834ebbfd55d,b2460dbb-d6d7-49fd-9477-e834ebbfd55d,b2460dbb-d6d7-49fd-9477-e834ebbfd55d,8dcf470a-299d-42c7-a92d-42b832d93ff5,animal,Macropus giganteus,0.74,addaxai VIC,Macropodidae,macropodidae,macropus giganteus
e13b7e85-f9a5-467e-a6a1-a165cd9d501a,sequenceID:7f56ee7a-99da-4542-a13b-9cc7d90a700a,7f56ee7a-99da-4542-a13b-9cc7d90a700a,7f56ee7a-99da-4542-a13b-9cc7d90a700a,8dcf470a-299d-42c7-a92d-42b832d93ff5,animal,Macropus fuliginosus,0.89,addaxai VIC,Macropodidae,macropodidae,macropus fuliginosus
e13b7e85-f9a5-467e-a6a1-a165cd9d501a,sequenceID:7f56ee7a-99da-4542-a13b-9cc7d90a700a,7f56ee7a-99da-4542-a13b-9cc7d90a700a,7f56ee7a-99da-4542-a13b-9cc7d90a700a,8dcf470a-299d-42c7-a92d-42b832d93ff5,unclassified,Unclassified,0.94,addaxai VIC,Macropodidae,macropodidae,unclassified
abb1ece2-ed76-4d84-b1bd-eee2873f07f0,sequenceID:4f093b31-f2d9-4a32-9029-91bd14681e6a,4f093b31-f2d9-4a32-9029-91bd14681e6a,4f093b31-f2d9-4a32-9029-91bd14681e6a,8dcf470a-299d-42c7-a92d-42b832d93ff5,animal,Macropus fuliginosus,0.66,addaxai VIC,Macropodidae,macropodidae,macropus fuliginosus
c4236c52-24e6-43d6-9f95-40c9c52c62fc,sequenceID:4a829508-a047-44d2-9e18-c0469d7f44b8,4a829508-a047-44d2-9e18-c0469d7f44b8,4a829508-a047-44d2-9e18-c0469d7f44b8,8dcf470a-299d-42c7-a92d-42b832d93ff5,animal,Macropus dorsalis,0.76,addaxai VIC,Macropodidae,macropodidae,macropus dorsalis
c4236c52-24e6-43d6-9f95-40c9c52c62fc,sequenceID:4a829508-a047-44d2-9e18-c0469d7f44b8,4a829508-a047-44d2-9e18-c0469d7f44b8,4a829508-a047-44d2-9e18-c0469d7f44b8,8dcf470a-299d-42c7-a92d-42b832d93ff5,unclassified,Unclassified,0.83,addaxai VIC,Macropodidae,macropodidae,unclassified
abb8ecff-e5e6-4eec-bc57-c010375dd022,sequenceID:38e088b1-3751-4cbb-98f9-2dd2c3b13c25,38e088b1-3751-4cbb-98f9-2dd2c3b13c25,38e088b1-3751-4cbb-98f9-2dd2c3b13c25,8dcf470a-299d-42c7-a92d-42b832d93ff5,animal,Macropus fuliginosus,0.76,addaxai VIC,Macropodidae,macropodidae,macropus fuliginosus
7f147795-4004-48a0-99b0-d385fb983e49,sequenceID:212aa504-042c-4d65-9845-440cc1810327,212aa504-042c-4d65-9845-440cc1810327,212aa504-042c-4d65-9845-440cc1810327,8dcf470a-299d-42c7-a92d-42b832d93ff5,animal,Macropus fuliginosus,0.87,addaxai VIC,Macropodidae,macropodidae,macropus fuliginosus
526d3aaf-0e42-4d7c-a875-42955763ce42,sequenceID:bc561e41-322d-4837-9f65-ab99b60c9b93,bc561e41-322d-4837-9f65-ab99b60c9b93,bc561e41-322d-4837-9f65-ab99b60c9b93,8dcf470a-299d-42c7-a92d-42b832d93ff5,animal,Macropus fuliginosus,0.79,addaxai VIC,Macropodidae,macropodidae,macropus fuliginosus
40797cda-6690-41b3-a6d6-ed6b20029011,sequenceID:91a9b496-f48a-40a2-8c8f-091f8477023e,91a9b496-f48a-40a2-8c8f-091f8477023e,91a9b496-f48a-40a2-8c8f-091f8477023e,8dcf470a-299d-42c7-a92d-42b832d93ff5,unclassified,Unclassified,0.0,,Macropodidae,macropodidae,unclassified
ab61b04a-dfdb-434c-9475-ec71b5a0c1be,sequenceID:24ea21ab-0c39-4b4f-b6a5-fdf6f6faceca,24ea21ab-0c39-4b4f-b6a5-fdf6f6faceca,24ea21ab-0c39-4b4f-b6a5-fdf6f6faceca,8dcf470a-299d-42c7-a92d-42b832d93ff5,animal,Macropus dorsalis,0.75,addaxai VIC,Macropodidae,macropodidae,macropus dorsalis
12bb76f1-7974-407e-b4e8-3962b2a32c7c,sequenceID:d985c3cd-2b10-4ce7-b5e5-3ff9e6f14d99,d985c3cd-2b10-4ce7-b5e5-3ff9e6f14d99,d985c3cd-2b10-4ce7-b5e5-3ff9e6f14d99,8dcf470a-299d-42c7-a92d-42b832d93ff5,animal,Macropus giganteus,0.86,addaxai VIC,Macropodidae,macropodidae,macropus giganteus
cd1aed65-1509-480d-963d-943a8aea3092,sequenceID:65c68623-7770-4491-aba8-d8a976eead38,65c68623-7770-4491-aba8-d8a976eead38,65c68623-7770-4491-aba8-d8a976eead38,8dcf470a-299d-42c7-a92d-42b832d93ff5,unclassified,Unclassified,0.95,addaxai VIC,Macropodidae,macropodidae,unclassified
cd1aed65-1509-480d-963d-943a8aea3092,sequenceID:65c68623-7770-4491-aba8-d8a976eead38,65c68623-7770-4491-aba8-d8a976eead38,65c68623-7770-4491-aba8-d8a976eead38,8dcf470a-299d-42c7-a92d-42b832d93ff5,animal,Macropus fuliginosus,0.97,addaxai VIC,Macropodidae,macropodidae,macropus fuliginosus
0599c378-808d-406e-8c4a-03da0ab286b6,sequenceID:3da2d5f4-c3b3-4f1b-ab14-f7e70d103a00,3da2d5f4-c3b3-4f1b-ab14-f7e70d103a00,3da2d5f4-c3b3-4f1b-ab14-f7e70d103a00,8dcf470a-299d-42c7-a92d-42b832d93ff5,animal,Macropus fuliginosus,0.66,addaxai VIC,Macropodidae,macropodidae,macropus fuliginosus
0599c378-808d-406e-8c4a-03da0ab286b6,sequenceID:3da2d5f4-c3b3-4f1b-ab14-f7e70d103a00,3da2d5f4-c3b3-4f1b-ab14-f7e70d103a00,3da2d5f4-c3b3-4f1b-ab14-f7e70d103a00,8dcf470a-299d-42c7-a92d-42b832d93ff5,unclassified,Unclassified,0.93,addaxai VIC,Macropodidae,macropodidae,unclassified
c8d9876e-d031-4216-9a7e-437d704f81eb,sequenceID:d481e30d-99e0-406c-8edf-b994746fd48d,d481e30d-99e0-406c-8edf-b994746fd48d,d481e30d-99e0-406c-8edf-b994746fd48d,8dcf470a-299d-42c7-a92d-42b832d93ff5,animal,Mammalia,0.73,addaxai VIC,Macropodidae,macropodidae,mammalia
6a1df9c3-4ee2-4ded-94a1-e947ccbea186,sequenceID:1f433a3e-073f-48cf-8fed-57d2cfe9bd59,1f433a3e-073f-48cf-8fed-57d2cfe9bd59,1f433a3e-073f-48cf-8fed-57d2cfe9bd59,8dcf470a-299d-42c7-a92d-42b832d93ff5,unclassified,Unclassified,0.0,,Macropodidae,macropodidae,unclassified
faeecd4f-eaf0-4cca-b9a2-77b869c86d69,sequenceID:7dc28e6e-74d8-46c2-82d8-03406acbec7b,7dc28e6e-74d8-46c2-82d8-03406acbec7b,7dc28e6e-74d8-46c2-82d8-03406acbec7b,8dcf470a-299d-42c7-a92d-42b832d93ff5,unclassified,Unclassified,0.74,addaxai VIC,Macropodidae,macropodidae,unclassified
e6ce8eb0-ad18-463e-90f6-25e068439de3,sequenceID:d12202d2-fc59-4391-8bdc-422bc6023194,d12202d2-fc59-4391-8bdc-422bc6023194,d12202d2-fc59-4391-8bdc-422bc6023194,8dcf470a-299d-42c7-a92d-42b832d93ff5,animal,Mammalia,0.65,addaxai VIC,Macropodidae,macropodidae,mammalia
e6ce8eb0-ad18-463e-90f6-25e068439de3,sequenceID:d12202d2-fc59-4391-8bdc-422bc6023194,d12202d2-fc59-4391-8bdc-422bc6023194,d12202d2-fc59-4391-8bdc-422bc6023194,8dcf470a-299d-42c7-a92d-42b832d93ff5,unclassified,Unclassified,0.91,addaxai VIC,Macropodidae,macropodidae,unclassified
e8bad72e-df5b-4b55-a9f6-082147504aa5,sequenceID:bf295899-0067-49ac-ae11-2862204f3a7b,bf295899-0067-49ac-ae11-2862204f3a7b,bf295899-0067-49ac-ae11-2862204f3a7b,8dcf470a-299d-42c7-a92d-42b832d93ff5,unclassified,Unclassified,0.92,addaxai VIC,Macropodidae,macropodidae,unclassified
e8bad72e-df5b-4b55-a9f6-082147504aa5,sequenceID:bf295899-0067-49ac-ae11-2862204f3a7b,bf295899-0067-49ac-ae11-2862204f3a7b,bf295899-0067-49ac-ae11-2862204f3a7b,8dcf470a-299d-42c7-a92d-42b832d93ff5,unclassified,Unclassified,0.72,addaxai VIC,Macropodidae,macropodidae,unclassified
78649655-0faf-49a5-b646-22185ad33d18,sequenceID:51054bde-dc8c-4684-a5d4-3f342049cab9,51054bde-dc8c-4684-a5d4-3f342049cab9,51054bde-dc8c-4684-a5d4-3f342049cab9,8dcf470a-299d-42c7-a92d-42b832d93ff5,unclassified,Unclassified,0.88,addaxai VIC,Macropodidae,macropodidae,unclassified
9c96428d-6cb1-4ab6-baf2-817d8242e8a8,sequenceID:e8a67d07-eefe-42cc-8768-cd9cef94e512,e8a67d07-eefe-42cc-8768-cd9cef94e512,e8a67d07-eefe-42cc-8768-cd9cef94e512,8dcf470a-299d-42c7-a92d-42b832d93ff5,animal,Osphranter rufus,0.75,addaxai VIC,Macropodidae,macropodidae,osphranter rufus
9c96428d-6cb1-4ab6-baf2-817d8242e8a8,sequenceID:e8a67d07-eefe-42cc-8768-cd9cef94e512,e8a67d07-eefe-42cc-8768-cd9cef94e512,e8a67d07-eefe-42cc-8768-cd9cef94e512,8dcf470a-299d-42c7-a92d-42b832d93ff5,unclassified,Unclassified,0.9,addaxai VIC,Macropodidae,macropodidae,unclassified
bbe153ba-c964-4339-a1da-8c8bb70cf248,sequenceID:79a5a9cc-5679-4576-97dc-df11ecd15461,79a5a9cc-5679-4576-97dc-df11ecd15461,79a5a9cc-5679-4576-97dc-df11ecd15461,8dcf470a-299d-42c7-a92d-42b832d93ff5,unclassified,Unclassified,0.0,,Macropodidae,macropodidae,unclassified
bcda5b0c-b3a8-4a98-8378-30b0e4b0bf3f,sequenceID:29ab8bfe-0dbd-4113-8553-39ea03943cf8,29ab8bfe-0dbd-4113-8553-39ea03943cf8,29ab8bfe-0dbd-4113-8553-39ea03943cf8,8dcf470a-299d-42c7-a92d-42b832d93ff5,unclassified,Unclassified,0.7,addaxai VIC,Macropodidae,macropodidae,unclassified
cdfde639-3538-48ea-b9e2-1730ee6b682d,sequenceID:79711b12-b77d-4f21-8b43-928673a2a873,79711b12-b77d-4f21-8b43-928673a2a873,79711b12-b77d-4f21-8b43-928673a2a873,8dcf470a-299d-42c7-a92d-42b832d93ff5,unclassified,Unclassified,0.71,addaxai VIC,Macropodidae,macropodidae,unclassified
4b2aba12-2888-41ee-96bc-3122a0e718fd,sequenceID:dcd65b1a-1862-44ba-8f52-1410073f3109,dcd65b1a-1862-44ba-8f52-1410073f3109,dcd65b1a-1862-44ba-8f52-1410073f3109,8dcf470a-299d-42c7-a92d-42b832d93ff5,animal,Macropus fuliginosus,0.71,addaxai VIC,Macropodidae,macropodidae,macropus fuliginosus
b63df73a-0709-4291-b634-12f99a4c46c5,sequenceID:a8fbc77f-a30e-47c3-8fa4-74d4681c202b,a8fbc77f-a30e-47c3-8fa4-74d4681c202b,a8fbc77f-a30e-47c3-8fa4-74d4681c202b,8dcf470a-299d-42c7-a92d-42b832d93ff5,animal,Macropus giganteus,0.71,addaxai VIC,Macropodidae,macropodidae,macropus giganteus
268ed3da-5c31-4ebe-99e5-96b9b4120d6d,sequenceID:4da48b3a-2bc2-4627-a3cc-f1d8d4271288,4da48b3a-2bc2-4627-a3cc-f1d8d4271288,4da48b3a-2bc2-4627-a3cc-f1d8d4271288,8dcf470a-299d-42c7-a92d-42b832d93ff5,unclassified,Unclassified,0.79,addaxai VIC,Macropodidae,macropodidae,unclassified
f422f39c-c884-46ec-88b7-42983da0a32d,sequenceID:cae718ee-0722-4ad8-b712-4f008309234b,cae718ee-0722-4ad8-b712-4f008309234b,cae718ee-0722-4ad8-b712-4f008309234b,8dcf470a-299d-42c7-a92d-42b832d93ff5,animal,Macropus giganteus,0.75,addaxai VIC,Macropodidae,macropodidae,macropus giganteus
be5a8631-a769-486a-b15f-32b86338331f,sequenceID:1a89bdb7-a4d6-44aa-90e8-53d794132d11,1a89bdb7-a4d6-44aa-90e8-53d794132d11,1a89bdb7-a4d6-44aa-90e8-53d794132d11,8dcf470a-299d-42c7-a92d-42b832d93ff5,animal,Macropus fuliginosus,0.84,addaxai VIC,Macropodidae,macropodidae,macropus fuliginosus
1bed8969-1388-40cf-abb6-c96bcdd0f409,sequenceID:79400627-7b45-4ad1-aac5-8d87351fe9f6,79400627-7b45-4ad1-aac5-8d87351fe9f6,79400627-7b45-4ad1-aac5-8d87351fe9f6,8dcf470a-299d-42c7-a92d-42b832d93ff5,animal,Macropus fuliginosus,0.91,addaxai VIC,Macropodidae,macropodidae,macropus fuliginosus
f2d4648f-5b4e-4961-bada-5503608ba781,sequenceID:78467070-2602-4e95-8cc9-66900426e514,78467070-2602-4e95-8cc9-66900426e514,78467070-2602-4e95-8cc9-66900426e514,8dcf470a-299d-42c7-a92d-42b832d93ff5,animal,Dama dama,0.86,addaxai VIC,Macropodidae,macropodidae,dama dama
698250f6-217b-4c6e-a259-85174b2b5ffa,sequenceID:088dca2b-ea6a-4cc2-86b5-c44895c35bda,088dca2b-ea6a-4cc2-86b5-c44895c35bda,088dca2b-ea6a-4cc2-86b5-c44895c35bda,8dcf470a-299d-42c7-a92d-42b832d93ff5,unclassified,Unclassified,0.0,,Macropodidae,macropodidae,unclassified
591555be-7ca6-4e13-b251-34dd3938cc1a,sequenceID:b988cd62-dc77-43bd-9ba3-0f0e730ed562,b988cd62-dc77-43bd-9ba3-0f0e730ed562,b988cd62-dc77-43bd-9ba3-0f0e730ed562,8dcf470a-299d-42c7-a92d-42b832d93ff5,animal,Macropus giganteus,0.86,addaxai VIC,Macropodidae,macropodidae,macropus giganteus
452d34be-4aeb-45ff-965a-7af97b47a29a,sequenceID:013b1ec0-d098-459a-a65a-5ad07c81942a,013b1ec0-d098-459a-a65a-5ad07c81942a,013b1ec0-d098-459a-a65a-5ad07c81942a,8dcf470a-299d-42c7-a92d-42b832d93ff5,unclassified,Unclassified,0.0,,Macropodidae,macropodidae,unclassified
9adbd17f-c51d-4e26-bde1-aef2977afc18,sequenceID:39dd10bd-7dec-4e7a-8eef-bc4665d4cdc3,39dd10bd-7dec-4e7a-8eef-bc4665d4cdc3,39dd10bd-7dec-4e7a-8eef-bc4665d4cdc3,8dcf470a-299d-42c7-a92d-42b832d93ff5,animal,Macropus giganteus,0.95,addaxai VIC,Macropodidae,macropodidae,macropus giganteus
18b2c344-b3f7-473b-b997-bbc624ba71d5,sequenceID:c231aeb0-bb4f-4021-8edc-0caad9b9ac0d,c231aeb0-bb4f-4021-8edc-0caad9b9ac0d,c231aeb0-bb4f-4021-8edc-0caad9b9ac0d,8dcf470a-299d-42c7-a92d-42b832d93ff5,animal,Macropus dorsalis,0.77,addaxai VIC,Macropodidae,macropodidae,macropus dorsalis
898a492a-17d3-46e2-a56e-44988910a3dd,sequenceID:b186b0d8-063c-4d0c-a660-1fbef4a87ddc,b186b0d8-063c-4d0c-a660-1fbef4a87ddc,b186b0d8-063c-4d0c-a660-1fbef4a87ddc,8dcf470a-299d-42c7-a92d-42b832d93ff5,animal,Macropus dorsalis,0.73,addaxai VIC,Macropodidae,macropodidae,macropus dorsalis
bb670422-efc5-41b1-a37b-1eb0dc5bf4a1,sequenceID:136e2e25-494c-4b6d-80b3-233e1a16448b,136e2e25-494c-4b6d-80b3-233e1a16448b,136e2e25-494c-4b6d-80b3-233e1a16448b,8dcf470a-299d-42c7-a92d-42b832d93ff5,animal,Macropus fuliginosus,0.92,addaxai VIC,Macropodidae,macropodidae,macropus fuliginosus
bb670422-efc5-41b1-a37b-1eb0dc5bf4a1,sequenceID:136e2e25-494c-4b6d-80b3-233e1a16448b,136e2e25-494c-4b6d-80b3-233e1a16448b,136e2e25-494c-4b6d-80b3-233e1a16448b,8dcf470a-299d-42c7-a92d-42b832d93ff5,animal,Mammalia,0.82,addaxai VIC,Macropodidae,macropodidae,mammalia
20347032-2bb7-43cc-98b6-e0ddf081fa07,sequenceID:c86f674f-26ab-4182-a7f3-00bff8740fce,c86f674f-26ab-4182-a7f3-00bff8740fce,c86f674f-26ab-4182-a7f3-00bff8740fce,8dcf470a-299d-42c7-a92d-42b832d93ff5,unclassified,Unclassified,0.88,addaxai VIC,Macropodidae,macropodidae,unclassified
f2ad5c17-6c13-44ec-b2cb-6e359fd586bf,sequenceID:43af0557-95a0-4fb6-bfd3-e4562d727dbb,43af0557-95a0-4fb6-bfd3-e4562d727dbb,43af0557-95a0-4fb6-bfd3-e4562d727dbb,8dcf470a-299d-42c7-a92d-42b832d93ff5,unclassified,Unclassified,0.76,addaxai VIC,Macropodidae,macropodidae,unclassified
4b3bfdef-35d8-4c71-93c8-761a8a07499d,sequenceID:18a02182-5dfb-4a7c-b841-51359700260c,18a02182-5dfb-4a7c-b841-51359700260c,18a02182-5dfb-4a7c-b841-51359700260c,8dcf470a-299d-42c7-a92d-42b832d93ff5,unclassified,Unclassified,0.65,addaxai VIC,Macropodidae,macropodidae,unclassified
38e9d78a-2221-44b2-81f7-6b0e09e0ec10,sequenceID:3a1c8ed0-9901-492f-a1fc-72250b340183,3a1c8ed0-9901-492f-a1fc-72250b340183,3a1c8ed0-9901-492f-a1fc-72250b340183,f4a38699-59be-4818-ab58-df521f448fab,animal,Mammalia,0.67,addaxai VIC,Felis catus,felis catus,mammalia
08536ce4-46c2-4490-b950-021753fa0ec1,sequenceID:d27a4e57-fb8d-4d9a-86ff-7d18a9887698,d27a4e57-fb8d-4d9a-86ff-7d18a9887698,d27a4e57-fb8d-4d9a-86ff-7d18a9887698,f4a38699-59be-4818-ab58-df521f448fab,unclassified,Unclassified,0.95,addaxai VIC,Felis catus,felis catus,unclassified
11151e1a-1c89-4d5b-a28d-1046a55ccc75,sequenceID:5e7c1d93-1abe-4d79-83af-d48f252d99e2,5e7c1d93-1abe-4d79-83af-d48f252d99e2,5e7c1d93-1abe-4d79-83af-d48f252d99e2,f4a38699-59be-4818-ab58-df521f448fab,unclassified,Unclassified,0.0,,Felis catus,felis catus,unclassified
e2cbd483-1979-422a-880f-0affce983444,sequenceID:60bbfba5-3c14-4f8f-8036-d1e397ea3578,60bbfba5-3c14-4f8f-8036-d1e397ea3578,60bbfba5-3c14-4f8f-8036-d1e397ea3578,f4a38699-59be-4818-ab58-df521f448fab,animal,Vulpes vulpes,0.94,addaxai VIC,Felis catus,felis catus,vulpes vulpes
f03fc4fc-2794-4d2b-984d-6a84b7f50e0a,sequenceID:f617af10-b69d-4a05-baa5-28b9cd1a3b83,f617af10-b69d-4a05-baa5-28b9cd1a3b83,f617af10-b69d-4a05-baa5-28b9cd1a3b83,f4a38699-59be-4818-ab58-df521f448fab,unclassified,Unclassified,0.96,addaxai VIC,Felis catus,felis catus,unclassified
b1d11bdc-4e19-4c36-93c9-4fae98d6e047,sequenceID:bbe65260-ddf9-4b16-80e0-898466bf968c,bbe65260-ddf9-4b16-80e0-898466bf968c,bbe65260-ddf9-4b16-80e0-898466bf968c,f4a38699-59be-4818-ab58-df521f448fab,unclassified,Unclassified,0.95,addaxai VIC,Felis catus,felis catus,unclassified
b920333b-c0fa-43ab-8d43-b17fa5d79333,sequenceID:97ddbe5e-61ef-460a-96e5-3e25843f7fc5,97ddbe5e-61ef-460a-96e5-3e25843f7fc5,97ddbe5e-61ef-460a-96e5-3e25843f7fc5,f4a38699-59be-4818-ab58-df521f448fab,unclassified,Unclassified,0.0,,Felis catus,felis catus,unclassified
620b615d-a369-49d9-9020-2d4e0806b040,sequenceID:b4da681a-ee7c-485f-afb8-b6dfeff45be1,b4da681a-ee7c-485f-afb8-b6dfeff45be1,b4da681a-ee7c-485f-afb8-b6dfeff45be1,f4a38699-59be-4818-ab58-df521f448fab,animal,Charadriiformes,0.92,addaxai VIC,Felis catus,felis catus,charadriiformes
9bb88719-6f3e-45cb-a56e-2b67fcd9aa86,sequenceID:7a2757a9-ced5-403d-904d-7b88de95d3c9,7a2757a9-ced5-403d-904d-7b88de95d3c9,7a2757a9-ced5-403d-904d-7b88de95d3c9,f4a38699-59be-4818-ab58-df521f448fab,unclassified,Unclassified,0.89,addaxai VIC,Felis catus,felis catus,unclassified
dc995130-8746-4a54-b2a8-2bc33471774e,sequenceID:889f9f50-e3a8-4e87-acc3-0d80aba9009d,889f9f50-e3a8-4e87-acc3-0d80aba9009d,889f9f50-e3a8-4e87-acc3-0d80aba9009d,f4a38699-59be-4818-ab58-df521f448fab,unclassified,Unclassified,0.95,addaxai VIC,Felis catus,felis catus,unclassified
e7dc5b50-4845-4a82-bf3b-876d6e027ba3,sequenceID:8199c4dd-4750-4cb8-abe4-1eb47abb348c,8199c4dd-4750-4cb8-abe4-1eb47abb348c,8199c4dd-4750-4cb8-abe4-1eb47abb348c,f4a38699-59be-4818-ab58-df521f448fab,unclassified,Unclassified,0.96,addaxai VIC,Felis catus,felis catus,unclassified
a7910c1c-3161-40ba-a83c-f3507e5996cd,sequenceID:63e80aa0-95f2-411d-8fc9-6b8e72692e30,63e80aa0-95f2-411d-8fc9-6b8e72692e30,63e80aa0-95f2-411d-8fc9-6b8e72692e30,f4a38699-59be-4818-ab58-df521f448fab,animal,Vulpes vulpes,0.93,addaxai VIC,Felis catus,felis catus,vulpes vulpes
6b9c15bd-c596-4f6d-b564-01b8471f5306,sequenceID:880e18ec-20dc-4566-96cd-c8c3bbfe43d0,880e18ec-20dc-4566-96cd-c8c3bbfe43d0,880e18ec-20dc-4566-96cd-c8c3bbfe43d0,f4a38699-59be-4818-ab58-df521f448fab,unclassified,Unclassified,0.93,addaxai VIC,Felis catus,felis catus,unclassified
0cb52946-0476-4415-af8a-61ac5e56e655,sequenceID:f6e16740-7610-4fe9-9b0f-a9bf386ffb2c,f6e16740-7610-4fe9-9b0f-a9bf386ffb2c,f6e16740-7610-4fe9-9b0f-a9bf386ffb2c,f4a38699-59be-4818-ab58-df521f448fab,animal,Carnivora,0.93,addaxai VIC,Felis catus,felis catus,carnivora
6b3b83ba-dca5-4287-8597-c1d49c187fbe,sequenceID:dec0e735-a58b-4de3-ac4e-20785c534f21,dec0e735-a58b-4de3-ac4e-20785c534f21,dec0e735-a58b-4de3-ac4e-20785c534f21,f4a38699-59be-4818-ab58-df521f448fab,unclassified,Unclassified,0.91,addaxai VIC,Felis catus,felis catus,unclassified
8f4e4130-234c-4c2a-a661-2e45d9df8e44,sequenceID:89cc44de-ae4c-479b-ba0d-1bcf4c864b7d,89cc44de-ae4c-479b-ba0d-1bcf4c864b7d,89cc44de-ae4c-479b-ba0d-1bcf4c864b7d,f4a38699-59be-4818-ab58-df521f448fab,unclassified,Unclassified,0.95,addaxai VIC,Felis catus,felis catus,unclassified
08b8d1ff-b8c7-4852-b118-b3c6108b4986,sequenceID:5f65dbd3-5011-44b1-90d6-34a58afae0b3,5f65dbd3-5011-44b1-90d6-34a58afae0b3,5f65dbd3-5011-44b1-90d6-34a58afae0b3,f4a38699-59be-4818-ab58-df521f448fab,unclassified,Unclassified,0.93,addaxai VIC,Felis catus,felis catus,unclassified
37952b96-9348-4964-b432-e0754678eed6,sequenceID:d46fb258-7f0e-43cb-acac-96dfcc1236e2,d46fb258-7f0e-43cb-acac-96dfcc1236e2,d46fb258-7f0e-43cb-acac-96dfcc1236e2,f4a38699-59be-4818-ab58-df521f448fab,animal,Mammalia,0.85,addaxai VIC,Felis catus,felis catus,mammalia
bbdeba78-de31-426d-bbc4-03610dad8370,sequenceID:93ff503d-57c6-48ce-8e0d-a3921c939c6d,93ff503d-57c6-48ce-8e0d-a3921c939c6d,93ff503d-57c6-48ce-8e0d-a3921c939c6d,f4a38699-59be-4818-ab58-df521f448fab,unclassified,Unclassified,0.86,addaxai VIC,Felis catus,felis catus,unclassified
d580c1e3-8aac-4e55-846b-a28189136e56,sequenceID:37aea25c-6df5-48cb-87b8-0060c21c0321,37aea25c-6df5-48cb-87b8-0060c21c0321,37aea25c-6df5-48cb-87b8-0060c21c0321,f4a38699-59be-4818-ab58-df521f448fab,animal,Carnivora,0.65,addaxai VIC,Felis catus,felis catus,carnivora
27c5a787-3bc5-4595-b394-34ed7a6e5180,sequenceID:b635ea82-b709-4ad7-8447-dac9d85c1b12,b635ea82-b709-4ad7-8447-dac9d85c1b12,b635ea82-b709-4ad7-8447-dac9d85c1b12,f4a38699-59be-4818-ab58-df521f448fab,unclassified,Unclassified,0.95,addaxai VIC,Felis catus,felis catus,unclassified
ef413905-c21c-4046-b65f-06adfcebd5f4,sequenceID:61a721c3-193b-41bd-a4db-4eb2ec13cb33,61a721c3-193b-41bd-a4db-4eb2ec13cb33,61a721c3-193b-41bd-a4db-4eb2ec13cb33,f4a38699-59be-4818-ab58-df521f448fab,unclassified,Unclassified,0.0,,Felis catus,felis catus,unclassified
469e07cc-eb0e-4e57-a61a-687947f43a97,sequenceID:983fd880-a6ae-4ff4-8f56-ba482b9967e3,983fd880-a6ae-4ff4-8f56-ba482b9967e3,983fd880-a6ae-4ff4-8f56-ba482b9967e3,f4a38699-59be-4818-ab58-df521f448fab,unclassified,Unclassified,0.92,addaxai VIC,Felis catus,felis catus,unclassified
9f4b3b75-afaa-4081-bd9a-a1e800587124,sequenceID:ce8b93be-7c4d-49ab-a653-cb4a17fd2845,ce8b93be-7c4d-49ab-a653-cb4a17fd2845,ce8b93be-7c4d-49ab-a653-cb4a17fd2845,f4a38699-59be-4818-ab58-df521f448fab,unclassified,Unclassified,0.96,addaxai VIC,Felis catus,felis catus,unclassified
d28861ef-97d8-4901-ad03-e4bea8326a7a,sequenceID:38e9e8f4-5808-4847-b408-25ff92059db3,38e9e8f4-5808-4847-b408-25ff92059db3,38e9e8f4-5808-4847-b408-25ff92059db3,f4a38699-59be-4818-ab58-df521f448fab,unclassified,Unclassified,0.92,addaxai VIC,Felis catus,felis catus,unclassified
84170894-fbcb-46e1-b9c7-44378bebb17f,sequenceID:f92726c3-3448-4ac7-8877-0431d5a2c148,f92726c3-3448-4ac7-8877-0431d5a2c148,f92726c3-3448-4ac7-8877-0431d5a2c148,f4a38699-59be-4818-ab58-df521f448fab,animal,Vulpes vulpes,0.8,addaxai VIC,Felis catus,felis catus,vulpes vulpes
fbb9d526-402d-41eb-9141-f9b3c11dcf30,sequenceID:da01992d-20d8-44fc-9dcb-8601519f5552,da01992d-20d8-44fc-9dcb-8601519f5552,da01992d-20d8-44fc-9dcb-8601519f5552,f4a38699-59be-4818-ab58-df521f448fab,unclassified,Unclassified,0.95,addaxai VIC,Felis catus,felis catus,unclassified
4f21a2d7-a606-45c1-95d4-b200c54f3b75,sequenceID:3293c9f3-d4b1-4311-b2f5-f641a9bfef75,3293c9f3-d4b1-4311-b2f5-f641a9bfef75,3293c9f3-d4b1-4311-b2f5-f641a9bfef75,f4a38699-59be-4818-ab58-df521f448fab,unclassified,Unclassified,0.95,addaxai VIC,Felis catus,felis catus,unclassified
09185fdc-3c73-4b4d-abc4-1b95c0b4d840,sequenceID:315b8bc9-3b7e-49d9-9574-ba82cdd0d146,315b8bc9-3b7e-49d9-9574-ba82cdd0d146,315b8bc9-3b7e-49d9-9574-ba82cdd0d146,f4a38699-59be-4818-ab58-df521f448fab,unclassified,Unclassified,0.88,addaxai VIC,Felis catus,felis catus,unclassified
191dfbbd-60bc-424b-a843-16c8844ba595,sequenceID:02a14ede-126b-4240-bc58-b344bacf13fe,02a14ede-126b-4240-bc58-b344bacf13fe,02a14ede-126b-4240-bc58-b344bacf13fe,f4a38699-59be-4818-ab58-df521f448fab,unclassified,Unclassified,0.0,,Felis catus,felis catus,unclassified
30c9dfb3-b7f6-4fc5-9b90-87078c2d71bd,sequenceID:5f7f3f27-b72d-4fdd-88b8-28c379bd74d1,5f7f3f27-b72d-4fdd-88b8-28c379bd74d1,5f7f3f27-b72d-4fdd-88b8-28c379bd74d1,f4a38699-59be-4818-ab58-df521f448fab,unclassified,Unclassified,0.0,,Felis catus,felis catus,unclassified
d2512c48-03f2-483b-8496-c89c70cbc966,sequenceID:151fcf4b-cbaf-4521-b819-11a091221bc9,151fcf4b-cbaf-4521-b819-11a091221bc9,151fcf4b-cbaf-4521-b819-11a091221bc9,f4a38699-59be-4818-ab58-df521f448fab,animal,Vulpes vulpes,0.86,addaxai VIC,Felis catus,felis catus,vulpes vulpes
345bead4-4562-4057-9d0e-1f5a2ae75e5d,sequenceID:f5b3b4a0-8085-4c07-9e36-163fced834c6,f5b3b4a0-8085-4c07-9e36-163fced834c6,f5b3b4a0-8085-4c07-9e36-163fced834c6,f4a38699-59be-4818-ab58-df521f448fab,unclassified,Unclassified,0.95,addaxai VIC,Felis catus,felis catus,unclassified
c6ab6c48-89b0-4194-9fee-0deaf3e5efd4,sequenceID:86e90305-3b90-4ab3-bae9-40d234c134a4,86e90305-3b90-4ab3-bae9-40d234c134a4,86e90305-3b90-4ab3-bae9-40d234c134a4,f4a38699-59be-4818-ab58-df521f448fab,unclassified,Unclassified,0.92,addaxai VIC,Felis catus,felis catus,unclassified
733c8452-06b6-48dd-86bd-262cd0b14ac8,sequenceID:f8b1b8ff-5f8d-47cb-8074-820f6878a65d,f8b1b8ff-5f8d-47cb-8074-820f6878a65d,f8b1b8ff-5f8d-47cb-8074-820f6878a65d,f4a38699-59be-4818-ab58-df521f448fab,unclassified,Unclassified,0.0,,Felis catus,felis catus,unclassified
613a90c5-ccac-45f2-9a9a-3603f465e3a4,sequenceID:d7b169e8-60b7-4365-a348-f3faa592122b,d7b169e8-60b7-4365-a348-f3faa592122b,d7b169e8-60b7-4365-a348-f3faa592122b,f4a38699-59be-4818-ab58-df521f448fab,animal,Mammalia,0.78,addaxai VIC,Felis catus,felis catus,mammalia
91996789-3ab9-4f07-8068-ce84bc8d221c,sequenceID:173b9723-1234-4d19-9699-3ca4ad894f08,173b9723-1234-4d19-9699-3ca4ad894f08,173b9723-1234-4d19-9699-3ca4ad894f08,f4a38699-59be-4818-ab58-df521f448fab,animal,Mammalia,0.78,addaxai VIC,Felis catus,felis catus,mammalia
0821c54f-70da-4de2-8891-1a24cc1e7831,sequenceID:1cf1c2bb-2bdf-4b4e-a1f8-26b567286319,1cf1c2bb-2bdf-4b4e-a1f8-26b567286319,1cf1c2bb-2bdf-4b4e-a1f8-26b567286319,f4a38699-59be-4818-ab58-df521f448fab,animal,Mammalia,0.69,addaxai VIC,Felis catus,felis catus,mammalia
c1ad4b5d-f957-4889-85b7-6da948e88743,sequenceID:4df50dcd-114f-47c3-a38f-4be7b2bf5b62,4df50dcd-114f-47c3-a38f-4be7b2bf5b62,4df50dcd-114f-47c3-a38f-4be7b2bf5b62,f4a38699-59be-4818-ab58-df521f448fab,animal,Eudyptula minor,0.73,addaxai VIC,Felis catus,felis catus,eudyptula minor
9e7aac6c-145c-4b75-99b7-801aa2696a54,sequenceID:6079d20d-f6d7-4c2f-a912-9dcfebdd6db0,6079d20d-f6d7-4c2f-a912-9dcfebdd6db0,6079d20d-f6d7-4c2f-a912-9dcfebdd6db0,f4a38699-59be-4818-ab58-df521f448fab,animal,Mammalia,0.75,addaxai VIC,Felis catus,felis catus,mammalia
de8eb909-ff1f-4bd9-9e25-f75bf11d4b17,sequenceID:45fbbe90-a056-4195-93d9-399ab078df9c,45fbbe90-a056-4195-93d9-399ab078df9c,45fbbe90-a056-4195-93d9-399ab078df9c,f4a38699-59be-4818-ab58-df521f448fab,animal,Mammalia,0.69,addaxai VIC,Felis catus,felis catus,mammalia
0bbac181-1c87-4399-a4fa-f0d16667cc22,sequenceID:acb3bbb6-14d0-49a7-b741-4236da4f85a3,acb3bbb6-14d0-49a7-b741-4236da4f85a3,acb3bbb6-14d0-49a7-b741-4236da4f85a3,f4a38699-59be-4818-ab58-df521f448fab,animal,Mammalia,0.75,addaxai VIC,Felis catus,felis catus,mammalia
e6fbebc0-c0bd-4123-921d-51ea12339e3e,sequenceID:8746c7b3-1fdb-4c2f-881b-2cef28d352c6,8746c7b3-1fdb-4c2f-881b-2cef28d352c6,8746c7b3-1fdb-4c2f-881b-2cef28d352c6,f4a38699-59be-4818-ab58-df521f448fab,unclassified,Unclassified,0.0,,Felis catus,felis catus,unclassified
5c3cf732-fc9a-4972-b3f4-7b26bc2dc35e,sequenceID:699cea99-39e8-4c61-833c-c44f1a0513c3,699cea99-39e8-4c61-833c-c44f1a0513c3,699cea99-39e8-4c61-833c-c44f1a0513c3,f4a38699-59be-4818-ab58-df521f448fab,unclassified,Unclassified,0.95,addaxai VIC,Felis catus,felis catus,unclassified
ffb56208-ed84-41fa-a0c2-d0ab06d2b7cb,sequenceID:f3158e4e-2984-49a5-b012-327eedb29fd4,f3158e4e-2984-49a5-b012-327eedb29fd4,f3158e4e-2984-49a5-b012-327eedb29fd4,f4a38699-59be-4818-ab58-df521f448fab,animal,Vulpes vulpes,0.97,addaxai VIC,Felis catus,felis catus,vulpes vulpes
f2f1e8c0-c1f0-4e49-b880-1c99babf559a,sequenceID:8eeaaf03-10ba-4df6-b69f-a5f96da99d41,8eeaaf03-10ba-4df6-b69f-a5f96da99d41,8eeaaf03-10ba-4df6-b69f-a5f96da99d41,f4a38699-59be-4818-ab58-df521f448fab,animal,Vulpes vulpes,0.92,addaxai VIC,Felis catus,felis catus,vulpes vulpes
8b97f4e9-246d-45d1-a2c1-3b20c11f2396,sequenceID:cf9002d1-badc-463c-ac36-de08e60611d4,cf9002d1-badc-463c-ac36-de08e60611d4,cf9002d1-badc-463c-ac36-de08e60611d4,f4a38699-59be-4818-ab58-df521f448fab,unclassified,Unclassified,0.0,,Felis catus,felis catus,unclassified
60858fb9-762a-4003-947d-e66fcf21681e,sequenceID:40cb553a-5021-463e-a2c9-550f6184a52c,40cb553a-5021-463e-a2c9-550f6184a52c,40cb553a-5021-463e-a2c9-550f6184a52c,f4a38699-59be-4818-ab58-df521f448fab,animal,Mammalia,0.93,addaxai VIC,Felis catus,felis catus,mammalia
ecc7f213-08b2-4d1b-bd31-ebf6fa5a0546,sequenceID:ec8dd511-e816-4386-8be0-7b2d6f8e65c6,ec8dd511-e816-4386-8be0-7b2d6f8e65c6,ec8dd511-e816-4386-8be0-7b2d6f8e65c6,f4a38699-59be-4818-ab58-df521f448fab,unclassified,Unclassified,0.93,addaxai VIC,Felis catus,felis catus,unclassified
e3a5050b-d015-4913-b4ef-8e5d9087fa10,sequenceID:17493426-6204-419a-85ca-4f00d9628aae,17493426-6204-419a-85ca-4f00d9628aae,17493426-6204-419a-85ca-4f00d9628aae,f4a38699-59be-4818-ab58-df521f448fab,animal,Mammalia,0.74,addaxai VIC,Felis catus,felis catus,mammalia
507bfa32-d104-4080-8c6e-9fd41798b248,sequenceID:9f217e6f-a825-407e-80f5-e431d239f006,9f217e6f-a825-407e-80f5-e431d239f006,9f217e6f-a825-407e-80f5-e431d239f006,f4a38699-59be-4818-ab58-df521f448fab,animal,Carnivora,0.67,addaxai VIC,Felis catus,felis catus,carnivora
1527d5e5-f31e-4d06-b7a8-6b818a1cc858,sequenceID:69111a7a-6d0b-41d2-b4ab-2bf675a21d64,69111a7a-6d0b-41d2-b4ab-2bf675a21d64,69111a7a-6d0b-41d2-b4ab-2bf675a21d64,f4a38699-59be-4818-ab58-df521f448fab,animal,Mammalia,0.9,addaxai VIC,Felis catus,felis catus,mammalia
e8b588ee-10fb-4711-b8bd-1fb995e1f040,sequenceID:16a8dfbc-3111-4049-891b-c9bd1322db61,16a8dfbc-3111-4049-891b-c9bd1322db61,16a8dfbc-3111-4049-891b-c9bd1322db61,f4a38699-59be-4818-ab58-df521f448fab,animal,Mammalia,0.91,addaxai VIC,Felis catus,felis catus,mammalia
b8149487-9463-4776-8f21-c8aaa5cdff21,sequenceID:6c975fbf-ee28-4309-9dfc-0d0e9caca1d7,6c975fbf-ee28-4309-9dfc-0d0e9caca1d7,6c975fbf-ee28-4309-9dfc-0d0e9caca1d7,f4a38699-59be-4818-ab58-df521f448fab,animal,Mammalia,0.89,addaxai VIC,Felis catus,felis catus,mammalia
cbbf8083-e346-444b-8082-98a1fc3ddb8e,sequenceID:f0559706-6baa-4d32-87bd-69770221cb0e,f0559706-6baa-4d32-87bd-69770221cb0e,f0559706-6baa-4d32-87bd-69770221cb0e,f4a38699-59be-4818-ab58-df521f448fab,animal,Mammalia,0.84,addaxai VIC,Felis catus,felis catus,mammalia
7650282c-d077-4248-a91d-3de2c2906b5b,sequenceID:a19439e8-9859-4dea-8335-d47b0c52f4aa,a19439e8-9859-4dea-8335-d47b0c52f4aa,a19439e8-9859-4dea-8335-d47b0c52f4aa,f4a38699-59be-4818-ab58-df521f448fab,animal,Vulpes vulpes,0.94,addaxai VIC,Felis catus,felis catus,vulpes vulpes
0e292e34-3871-40f6-8432-35d1e162b96a,sequenceID:1bc65566-0edb-40b8-88d2-dd5e8609c33b,1bc65566-0edb-40b8-88d2-dd5e8609c33b,1bc65566-0edb-40b8-88d2-dd5e8609c33b,f4a38699-59be-4818-ab58-df521f448fab,unclassified,Unclassified,0.97,addaxai VIC,Felis catus,felis catus,unclassified
1d297c52-9668-4346-9f0c-98db9b0a32ca,sequenceID:4dd5bf60-7f65-4949-b1ef-43b4ee81c841,4dd5bf60-7f65-4949-b1ef-43b4ee81c841,4dd5bf60-7f65-4949-b1ef-43b4ee81c841,f4a38699-59be-4818-ab58-df521f448fab,animal,Leporidae,0.87,addaxai VIC,Felis catus,felis catus,leporidae
039c18c5-b355-479d-9c10-eba4ff6798b7,sequenceID:dcfe883d-90c0-4b6f-bda0-f7cfe94c3999,dcfe883d-90c0-4b6f-bda0-f7cfe94c3999,dcfe883d-90c0-4b6f-bda0-f7cfe94c3999,f4a38699-59be-4818-ab58-df521f448fab,animal,Mammalia,0.71,addaxai VIC,Felis catus,felis catus,mammalia
5b253a5e-f2d0-478c-8f02-70971794e0b9,sequenceID:1e9a8a8a-236f-4637-b602-07c950fe3c1e,1e9a8a8a-236f-4637-b602-07c950fe3c1e,1e9a8a8a-236f-4637-b602-07c950fe3c1e,f4a38699-59be-4818-ab58-df521f448fab,animal,Carnivora,0.75,addaxai VIC,Felis catus,felis catus,carnivora
0855f966-2cbf-4a29-95d6-973811177b7a,sequenceID:69d314e5-5106-4e26-a46f-289aeca7aea9,69d314e5-5106-4e26-a46f-289aeca7aea9,69d314e5-5106-4e26-a46f-289aeca7aea9,f4a38699-59be-4818-ab58-df521f448fab,unclassified,Unclassified,0.96,addaxai VIC,Felis catus,felis catus,unclassified
f921b537-433f-4939-b107-8564197c4890,sequenceID:69d314e5-5106-4e26-a46f-289aeca7aea9,69d314e5-5106-4e26-a46f-289aeca7aea9,69d314e5-5106-4e26-a46f-289aeca7aea9,f4a38699-59be-4818-ab58-df521f448fab,unclassified,Unclassified,0.96,addaxai VIC,Felis catus,felis catus,unclassified
59b45fa1-9514-4f03-9752-99ebe93a9cb9,sequenceID:ab498083-c512-41ef-9a2d-4512ea009b39,ab498083-c512-41ef-9a2d-4512ea009b39,ab498083-c512-41ef-9a2d-4512ea009b39,f4a38699-59be-4818-ab58-df521f448fab,unclassified,Unclassified,0.7,addaxai VIC,Felis catus,felis catus,unclassified
4e2c6a40-b452-4b88-991b-8dfb25fe0dc9,sequenceID:bb7bc73b-f96d-4b42-919a-5a29a10e218b,bb7bc73b-f96d-4b42-919a-5a29a10e218b,bb7bc73b-f96d-4b42-919a-5a29a10e218b,f4a38699-59be-4818-ab58-df521f448fab,unclassified,Unclassified,0.86,addaxai VIC,Felis catus,felis catus,unclassified
48c0bcdd-712c-469d-b929-0c27e88885b2,sequenceID:84fe8ab1-a98b-48d6-b081-58a7bc2c0c38,84fe8ab1-a98b-48d6-b081-58a7bc2c0c38,84fe8ab1-a98b-48d6-b081-58a7bc2c0c38,f4a38699-59be-4818-ab58-df521f448fab,animal,Vulpes vulpes,0.87,addaxai VIC,Felis catus,felis catus,vulpes vulpes
18dcf0af-4cc1-4d0a-94cf-9dacff8a6060,sequenceID:e72f0050-4016-4899-872f-3dac6bba1a5c,e72f0050-4016-4899-872f-3dac6bba1a5c,e72f0050-4016-4899-872f-3dac6bba1a5c,f4a38699-59be-4818-ab58-df521f448fab,unclassified,Unclassified,0.93,addaxai VIC,Felis catus,felis catus,unclassified
9f193e81-1ea3-4301-b489-8cb5adebb7cf,sequenceID:18d9cddb-ec14-4260-9023-c85f9eb89db0,18d9cddb-ec14-4260-9023-c85f9eb89db0,18d9cddb-ec14-4260-9023-c85f9eb89db0,f4a38699-59be-4818-ab58-df521f448fab,unclassified,Unclassified,0.76,addaxai VIC,Felis catus,felis catus,unclassified
13a7fc92-8b31-4032-a74a-b12e4d17a6e5,sequenceID:ac41c641-0cc3-4087-82c4-112b38efeeb5,ac41c641-0cc3-4087-82c4-112b38efeeb5,ac41c641-0cc3-4087-82c4-112b38efeeb5,f4a38699-59be-4818-ab58-df521f448fab,unclassified,Unclassified,0.73,addaxai VIC,Felis catus,felis catus,unclassified
6b3d3922-502f-4ad7-b5e9-bc4462ce4edb,sequenceID:7b468141-9f42-460b-bcac-61dce688e09b,7b468141-9f42-460b-bcac-61dce688e09b,7b468141-9f42-460b-bcac-61dce688e09b,f4a38699-59be-4818-ab58-df521f448fab,animal,Mammalia,0.71,addaxai VIC,Felis catus,felis catus,mammalia
e0d71601-f816-4f0a-aa45-b865654b141b,sequenceID:7b468141-9f42-460b-bcac-61dce688e09b,7b468141-9f42-460b-bcac-61dce688e09b,7b468141-9f42-460b-bcac-61dce688e09b,f4a38699-59be-4818-ab58-df521f448fab,animal,Mammalia,0.71,addaxai VIC,Felis catus,felis catus,mammalia
64c411b4-4b91-4b90-9963-cc8e03bebc2a,sequenceID:1d73c367-8463-4f44-92a2-71ef43421551,1d73c367-8463-4f44-92a2-71ef43421551,1d73c367-8463-4f44-92a2-71ef43421551,f4a38699-59be-4818-ab58-df521f448fab,unclassified,Unclassified,0.0,,Felis catus,felis catus,unclassified
58c16777-437e-4305-b896-d64f0d45f133,sequenceID:5f6d781f-c3ff-404b-880b-5240d939a2f7,5f6d781f-c3ff-404b-880b-5240d939a2f7,5f6d781f-c3ff-404b-880b-5240d939a2f7,f4a38699-59be-4818-ab58-df521f448fab,blank,Blank,0.5,addaxai VIC,Felis catus,felis catus,blank
1c8cd1c7-6de4-456c-9ae9-5c3b82254077,sequenceID:978ab9d9-4b67-4cd3-b51b-2e011d41a9df,978ab9d9-4b67-4cd3-b51b-2e011d41a9df,978ab9d9-4b67-4cd3-b51b-2e011d41a9df,f4a38699-59be-4818-ab58-df521f448fab,unclassified,Unclassified,0.0,,Felis catus,felis catus,unclassified
95351048-5ccd-4309-aee5-21496d243ab8,sequenceID:e9e03f53-f020-4299-9669-0b49226dea28,e9e03f53-f020-4299-9669-0b49226dea28,e9e03f53-f020-4299-9669-0b49226dea28,f4a38699-59be-4818-ab58-df521f448fab,animal,Mammalia,0.78,addaxai VIC,Felis catus,felis catus,mammalia
48a898ba-99d1-437c-b2b7-57b91ff5d5bc,sequenceID:26d3d3cc-c0aa-4986-8b5b-21b6131a52f1,26d3d3cc-c0aa-4986-8b5b-21b6131a52f1,26d3d3cc-c0aa-4986-8b5b-21b6131a52f1,f4a38699-59be-4818-ab58-df521f448fab,unclassified,Unclassified,0.95,addaxai VIC,Felis catus,felis catus,unclassified
52bfcbe4-5899-46cf-a08c-fd6ecf4e1db1,sequenceID:de4d7dec-c810-4658-b87d-f367636fcab8,de4d7dec-c810-4658-b87d-f367636fcab8,de4d7dec-c810-4658-b87d-f367636fcab8,f4a38699-59be-4818-ab58-df521f448fab,animal,Mammalia,0.8,addaxai VIC,Felis catus,felis catus,mammalia
26fd9ca3-cdfe-4e20-ab09-995a36c155d2,sequenceID:7266cb45-4d80-463f-85e8-463986ea25da,7266cb45-4d80-463f-85e8-463986ea25da,7266cb45-4d80-463f-85e8-463986ea25da,f4a38699-59be-4818-ab58-df521f448fab,unclassified,Unclassified,0.8,addaxai VIC,Felis catus,felis catus,unclassified
c83bb919-7d89-4ade-a2d3-69b0306c95b0,sequenceID:2303d6b9-6295-4892-8403-76fd4ed9052c,2303d6b9-6295-4892-8403-76fd4ed9052c,2303d6b9-6295-4892-8403-76fd4ed9052c,f4a38699-59be-4818-ab58-df521f448fab,unclassified,Unclassified,0.94,addaxai VIC,Felis catus,felis catus,unclassified
b44090aa-8c76-4805-b77d-cf6a3b8f8d43,sequenceID:e4c0fb74-fad6-457e-bc4a-9a57a3caa49a,e4c0fb74-fad6-457e-bc4a-9a57a3caa49a,e4c0fb74-fad6-457e-bc4a-9a57a3caa49a,f4a38699-59be-4818-ab58-df521f448fab,unclassified,Unclassified,0.84,addaxai VIC,Felis catus,felis catus,unclassified
ff6d0eef-3180-40c3-82c2-e2dd934e2ca5,sequenceID:d46d8420-a34f-421c-a2f7-4b290adae10e,d46d8420-a34f-421c-a2f7-4b290adae10e,d46d8420-a34f-421c-a2f7-4b290adae10e,f4a38699-59be-4818-ab58-df521f448fab,blank,Blank,0.5,addaxai VIC,Felis catus,felis catus,blank
dcc8da22-f7cb-4a2d-83f0-2165d83ff697,sequenceID:3e1a034c-1377-4a58-80ec-a3b30037add4,3e1a034c-1377-4a58-80ec-a3b30037add4,3e1a034c-1377-4a58-80ec-a3b30037add4,f4a38699-59be-4818-ab58-df521f448fab,blank,Blank,0.5,addaxai VIC,Felis catus,felis catus,blank
a91fea27-3592-4e73-b595-ba5588317e76,sequenceID:0ae7383e-7e7f-40c8-a54e-f69826bc1259,0ae7383e-7e7f-40c8-a54e-f69826bc1259,0ae7383e-7e7f-40c8-a54e-f69826bc1259,f4a38699-59be-4818-ab58-df521f448fab,unclassified,Unclassified,0.93,addaxai VIC,Felis catus,felis catus,unclassified
a913da83-08ca-47d0-908b-fc9d6530ba9b,sequenceID:9d75ec2d-5d27-4ba6-a6b9-7f5a492fd458,9d75ec2d-5d27-4ba6-a6b9-7f5a492fd458,9d75ec2d-5d27-4ba6-a6b9-7f5a492fd458,f4a38699-59be-4818-ab58-df521f448fab,unclassified,Unclassified,0.98,addaxai VIC,Felis catus,felis catus,unclassified
1e0191f1-42ec-44a5-b156-c383a1546ec9,sequenceID:99de68f0-13f7-41cd-b304-b244b6615d36,99de68f0-13f7-41cd-b304-b244b6615d36,99de68f0-13f7-41cd-b304-b244b6615d36,f4a38699-59be-4818-ab58-df521f448fab,animal,Felis,0.8,addaxai VIC,Felis catus,felis catus,felis
7702febb-14b1-447d-b99d-9a08898bae5e,sequenceID:04f94f4f-d900-47f5-ab33-7d2676678827,04f94f4f-d900-47f5-ab33-7d2676678827,04f94f4f-d900-47f5-ab33-7d2676678827,f4a38699-59be-4818-ab58-df521f448fab,unclassified,Unclassified,0.93,addaxai VIC,Felis catus,felis catus,unclassified
8f174fd1-14e8-48b4-bf8d-7a3210f2e20c,sequenceID:330c5587-ee86-4d29-88b0-a663b35b8cac,330c5587-ee86-4d29-88b0-a663b35b8cac,330c5587-ee86-4d29-88b0-a663b35b8cac,f4a38699-59be-4818-ab58-df521f448fab,animal,Felis,0.78,addaxai VIC,Felis catus,felis catus,felis
a31325f1-e3de-4135-980e-7049d770e3b3,sequenceID:f053d429-f9c3-437e-a4b3-5f154706d497,f053d429-f9c3-437e-a4b3-5f154706d497,f053d429-f9c3-437e-a4b3-5f154706d497,f4a38699-59be-4818-ab58-df521f448fab,unclassified,Unclassified,0.98,addaxai VIC,Felis catus,felis catus,unclassified
8e1bf28e-4a14-4f81-bfbe-ad7fcc4fd839,sequenceID:b344b451-d159-4bac-bf16-3c30292d169b,b344b451-d159-4bac-bf16-3c30292d169b,b344b451-d159-4bac-bf16-3c30292d169b,f4a38699-59be-4818-ab58-df521f448fab,unclassified,Unclassified,0.0,,Felis catus,felis catus,unclassified
934d9e86-1824-4eee-8e62-53bff3ec501f,sequenceID:04f37f93-d9ec-421c-9a8e-48c48ab13283,04f37f93-d9ec-421c-9a8e-48c48ab13283,04f37f93-d9ec-421c-9a8e-48c48ab13283,f4a38699-59be-4818-ab58-df521f448fab,unclassified,Unclassified,0.0,,Felis catus,felis catus,unclassified
765f3703-193d-4cfa-868f-4bcb641f5124,sequenceID:627b64c9-304b-43af-a841-58afb36e771e,627b64c9-304b-43af-a841-58afb36e771e,627b64c9-304b-43af-a841-58afb36e771e,f4a38699-59be-4818-ab58-df521f448fab,unclassified,Unclassified,0.0,,Felis catus,felis catus,unclassified
6f58a6b8-1142-4cef-be2c-e8c9988c1204,sequenceID:46688b66-4a40-49a9-bd10-02ab97c587bc,46688b66-4a40-49a9-bd10-02ab97c587bc,46688b66-4a40-49a9-bd10-02ab97c587bc,f4a38699-59be-4818-ab58-df521f448fab,unclassified,Unclassified,0.0,,Felis catus,felis catus,unclassified
c63fb989-9bfb-4d3f-8442-70b6e9380df2,sequenceID:8966fecd-c43a-4ee3-9f3c-c6d675ca0e4e,8966fecd-c43a-4ee3-9f3c-c6d675ca0e4e,8966fecd-c43a-4ee3-9f3c-c6d675ca0e4e,f4a38699-59be-4818-ab58-df521f448fab,unclassified,Unclassified,0.0,,Felis catus,felis catus,unclassified
f3f0d24c-1dea-4e85-a636-71478c481e8e,sequenceID:75c27cb0-b63f-495e-b9f6-d6e979135e74,75c27cb0-b63f-495e-b9f6-d6e979135e74,75c27cb0-b63f-495e-b9f6-d6e979135e74,f4a38699-59be-4818-ab58-df521f448fab,animal,Mammalia,0.84,addaxai VIC,Felis catus,felis catus,mammalia
7761d534-55bf-4afa-baa7-35e8348af663,sequenceID:75c27cb0-b63f-495e-b9f6-d6e979135e74,75c27cb0-b63f-495e-b9f6-d6e979135e74,75c27cb0-b63f-495e-b9f6-d6e979135e74,f4a38699-59be-4818-ab58-df521f448fab,animal,Mammalia,0.84,addaxai VIC,Felis catus,felis catus,mammalia
84ca09e6-5dd9-4a90-8818-6ad2a2a3be2c,sequenceID:8c5503e3-dfd2-4922-9317-88a287b8c7e2,8c5503e3-dfd2-4922-9317-88a287b8c7e2,8c5503e3-dfd2-4922-9317-88a287b8c7e2,f4a38699-59be-4818-ab58-df521f448fab,animal,Mammalia,0.8,addaxai VIC,Felis catus,felis catus,mammalia
e7cf50ad-9746-4f09-aefa-5d6d06b6abdd,sequenceID:5c3cf70f-93e0-4afc-bfc8-e40a3c25a719,5c3cf70f-93e0-4afc-bfc8-e40a3c25a719,5c3cf70f-93e0-4afc-bfc8-e40a3c25a719,f4a38699-59be-4818-ab58-df521f448fab,unclassified,Unclassified,0.9,addaxai VIC,Felis catus,felis catus,unclassified
eea39c92-efdf-4f51-98a0-e49f58200987,sequenceID:f860cce4-9dc3-4fa1-a089-1796995b47a5,f860cce4-9dc3-4fa1-a089-1796995b47a5,f860cce4-9dc3-4fa1-a089-1796995b47a5,f4a38699-59be-4818-ab58-df521f448fab,unclassified,Unclassified,0.65,addaxai VIC,Felis catus,felis catus,unclassified
362d43f6-58a9-417b-97df-bfec97222108,sequenceID:ece272d0-72c1-4586-a2d5-f7c857ab55e9,ece272d0-72c1-4586-a2d5-f7c857ab55e9,ece272d0-72c1-4586-a2d5-f7c857ab55e9,f4a38699-59be-4818-ab58-df521f448fab,unclassified,Unclassified,0.0,,Felis catus,felis catus,unclassified
0230e3a5-58c5-4d2e-94ed-ce722c49c84f,sequenceID:a9aecda2-1f07-4b98-af73-350c7d8054dd,a9aecda2-1f07-4b98-af73-350c7d8054dd,a9aecda2-1f07-4b98-af73-350c7d8054dd,f4a38699-59be-4818-ab58-df521f448fab,unclassified,Unclassified,0.0,,Felis catus,felis catus,unclassified
b34e46c1-04fe-4e42-ba61-cd303bcd25a1,sequenceID:1504e498-53a4-4c32-a49a-2014d976c24e,1504e498-53a4-4c32-a49a-2014d976c24e,1504e498-53a4-4c32-a49a-2014d976c24e,f4a38699-59be-4818-ab58-df521f448fab,animal,Macropus giganteus,0.91,addaxai VIC,Felis catus,felis catus,macropus giganteus
9c4afecf-90e6-4e16-ac92-8db421203607,sequenceID:2422ebaa-f42c-4917-9de0-8c0b031c99fa,2422ebaa-f42c-4917-9de0-8c0b031c99fa,2422ebaa-f42c-4917-9de0-8c0b031c99fa,f4a38699-59be-4818-ab58-df521f448fab,unclassified,Unclassified,0.86,addaxai VIC,Felis catus,felis catus,unclassified
fdc66dd2-a5c1-49e2-bc22-bf583594b6d0,sequenceID:fae04781-55de-4ace-998b-10d3f347f0db,fae04781-55de-4ace-998b-10d3f347f0db,fae04781-55de-4ace-998b-10d3f347f0db,f4a38699-59be-4818-ab58-df521f448fab,animal,Carnivora,0.73,addaxai VIC,Felis catus,felis catus,carnivora
3775bb2d-67ee-471b-987e-e6119d421146,sequenceID:fe745ee6-99d9-4c1b-af87-9123f379f6c8,fe745ee6-99d9-4c1b-af87-9123f379f6c8,fe745ee6-99d9-4c1b-af87-9123f379f6c8,f4a38699-59be-4818-ab58-df521f448fab,unclassified,Unclassified,0.0,,Felis catus,felis catus,unclassified
3a1b1898-6f74-4c56-9915-7978276b4b77,sequenceID:eb38e78b-af11-4c56-b284-614c708c93ce,eb38e78b-af11-4c56-b284-614c708c93ce,eb38e78b-af11-4c56-b284-614c708c93ce,f4a38699-59be-4818-ab58-df521f448fab,unclassified,Unclassified,0.97,addaxai VIC,Felis catus,felis catus,unclassified
333a8e84-4617-4a93-90fd-9074d551bc38,sequenceID:e1680eba-a1ce-44cc-8756-e716fc88ba1c,e1680eba-a1ce-44cc-8756-e716fc88ba1c,e1680eba-a1ce-44cc-8756-e716fc88ba1c,f4a38699-59be-4818-ab58-df521f448fab,animal,Mammalia,0.67,addaxai VIC,Felis catus,felis catus,mammalia
333a8e84-4617-4a93-90fd-9074d551bc38,sequenceID:e1680eba-a1ce-44cc-8756-e716fc88ba1c,e1680eba-a1ce-44cc-8756-e716fc88ba1c,e1680eba-a1ce-44cc-8756-e716fc88ba1c,f4a38699-59be-4818-ab58-df521f448fab,unclassified,Unclassified,0.97,addaxai VIC,Felis catus,felis catus,unclassified
3e01fcdc-f6f5-4c41-99e9-e965d91c6adf,sequenceID:d61d11a4-4395-4b82-b1bb-6c9e4276d8d1,d61d11a4-4395-4b82-b1bb-6c9e4276d8d1,d61d11a4-4395-4b82-b1bb-6c9e4276d8d1,f4a38699-59be-4818-ab58-df521f448fab,animal,Mammalia,0.76,addaxai VIC,Felis catus,felis catus,mammalia
9ddd2794-0104-4808-a96e-38fdbc604b48,sequenceID:5e5ef507-5289-440a-ac84-1f7b8ce30319,5e5ef507-5289-440a-ac84-1f7b8ce30319,5e5ef507-5289-440a-ac84-1f7b8ce30319,f4a38699-59be-4818-ab58-df521f448fab,unclassified,Unclassified,0.77,addaxai VIC,Felis catus,felis catus,unclassified
2746d462-9c7f-49a8-b599-8c871b536989,sequenceID:bed66d51-1ee1-406f-8db7-ea7d01e97195,bed66d51-1ee1-406f-8db7-ea7d01e97195,bed66d51-1ee1-406f-8db7-ea7d01e97195,f4a38699-59be-4818-ab58-df521f448fab,animal,Mammalia,0.82,addaxai VIC,Felis catus,felis catus,mammalia
93859eaf-d184-4074-9c91-d233c9a5d077,sequenceID:bc217d59-62b9-45c6-adfb-34732dc2683b,bc217d59-62b9-45c6-adfb-34732dc2683b,bc217d59-62b9-45c6-adfb-34732dc2683b,f4a38699-59be-4818-ab58-df521f448fab,unclassified,Unclassified,0.0,,Felis catus,felis catus,unclassified
3eb54bad-8324-4686-8bc4-93ce5a9b7a8c,sequenceID:78171062-b9b1-4990-8f8f-1b990aa03ebf,78171062-b9b1-4990-8f8f-1b990aa03ebf,78171062-b9b1-4990-8f8f-1b990aa03ebf,f4a38699-59be-4818-ab58-df521f448fab,unclassified,Unclassified,0.95,addaxai VIC,Felis catus,felis catus,unclassified
b094a117-e0ad-4561-bcc8-e3a1ac523379,sequenceID:c1b21186-c19d-40b2-9274-68dc5129ca15,c1b21186-c19d-40b2-9274-68dc5129ca15,c1b21186-c19d-40b2-9274-68dc5129ca15,f4a38699-59be-4818-ab58-df521f448fab,animal,Mammalia,0.74,addaxai VIC,Felis catus,felis catus,mammalia
dd0ed174-3b79-45fa-82c3-73b9a7058c0e,sequenceID:d4e95cad-63ff-4afc-bd13-a41cb9021708,d4e95cad-63ff-4afc-bd13-a41cb9021708,d4e95cad-63ff-4afc-bd13-a41cb9021708,f4a38699-59be-4818-ab58-df521f448fab,unclassified,Unclassified,0.0,,Felis catus,felis catus,unclassified
8a5902a3-d681-49a5-8d10-731f5e5d6c8c,sequenceID:29b8be7c-ad9b-497d-a456-5f55b165ca7b,29b8be7c-ad9b-497d-a456-5f55b165ca7b,29b8be7c-ad9b-497d-a456-5f55b165ca7b,f4a38699-59be-4818-ab58-df521f448fab,animal,Carnivora,0.71,addaxai VIC,Felis catus,felis catus,carnivora
2bf4e11c-f347-45db-b44b-9361170e9ad3,sequenceID:0de731c6-0cd3-4e8c-b190-e6971823426f,0de731c6-0cd3-4e8c-b190-e6971823426f,0de731c6-0cd3-4e8c-b190-e6971823426f,f4a38699-59be-4818-ab58-df521f448fab,animal,Vulpes vulpes,0.83,addaxai VIC,Felis catus,felis catus,vulpes vulpes
9a2f77ce-0501-4332-828d-5fc664326f7e,sequenceID:a768031a-62a4-4f75-835d-1756d4071410,a768031a-62a4-4f75-835d-1756d4071410,a768031a-62a4-4f75-835d-1756d4071410,f4a38699-59be-4818-ab58-df521f448fab,animal,Mammalia,0.74,addaxai VIC,Felis catus,felis catus,mammalia
739a0678-b716-4824-ad3d-a29e39e5908c,sequenceID:57fe8db9-c416-499d-99d1-7204417697d0,57fe8db9-c416-499d-99d1-7204417697d0,57fe8db9-c416-499d-99d1-7204417697d0,f4a38699-59be-4818-ab58-df521f448fab,animal,Carnivora,0.75,addaxai VIC,Felis catus,felis catus,carnivora
9de66b10-8201-43b9-a52f-765445a6dfdf,sequenceID:43bf58a2-87b6-4077-8faa-142daf12d1bd,43bf58a2-87b6-4077-8faa-142daf12d1bd,43bf58a2-87b6-4077-8faa-142daf12d1bd,f4a38699-59be-4818-ab58-df521f448fab,animal,Carnivora,0.73,addaxai VIC,Felis catus,felis catus,carnivora
eea0c6cc-e125-48b7-b1d8-058004d2e93e,sequenceID:2fbbf72c-ef86-444e-ab5d-e771e590d0ff,2fbbf72c-ef86-444e-ab5d-e771e590d0ff,2fbbf72c-ef86-444e-ab5d-e771e590d0ff,f4a38699-59be-4818-ab58-df521f448fab,animal,Mammalia,0.81,addaxai VIC,Felis catus,felis catus,mammalia
d83bd452-5559-4ba6-995f-3b390a4e0846,sequenceID:0e4ee61f-c1b8-4464-9e1a-2f022e932515,0e4ee61f-c1b8-4464-9e1a-2f022e932515,0e4ee61f-c1b8-4464-9e1a-2f022e932515,f4a38699-59be-4818-ab58-df521f448fab,unclassified,Unclassified,0.98,addaxai VIC,Felis catus,felis catus,unclassified
fa1355d7-e3e0-4ac5-849d-9ed1e0a75afb,sequenceID:a5d0d6ab-ca0b-4212-802f-ed175688d3c2,a5d0d6ab-ca0b-4212-802f-ed175688d3c2,a5d0d6ab-ca0b-4212-802f-ed175688d3c2,f4a38699-59be-4818-ab58-df521f448fab,unclassified,Unclassified,0.82,addaxai VIC,Felis catus,felis catus,unclassified
039eeedd-4196-43e7-84a2-46941bc5fa35,sequenceID:ecc9af99-cedd-4c0e-95a3-9614c6f54fcc,ecc9af99-cedd-4c0e-95a3-9614c6f54fcc,ecc9af99-cedd-4c0e-95a3-9614c6f54fcc,f4a38699-59be-4818-ab58-df521f448fab,animal,Wallabia bicolor,0.98,addaxai VIC,Felis catus,felis catus,wallabia bicolor
022e0a33-5a0e-4a7f-807e-3041f17271f5,sequenceID:e9524b24-4178-4ae5-bf54-a29aee99ce9f,e9524b24-4178-4ae5-bf54-a29aee99ce9f,e9524b24-4178-4ae5-bf54-a29aee99ce9f,f4a38699-59be-4818-ab58-df521f448fab,animal,Mammalia,0.87,addaxai VIC,Felis catus,felis catus,mammalia
af0fb00d-1fbe-4d86-909f-87f96a8ea4c9,sequenceID:159b10c4-0348-4133-8e68-190c40c09a54,159b10c4-0348-4133-8e68-190c40c09a54,159b10c4-0348-4133-8e68-190c40c09a54,f4a38699-59be-4818-ab58-df521f448fab,animal,Mammalia,0.78,addaxai VIC,Felis catus,felis catus,mammalia
d581c32f-41a8-47d8-83a3-42ed96d0b088,sequenceID:5f604b98-a746-4e0c-87a0-b21a374a1812,5f604b98-a746-4e0c-87a0-b21a374a1812,5f604b98-a746-4e0c-87a0-b21a374a1812,f4a38699-59be-4818-ab58-df521f448fab,animal,Cervidae,0.67,addaxai VIC,Felis catus,felis catus,cervidae
df3376d6-a790-455a-9961-d61b60956561,sequenceID:36e772d0-c3c4-42c1-8ede-6f4e64957329,36e772d0-c3c4-42c1-8ede-6f4e64957329,36e772d0-c3c4-42c1-8ede-6f4e64957329,f4a38699-59be-4818-ab58-df521f448fab,animal,Felis,0.68,addaxai VIC,Felis catus,felis catus,felis
164e02df-386a-4c48-8236-e071a593718a,sequenceID:8f1cbabe-6862-4da1-850f-f9c370e853af,8f1cbabe-6862-4da1-850f-f9c370e853af,8f1cbabe-6862-4da1-850f-f9c370e853af,f4a38699-59be-4818-ab58-df521f448fab,animal,Mammalia,0.87,addaxai VIC,Felis catus,felis catus,mammalia
a8bece5c-ca8a-45c5-a6ab-57a7d79b83d2,sequenceID:6ad8bda6-f261-4185-964b-94b6526ded92,6ad8bda6-f261-4185-964b-94b6526ded92,6ad8bda6-f261-4185-964b-94b6526ded92,f4a38699-59be-4818-ab58-df521f448fab,unclassified,Unclassified,0.83,addaxai VIC,Felis catus,felis catus,unclassified
7473fc0e-325f-4932-a82f-d600ba1dd328,sequenceID:d22c6d23-c1ab-42aa-91bb-a3a40918304c,d22c6d23-c1ab-42aa-91bb-a3a40918304c,d22c6d23-c1ab-42aa-91bb-a3a40918304c,f4a38699-59be-4818-ab58-df521f448fab,animal,Oryctolagus cuniculus,0.86,addaxai VIC,Felis catus,felis catus,oryctolagus cuniculus
aa272fe6-e951-41ab-b4bd-d9f6f519b565,sequenceID:891453a1-ab1a-4891-9616-f6c111a687c4,891453a1-ab1a-4891-9616-f6c111a687c4,891453a1-ab1a-4891-9616-f6c111a687c4,f4a38699-59be-4818-ab58-df521f448fab,unclassified,Unclassified,0.97,addaxai VIC,Felis catus,felis catus,unclassified
80683664-fd14-4320-8e24-ba78e8a7c875,sequenceID:a36e8a23-9f96-4797-9bf4-543f4b0b3035,a36e8a23-9f96-4797-9bf4-543f4b0b3035,a36e8a23-9f96-4797-9bf4-543f4b0b3035,f4a38699-59be-4818-ab58-df521f448fab,unclassified,Unclassified,0.93,addaxai VIC,Felis catus,felis catus,unclassified
0b4534a5-239d-4bf6-a34e-16063c6a9ba2,sequenceID:7f8f49a6-46bc-421e-b3f4-d534b7de57ed,7f8f49a6-46bc-421e-b3f4-d534b7de57ed,7f8f49a6-46bc-421e-b3f4-d534b7de57ed,f4a38699-59be-4818-ab58-df521f448fab,unclassified,Unclassified,0.0,,Felis catus,felis catus,unclassified
12bf38d2-f9bb-4de3-8ed9-2323137cbd73,sequenceID:8124e845-0b91-4339-9a0f-f67ba7a3bf09,8124e845-0b91-4339-9a0f-f67ba7a3bf09,8124e845-0b91-4339-9a0f-f67ba7a3bf09,f4a38699-59be-4818-ab58-df521f448fab,animal,Mammalia,0.76,addaxai VIC,Felis catus,felis catus,mammalia
79e9133d-290d-47e3-9b5e-4a8d2602d14e,sequenceID:9c2346cf-351f-409d-8093-b327c8f44696,9c2346cf-351f-409d-8093-b327c8f44696,9c2346cf-351f-409d-8093-b327c8f44696,f4a38699-59be-4818-ab58-df521f448fab,animal,Macropus giganteus,0.8,addaxai VIC,Felis catus,felis catus,macropus giganteus
d3769188-0c0c-4e48-8215-f16e10b23e3a,sequenceID:4228a1c7-e891-4832-aab2-17cc3b30a25f,4228a1c7-e891-4832-aab2-17cc3b30a25f,4228a1c7-e891-4832-aab2-17cc3b30a25f,f4a38699-59be-4818-ab58-df521f448fab,unclassified,Unclassified,0.0,,Felis catus,felis catus,unclassified
e38c8466-5c43-48fd-87ec-38d1373ac163,sequenceID:c1a5a7be-f851-48b4-9c16-378042dbb611,c1a5a7be-f851-48b4-9c16-378042dbb611,c1a5a7be-f851-48b4-9c16-378042dbb611,f4a38699-59be-4818-ab58-df521f448fab,unclassified,Unclassified,0.65,addaxai VIC,Felis catus,felis catus,unclassified
2055f172-e23f-4233-ba55-52bc3f96fe4b,sequenceID:7fc7ea84-dbba-4774-935f-f3844aef0e61,7fc7ea84-dbba-4774-935f-f3844aef0e61,7fc7ea84-dbba-4774-935f-f3844aef0e61,f4a38699-59be-4818-ab58-df521f448fab,animal,Ovis aries,0.82,addaxai VIC,Felis catus,felis catus,ovis aries
63e73ac9-4dc4-4ae2-9c42-537f6c3c6c29,sequenceID:5a745c26-8fcb-458b-a7ec-850ce9e071b5,5a745c26-8fcb-458b-a7ec-850ce9e071b5,5a745c26-8fcb-458b-a7ec-850ce9e071b5,f4a38699-59be-4818-ab58-df521f448fab,animal,Carnivora,0.69,addaxai VIC,Felis catus,felis catus,carnivora
31e35df4-a630-4f85-8c09-3bdb3b08b4d6,sequenceID:22c0862a-c763-4639-bbdb-39c8704234f5,22c0862a-c763-4639-bbdb-39c8704234f5,22c0862a-c763-4639-bbdb-39c8704234f5,f4a38699-59be-4818-ab58-df521f448fab,unclassified,Unclassified,0.0,,Felis catus,felis catus,unclassified
f9d71373-2c96-4b0a-a058-668a9b8a329d,sequenceID:448c71de-08a2-4b83-8bf6-8e5cfaf46238,448c71de-08a2-4b83-8bf6-8e5cfaf46238,448c71de-08a2-4b83-8bf6-8e5cfaf46238,f4a38699-59be-4818-ab58-df521f448fab,animal,Canis lupus dingo,0.98,addaxai VIC,Felis catus,felis catus,canis lupus dingo
fd2fa7fe-8bc0-4ab7-a88d-db20ced3c941,sequenceID:6e9f6df6-bee1-4239-9c1b-014561cc6900,6e9f6df6-bee1-4239-9c1b-014561cc6900,6e9f6df6-bee1-4239-9c1b-014561cc6900,f4a38699-59be-4818-ab58-df521f448fab,animal,Vulpes vulpes,0.9,addaxai VIC,Felis catus,felis catus,vulpes vulpes
35bf9b1a-e4e0-4ba3-b69e-c3ddd7518b4d,sequenceID:4399c26d-e29f-43ad-9799-27eeedaef766,4399c26d-e29f-43ad-9799-27eeedaef766,4399c26d-e29f-43ad-9799-27eeedaef766,f4a38699-59be-4818-ab58-df521f448fab,animal,Mammalia,0.86,addaxai VIC,Felis catus,felis catus,mammalia
f80f570a-0c76-4976-868a-b8819e132298,sequenceID:685b5797-6a36-4bca-8b41-99997f69d4ab,685b5797-6a36-4bca-8b41-99997f69d4ab,685b5797-6a36-4bca-8b41-99997f69d4ab,f4a38699-59be-4818-ab58-df521f448fab,animal,Canis lupus dingo,0.65,addaxai VIC,Felis catus,felis catus,canis lupus dingo
517d4ab0-c2f6-4be7-ad3a-a85b6f4982ad,sequenceID:77ebdd2f-0658-4b1f-9e8c-2f1b57d5cb7a,77ebdd2f-0658-4b1f-9e8c-2f1b57d5cb7a,77ebdd2f-0658-4b1f-9e8c-2f1b57d5cb7a,f4a38699-59be-4818-ab58-df521f448fab,unclassified,Unclassified,0.94,addaxai VIC,Felis catus,felis catus,unclassified
7a848042-a2b1-4dc9-99d1-31bd2cdcfec7,sequenceID:0f27547f-3f65-4d27-8db7-3c265658e123,0f27547f-3f65-4d27-8db7-3c265658e123,0f27547f-3f65-4d27-8db7-3c265658e123,f4a38699-59be-4818-ab58-df521f448fab,animal,Macropus dorsalis,0.7,addaxai VIC,Felis catus,felis catus,macropus dorsalis
aa0f8aca-fe9c-44d5-85ab-6994d9012c4d,sequenceID:69c46a1a-df34-4332-9c3b-9fcec557fa43,69c46a1a-df34-4332-9c3b-9fcec557fa43,69c46a1a-df34-4332-9c3b-9fcec557fa43,f4a38699-59be-4818-ab58-df521f448fab,unclassified,Unclassified,0.88,addaxai VIC,Felis catus,felis catus,unclassified
255485f2-4f80-4d39-a0a9-a7aa4abc3163,sequenceID:0f07a442-f8eb-420e-addc-f798ecb7ce0f,0f07a442-f8eb-420e-addc-f798ecb7ce0f,0f07a442-f8eb-420e-addc-f798ecb7ce0f,f4a38699-59be-4818-ab58-df521f448fab,animal,Mammalia,0.86,addaxai VIC,Felis catus,felis catus,mammalia
615ab32c-6615-4889-927c-c09ac4d33eed,sequenceID:15914006-a778-4efc-9a76-f3b57651b2e6,15914006-a778-4efc-9a76-f3b57651b2e6,15914006-a778-4efc-9a76-f3b57651b2e6,f4a38699-59be-4818-ab58-df521f448fab,animal,Carnivora,0.89,addaxai VIC,Felis catus,felis catus,carnivora
01cb1de1-005b-433e-bb9d-2754c961f09e,sequenceID:aa9beb70-b9b6-4ae9-9679-b8fbcff4ea25,aa9beb70-b9b6-4ae9-9679-b8fbcff4ea25,aa9beb70-b9b6-4ae9-9679-b8fbcff4ea25,f4a38699-59be-4818-ab58-df521f448fab,animal,Mammalia,0.79,addaxai VIC,Felis catus,felis catus,mammalia
a780e7f3-06a2-4225-ad96-020c99f9039d,sequenceID:94b9d0bd-0401-49ff-b347-c9ecc60d3762,94b9d0bd-0401-49ff-b347-c9ecc60d3762,94b9d0bd-0401-49ff-b347-c9ecc60d3762,f4a38699-59be-4818-ab58-df521f448fab,unclassified,Unclassified,0.0,,Felis catus,felis catus,unclassified
36dcd0e0-e886-4cd5-92c9-fa847c644e1e,sequenceID:2a382cac-f280-4481-a77d-1a88c8a138b3,2a382cac-f280-4481-a77d-1a88c8a138b3,2a382cac-f280-4481-a77d-1a88c8a138b3,f4a38699-59be-4818-ab58-df521f448fab,animal,Mammalia,0.75,addaxai VIC,Felis catus,felis catus,mammalia
a038be6d-ccf2-477e-9f79-9ac0e8bd8b87,sequenceID:c49dfd43-67a1-44c6-99af-8d49039bb141,c49dfd43-67a1-44c6-99af-8d49039bb141,c49dfd43-67a1-44c6-99af-8d49039bb141,f4a38699-59be-4818-ab58-df521f448fab,unclassified,Unclassified,0.98,addaxai VIC,Felis catus,felis catus,unclassified
d1b96faa-30d6-4143-8b3e-0c9053e8aad7,sequenceID:982a2502-94ff-4f26-a95e-53c3538e4f21,982a2502-94ff-4f26-a95e-53c3538e4f21,982a2502-94ff-4f26-a95e-53c3538e4f21,f4a38699-59be-4818-ab58-df521f448fab,unclassified,Unclassified,0.0,,Felis catus,felis catus,unclassified
3a13a513-6fa1-48c1-afa2-7adcfa715286,sequenceID:624145b8-8cbb-4ad1-bd56-02cab791e40d,624145b8-8cbb-4ad1-bd56-02cab791e40d,624145b8-8cbb-4ad1-bd56-02cab791e40d,f4a38699-59be-4818-ab58-df521f448fab,animal,Carnivora,0.7,addaxai VIC,Felis catus,felis catus,carnivora
aed1f495-ffad-4aa8-bab5-c209dd56e8fc,sequenceID:624145b8-8cbb-4ad1-bd56-02cab791e40d,624145b8-8cbb-4ad1-bd56-02cab791e40d,624145b8-8cbb-4ad1-bd56-02cab791e40d,f4a38699-59be-4818-ab58-df521f448fab,animal,Carnivora,0.7,addaxai VIC,Felis catus,felis catus,carnivora
083c6d38-487b-4860-a71a-653817f556e0,sequenceID:a8e542a0-7b29-431b-a547-235cbc95e334,a8e542a0-7b29-431b-a547-235cbc95e334,a8e542a0-7b29-431b-a547-235cbc95e334,f4a38699-59be-4818-ab58-df521f448fab,blank,Blank,0.5,addaxai VIC,Felis catus,felis catus,blank
65ced120-8f88-4894-ab43-faf4d3b147d8,sequenceID:be5c1295-9f7c-4aaa-a762-6fbdd7da2720,be5c1295-9f7c-4aaa-a762-6fbdd7da2720,be5c1295-9f7c-4aaa-a762-6fbdd7da2720,f4a38699-59be-4818-ab58-df521f448fab,animal,Wallabia,0.65,addaxai VIC,Felis catus,felis catus,wallabia
65ced120-8f88-4894-ab43-faf4d3b147d8,sequenceID:be5c1295-9f7c-4aaa-a762-6fbdd7da2720,be5c1295-9f7c-4aaa-a762-6fbdd7da2720,be5c1295-9f7c-4aaa-a762-6fbdd7da2720,f4a38699-59be-4818-ab58-df521f448fab,unclassified,Unclassified,0.9,addaxai VIC,Felis catus,felis catus,unclassified
76f3cbb0-7cd0-413c-9eca-237cc263b7dc,sequenceID:a6acdb39-0623-42f4-85d7-b83b7488e795,a6acdb39-0623-42f4-85d7-b83b7488e795,a6acdb39-0623-42f4-85d7-b83b7488e795,f4a38699-59be-4818-ab58-df521f448fab,unclassified,Unclassified,0.0,,Felis catus,felis catus,unclassified
f03c7805-4976-443f-950d-c1dedaa20ce1,sequenceID:b1e528c9-c7e7-4764-9d37-132c3be5b8e7,b1e528c9-c7e7-4764-9d37-132c3be5b8e7,b1e528c9-c7e7-4764-9d37-132c3be5b8e7,f4a38699-59be-4818-ab58-df521f448fab,unclassified,Unclassified,0.97,addaxai VIC,Felis catus,felis catus,unclassified
c4381876-c4f4-4e0e-9f20-1ff2b3e106be,sequenceID:32cb9b23-a54f-4349-9f01-51ad5f404f34,32cb9b23-a54f-4349-9f01-51ad5f404f34,32cb9b23-a54f-4349-9f01-51ad5f404f34,f4a38699-59be-4818-ab58-df521f448fab,unclassified,Unclassified,0.0,,Felis catus,felis catus,unclassified
5bf2b588-c6ae-4dc3-b128-4bd38d04cf21,sequenceID:f3f37a20-392c-43fc-b52c-5c3979761853,f3f37a20-392c-43fc-b52c-5c3979761853,f3f37a20-392c-43fc-b52c-5c3979761853,f4a38699-59be-4818-ab58-df521f448fab,unclassified,Unclassified,0.82,addaxai VIC,Felis catus,felis catus,unclassified
a3c3ac4e-8363-4b24-ba0e-1e58608c31c6,sequenceID:d4134ed8-0d41-4f4c-a27e-3d5b91615881,d4134ed8-0d41-4f4c-a27e-3d5b91615881,d4134ed8-0d41-4f4c-a27e-3d5b91615881,f4a38699-59be-4818-ab58-df521f448fab,unclassified,Unclassified,0.92,addaxai VIC,Felis catus,felis catus,unclassified
a570123c-1018-4ddf-8a88-bcb470856193,sequenceID:d4134ed8-0d41-4f4c-a27e-3d5b91615881,d4134ed8-0d41-4f4c-a27e-3d5b91615881,d4134ed8-0d41-4f4c-a27e-3d5b91615881,f4a38699-59be-4818-ab58-df521f448fab,unclassified,Unclassified,0.92,addaxai VIC,Felis catus,felis catus,unclassified
dfdcd2aa-8ee0-417c-aa41-e72fc954b188,sequenceID:522f02b2-b54c-4046-a891-e9f235b9302c,522f02b2-b54c-4046-a891-e9f235b9302c,522f02b2-b54c-4046-a891-e9f235b9302c,f4a38699-59be-4818-ab58-df521f448fab,unclassified,Unclassified,0.0,,Felis catus,felis catus,unclassified
0fa5a997-f430-4a37-a9f8-289386bf328d,sequenceID:94e7dee7-f035-4dbd-aa44-c2d6e3801042,94e7dee7-f035-4dbd-aa44-c2d6e3801042,94e7dee7-f035-4dbd-aa44-c2d6e3801042,f4a38699-59be-4818-ab58-df521f448fab,animal,Mammalia,0.82,addaxai VIC,Felis catus,felis catus,mammalia
5ebc6fd3-0026-4ebd-844e-ca31cf0c6964,sequenceID:e630aa4c-6b63-41eb-8da5-38a54f997671,e630aa4c-6b63-41eb-8da5-38a54f997671,e630aa4c-6b63-41eb-8da5-38a54f997671,f4a38699-59be-4818-ab58-df521f448fab,unclassified,Unclassified,0.93,addaxai VIC,Felis catus,felis catus,unclassified
