mediaID,mediaComments,sequenceID,eventID,deploymentID,scientificName,confidence,classifiedBy,deploymentTags,true_species,pred_species
7437c64a-e12c-4871-ae48-06f80077d7a3,sequenceID:5259f7b4-59c2-4175-8aa2-cd6bf5d16742,5259f7b4-59c2-4175-8aa2-cd6bf5d16742,5259f7b4-59c2-4175-8aa2-cd6bf5d16742,13835337-7eca-49e4-95d2-516353f83df4,osphranter rufus,1.0,AWC 135,Macropodidae,macropodidae,osphranter rufus
dc28e036-289c-4808-a38e-23fd0e66c573,sequenceID:232a53b3-6837-452b-872f-439dc850d6b8,232a53b3-6837-452b-872f-439dc850d6b8,232a53b3-6837-452b-872f-439dc850d6b8,13835337-7eca-49e4-95d2-516353f83df4,Macropus dorsalis,0.97,AWC 135,Macropodidae,macropodidae,macropus dorsalis
1ca02a0c-89d9-497d-9b45-cb1d607bc9c0,sequenceID:a37c570d-ef75-432b-9b26-9830df65e7a1,a37c570d-ef75-432b-9b26-9830df65e7a1,a37c570d-ef75-432b-9b26-9830df65e7a1,13835337-7eca-49e4-95d2-516353f83df4,osphranter rufus,0.99,AWC 135,Macropodidae,macropodidae,osphranter rufus
2a283f3c-f0af-4c5c-9802-22bae594b556,sequenceID:69b99871-4a2c-4818-9031-7ca7d6a12768,69b99871-4a2c-4818-9031-7ca7d6a12768,69b99871-4a2c-4818-9031-7ca7d6a12768,13835337-7eca-49e4-95d2-516353f83df4,osphranter rufus,1.0,AWC 135,Macropodidae,macropodidae,osphranter rufus
0017f2ed-c824-47cb-b17d-1635cb134b5b,sequenceID:173c174f-aa78-47f1-a5c5-c2e74ae7af98,173c174f-aa78-47f1-a5c5-c2e74ae7af98,173c174f-aa78-47f1-a5c5-c2e74ae7af98,13835337-7eca-49e4-95d2-516353f83df4,osphranter rufus,1.0,AWC 135,Macropodidae,macropodidae,osphranter rufus
619ec79f-ab8e-42fb-813b-b389cf6530eb,sequenceID:704d0649-c28e-479c-81bb-3c975b3fc052,704d0649-c28e-479c-81bb-3c975b3fc052,704d0649-c28e-479c-81bb-3c975b3fc052,13835337-7eca-49e4-95d2-516353f83df4,Macropus dorsalis,0.5,AWC 135,Macropodidae,macropodidae,macropus dorsalis
a33e029f-79d4-4cfd-bb41-08023bb9a650,sequenceID:803d998b-1316-48f9-9d09-498f4e8f533a,803d998b-1316-48f9-9d09-498f4e8f533a,803d998b-1316-48f9-9d09-498f4e8f533a,13835337-7eca-49e4-95d2-516353f83df4,Bettongia lesueur,0.92,AWC 135,Macropodidae,macropodidae,bettongia lesueur
47ec6897-b155-40cf-8212-44350f08ca83,sequenceID:8da32b73-22ee-4391-b61f-ce2d846f5238,8da32b73-22ee-4391-b61f-ce2d846f5238,8da32b73-22ee-4391-b61f-ce2d846f5238,13835337-7eca-49e4-95d2-516353f83df4,Canis familiaris,0.99,AWC 135,Macropodidae,macropodidae,canis familiaris
07544817-4870-49f5-938c-9bf6915d46fe,sequenceID:c75d7a77-06d4-4636-aad6-c9f79e4c94c5,c75d7a77-06d4-4636-aad6-c9f79e4c94c5,c75d7a77-06d4-4636-aad6-c9f79e4c94c5,13835337-7eca-49e4-95d2-516353f83df4,osphranter rufus,1.0,AWC 135,Macropodidae,macropodidae,osphranter rufus
8ce2c419-8960-41ef-8917-d61de6856f10,sequenceID:e0244d42-9d76-41ae-b7b1-d06198f70ca1,e0244d42-9d76-41ae-b7b1-d06198f70ca1,e0244d42-9d76-41ae-b7b1-d06198f70ca1,13835337-7eca-49e4-95d2-516353f83df4,Canis familiaris,0.99,AWC 135,Macropodidae,macropodidae,canis familiaris
dd601a8a-d908-4711-9e8d-fbaff4b9ccd3,sequenceID:c11939ea-bbbc-437b-8f54-a9a0253a3b3e,c11939ea-bbbc-437b-8f54-a9a0253a3b3e,c11939ea-bbbc-437b-8f54-a9a0253a3b3e,13835337-7eca-49e4-95d2-516353f83df4,osphranter rufus,0.99,AWC 135,Macropodidae,macropodidae,osphranter rufus
60ddb027-083c-43ce-bd81-7a6a9098f2c6,sequenceID:38cfb5ef-380b-4b40-b432-b43303923414,38cfb5ef-380b-4b40-b432-b43303923414,38cfb5ef-380b-4b40-b432-b43303923414,13835337-7eca-49e4-95d2-516353f83df4,osphranter rufus,0.77,AWC 135,Macropodidae,macropodidae,osphranter rufus
93c7f71c-7ce8-4170-ac02-9f54f5a620b1,sequenceID:c0612f3d-d07c-4599-bda0-bc295f6a6596,c0612f3d-d07c-4599-bda0-bc295f6a6596,c0612f3d-d07c-4599-bda0-bc295f6a6596,13835337-7eca-49e4-95d2-516353f83df4,osphranter rufus,0.99,AWC 135,Macropodidae,macropodidae,osphranter rufus
cb421252-825d-449b-9060-e2ab81fec4c6,sequenceID:ea51e796-88ea-42b1-802d-dd51f1e6364f,ea51e796-88ea-42b1-802d-dd51f1e6364f,ea51e796-88ea-42b1-802d-dd51f1e6364f,13835337-7eca-49e4-95d2-516353f83df4,osphranter rufus,1.0,AWC 135,Macropodidae,macropodidae,osphranter rufus
d3f8e2d2-878d-4328-a01c-d4c14ad621af,sequenceID:fe9af7e7-1f5c-41bd-a8b5-0292b36d4f03,fe9af7e7-1f5c-41bd-a8b5-0292b36d4f03,fe9af7e7-1f5c-41bd-a8b5-0292b36d4f03,13835337-7eca-49e4-95d2-516353f83df4,osphranter rufus,0.99,AWC 135,Macropodidae,macropodidae,osphranter rufus
b684a2de-8b3f-4a8e-80f1-8f22a8217ac2,sequenceID:f9403cba-cb36-4801-885c-d7bfca2699bc,f9403cba-cb36-4801-885c-d7bfca2699bc,f9403cba-cb36-4801-885c-d7bfca2699bc,13835337-7eca-49e4-95d2-516353f83df4,,0.0,,Macropodidae,macropodidae,nan
cd64ef84-a82c-420f-98b8-4fec4c537724,sequenceID:4b64cbf6-a5d2-4cd4-b634-4b0ad81570d4,4b64cbf6-a5d2-4cd4-b634-4b0ad81570d4,4b64cbf6-a5d2-4cd4-b634-4b0ad81570d4,13835337-7eca-49e4-95d2-516353f83df4,osphranter rufus,0.92,AWC 135,Macropodidae,macropodidae,osphranter rufus
66e83f71-ee01-4f53-a2fc-b9d6bf382d7d,sequenceID:346e09bb-e01c-42ed-b61b-c6eadc98cf78,346e09bb-e01c-42ed-b61b-c6eadc98cf78,346e09bb-e01c-42ed-b61b-c6eadc98cf78,13835337-7eca-49e4-95d2-516353f83df4,osphranter rufus,0.9,AWC 135,Macropodidae,macropodidae,osphranter rufus
c2d4b2e0-3733-4c4c-b820-ab724efdce43,sequenceID:1d3e127d-6f17-4673-8369-fe0a449c0db8,1d3e127d-6f17-4673-8369-fe0a449c0db8,1d3e127d-6f17-4673-8369-fe0a449c0db8,13835337-7eca-49e4-95d2-516353f83df4,osphranter rufus,0.77,AWC 135,Macropodidae,macropodidae,osphranter rufus
4e61a610-7ed3-4e73-b36f-d700c6958de8,sequenceID:63109518-ec05-4eca-ab1c-cdd29c7d9205,63109518-ec05-4eca-ab1c-cdd29c7d9205,63109518-ec05-4eca-ab1c-cdd29c7d9205,13835337-7eca-49e4-95d2-516353f83df4,osphranter rufus,1.0,AWC 135,Macropodidae,macropodidae,osphranter rufus
de709952-f38f-4f15-b3fe-53baf2d12ff9,sequenceID:06f15880-8cc5-429b-9ee3-96f222157765,06f15880-8cc5-429b-9ee3-96f222157765,06f15880-8cc5-429b-9ee3-96f222157765,13835337-7eca-49e4-95d2-516353f83df4,osphranter rufus,0.99,AWC 135,Macropodidae,macropodidae,osphranter rufus
6cf12ae6-78f9-4646-aa71-132fc45709f1,sequenceID:7476a4ae-3fb8-4cb8-a89a-a8633ffe4695,7476a4ae-3fb8-4cb8-a89a-a8633ffe4695,7476a4ae-3fb8-4cb8-a89a-a8633ffe4695,13835337-7eca-49e4-95d2-516353f83df4,osphranter rufus,0.98,AWC 135,Macropodidae,macropodidae,osphranter rufus
d6fab60a-2fd8-4bce-a41c-3dcbe972a732,sequenceID:5bff959c-532b-42f2-8273-a7b38eae1339,5bff959c-532b-42f2-8273-a7b38eae1339,5bff959c-532b-42f2-8273-a7b38eae1339,13835337-7eca-49e4-95d2-516353f83df4,osphranter rufus,0.51,AWC 135,Macropodidae,macropodidae,osphranter rufus
5980abbc-b30f-4b7f-baa5-27622b65548e,sequenceID:c9405151-7ed3-433d-b8fb-575c0b94e789,c9405151-7ed3-433d-b8fb-575c0b94e789,c9405151-7ed3-433d-b8fb-575c0b94e789,13835337-7eca-49e4-95d2-516353f83df4,Macropus dorsalis,1.0,AWC 135,Macropodidae,macropodidae,macropus dorsalis
9dfc1a41-688c-41de-93ea-49752fe30698,sequenceID:2a847438-61ab-4e84-8008-5fc0a9163028,2a847438-61ab-4e84-8008-5fc0a9163028,2a847438-61ab-4e84-8008-5fc0a9163028,13835337-7eca-49e4-95d2-516353f83df4,Canis familiaris,0.97,AWC 135,Macropodidae,macropodidae,canis familiaris
a3759745-8b70-41b7-bf54-18cc1a166775,sequenceID:7294058a-26ae-4b9c-9e9a-98f4f82e19d7,7294058a-26ae-4b9c-9e9a-98f4f82e19d7,7294058a-26ae-4b9c-9e9a-98f4f82e19d7,13835337-7eca-49e4-95d2-516353f83df4,osphranter rufus,0.64,AWC 135,Macropodidae,macropodidae,osphranter rufus
a3759745-8b70-41b7-bf54-18cc1a166775,sequenceID:7294058a-26ae-4b9c-9e9a-98f4f82e19d7,7294058a-26ae-4b9c-9e9a-98f4f82e19d7,7294058a-26ae-4b9c-9e9a-98f4f82e19d7,13835337-7eca-49e4-95d2-516353f83df4,Macropus dorsalis,0.59,AWC 135,Macropodidae,macropodidae,macropus dorsalis
f85564a4-1931-4a87-8c4c-c787d17c956b,sequenceID:61d9d9ef-1c40-401d-a2e0-22a596df0dae,61d9d9ef-1c40-401d-a2e0-22a596df0dae,61d9d9ef-1c40-401d-a2e0-22a596df0dae,13835337-7eca-49e4-95d2-516353f83df4,osphranter rufus,1.0,AWC 135,Macropodidae,macropodidae,osphranter rufus
759365b8-742d-47f5-813a-18e3d5535bed,sequenceID:bb92c176-2638-46a1-9f46-9b236f82daf1,bb92c176-2638-46a1-9f46-9b236f82daf1,bb92c176-2638-46a1-9f46-9b236f82daf1,13835337-7eca-49e4-95d2-516353f83df4,osphranter rufus,1.0,AWC 135,Macropodidae,macropodidae,osphranter rufus
686db72f-bb52-47c4-afea-c6ee5a6a3706,sequenceID:c9c0b68f-d2a3-45b6-b495-413d4c8c9508,c9c0b68f-d2a3-45b6-b495-413d4c8c9508,c9c0b68f-d2a3-45b6-b495-413d4c8c9508,13835337-7eca-49e4-95d2-516353f83df4,osphranter rufus,1.0,AWC 135,Macropodidae,macropodidae,osphranter rufus
83fa5e23-6ddf-4b88-8b1e-67aea1cc7b36,sequenceID:b603d3c3-4519-42d7-a649-e546b348c109,b603d3c3-4519-42d7-a649-e546b348c109,b603d3c3-4519-42d7-a649-e546b348c109,13835337-7eca-49e4-95d2-516353f83df4,osphranter rufus,1.0,AWC 135,Macropodidae,macropodidae,osphranter rufus
adda3da0-fc67-44a0-b4cd-5315a06ab40f,sequenceID:e4b7029b-3498-44db-89fe-7fbf64b38e0f,e4b7029b-3498-44db-89fe-7fbf64b38e0f,e4b7029b-3498-44db-89fe-7fbf64b38e0f,13835337-7eca-49e4-95d2-516353f83df4,osphranter rufus,0.99,AWC 135,Macropodidae,macropodidae,osphranter rufus
e0b9e2cf-b509-47a4-a8cb-f0864468b50c,sequenceID:38037c19-1fb6-48a5-8e5a-26a1d6a4a71d,38037c19-1fb6-48a5-8e5a-26a1d6a4a71d,38037c19-1fb6-48a5-8e5a-26a1d6a4a71d,13835337-7eca-49e4-95d2-516353f83df4,Macropus dorsalis,0.8,AWC 135,Macropodidae,macropodidae,macropus dorsalis
694a6fb2-5777-4dad-a702-2802ed4d693b,sequenceID:086be27a-66a7-49c0-8d3f-c9bd43c5d28c,086be27a-66a7-49c0-8d3f-c9bd43c5d28c,086be27a-66a7-49c0-8d3f-c9bd43c5d28c,13835337-7eca-49e4-95d2-516353f83df4,osphranter rufus,0.99,AWC 135,Macropodidae,macropodidae,osphranter rufus
689334b0-7dd7-4dd2-983f-8102873014fe,sequenceID:198ecb04-8a8f-4f50-a7bb-fe4ba4c531bb,198ecb04-8a8f-4f50-a7bb-fe4ba4c531bb,198ecb04-8a8f-4f50-a7bb-fe4ba4c531bb,13835337-7eca-49e4-95d2-516353f83df4,osphranter rufus,1.0,AWC 135,Macropodidae,macropodidae,osphranter rufus
e0ff160d-283c-4cec-9716-9a6f7e726a08,sequenceID:f1997901-8bce-4c8c-b329-4714c6088a7f,f1997901-8bce-4c8c-b329-4714c6088a7f,f1997901-8bce-4c8c-b329-4714c6088a7f,13835337-7eca-49e4-95d2-516353f83df4,osphranter rufus,0.99,AWC 135,Macropodidae,macropodidae,osphranter rufus
dd9fb8a9-3da8-45cc-a225-7ffeaf4e79c7,sequenceID:8274d599-a355-4bef-b739-74155f4a1dc6,8274d599-a355-4bef-b739-74155f4a1dc6,8274d599-a355-4bef-b739-74155f4a1dc6,13835337-7eca-49e4-95d2-516353f83df4,osphranter rufus,1.0,AWC 135,Macropodidae,macropodidae,osphranter rufus
3991ba8a-3749-41aa-8ef9-ceae0430ec09,sequenceID:05404b6f-b5b3-44f2-bc19-7fac3919593f,05404b6f-b5b3-44f2-bc19-7fac3919593f,05404b6f-b5b3-44f2-bc19-7fac3919593f,13835337-7eca-49e4-95d2-516353f83df4,osphranter rufus,0.99,AWC 135,Macropodidae,macropodidae,osphranter rufus
32cbf9c1-45aa-46d6-ae10-7741639aedef,sequenceID:e29012f2-8357-4d27-b72a-0bd0ce61b700,e29012f2-8357-4d27-b72a-0bd0ce61b700,e29012f2-8357-4d27-b72a-0bd0ce61b700,13835337-7eca-49e4-95d2-516353f83df4,osphranter rufus,1.0,AWC 135,Macropodidae,macropodidae,osphranter rufus
c49b3883-3198-4c1b-8fe3-b68d2bfe40d7,sequenceID:9ee088b5-30fc-41f8-8b4f-d76be4a2b596,9ee088b5-30fc-41f8-8b4f-d76be4a2b596,9ee088b5-30fc-41f8-8b4f-d76be4a2b596,13835337-7eca-49e4-95d2-516353f83df4,osphranter rufus,1.0,AWC 135,Macropodidae,macropodidae,osphranter rufus
a34e2e3e-a521-4ec3-9024-f9795c1ae17e,sequenceID:cbb24980-70e6-425e-8f4d-4b4307782c81,cbb24980-70e6-425e-8f4d-4b4307782c81,cbb24980-70e6-425e-8f4d-4b4307782c81,13835337-7eca-49e4-95d2-516353f83df4,osphranter rufus,1.0,AWC 135,Macropodidae,macropodidae,osphranter rufus
2471f9f3-4e11-45d3-9008-a294d07ad7ea,sequenceID:b07369bc-06f2-44a3-8f17-f0921b62258c,b07369bc-06f2-44a3-8f17-f0921b62258c,b07369bc-06f2-44a3-8f17-f0921b62258c,13835337-7eca-49e4-95d2-516353f83df4,osphranter rufus,1.0,AWC 135,Macropodidae,macropodidae,osphranter rufus
c32b9a78-0f13-42fc-af97-a07aa2652aa0,sequenceID:1ea96caa-9fac-45d4-bf65-096ddde6da64,1ea96caa-9fac-45d4-bf65-096ddde6da64,1ea96caa-9fac-45d4-bf65-096ddde6da64,13835337-7eca-49e4-95d2-516353f83df4,osphranter rufus,0.99,AWC 135,Macropodidae,macropodidae,osphranter rufus
5bc33342-29dc-430a-9c47-6add7df7f2b8,sequenceID:5b075896-fddd-4f32-9967-1b529aff398b,5b075896-fddd-4f32-9967-1b529aff398b,5b075896-fddd-4f32-9967-1b529aff398b,13835337-7eca-49e4-95d2-516353f83df4,osphranter rufus,1.0,AWC 135,Macropodidae,macropodidae,osphranter rufus
1ffe3dc0-02e5-42c0-a6fc-302d94550f24,sequenceID:b1d40596-47b8-45c5-b11f-c8eee711c209,b1d40596-47b8-45c5-b11f-c8eee711c209,b1d40596-47b8-45c5-b11f-c8eee711c209,13835337-7eca-49e4-95d2-516353f83df4,Canis familiaris,1.0,AWC 135,Macropodidae,macropodidae,canis familiaris
888fd631-f4bc-46ec-bc50-854c5eba5603,sequenceID:1bc88e11-e4f3-42c3-8920-151a6441134c,1bc88e11-e4f3-42c3-8920-151a6441134c,1bc88e11-e4f3-42c3-8920-151a6441134c,13835337-7eca-49e4-95d2-516353f83df4,Canis familiaris,0.82,AWC 135,Macropodidae,macropodidae,canis familiaris
888fd631-f4bc-46ec-bc50-854c5eba5603,sequenceID:1bc88e11-e4f3-42c3-8920-151a6441134c,1bc88e11-e4f3-42c3-8920-151a6441134c,1bc88e11-e4f3-42c3-8920-151a6441134c,13835337-7eca-49e4-95d2-516353f83df4,Bettongia lesueur,0.99,AWC 135,Macropodidae,macropodidae,bettongia lesueur
d9912cea-636d-47ca-843b-0a99c3721dbb,sequenceID:7b7532ec-b96e-4586-98e9-88f6fcb128ea,7b7532ec-b96e-4586-98e9-88f6fcb128ea,7b7532ec-b96e-4586-98e9-88f6fcb128ea,13835337-7eca-49e4-95d2-516353f83df4,Macropus dorsalis,0.67,AWC 135,Macropodidae,macropodidae,macropus dorsalis
f27d5302-41a2-4eb9-bc9d-5a257ebb44fb,sequenceID:12299d85-8f21-4f9f-99bb-a65db4aec17b,12299d85-8f21-4f9f-99bb-a65db4aec17b,12299d85-8f21-4f9f-99bb-a65db4aec17b,13835337-7eca-49e4-95d2-516353f83df4,Canis familiaris,1.0,AWC 135,Macropodidae,macropodidae,canis familiaris
ea13f65b-96a5-455b-ab69-d47f6ffc320d,sequenceID:28b1e139-edb7-43e2-85dc-3f5493869a5e,28b1e139-edb7-43e2-85dc-3f5493869a5e,28b1e139-edb7-43e2-85dc-3f5493869a5e,13835337-7eca-49e4-95d2-516353f83df4,osphranter rufus,0.85,AWC 135,Macropodidae,macropodidae,osphranter rufus
982fd08c-3512-4b31-bdeb-cd3ae8b062dc,sequenceID:71703ec0-52af-421e-a2c7-0f93c299f17a,71703ec0-52af-421e-a2c7-0f93c299f17a,71703ec0-52af-421e-a2c7-0f93c299f17a,13835337-7eca-49e4-95d2-516353f83df4,Canis familiaris,0.98,AWC 135,Macropodidae,macropodidae,canis familiaris
ca0365f8-7ee3-4258-afcf-689814564671,sequenceID:82e36e7f-2fce-41e5-87be-d731ed457c6f,82e36e7f-2fce-41e5-87be-d731ed457c6f,82e36e7f-2fce-41e5-87be-d731ed457c6f,13835337-7eca-49e4-95d2-516353f83df4,Macropus dorsalis,0.64,AWC 135,Macropodidae,macropodidae,macropus dorsalis
79125415-bbd7-452a-a624-5967fe3b52af,sequenceID:a7187671-7047-48ff-a951-e63a4958c9e8,a7187671-7047-48ff-a951-e63a4958c9e8,a7187671-7047-48ff-a951-e63a4958c9e8,13835337-7eca-49e4-95d2-516353f83df4,Canis familiaris,0.85,AWC 135,Macropodidae,macropodidae,canis familiaris
a0e52421-685d-4b03-97c2-c61321fad0a9,sequenceID:bdd6a836-7fbd-4eb8-a2f5-d92e4022efc6,bdd6a836-7fbd-4eb8-a2f5-d92e4022efc6,bdd6a836-7fbd-4eb8-a2f5-d92e4022efc6,13835337-7eca-49e4-95d2-516353f83df4,osphranter rufus,0.99,AWC 135,Macropodidae,macropodidae,osphranter rufus
84a4d22e-8ae5-4ccd-a8b6-6f453e8a9f90,sequenceID:9b81fbc8-cf03-477c-b2f7-658ed44315cb,9b81fbc8-cf03-477c-b2f7-658ed44315cb,9b81fbc8-cf03-477c-b2f7-658ed44315cb,13835337-7eca-49e4-95d2-516353f83df4,osphranter rufus,0.99,AWC 135,Macropodidae,macropodidae,osphranter rufus
8c24d7f5-8c4b-4942-b711-577bf111e65e,sequenceID:b2741cb9-e7f8-43a2-8d0e-7527bef0d2a0,b2741cb9-e7f8-43a2-8d0e-7527bef0d2a0,b2741cb9-e7f8-43a2-8d0e-7527bef0d2a0,13835337-7eca-49e4-95d2-516353f83df4,osphranter rufus,0.99,AWC 135,Macropodidae,macropodidae,osphranter rufus
e305ab81-0be4-43c2-89c9-b046c1dafca8,sequenceID:3281b950-ec6c-4f69-810d-9c16d1cdcb65,3281b950-ec6c-4f69-810d-9c16d1cdcb65,3281b950-ec6c-4f69-810d-9c16d1cdcb65,13835337-7eca-49e4-95d2-516353f83df4,osphranter rufus,1.0,AWC 135,Macropodidae,macropodidae,osphranter rufus
9be5b17a-b78d-4c6e-9d6d-b8ce2d797095,sequenceID:c6d925f9-c627-4b96-874f-fc98b5c2f25e,c6d925f9-c627-4b96-874f-fc98b5c2f25e,c6d925f9-c627-4b96-874f-fc98b5c2f25e,13835337-7eca-49e4-95d2-516353f83df4,osphranter rufus,1.0,AWC 135,Macropodidae,macropodidae,osphranter rufus
54549760-e6e0-47ed-85a3-51efe2a1162a,sequenceID:2820b844-b31a-468c-a291-f2db1018d7b3,2820b844-b31a-468c-a291-f2db1018d7b3,2820b844-b31a-468c-a291-f2db1018d7b3,13835337-7eca-49e4-95d2-516353f83df4,osphranter rufus,0.99,AWC 135,Macropodidae,macropodidae,osphranter rufus
3deead96-7c8e-4cb0-9378-8963461fc147,sequenceID:622bb5de-c724-40a0-b4b6-aafad86527c6,622bb5de-c724-40a0-b4b6-aafad86527c6,622bb5de-c724-40a0-b4b6-aafad86527c6,13835337-7eca-49e4-95d2-516353f83df4,osphranter rufus,0.99,AWC 135,Macropodidae,macropodidae,osphranter rufus
e982c04a-9263-42f4-acfd-679ead7313df,sequenceID:0056fdd2-cc37-4286-98ca-d2f7ec22682c,0056fdd2-cc37-4286-98ca-d2f7ec22682c,0056fdd2-cc37-4286-98ca-d2f7ec22682c,13835337-7eca-49e4-95d2-516353f83df4,osphranter rufus,1.0,AWC 135,Macropodidae,macropodidae,osphranter rufus
aacbff6a-7631-4e13-a443-a31366b173fa,sequenceID:0470a474-14f7-43c1-86d6-3b63616c604a,0470a474-14f7-43c1-86d6-3b63616c604a,0470a474-14f7-43c1-86d6-3b63616c604a,13835337-7eca-49e4-95d2-516353f83df4,osphranter rufus,0.85,AWC 135,Macropodidae,macropodidae,osphranter rufus
98e7aa5e-b2dc-4b47-9f03-4593a8972957,sequenceID:34dff2b3-6423-4b6f-a530-288a46c3ed97,34dff2b3-6423-4b6f-a530-288a46c3ed97,34dff2b3-6423-4b6f-a530-288a46c3ed97,13835337-7eca-49e4-95d2-516353f83df4,osphranter rufus,0.99,AWC 135,Macropodidae,macropodidae,osphranter rufus
19186554-223e-4d90-92db-12a0ca96f93f,sequenceID:66b7cd8b-dfb2-4792-a075-f2abd19fb2cd,66b7cd8b-dfb2-4792-a075-f2abd19fb2cd,66b7cd8b-dfb2-4792-a075-f2abd19fb2cd,13835337-7eca-49e4-95d2-516353f83df4,Macropus dorsalis,0.98,AWC 135,Macropodidae,macropodidae,macropus dorsalis
d4d54bb9-d905-4848-999e-21c09857c8e9,sequenceID:837c673e-1403-43af-bfbd-812fae44bf5c,837c673e-1403-43af-bfbd-812fae44bf5c,837c673e-1403-43af-bfbd-812fae44bf5c,13835337-7eca-49e4-95d2-516353f83df4,osphranter rufus,1.0,AWC 135,Macropodidae,macropodidae,osphranter rufus
f131e587-9724-492e-8c70-32a2559227b4,sequenceID:ebf6e47f-0a4e-4a7b-97f8-cd25dbeae33a,ebf6e47f-0a4e-4a7b-97f8-cd25dbeae33a,ebf6e47f-0a4e-4a7b-97f8-cd25dbeae33a,13835337-7eca-49e4-95d2-516353f83df4,osphranter rufus,1.0,AWC 135,Macropodidae,macropodidae,osphranter rufus
33aa39c7-341e-4d53-a56b-fdc9c142d71f,sequenceID:935b12f8-7df7-40f2-9842-aa237024d092,935b12f8-7df7-40f2-9842-aa237024d092,935b12f8-7df7-40f2-9842-aa237024d092,13835337-7eca-49e4-95d2-516353f83df4,osphranter rufus,1.0,AWC 135,Macropodidae,macropodidae,osphranter rufus
c8ac2d0f-8f4c-4cf5-85fa-d406e2159277,sequenceID:8b19a2b2-37fd-4704-aa36-94f430978f5f,8b19a2b2-37fd-4704-aa36-94f430978f5f,8b19a2b2-37fd-4704-aa36-94f430978f5f,13835337-7eca-49e4-95d2-516353f83df4,osphranter rufus,1.0,AWC 135,Macropodidae,macropodidae,osphranter rufus
bec6b95d-c4d1-452c-bb0f-49060975ab5e,sequenceID:26229fde-ee5d-4f14-bdac-bb53006053af,26229fde-ee5d-4f14-bdac-bb53006053af,26229fde-ee5d-4f14-bdac-bb53006053af,13835337-7eca-49e4-95d2-516353f83df4,osphranter rufus,0.99,AWC 135,Macropodidae,macropodidae,osphranter rufus
960fbaa7-bbcd-42a4-b77b-30d09a4dfbd5,sequenceID:114e90af-0747-4eb4-883a-97f14a825e3c,114e90af-0747-4eb4-883a-97f14a825e3c,114e90af-0747-4eb4-883a-97f14a825e3c,13835337-7eca-49e4-95d2-516353f83df4,osphranter rufus,1.0,AWC 135,Macropodidae,macropodidae,osphranter rufus
f37970a9-774f-4f40-b6fa-4e8d49a9beed,sequenceID:3287e07f-4a3a-4d2e-b08f-b5d632f5984c,3287e07f-4a3a-4d2e-b08f-b5d632f5984c,3287e07f-4a3a-4d2e-b08f-b5d632f5984c,13835337-7eca-49e4-95d2-516353f83df4,osphranter rufus,1.0,AWC 135,Macropodidae,macropodidae,osphranter rufus
684f9f30-5964-4c54-98d2-b9600b5c7ad2,sequenceID:501c6989-7491-43e2-9b60-216fbbadcb3c,501c6989-7491-43e2-9b60-216fbbadcb3c,501c6989-7491-43e2-9b60-216fbbadcb3c,13835337-7eca-49e4-95d2-516353f83df4,Bettongia lesueur,0.97,AWC 135,Macropodidae,macropodidae,bettongia lesueur
a4f14008-8bb6-4568-a640-1c0bad5a8815,sequenceID:72cf5ebc-49cd-47b3-9020-13ff94759511,72cf5ebc-49cd-47b3-9020-13ff94759511,72cf5ebc-49cd-47b3-9020-13ff94759511,13835337-7eca-49e4-95d2-516353f83df4,osphranter rufus,1.0,AWC 135,Macropodidae,macropodidae,osphranter rufus
3ba072c8-c6fd-4939-8f55-7f5cd0128152,sequenceID:98fbe529-0393-40ce-a9c2-47cfa8a087cf,98fbe529-0393-40ce-a9c2-47cfa8a087cf,98fbe529-0393-40ce-a9c2-47cfa8a087cf,13835337-7eca-49e4-95d2-516353f83df4,Capra hircus,0.76,AWC 135,Macropodidae,macropodidae,capra hircus
deca7120-3590-4852-ad73-51a43c19f569,sequenceID:d3ab9593-ea3c-44c6-9df3-1c1ff260b023,d3ab9593-ea3c-44c6-9df3-1c1ff260b023,d3ab9593-ea3c-44c6-9df3-1c1ff260b023,13835337-7eca-49e4-95d2-516353f83df4,osphranter rufus,1.0,AWC 135,Macropodidae,macropodidae,osphranter rufus
7e2a008c-bf53-4368-99ec-cd6598a48910,sequenceID:78a9fe66-5b51-4a3b-b34d-9fae8108c23c,78a9fe66-5b51-4a3b-b34d-9fae8108c23c,78a9fe66-5b51-4a3b-b34d-9fae8108c23c,13835337-7eca-49e4-95d2-516353f83df4,osphranter rufus,1.0,AWC 135,Macropodidae,macropodidae,osphranter rufus
492b5bf5-1efa-4e09-a2e3-5b204d793e0a,sequenceID:81c247f7-e569-47f5-84a5-4de69f243588,81c247f7-e569-47f5-84a5-4de69f243588,81c247f7-e569-47f5-84a5-4de69f243588,13835337-7eca-49e4-95d2-516353f83df4,Macropus dorsalis,0.53,AWC 135,Macropodidae,macropodidae,macropus dorsalis
492b5bf5-1efa-4e09-a2e3-5b204d793e0a,sequenceID:81c247f7-e569-47f5-84a5-4de69f243588,81c247f7-e569-47f5-84a5-4de69f243588,81c247f7-e569-47f5-84a5-4de69f243588,13835337-7eca-49e4-95d2-516353f83df4,Crocodylus johnstoni ,0.97,AWC 135,Macropodidae,macropodidae,crocodylus johnstoni
aab2d182-b714-4b3a-bdd0-8c3040a184fa,sequenceID:cce7509a-dcf4-4698-8198-61520a9daae5,cce7509a-dcf4-4698-8198-61520a9daae5,cce7509a-dcf4-4698-8198-61520a9daae5,13835337-7eca-49e4-95d2-516353f83df4,osphranter rufus,0.99,AWC 135,Macropodidae,macropodidae,osphranter rufus
0393935b-38eb-44ee-b1ea-d7aaf527bed0,sequenceID:1e89c076-9d1f-4374-923f-0c589fcdee71,1e89c076-9d1f-4374-923f-0c589fcdee71,1e89c076-9d1f-4374-923f-0c589fcdee71,13835337-7eca-49e4-95d2-516353f83df4,osphranter rufus,1.0,AWC 135,Macropodidae,macropodidae,osphranter rufus
8e1ee1e9-6acd-4724-8ed6-40c8f02dc4fc,sequenceID:f6222cde-3241-405d-9cb9-4ad3e0723f72,f6222cde-3241-405d-9cb9-4ad3e0723f72,f6222cde-3241-405d-9cb9-4ad3e0723f72,13835337-7eca-49e4-95d2-516353f83df4,osphranter rufus,1.0,AWC 135,Macropodidae,macropodidae,osphranter rufus
eff0a949-ea30-44f4-835d-b4fecc2d8330,sequenceID:da793d33-1da5-4873-aa41-f65b59ef21af,da793d33-1da5-4873-aa41-f65b59ef21af,da793d33-1da5-4873-aa41-f65b59ef21af,13835337-7eca-49e4-95d2-516353f83df4,osphranter rufus,0.67,AWC 135,Macropodidae,macropodidae,osphranter rufus
4c9a00b0-f3b6-4477-a4c7-a09e2de2770e,sequenceID:439d6629-506c-42cf-ae0c-c8835640e57e,439d6629-506c-42cf-ae0c-c8835640e57e,439d6629-506c-42cf-ae0c-c8835640e57e,13835337-7eca-49e4-95d2-516353f83df4,osphranter rufus,0.95,AWC 135,Macropodidae,macropodidae,osphranter rufus
4d054283-bcf0-4676-8fa4-684f5cfd4bb9,sequenceID:2c26a56f-9194-49b7-b20c-9bc4ab3d6753,2c26a56f-9194-49b7-b20c-9bc4ab3d6753,2c26a56f-9194-49b7-b20c-9bc4ab3d6753,13835337-7eca-49e4-95d2-516353f83df4,Capra hircus,0.68,AWC 135,Macropodidae,macropodidae,capra hircus
9f66b11c-23b9-4a0a-92c6-b2d45e77087d,sequenceID:13cc0be6-272a-4627-a18f-ca684e9a532f,13cc0be6-272a-4627-a18f-ca684e9a532f,13cc0be6-272a-4627-a18f-ca684e9a532f,13835337-7eca-49e4-95d2-516353f83df4,osphranter rufus,0.97,AWC 135,Macropodidae,macropodidae,osphranter rufus
8190380a-5c5a-4d06-8f5b-9e05db95f68f,sequenceID:05eb920c-6b27-4bb6-917c-e4c5ab10247f,05eb920c-6b27-4bb6-917c-e4c5ab10247f,05eb920c-6b27-4bb6-917c-e4c5ab10247f,13835337-7eca-49e4-95d2-516353f83df4,osphranter rufus,0.99,AWC 135,Macropodidae,macropodidae,osphranter rufus
d8fb4caa-f3ba-41e4-b6b8-23cb1ccfacf1,sequenceID:c5a59581-14f0-4b8a-98df-5ce95bf3f40d,c5a59581-14f0-4b8a-98df-5ce95bf3f40d,c5a59581-14f0-4b8a-98df-5ce95bf3f40d,13835337-7eca-49e4-95d2-516353f83df4,Canis familiaris,0.95,AWC 135,Macropodidae,macropodidae,canis familiaris
fad8b4fd-4b90-4bfc-9ee6-3eaa32aa5e8e,sequenceID:1f70349f-50a0-487d-b42b-582240b7c401,1f70349f-50a0-487d-b42b-582240b7c401,1f70349f-50a0-487d-b42b-582240b7c401,13835337-7eca-49e4-95d2-516353f83df4,osphranter rufus,0.98,AWC 135,Macropodidae,macropodidae,osphranter rufus
800cbae1-a49c-4f3b-8145-e7f753643e93,sequenceID:69ee6c43-0517-43de-ad05-99622a12da2d,69ee6c43-0517-43de-ad05-99622a12da2d,69ee6c43-0517-43de-ad05-99622a12da2d,13835337-7eca-49e4-95d2-516353f83df4,osphranter rufus,1.0,AWC 135,Macropodidae,macropodidae,osphranter rufus
01413171-8297-417b-844c-dadfe2a80a2b,sequenceID:ebd1df38-562e-4cca-8e82-2e68bab32441,ebd1df38-562e-4cca-8e82-2e68bab32441,ebd1df38-562e-4cca-8e82-2e68bab32441,13835337-7eca-49e4-95d2-516353f83df4,,0.0,,Macropodidae,macropodidae,nan
bdd6efa2-95fa-4579-95e8-402149a3c16a,sequenceID:810d2df0-1c48-4a0a-8898-e4ada09285a1,810d2df0-1c48-4a0a-8898-e4ada09285a1,810d2df0-1c48-4a0a-8898-e4ada09285a1,13835337-7eca-49e4-95d2-516353f83df4,osphranter rufus,1.0,AWC 135,Macropodidae,macropodidae,osphranter rufus
e4dc9a2f-d909-495d-8d01-62aac5de652e,sequenceID:69281497-bd09-4576-96a2-2b3d47ac3da6,69281497-bd09-4576-96a2-2b3d47ac3da6,69281497-bd09-4576-96a2-2b3d47ac3da6,13835337-7eca-49e4-95d2-516353f83df4,osphranter rufus,0.99,AWC 135,Macropodidae,macropodidae,osphranter rufus
62dc05ae-7bca-4f5e-9447-ce544d9d1fc3,sequenceID:ff99721b-1b0b-4d13-8de5-28bf22d4f8cc,ff99721b-1b0b-4d13-8de5-28bf22d4f8cc,ff99721b-1b0b-4d13-8de5-28bf22d4f8cc,13835337-7eca-49e4-95d2-516353f83df4,Macropus dorsalis,0.75,AWC 135,Macropodidae,macropodidae,macropus dorsalis
4540d61f-c3f0-4145-8fd8-0c709b5e0ba7,sequenceID:905f0c84-ec9e-4e0a-97b0-e52cd2a9ae12,905f0c84-ec9e-4e0a-97b0-e52cd2a9ae12,905f0c84-ec9e-4e0a-97b0-e52cd2a9ae12,13835337-7eca-49e4-95d2-516353f83df4,,0.0,,Macropodidae,macropodidae,nan
807dba7e-55f6-4a92-a3a1-59eca951796f,sequenceID:0f4794c1-8f59-4dc2-a4a1-99c123c214c3,0f4794c1-8f59-4dc2-a4a1-99c123c214c3,0f4794c1-8f59-4dc2-a4a1-99c123c214c3,13835337-7eca-49e4-95d2-516353f83df4,Osphranter robustus,0.78,AWC 135,Macropodidae,macropodidae,osphranter robustus
75322c42-8a2d-44fd-8430-72070cb15981,sequenceID:dcf9a3bf-3990-4b09-96ad-72a18ffcb307,dcf9a3bf-3990-4b09-96ad-72a18ffcb307,dcf9a3bf-3990-4b09-96ad-72a18ffcb307,13835337-7eca-49e4-95d2-516353f83df4,osphranter rufus,0.99,AWC 135,Macropodidae,macropodidae,osphranter rufus
1afbf3c0-0308-4b03-8bc9-e814fd02784b,sequenceID:37d431d1-118c-4a34-bb29-6dbabd35ec50,37d431d1-118c-4a34-bb29-6dbabd35ec50,37d431d1-118c-4a34-bb29-6dbabd35ec50,13835337-7eca-49e4-95d2-516353f83df4,Bos taurus,0.92,AWC 135,Macropodidae,macropodidae,bos taurus
298a0b91-566e-42f2-b4ea-560909d921b0,sequenceID:393a7eaa-dd79-4edd-8a0d-258d6aca63f3,393a7eaa-dd79-4edd-8a0d-258d6aca63f3,393a7eaa-dd79-4edd-8a0d-258d6aca63f3,13835337-7eca-49e4-95d2-516353f83df4,osphranter rufus,0.99,AWC 135,Macropodidae,macropodidae,osphranter rufus
02c9a39d-9007-450a-94bb-4a0a21172143,sequenceID:92719239-b39f-4ea1-ac71-61265d2d2c87,92719239-b39f-4ea1-ac71-61265d2d2c87,92719239-b39f-4ea1-ac71-61265d2d2c87,13835337-7eca-49e4-95d2-516353f83df4,osphranter rufus,1.0,AWC 135,Macropodidae,macropodidae,osphranter rufus
57d4f097-ebf3-4cb2-852f-dee5fce4c0bc,sequenceID:8c8164cd-b12d-4c07-b1f4-6d624111e3db,8c8164cd-b12d-4c07-b1f4-6d624111e3db,8c8164cd-b12d-4c07-b1f4-6d624111e3db,13835337-7eca-49e4-95d2-516353f83df4,Macropus dorsalis,0.59,AWC 135,Macropodidae,macropodidae,macropus dorsalis
eb001b35-618e-4eab-bcd5-e134d851da2d,sequenceID:ccc60c67-53bf-4929-ae1d-a1a0c25ee92c,ccc60c67-53bf-4929-ae1d-a1a0c25ee92c,ccc60c67-53bf-4929-ae1d-a1a0c25ee92c,13835337-7eca-49e4-95d2-516353f83df4,osphranter rufus,0.99,AWC 135,Macropodidae,macropodidae,osphranter rufus
2d41e7c8-29b2-48c3-9ade-7f07bff0d15b,sequenceID:02f84adb-8492-43d4-9c5e-857037bdaf0b,02f84adb-8492-43d4-9c5e-857037bdaf0b,02f84adb-8492-43d4-9c5e-857037bdaf0b,13835337-7eca-49e4-95d2-516353f83df4,Equus,0.53,AWC 135,Macropodidae,macropodidae,equus
e51a307f-6f68-4d4b-b4f0-f643eca552df,sequenceID:d9769ab1-53bd-407f-8417-cbffad2140f8,d9769ab1-53bd-407f-8417-cbffad2140f8,d9769ab1-53bd-407f-8417-cbffad2140f8,13835337-7eca-49e4-95d2-516353f83df4,osphranter rufus,0.83,AWC 135,Macropodidae,macropodidae,osphranter rufus
f79df7b5-ba53-414b-8fd7-1fe8f1d6e748,sequenceID:79fcbefe-829c-4dca-9c56-4d02e08983c1,79fcbefe-829c-4dca-9c56-4d02e08983c1,79fcbefe-829c-4dca-9c56-4d02e08983c1,13835337-7eca-49e4-95d2-516353f83df4,phascolarctos cinereus,1.0,AWC 135,Macropodidae,macropodidae,phascolarctos cinereus
3b6d96c3-0400-499f-83c4-07525e34e3df,sequenceID:e56b0712-8986-42b8-b0d8-2cfcc160eec8,e56b0712-8986-42b8-b0d8-2cfcc160eec8,e56b0712-8986-42b8-b0d8-2cfcc160eec8,13835337-7eca-49e4-95d2-516353f83df4,Bos taurus,0.72,AWC 135,Macropodidae,macropodidae,bos taurus
34201e86-4559-4832-a725-d1fbc22cb83e,sequenceID:eadeb542-374f-4493-a228-6387b1c11602,eadeb542-374f-4493-a228-6387b1c11602,eadeb542-374f-4493-a228-6387b1c11602,13835337-7eca-49e4-95d2-516353f83df4,Macropus dorsalis,0.71,AWC 135,Macropodidae,macropodidae,macropus dorsalis
f2aebd2f-6768-4e8b-982c-79b33c91d7eb,sequenceID:a04d1a98-0c50-442d-8cb2-854eeaa8899b,a04d1a98-0c50-442d-8cb2-854eeaa8899b,a04d1a98-0c50-442d-8cb2-854eeaa8899b,13835337-7eca-49e4-95d2-516353f83df4,Macropus dorsalis,0.94,AWC 135,Macropodidae,macropodidae,macropus dorsalis
eb7eda8f-5661-4047-a3e4-8adb24322e01,sequenceID:610f8653-ac4a-46a9-9601-a1734ac699f6,610f8653-ac4a-46a9-9601-a1734ac699f6,610f8653-ac4a-46a9-9601-a1734ac699f6,13835337-7eca-49e4-95d2-516353f83df4,osphranter rufus,0.76,AWC 135,Macropodidae,macropodidae,osphranter rufus
626afac0-0d69-43dd-bb67-74ffe35db60a,sequenceID:3c133ebc-02df-4732-bce3-894effb881b9,3c133ebc-02df-4732-bce3-894effb881b9,3c133ebc-02df-4732-bce3-894effb881b9,13835337-7eca-49e4-95d2-516353f83df4,Macropus dorsalis,0.94,AWC 135,Macropodidae,macropodidae,macropus dorsalis
946a8b61-a1dd-44ed-ba66-37659e3d454c,sequenceID:8394c5e9-df7a-4195-827c-bd2795119bca,8394c5e9-df7a-4195-827c-bd2795119bca,8394c5e9-df7a-4195-827c-bd2795119bca,13835337-7eca-49e4-95d2-516353f83df4,osphranter rufus,0.83,AWC 135,Macropodidae,macropodidae,osphranter rufus
0a320250-81f3-47d3-be05-1af0c4555755,sequenceID:b0c76767-be09-4c4a-9aae-cfaa068b5466,b0c76767-be09-4c4a-9aae-cfaa068b5466,b0c76767-be09-4c4a-9aae-cfaa068b5466,13835337-7eca-49e4-95d2-516353f83df4,osphranter rufus,0.99,AWC 135,Macropodidae,macropodidae,osphranter rufus
0a320250-81f3-47d3-be05-1af0c4555755,sequenceID:b0c76767-be09-4c4a-9aae-cfaa068b5466,b0c76767-be09-4c4a-9aae-cfaa068b5466,b0c76767-be09-4c4a-9aae-cfaa068b5466,13835337-7eca-49e4-95d2-516353f83df4,Macropus dorsalis,0.57,AWC 135,Macropodidae,macropodidae,macropus dorsalis
74efc746-ee5b-4c08-9f18-8a388ec2a738,sequenceID:9911bc81-2a57-4d86-bbfd-a5b2f21755bb,9911bc81-2a57-4d86-bbfd-a5b2f21755bb,9911bc81-2a57-4d86-bbfd-a5b2f21755bb,13835337-7eca-49e4-95d2-516353f83df4,osphranter rufus,0.99,AWC 135,Macropodidae,macropodidae,osphranter rufus
b22cc630-fbcf-448b-b76a-8caeb7b0ca20,sequenceID:4a5e1684-98b3-4485-8238-f1ca8f9ad365,4a5e1684-98b3-4485-8238-f1ca8f9ad365,4a5e1684-98b3-4485-8238-f1ca8f9ad365,13835337-7eca-49e4-95d2-516353f83df4,osphranter rufus,1.0,AWC 135,Macropodidae,macropodidae,osphranter rufus
750fbad5-fa38-4e8d-8e0e-1b21f9eba75e,sequenceID:cec98a03-ae88-469d-a914-f679f6897cce,cec98a03-ae88-469d-a914-f679f6897cce,cec98a03-ae88-469d-a914-f679f6897cce,13835337-7eca-49e4-95d2-516353f83df4,,0.0,,Macropodidae,macropodidae,nan
be628024-be25-4d6f-bdcf-d1bb3d3226b4,sequenceID:bac1eba6-3e58-4ea0-96ca-3eac364d2d41,bac1eba6-3e58-4ea0-96ca-3eac364d2d41,bac1eba6-3e58-4ea0-96ca-3eac364d2d41,13835337-7eca-49e4-95d2-516353f83df4,osphranter rufus,0.5,AWC 135,Macropodidae,macropodidae,osphranter rufus
fd16739a-3647-4876-b80a-cb28a82970eb,sequenceID:60357fd2-5ae7-4fb4-8a47-828bec3dba75,60357fd2-5ae7-4fb4-8a47-828bec3dba75,60357fd2-5ae7-4fb4-8a47-828bec3dba75,13835337-7eca-49e4-95d2-516353f83df4,osphranter rufus,1.0,AWC 135,Macropodidae,macropodidae,osphranter rufus
edaa2a67-49ab-4537-8e04-659dd2500c9d,sequenceID:f4a9c5ba-f3f6-43ad-938e-88223c4adf58,f4a9c5ba-f3f6-43ad-938e-88223c4adf58,f4a9c5ba-f3f6-43ad-938e-88223c4adf58,13835337-7eca-49e4-95d2-516353f83df4,osphranter rufus,0.99,AWC 135,Macropodidae,macropodidae,osphranter rufus
36a53fdc-60d7-46d0-a7bb-1e585124b448,sequenceID:d5a63f1f-e35b-4ac1-b92c-834d3dbba691,d5a63f1f-e35b-4ac1-b92c-834d3dbba691,d5a63f1f-e35b-4ac1-b92c-834d3dbba691,13835337-7eca-49e4-95d2-516353f83df4,osphranter rufus,0.99,AWC 135,Macropodidae,macropodidae,osphranter rufus
28b7bd45-9db0-4dd0-93fd-23f6aa2a7795,sequenceID:72887c0e-e092-408b-85b3-b1073d80b0cd,72887c0e-e092-408b-85b3-b1073d80b0cd,72887c0e-e092-408b-85b3-b1073d80b0cd,13835337-7eca-49e4-95d2-516353f83df4,,0.0,,Macropodidae,macropodidae,nan
11fc07e5-94d4-4ccd-a3f9-7e38db5c553f,sequenceID:c364e216-a11f-48be-a7f8-70dcd898078a,c364e216-a11f-48be-a7f8-70dcd898078a,c364e216-a11f-48be-a7f8-70dcd898078a,13835337-7eca-49e4-95d2-516353f83df4,osphranter rufus,0.84,AWC 135,Macropodidae,macropodidae,osphranter rufus
5989f018-5f22-4323-8cc6-28d67d83b503,sequenceID:ef601b7d-88d0-4bd6-aa8c-006a18bcf734,ef601b7d-88d0-4bd6-aa8c-006a18bcf734,ef601b7d-88d0-4bd6-aa8c-006a18bcf734,13835337-7eca-49e4-95d2-516353f83df4,osphranter rufus,0.96,AWC 135,Macropodidae,macropodidae,osphranter rufus
b749a062-a5f8-4041-b6d6-4df0410a07e3,sequenceID:9ceff3ba-be7a-4fdf-9128-ceecad1a64de,9ceff3ba-be7a-4fdf-9128-ceecad1a64de,9ceff3ba-be7a-4fdf-9128-ceecad1a64de,13835337-7eca-49e4-95d2-516353f83df4,osphranter rufus,1.0,AWC 135,Macropodidae,macropodidae,osphranter rufus
1a09e4fc-d6ac-4147-9244-a3c42c95d92a,sequenceID:34317be3-58ec-40f8-b8bd-c3d2d08a9fe8,34317be3-58ec-40f8-b8bd-c3d2d08a9fe8,34317be3-58ec-40f8-b8bd-c3d2d08a9fe8,13835337-7eca-49e4-95d2-516353f83df4,osphranter rufus,0.99,AWC 135,Macropodidae,macropodidae,osphranter rufus
48305c8d-1101-421c-b358-0b9848f8dee2,sequenceID:336059df-0ce3-44bb-b478-cae6dba2c8ee,336059df-0ce3-44bb-b478-cae6dba2c8ee,336059df-0ce3-44bb-b478-cae6dba2c8ee,13835337-7eca-49e4-95d2-516353f83df4,osphranter rufus,1.0,AWC 135,Macropodidae,macropodidae,osphranter rufus
50e7db28-f887-4f43-81c0-cdd674b5ac31,sequenceID:f47a6897-2eec-4c15-9644-f2b8dddf9a7e,f47a6897-2eec-4c15-9644-f2b8dddf9a7e,f47a6897-2eec-4c15-9644-f2b8dddf9a7e,13835337-7eca-49e4-95d2-516353f83df4,osphranter rufus,0.99,AWC 135,Macropodidae,macropodidae,osphranter rufus
1a2e8cf7-d77b-46e5-83bb-f30460c82479,sequenceID:80e08f3f-ce3a-45a0-8d2d-6e451802091f,80e08f3f-ce3a-45a0-8d2d-6e451802091f,80e08f3f-ce3a-45a0-8d2d-6e451802091f,13835337-7eca-49e4-95d2-516353f83df4,osphranter rufus,0.98,AWC 135,Macropodidae,macropodidae,osphranter rufus
5b04c9c5-8b58-4909-b5ec-cfcc32109b4e,sequenceID:c72f8f5f-56bb-43e3-b28a-86988b3615ec,c72f8f5f-56bb-43e3-b28a-86988b3615ec,c72f8f5f-56bb-43e3-b28a-86988b3615ec,13835337-7eca-49e4-95d2-516353f83df4,osphranter rufus,1.0,AWC 135,Macropodidae,macropodidae,osphranter rufus
16a18aeb-284d-486c-87f4-b6e6683029b6,sequenceID:7827a88c-aad4-4a6c-9321-3bde29f0969b,7827a88c-aad4-4a6c-9321-3bde29f0969b,7827a88c-aad4-4a6c-9321-3bde29f0969b,13835337-7eca-49e4-95d2-516353f83df4,osphranter rufus,0.98,AWC 135,Macropodidae,macropodidae,osphranter rufus
fee688a3-f4bf-47d2-a95b-ba7cea264957,sequenceID:aa7628d9-110a-4908-a03a-3427e7df89ac,aa7628d9-110a-4908-a03a-3427e7df89ac,aa7628d9-110a-4908-a03a-3427e7df89ac,13835337-7eca-49e4-95d2-516353f83df4,osphranter rufus,0.99,AWC 135,Macropodidae,macropodidae,osphranter rufus
3f6eb1e8-6267-4f46-8f64-b6ffdc708d65,sequenceID:065971ba-b20d-4c31-aad7-2c15ec88b8d8,065971ba-b20d-4c31-aad7-2c15ec88b8d8,065971ba-b20d-4c31-aad7-2c15ec88b8d8,13835337-7eca-49e4-95d2-516353f83df4,osphranter rufus,0.97,AWC 135,Macropodidae,macropodidae,osphranter rufus
eefde22b-24e2-49ec-b0f4-7021a5d94811,sequenceID:4ccd92de-27e4-4574-9728-dc5115607714,4ccd92de-27e4-4574-9728-dc5115607714,4ccd92de-27e4-4574-9728-dc5115607714,13835337-7eca-49e4-95d2-516353f83df4,osphranter rufus,0.99,AWC 135,Macropodidae,macropodidae,osphranter rufus
0ce798ef-39fe-4d73-87f3-9ff06fedaf4c,sequenceID:0b13fac9-7b14-4054-9f54-329e872a2a80,0b13fac9-7b14-4054-9f54-329e872a2a80,0b13fac9-7b14-4054-9f54-329e872a2a80,13835337-7eca-49e4-95d2-516353f83df4,osphranter rufus,0.99,AWC 135,Macropodidae,macropodidae,osphranter rufus
aeffa6aa-e763-43d2-aaac-c0c74078d87c,sequenceID:ba7f60cf-a1fc-41aa-8d2d-b7a4bc02aa1a,ba7f60cf-a1fc-41aa-8d2d-b7a4bc02aa1a,ba7f60cf-a1fc-41aa-8d2d-b7a4bc02aa1a,13835337-7eca-49e4-95d2-516353f83df4,Canis familiaris,0.97,AWC 135,Macropodidae,macropodidae,canis familiaris
4113e2b1-f024-4990-9455-922c36a0481c,sequenceID:2d4a4d65-6970-420a-9721-68b534c4b132,2d4a4d65-6970-420a-9721-68b534c4b132,2d4a4d65-6970-420a-9721-68b534c4b132,13835337-7eca-49e4-95d2-516353f83df4,,0.0,,Macropodidae,macropodidae,nan
f4ad6270-ffc3-4a2d-8f49-d711de9bdde5,sequenceID:10ff8bd6-f873-4c56-9704-d33f311a22b4,10ff8bd6-f873-4c56-9704-d33f311a22b4,10ff8bd6-f873-4c56-9704-d33f311a22b4,13835337-7eca-49e4-95d2-516353f83df4,Canis familiaris,0.87,AWC 135,Macropodidae,macropodidae,canis familiaris
ec6cc0f9-92f3-4e07-a721-912886201ca8,sequenceID:d00bda1b-4700-4f65-9600-070a4230e98a,d00bda1b-4700-4f65-9600-070a4230e98a,d00bda1b-4700-4f65-9600-070a4230e98a,13835337-7eca-49e4-95d2-516353f83df4,Macropus dorsalis,0.99,AWC 135,Macropodidae,macropodidae,macropus dorsalis
519eddab-1542-474f-8289-9c45ab17f2b6,sequenceID:4133ebdc-fa3a-4153-b4af-18c449ac85e2,4133ebdc-fa3a-4153-b4af-18c449ac85e2,4133ebdc-fa3a-4153-b4af-18c449ac85e2,13835337-7eca-49e4-95d2-516353f83df4,Macropus dorsalis,0.96,AWC 135,Macropodidae,macropodidae,macropus dorsalis
49ad8f33-79b7-48f5-a2b3-5ba39931d1c3,sequenceID:ce5fc755-b397-4d38-96e0-76e2e41281e4,ce5fc755-b397-4d38-96e0-76e2e41281e4,ce5fc755-b397-4d38-96e0-76e2e41281e4,13835337-7eca-49e4-95d2-516353f83df4,osphranter rufus,0.96,AWC 135,Macropodidae,macropodidae,osphranter rufus
a39989bc-deb5-4ba3-9cb9-7613d85df21a,sequenceID:32550725-ad92-45ce-b096-4955df973ce6,32550725-ad92-45ce-b096-4955df973ce6,32550725-ad92-45ce-b096-4955df973ce6,13835337-7eca-49e4-95d2-516353f83df4,Bettongia lesueur,0.65,AWC 135,Macropodidae,macropodidae,bettongia lesueur
4c6b2450-6d78-4efc-b609-1b6fac1ae2e8,sequenceID:1afc7f24-4ce0-455a-8737-b7c42e349188,1afc7f24-4ce0-455a-8737-b7c42e349188,1afc7f24-4ce0-455a-8737-b7c42e349188,13835337-7eca-49e4-95d2-516353f83df4,Macropus dorsalis,0.98,AWC 135,Macropodidae,macropodidae,macropus dorsalis
31d70736-3411-4d0e-a3c6-188ab5441e6e,sequenceID:59577198-d6ad-4472-809f-ced08b19bb11,59577198-d6ad-4472-809f-ced08b19bb11,59577198-d6ad-4472-809f-ced08b19bb11,13835337-7eca-49e4-95d2-516353f83df4,osphranter rufus,1.0,AWC 135,Macropodidae,macropodidae,osphranter rufus
69669f5d-1371-4984-8f74-f79d7b4ef240,sequenceID:0800b9e3-e9f7-42dc-8bf0-d2db918725e5,0800b9e3-e9f7-42dc-8bf0-d2db918725e5,0800b9e3-e9f7-42dc-8bf0-d2db918725e5,13835337-7eca-49e4-95d2-516353f83df4,osphranter rufus,0.99,AWC 135,Macropodidae,macropodidae,osphranter rufus
3b9d7404-13de-4887-ba05-20574783a125,sequenceID:f711e271-909b-4dd5-9fd0-cf0543ba5b35,f711e271-909b-4dd5-9fd0-cf0543ba5b35,f711e271-909b-4dd5-9fd0-cf0543ba5b35,13835337-7eca-49e4-95d2-516353f83df4,Osphranter robustus,0.99,AWC 135,Macropodidae,macropodidae,osphranter robustus
31e0d353-ae28-4237-aa07-9f4c58047692,sequenceID:bcbeb394-431f-43ef-97af-c842c65a167b,bcbeb394-431f-43ef-97af-c842c65a167b,bcbeb394-431f-43ef-97af-c842c65a167b,13835337-7eca-49e4-95d2-516353f83df4,osphranter rufus,0.97,AWC 135,Macropodidae,macropodidae,osphranter rufus
760d54fc-dc11-4134-84b1-4f490d2c5106,sequenceID:8e910a38-844a-4158-895c-8b1385403efc,8e910a38-844a-4158-895c-8b1385403efc,8e910a38-844a-4158-895c-8b1385403efc,13835337-7eca-49e4-95d2-516353f83df4,osphranter rufus,0.99,AWC 135,Macropodidae,macropodidae,osphranter rufus
9c3203d9-3748-44cf-a264-d8adfd5d61b3,sequenceID:b303f590-c489-4aca-b477-5349784bb626,b303f590-c489-4aca-b477-5349784bb626,b303f590-c489-4aca-b477-5349784bb626,13835337-7eca-49e4-95d2-516353f83df4,osphranter rufus,0.99,AWC 135,Macropodidae,macropodidae,osphranter rufus
15707888-01d3-469c-be5b-dc818a536f67,sequenceID:a824c182-e595-4ac0-be2e-ff520cb8b7a8,a824c182-e595-4ac0-be2e-ff520cb8b7a8,a824c182-e595-4ac0-be2e-ff520cb8b7a8,13835337-7eca-49e4-95d2-516353f83df4,osphranter rufus,0.94,AWC 135,Macropodidae,macropodidae,osphranter rufus
9afcf19e-254b-45f7-ac67-42b86a3f7a6e,sequenceID:4b91bb47-f89c-4610-8ced-afcb61bfe81b,4b91bb47-f89c-4610-8ced-afcb61bfe81b,4b91bb47-f89c-4610-8ced-afcb61bfe81b,13835337-7eca-49e4-95d2-516353f83df4,osphranter rufus,0.99,AWC 135,Macropodidae,macropodidae,osphranter rufus
3ef418f7-7f71-428c-b5b9-ac436997a38d,sequenceID:b2bbfe0a-eb75-4123-b680-f12c52ce3a9a,b2bbfe0a-eb75-4123-b680-f12c52ce3a9a,b2bbfe0a-eb75-4123-b680-f12c52ce3a9a,13835337-7eca-49e4-95d2-516353f83df4,osphranter rufus,0.99,AWC 135,Macropodidae,macropodidae,osphranter rufus
cc02050f-4390-4fe5-8b3a-676a0b55e1d0,sequenceID:c8bf44a7-ff5f-4447-81b8-3aedf6aec3c1,c8bf44a7-ff5f-4447-81b8-3aedf6aec3c1,c8bf44a7-ff5f-4447-81b8-3aedf6aec3c1,13835337-7eca-49e4-95d2-516353f83df4,osphranter rufus,0.97,AWC 135,Macropodidae,macropodidae,osphranter rufus
59f09729-6170-4ae9-99a9-05c0a34d75b1,sequenceID:62b0da86-b81c-43ef-9f24-a3a828363706,62b0da86-b81c-43ef-9f24-a3a828363706,62b0da86-b81c-43ef-9f24-a3a828363706,13835337-7eca-49e4-95d2-516353f83df4,osphranter rufus,0.98,AWC 135,Macropodidae,macropodidae,osphranter rufus
a5777496-3b0e-4c8b-a2ce-5e7cc37809ed,sequenceID:e0d3b0f9-50a5-4274-bd69-7defa4f7159b,e0d3b0f9-50a5-4274-bd69-7defa4f7159b,e0d3b0f9-50a5-4274-bd69-7defa4f7159b,13835337-7eca-49e4-95d2-516353f83df4,osphranter rufus,1.0,AWC 135,Macropodidae,macropodidae,osphranter rufus
a7120d5c-7a9c-4956-9205-b20bc1fa699a,sequenceID:3524a887-dbd5-4836-8dcc-5ace6ac89b02,3524a887-dbd5-4836-8dcc-5ace6ac89b02,3524a887-dbd5-4836-8dcc-5ace6ac89b02,13835337-7eca-49e4-95d2-516353f83df4,osphranter rufus,0.99,AWC 135,Macropodidae,macropodidae,osphranter rufus
f38ab80d-eab8-4cfc-b37c-86b79b07bf99,sequenceID:6dbed135-59ce-4430-941d-a11e8fcf8e2f,6dbed135-59ce-4430-941d-a11e8fcf8e2f,6dbed135-59ce-4430-941d-a11e8fcf8e2f,13835337-7eca-49e4-95d2-516353f83df4,osphranter rufus,0.99,AWC 135,Macropodidae,macropodidae,osphranter rufus
a9ff1110-d0ce-485f-8255-69cab6cb1921,sequenceID:e20691df-a799-49f2-8fe3-533cc27914b9,e20691df-a799-49f2-8fe3-533cc27914b9,e20691df-a799-49f2-8fe3-533cc27914b9,13835337-7eca-49e4-95d2-516353f83df4,osphranter rufus,0.88,AWC 135,Macropodidae,macropodidae,osphranter rufus
873370d4-862a-41fd-8c88-70558cd2aca2,sequenceID:88fd7623-e010-4d53-809f-c284d2893e65,88fd7623-e010-4d53-809f-c284d2893e65,88fd7623-e010-4d53-809f-c284d2893e65,13835337-7eca-49e4-95d2-516353f83df4,osphranter rufus,1.0,AWC 135,Macropodidae,macropodidae,osphranter rufus
43e8bb50-380d-4b95-8c15-3e8ca06e0f51,sequenceID:dc0e7980-669b-47fe-aefd-3f2c71c162ec,dc0e7980-669b-47fe-aefd-3f2c71c162ec,dc0e7980-669b-47fe-aefd-3f2c71c162ec,13835337-7eca-49e4-95d2-516353f83df4,Canis familiaris,0.96,AWC 135,Macropodidae,macropodidae,canis familiaris
43e8bb50-380d-4b95-8c15-3e8ca06e0f51,sequenceID:dc0e7980-669b-47fe-aefd-3f2c71c162ec,dc0e7980-669b-47fe-aefd-3f2c71c162ec,dc0e7980-669b-47fe-aefd-3f2c71c162ec,13835337-7eca-49e4-95d2-516353f83df4,osphranter rufus,0.99,AWC 135,Macropodidae,macropodidae,osphranter rufus
1ef73bcf-84bb-452e-9865-c298750fcbd9,sequenceID:9b98389a-2cbb-4044-a579-25372d582dca,9b98389a-2cbb-4044-a579-25372d582dca,9b98389a-2cbb-4044-a579-25372d582dca,13835337-7eca-49e4-95d2-516353f83df4,osphranter rufus,0.98,AWC 135,Macropodidae,macropodidae,osphranter rufus
09040a74-6216-431b-a3fa-a50d98e4f595,sequenceID:08a716ed-950d-45c2-bb86-4e20be89e524,08a716ed-950d-45c2-bb86-4e20be89e524,08a716ed-950d-45c2-bb86-4e20be89e524,13835337-7eca-49e4-95d2-516353f83df4,osphranter rufus,1.0,AWC 135,Macropodidae,macropodidae,osphranter rufus
677d3d35-d6c4-4bf7-95df-e0233e1c4f3f,sequenceID:cf59b14f-339b-4f4f-8c44-aa561ff62157,cf59b14f-339b-4f4f-8c44-aa561ff62157,cf59b14f-339b-4f4f-8c44-aa561ff62157,13835337-7eca-49e4-95d2-516353f83df4,osphranter rufus,1.0,AWC 135,Macropodidae,macropodidae,osphranter rufus
b4bd9ae5-8b24-4515-ac80-c399569c6186,sequenceID:a3513414-f039-44e0-8bd3-8a0b99f1e7f8,a3513414-f039-44e0-8bd3-8a0b99f1e7f8,a3513414-f039-44e0-8bd3-8a0b99f1e7f8,13835337-7eca-49e4-95d2-516353f83df4,Bos taurus,0.91,AWC 135,Macropodidae,macropodidae,bos taurus
44a8bac5-0a2e-4663-9bb8-069ce933a98d,sequenceID:c2a34b0b-777b-4fd0-846a-cb08faacbabe,c2a34b0b-777b-4fd0-846a-cb08faacbabe,c2a34b0b-777b-4fd0-846a-cb08faacbabe,13835337-7eca-49e4-95d2-516353f83df4,osphranter rufus,0.9,AWC 135,Macropodidae,macropodidae,osphranter rufus
058dfc70-a0a4-4f13-a2a2-d2758e6d1e5c,sequenceID:8ff3741f-9b27-4ac4-9b0d-d41a5e9bc731,8ff3741f-9b27-4ac4-9b0d-d41a5e9bc731,8ff3741f-9b27-4ac4-9b0d-d41a5e9bc731,13835337-7eca-49e4-95d2-516353f83df4,osphranter rufus,1.0,AWC 135,Macropodidae,macropodidae,osphranter rufus
ca8b6211-10b3-495d-bd02-75b923da1848,sequenceID:2aef3b50-70a4-4cdd-b4c7-7848d61b1fc2,2aef3b50-70a4-4cdd-b4c7-7848d61b1fc2,2aef3b50-70a4-4cdd-b4c7-7848d61b1fc2,13835337-7eca-49e4-95d2-516353f83df4,,0.0,,Macropodidae,macropodidae,nan
969d4a23-1b3a-47df-af28-55c9b23c2f6b,sequenceID:a2a195db-7b28-4af3-a29b-9d0fc3fc3312,a2a195db-7b28-4af3-a29b-9d0fc3fc3312,a2a195db-7b28-4af3-a29b-9d0fc3fc3312,13835337-7eca-49e4-95d2-516353f83df4,osphranter rufus,0.98,AWC 135,Macropodidae,macropodidae,osphranter rufus
11c01229-d313-47a3-ab5f-93d57b326274,sequenceID:5c8b651d-cfc5-40bd-a40e-30c7d5daf35a,5c8b651d-cfc5-40bd-a40e-30c7d5daf35a,5c8b651d-cfc5-40bd-a40e-30c7d5daf35a,13835337-7eca-49e4-95d2-516353f83df4,Bettongia lesueur,0.61,AWC 135,Macropodidae,macropodidae,bettongia lesueur
e34db863-f378-46ce-8f3d-9dc4a79c3806,sequenceID:fe56b06e-831e-4d9b-8f84-d627415f4593,fe56b06e-831e-4d9b-8f84-d627415f4593,fe56b06e-831e-4d9b-8f84-d627415f4593,13835337-7eca-49e4-95d2-516353f83df4,osphranter rufus,1.0,AWC 135,Macropodidae,macropodidae,osphranter rufus
39923482-16a0-4dc0-951e-1275b21e404c,sequenceID:c21997ff-301f-4b6a-bd5d-0c29d2de217f,c21997ff-301f-4b6a-bd5d-0c29d2de217f,c21997ff-301f-4b6a-bd5d-0c29d2de217f,13835337-7eca-49e4-95d2-516353f83df4,osphranter rufus,0.99,AWC 135,Macropodidae,macropodidae,osphranter rufus
37f4b813-8bda-4ff9-bd30-278afdfd8fce,sequenceID:3aa5e15a-9188-43e9-a93e-f321922c8bf8,3aa5e15a-9188-43e9-a93e-f321922c8bf8,3aa5e15a-9188-43e9-a93e-f321922c8bf8,13835337-7eca-49e4-95d2-516353f83df4,osphranter rufus,1.0,AWC 135,Macropodidae,macropodidae,osphranter rufus
9bdb30b0-5492-4cd7-ad38-837dd50f0531,sequenceID:91b9eb56-0ad8-497f-b30c-981d20f67cf1,91b9eb56-0ad8-497f-b30c-981d20f67cf1,91b9eb56-0ad8-497f-b30c-981d20f67cf1,13835337-7eca-49e4-95d2-516353f83df4,Macropus dorsalis,0.72,AWC 135,Macropodidae,macropodidae,macropus dorsalis
0650cdf2-5ddf-491d-bebb-90a4f8e258aa,sequenceID:b94ecd12-8ffa-40a3-979c-3adf1ca5a7e4,b94ecd12-8ffa-40a3-979c-3adf1ca5a7e4,b94ecd12-8ffa-40a3-979c-3adf1ca5a7e4,13835337-7eca-49e4-95d2-516353f83df4,Macropus dorsalis,0.79,AWC 135,Macropodidae,macropodidae,macropus dorsalis
8aec400c-bd9c-48c9-84bc-877c9461dc31,sequenceID:5b3397d2-6a62-48b3-a4a2-0f5297e7c908,5b3397d2-6a62-48b3-a4a2-0f5297e7c908,5b3397d2-6a62-48b3-a4a2-0f5297e7c908,13835337-7eca-49e4-95d2-516353f83df4,,0.0,,Macropodidae,macropodidae,nan
5413651a-c85d-463f-bcb4-f0f1642b997d,sequenceID:3f94c2d4-d8eb-4c8c-9288-d0e774698e4f,3f94c2d4-d8eb-4c8c-9288-d0e774698e4f,3f94c2d4-d8eb-4c8c-9288-d0e774698e4f,13835337-7eca-49e4-95d2-516353f83df4,osphranter rufus,0.99,AWC 135,Macropodidae,macropodidae,osphranter rufus
2c9e9261-2f94-44c2-ac24-a97d124db98a,sequenceID:1f627186-a1a1-480a-9ee7-7a9ea0f85794,1f627186-a1a1-480a-9ee7-7a9ea0f85794,1f627186-a1a1-480a-9ee7-7a9ea0f85794,13835337-7eca-49e4-95d2-516353f83df4,osphranter rufus,1.0,AWC 135,Macropodidae,macropodidae,osphranter rufus
4d33eb9f-4f5f-4040-98a2-c1d81ffd116e,sequenceID:08bfe5c2-f7ec-4e33-a6d8-f9ce8e14b134,08bfe5c2-f7ec-4e33-a6d8-f9ce8e14b134,08bfe5c2-f7ec-4e33-a6d8-f9ce8e14b134,13835337-7eca-49e4-95d2-516353f83df4,osphranter rufus,0.98,AWC 135,Macropodidae,macropodidae,osphranter rufus
3d0fd408-8a72-494f-8032-b3ce4a62cb49,sequenceID:508eb384-75db-4f31-b13d-39202ef16403,508eb384-75db-4f31-b13d-39202ef16403,508eb384-75db-4f31-b13d-39202ef16403,13835337-7eca-49e4-95d2-516353f83df4,osphranter rufus,0.99,AWC 135,Macropodidae,macropodidae,osphranter rufus
c96f3d3c-8782-456b-9c05-24c526b5cea3,sequenceID:e3edbfc4-2be5-480a-b7a1-3f1879fbe91a,e3edbfc4-2be5-480a-b7a1-3f1879fbe91a,e3edbfc4-2be5-480a-b7a1-3f1879fbe91a,13835337-7eca-49e4-95d2-516353f83df4,osphranter rufus,1.0,AWC 135,Macropodidae,macropodidae,osphranter rufus
6796f5d1-6808-44cf-b7a8-88af7df7ffa7,sequenceID:92323a92-b435-4cc8-98f6-60a974fa6184,92323a92-b435-4cc8-98f6-60a974fa6184,92323a92-b435-4cc8-98f6-60a974fa6184,13835337-7eca-49e4-95d2-516353f83df4,osphranter rufus,0.99,AWC 135,Macropodidae,macropodidae,osphranter rufus
b0497ae1-3733-46d6-828e-e6940e0004bc,sequenceID:d638115f-1923-4b32-bf57-d5de044bf43d,d638115f-1923-4b32-bf57-d5de044bf43d,d638115f-1923-4b32-bf57-d5de044bf43d,13835337-7eca-49e4-95d2-516353f83df4,Equus,0.86,AWC 135,Macropodidae,macropodidae,equus
b0497ae1-3733-46d6-828e-e6940e0004bc,sequenceID:d638115f-1923-4b32-bf57-d5de044bf43d,d638115f-1923-4b32-bf57-d5de044bf43d,d638115f-1923-4b32-bf57-d5de044bf43d,13835337-7eca-49e4-95d2-516353f83df4,osphranter rufus,0.97,AWC 135,Macropodidae,macropodidae,osphranter rufus
e58fadd0-e541-457e-a2b0-69f127f78013,sequenceID:76108c00-4d43-4835-98ab-1a5d6f225a05,76108c00-4d43-4835-98ab-1a5d6f225a05,76108c00-4d43-4835-98ab-1a5d6f225a05,13835337-7eca-49e4-95d2-516353f83df4,osphranter rufus,0.99,AWC 135,Macropodidae,macropodidae,osphranter rufus
81bf8710-857a-4f5f-86d0-cdff1367a077,sequenceID:c632c73e-03f9-4c19-9bf1-2df6b3fea376,c632c73e-03f9-4c19-9bf1-2df6b3fea376,c632c73e-03f9-4c19-9bf1-2df6b3fea376,13835337-7eca-49e4-95d2-516353f83df4,osphranter rufus,0.99,AWC 135,Macropodidae,macropodidae,osphranter rufus
5a149aec-bf08-469e-899b-8fbf75f7d8fa,sequenceID:b6ea43f5-94bd-4a0e-9a7a-2af18b81f089,b6ea43f5-94bd-4a0e-9a7a-2af18b81f089,b6ea43f5-94bd-4a0e-9a7a-2af18b81f089,13835337-7eca-49e4-95d2-516353f83df4,osphranter rufus,0.99,AWC 135,Macropodidae,macropodidae,osphranter rufus
8069067d-f7e0-4bdb-94fc-8a6c9d2612b8,sequenceID:87dfdcee-ed9a-4c22-8d0c-2ccf81f61bba,87dfdcee-ed9a-4c22-8d0c-2ccf81f61bba,87dfdcee-ed9a-4c22-8d0c-2ccf81f61bba,13835337-7eca-49e4-95d2-516353f83df4,osphranter rufus,0.99,AWC 135,Macropodidae,macropodidae,osphranter rufus
086d37c3-6bd2-4add-9e46-b3520b7f832d,sequenceID:783e44b8-f866-4741-a9bf-78aeab7a3ba9,783e44b8-f866-4741-a9bf-78aeab7a3ba9,783e44b8-f866-4741-a9bf-78aeab7a3ba9,13835337-7eca-49e4-95d2-516353f83df4,osphranter rufus,0.5,AWC 135,Macropodidae,macropodidae,osphranter rufus
84f514ed-3395-49a0-bce1-11aa39564766,sequenceID:75cf1167-5199-466a-b70b-1d3f7e77eb21,75cf1167-5199-466a-b70b-1d3f7e77eb21,75cf1167-5199-466a-b70b-1d3f7e77eb21,13835337-7eca-49e4-95d2-516353f83df4,osphranter rufus,1.0,AWC 135,Macropodidae,macropodidae,osphranter rufus
0e9c8c50-57a5-4019-b80e-0558cc17fa46,sequenceID:5d434ba7-6e48-4d84-a3d2-57db9453dac1,5d434ba7-6e48-4d84-a3d2-57db9453dac1,5d434ba7-6e48-4d84-a3d2-57db9453dac1,13835337-7eca-49e4-95d2-516353f83df4,osphranter rufus,0.99,AWC 135,Macropodidae,macropodidae,osphranter rufus
3e924a0a-330c-428c-8905-a628badf7172,sequenceID:4777d53d-e4b6-48d9-b5a6-f44f2d215b69,4777d53d-e4b6-48d9-b5a6-f44f2d215b69,4777d53d-e4b6-48d9-b5a6-f44f2d215b69,13835337-7eca-49e4-95d2-516353f83df4,osphranter rufus,0.71,AWC 135,Macropodidae,macropodidae,osphranter rufus
bb666985-4f14-468d-8c0b-0c4ca104700f,sequenceID:253cc866-3aeb-4e40-9d1f-da7a957b64b5,253cc866-3aeb-4e40-9d1f-da7a957b64b5,253cc866-3aeb-4e40-9d1f-da7a957b64b5,13835337-7eca-49e4-95d2-516353f83df4,Canis familiaris,1.0,AWC 135,Macropodidae,macropodidae,canis familiaris
609faf0c-9014-4c57-b66b-89c079689a0e,sequenceID:f9085326-e509-4b61-8e70-a4ed76914efa,f9085326-e509-4b61-8e70-a4ed76914efa,f9085326-e509-4b61-8e70-a4ed76914efa,13835337-7eca-49e4-95d2-516353f83df4,osphranter rufus,0.99,AWC 135,Macropodidae,macropodidae,osphranter rufus
abca5023-79f8-4fd8-b0ed-6d1bf8ed1894,sequenceID:d40f05f3-b77d-486d-b94c-cc5e01fc50fb,d40f05f3-b77d-486d-b94c-cc5e01fc50fb,d40f05f3-b77d-486d-b94c-cc5e01fc50fb,13835337-7eca-49e4-95d2-516353f83df4,osphranter rufus,0.54,AWC 135,Macropodidae,macropodidae,osphranter rufus
420f2c9e-9ab7-4b96-8f4e-0264a5728fe2,sequenceID:aa2fcfcb-903c-431a-aaa0-3445e47b9f93,aa2fcfcb-903c-431a-aaa0-3445e47b9f93,aa2fcfcb-903c-431a-aaa0-3445e47b9f93,13835337-7eca-49e4-95d2-516353f83df4,osphranter rufus,0.97,AWC 135,Macropodidae,macropodidae,osphranter rufus
693b12cc-97ae-4de0-aa4d-bf2a84df7976,sequenceID:833f5ea6-9dca-4429-a425-6849981c04bc,833f5ea6-9dca-4429-a425-6849981c04bc,833f5ea6-9dca-4429-a425-6849981c04bc,13835337-7eca-49e4-95d2-516353f83df4,Corvus,0.54,AWC 135,Macropodidae,macropodidae,corvus
e6781bc1-5ea8-4c38-b647-3690586a66f5,sequenceID:9cd9af8c-95e3-490b-88c0-7da6df53ea08,9cd9af8c-95e3-490b-88c0-7da6df53ea08,9cd9af8c-95e3-490b-88c0-7da6df53ea08,13835337-7eca-49e4-95d2-516353f83df4,osphranter rufus,0.92,AWC 135,Macropodidae,macropodidae,osphranter rufus
c20d5895-a822-4221-8b42-cf12fa68fca0,sequenceID:eeb08819-0b97-4da6-aad1-49689e7c4869,eeb08819-0b97-4da6-aad1-49689e7c4869,eeb08819-0b97-4da6-aad1-49689e7c4869,13835337-7eca-49e4-95d2-516353f83df4,osphranter rufus,1.0,AWC 135,Macropodidae,macropodidae,osphranter rufus
d4c48b02-c8e3-4e48-912d-4808a60395e7,sequenceID:4d5a3ef7-b1da-4235-87d4-698cad303646,4d5a3ef7-b1da-4235-87d4-698cad303646,4d5a3ef7-b1da-4235-87d4-698cad303646,13835337-7eca-49e4-95d2-516353f83df4,osphranter rufus,1.0,AWC 135,Macropodidae,macropodidae,osphranter rufus
fb7844c1-ac66-45ac-bb9d-c281b40a1c1e,sequenceID:4ef02803-bebf-4fcc-ba40-4c184df292bc,4ef02803-bebf-4fcc-ba40-4c184df292bc,4ef02803-bebf-4fcc-ba40-4c184df292bc,13835337-7eca-49e4-95d2-516353f83df4,osphranter rufus,0.96,AWC 135,Macropodidae,macropodidae,osphranter rufus
52b08045-82e1-4866-bf6d-9e6b35d2c229,sequenceID:834cd416-6db8-4538-8efa-30edda488ceb,834cd416-6db8-4538-8efa-30edda488ceb,834cd416-6db8-4538-8efa-30edda488ceb,13835337-7eca-49e4-95d2-516353f83df4,osphranter rufus,0.99,AWC 135,Macropodidae,macropodidae,osphranter rufus
6f4efff4-b7d8-4e4a-a858-1d490d022111,sequenceID:45d753c9-a5e2-4c98-89dc-a38d34b5ffdc,45d753c9-a5e2-4c98-89dc-a38d34b5ffdc,45d753c9-a5e2-4c98-89dc-a38d34b5ffdc,13835337-7eca-49e4-95d2-516353f83df4,osphranter rufus,0.97,AWC 135,Macropodidae,macropodidae,osphranter rufus
40e04471-c4c5-4bfa-b0f1-c9a690d336b3,sequenceID:6356a403-e18b-41bf-924c-8e85b844e871,6356a403-e18b-41bf-924c-8e85b844e871,6356a403-e18b-41bf-924c-8e85b844e871,13835337-7eca-49e4-95d2-516353f83df4,osphranter rufus,0.99,AWC 135,Macropodidae,macropodidae,osphranter rufus
b6099854-3a0c-4cb3-9788-828bca6e3487,sequenceID:6e70d3bf-74a5-4068-b649-f646f79cdccc,6e70d3bf-74a5-4068-b649-f646f79cdccc,6e70d3bf-74a5-4068-b649-f646f79cdccc,13835337-7eca-49e4-95d2-516353f83df4,Bettongia lesueur,0.99,AWC 135,Macropodidae,macropodidae,bettongia lesueur
75543f5c-ba68-4e95-aae7-c83132504507,sequenceID:9294b871-682f-4d70-a0ea-3d89f6a155eb,9294b871-682f-4d70-a0ea-3d89f6a155eb,9294b871-682f-4d70-a0ea-3d89f6a155eb,13835337-7eca-49e4-95d2-516353f83df4,osphranter rufus,0.98,AWC 135,Macropodidae,macropodidae,osphranter rufus
151677aa-3724-4b06-89d7-9f49d5e9bd72,sequenceID:6de795fb-1042-4963-a53f-88e863f94e42,6de795fb-1042-4963-a53f-88e863f94e42,6de795fb-1042-4963-a53f-88e863f94e42,13835337-7eca-49e4-95d2-516353f83df4,osphranter rufus,0.99,AWC 135,Macropodidae,macropodidae,osphranter rufus
a37147c9-feb1-42a8-8264-f30460b3d633,sequenceID:0196b8be-93a5-4a63-8c56-25a2abcd8e3a,0196b8be-93a5-4a63-8c56-25a2abcd8e3a,0196b8be-93a5-4a63-8c56-25a2abcd8e3a,13835337-7eca-49e4-95d2-516353f83df4,osphranter rufus,0.97,AWC 135,Macropodidae,macropodidae,osphranter rufus
d5cc93c4-b675-42fb-8d75-238715dc69d4,sequenceID:9a6bf746-91d5-4c7d-b567-06c6594a819c,9a6bf746-91d5-4c7d-b567-06c6594a819c,9a6bf746-91d5-4c7d-b567-06c6594a819c,13835337-7eca-49e4-95d2-516353f83df4,osphranter rufus,1.0,AWC 135,Macropodidae,macropodidae,osphranter rufus
3ce0d2fa-490d-4c8f-afbf-0a7bb5b8e49b,sequenceID:d33f20ab-5625-43e0-9a16-ce9566992800,d33f20ab-5625-43e0-9a16-ce9566992800,d33f20ab-5625-43e0-9a16-ce9566992800,13835337-7eca-49e4-95d2-516353f83df4,osphranter rufus,1.0,AWC 135,Macropodidae,macropodidae,osphranter rufus
66960dd3-d16a-4cb1-936d-9fb688cd815a,sequenceID:d9723824-95cc-40fd-bce6-bf8c13f75c75,d9723824-95cc-40fd-bce6-bf8c13f75c75,d9723824-95cc-40fd-bce6-bf8c13f75c75,13835337-7eca-49e4-95d2-516353f83df4,osphranter rufus,0.98,AWC 135,Macropodidae,macropodidae,osphranter rufus
96523a8c-48ed-4998-bd73-f2584fe1d2c1,sequenceID:8dbf1935-4456-419b-a72a-22a152add2d8,8dbf1935-4456-419b-a72a-22a152add2d8,8dbf1935-4456-419b-a72a-22a152add2d8,13835337-7eca-49e4-95d2-516353f83df4,osphranter rufus,1.0,AWC 135,Macropodidae,macropodidae,osphranter rufus
d47c4ad4-13ec-4a9d-968b-e1581f352962,sequenceID:86e38ec9-22d4-42e0-88fb-9044868e2214,86e38ec9-22d4-42e0-88fb-9044868e2214,86e38ec9-22d4-42e0-88fb-9044868e2214,13835337-7eca-49e4-95d2-516353f83df4,osphranter rufus,0.99,AWC 135,Macropodidae,macropodidae,osphranter rufus
d0199507-3068-4deb-a251-97667469b62d,sequenceID:9c6c4be3-dfb0-44eb-9825-65c122c9b337,9c6c4be3-dfb0-44eb-9825-65c122c9b337,9c6c4be3-dfb0-44eb-9825-65c122c9b337,13835337-7eca-49e4-95d2-516353f83df4,osphranter rufus,1.0,AWC 135,Macropodidae,macropodidae,osphranter rufus
18dc3708-2314-402b-b8b4-14ec0d6c7a8e,sequenceID:88234c43-e630-4adf-bd21-03c018cdf8a3,88234c43-e630-4adf-bd21-03c018cdf8a3,88234c43-e630-4adf-bd21-03c018cdf8a3,13835337-7eca-49e4-95d2-516353f83df4,,0.0,,Macropodidae,macropodidae,nan
d49972a4-ca38-4986-a238-fa82e7a47e98,sequenceID:d660214d-31da-4622-a9c9-e9799a267287,d660214d-31da-4622-a9c9-e9799a267287,d660214d-31da-4622-a9c9-e9799a267287,13835337-7eca-49e4-95d2-516353f83df4,,0.0,,Macropodidae,macropodidae,nan
59e71b3c-db93-401f-919e-9ff2956e98bf,sequenceID:f592b50f-8704-4a52-995b-68610f5650f0,f592b50f-8704-4a52-995b-68610f5650f0,f592b50f-8704-4a52-995b-68610f5650f0,13835337-7eca-49e4-95d2-516353f83df4,,0.0,,Macropodidae,macropodidae,nan
f6002181-81d3-45f4-8746-8bee32dc5feb,sequenceID:2a1f75ab-91a7-471d-b466-2860b99530cf,2a1f75ab-91a7-471d-b466-2860b99530cf,2a1f75ab-91a7-471d-b466-2860b99530cf,13835337-7eca-49e4-95d2-516353f83df4,Capra hircus,0.56,AWC 135,Macropodidae,macropodidae,capra hircus
bc0433cd-649d-4786-b75e-3df9997eff0a,sequenceID:be66f1d4-cf7e-49f5-b019-ca6f7377faa1,be66f1d4-cf7e-49f5-b019-ca6f7377faa1,be66f1d4-cf7e-49f5-b019-ca6f7377faa1,13835337-7eca-49e4-95d2-516353f83df4,Crocodylus johnstoni ,0.77,AWC 135,Macropodidae,macropodidae,crocodylus johnstoni
199b7a78-b204-44a3-81bc-64ce183b1727,sequenceID:48e54536-5ae5-452e-b739-1e7ce0d04e65,48e54536-5ae5-452e-b739-1e7ce0d04e65,48e54536-5ae5-452e-b739-1e7ce0d04e65,13835337-7eca-49e4-95d2-516353f83df4,osphranter rufus,0.98,AWC 135,Macropodidae,macropodidae,osphranter rufus
af86f6b3-2c45-4de1-aa39-9999125c5426,sequenceID:87242248-2478-4a80-a303-204d12e4b864,87242248-2478-4a80-a303-204d12e4b864,87242248-2478-4a80-a303-204d12e4b864,13835337-7eca-49e4-95d2-516353f83df4,osphranter rufus,1.0,AWC 135,Macropodidae,macropodidae,osphranter rufus
a97e6899-ebde-4c8a-8ec2-669b24506b48,sequenceID:5402f6b2-cb8c-4428-a159-a949f03fd889,5402f6b2-cb8c-4428-a159-a949f03fd889,5402f6b2-cb8c-4428-a159-a949f03fd889,13835337-7eca-49e4-95d2-516353f83df4,osphranter rufus,0.99,AWC 135,Macropodidae,macropodidae,osphranter rufus
356e0876-5759-4de0-98af-e5845e68ac9b,sequenceID:5c8da3ff-c44f-451a-9f39-0ff8bbcae098,5c8da3ff-c44f-451a-9f39-0ff8bbcae098,5c8da3ff-c44f-451a-9f39-0ff8bbcae098,13835337-7eca-49e4-95d2-516353f83df4,osphranter rufus,1.0,AWC 135,Macropodidae,macropodidae,osphranter rufus
eb9772a3-8e80-460e-84cc-0b94eb9f6909,sequenceID:f91aa699-4e81-4942-b3a2-5ae710d33550,f91aa699-4e81-4942-b3a2-5ae710d33550,f91aa699-4e81-4942-b3a2-5ae710d33550,13835337-7eca-49e4-95d2-516353f83df4,Notomys alexis,0.88,AWC 135,Macropodidae,macropodidae,notomys alexis
b4556a36-71a4-4fe2-9f97-8add20c20d61,sequenceID:4e0839c8-f962-444a-876c-d852f63e21ad,4e0839c8-f962-444a-876c-d852f63e21ad,4e0839c8-f962-444a-876c-d852f63e21ad,13835337-7eca-49e4-95d2-516353f83df4,osphranter rufus,0.9,AWC 135,Macropodidae,macropodidae,osphranter rufus
9c6c1c98-597a-46a0-acef-84d1f344c515,sequenceID:27de7639-c954-48a1-8436-b39d29c8aeaf,27de7639-c954-48a1-8436-b39d29c8aeaf,27de7639-c954-48a1-8436-b39d29c8aeaf,13835337-7eca-49e4-95d2-516353f83df4,osphranter rufus,1.0,AWC 135,Macropodidae,macropodidae,osphranter rufus
f568b44a-af39-4841-9caf-c4329ffca1c0,sequenceID:ce885ca9-1ece-4d84-b9fd-ea594d796a09,ce885ca9-1ece-4d84-b9fd-ea594d796a09,ce885ca9-1ece-4d84-b9fd-ea594d796a09,13835337-7eca-49e4-95d2-516353f83df4,osphranter rufus,0.99,AWC 135,Macropodidae,macropodidae,osphranter rufus
c11578f2-8189-46a1-b085-ca9ae1a73d9a,sequenceID:c2fb3acc-5200-43e0-b58f-ef90606944f5,c2fb3acc-5200-43e0-b58f-ef90606944f5,c2fb3acc-5200-43e0-b58f-ef90606944f5,13835337-7eca-49e4-95d2-516353f83df4,osphranter rufus,0.99,AWC 135,Macropodidae,macropodidae,osphranter rufus
c11578f2-8189-46a1-b085-ca9ae1a73d9a,sequenceID:c2fb3acc-5200-43e0-b58f-ef90606944f5,c2fb3acc-5200-43e0-b58f-ef90606944f5,c2fb3acc-5200-43e0-b58f-ef90606944f5,13835337-7eca-49e4-95d2-516353f83df4,Macropus dorsalis,0.92,AWC 135,Macropodidae,macropodidae,macropus dorsalis
82da6125-5d47-4c6a-9c55-56485f4832d9,sequenceID:6ed577ea-a308-43b2-aa57-02abe1967525,6ed577ea-a308-43b2-aa57-02abe1967525,6ed577ea-a308-43b2-aa57-02abe1967525,13835337-7eca-49e4-95d2-516353f83df4,osphranter rufus,0.99,AWC 135,Macropodidae,macropodidae,osphranter rufus
2d7adec1-8369-466e-a5a2-d2eaf3532110,sequenceID:cf226b0b-1c36-48b3-98ec-e34c1392f843,cf226b0b-1c36-48b3-98ec-e34c1392f843,cf226b0b-1c36-48b3-98ec-e34c1392f843,13835337-7eca-49e4-95d2-516353f83df4,osphranter rufus,0.98,AWC 135,Macropodidae,macropodidae,osphranter rufus
6126627a-ba17-456d-b38e-e42c201bdc6f,sequenceID:d22fd5a8-559c-44f4-9057-45a71f653ae0,d22fd5a8-559c-44f4-9057-45a71f653ae0,d22fd5a8-559c-44f4-9057-45a71f653ae0,13835337-7eca-49e4-95d2-516353f83df4,osphranter rufus,1.0,AWC 135,Macropodidae,macropodidae,osphranter rufus
5e9239d2-f932-4330-bfb4-8b0a518687c5,sequenceID:45bc3b3e-2c62-467d-ab4a-59a20ee39514,45bc3b3e-2c62-467d-ab4a-59a20ee39514,45bc3b3e-2c62-467d-ab4a-59a20ee39514,13835337-7eca-49e4-95d2-516353f83df4,Trichosurus caninus,0.61,AWC 135,Macropodidae,macropodidae,trichosurus caninus
21a51a5d-0658-4eaa-974a-226ab8870d35,sequenceID:9be68dc2-b92e-44cc-81f7-f03e8ddd4006,9be68dc2-b92e-44cc-81f7-f03e8ddd4006,9be68dc2-b92e-44cc-81f7-f03e8ddd4006,13835337-7eca-49e4-95d2-516353f83df4,osphranter rufus,1.0,AWC 135,Macropodidae,macropodidae,osphranter rufus
722129fa-4baf-4a5a-8b12-8ed0bbf46b4f,sequenceID:ab8a8a4e-a8c8-49f9-a0a3-c9dc338f416d,ab8a8a4e-a8c8-49f9-a0a3-c9dc338f416d,ab8a8a4e-a8c8-49f9-a0a3-c9dc338f416d,13835337-7eca-49e4-95d2-516353f83df4,Bettongia lesueur,0.68,AWC 135,Macropodidae,macropodidae,bettongia lesueur
756daee0-b5a0-40ff-9e35-7655cfda79f5,sequenceID:79173efa-80fd-4da7-9528-c0041c51841d,79173efa-80fd-4da7-9528-c0041c51841d,79173efa-80fd-4da7-9528-c0041c51841d,13835337-7eca-49e4-95d2-516353f83df4,Macropus dorsalis,0.98,AWC 135,Macropodidae,macropodidae,macropus dorsalis
52c2682c-10ff-487d-9cd6-50afeb69a310,sequenceID:8c4d045c-576a-4c85-92a2-2f33ea62d158,8c4d045c-576a-4c85-92a2-2f33ea62d158,8c4d045c-576a-4c85-92a2-2f33ea62d158,13835337-7eca-49e4-95d2-516353f83df4,osphranter rufus,0.88,AWC 135,Macropodidae,macropodidae,osphranter rufus
a178e12d-7f6d-44bc-9938-c213e965c079,sequenceID:845a4673-e88c-4761-af56-5b9fdf6ca026,845a4673-e88c-4761-af56-5b9fdf6ca026,845a4673-e88c-4761-af56-5b9fdf6ca026,13835337-7eca-49e4-95d2-516353f83df4,Bos taurus,0.77,AWC 135,Macropodidae,macropodidae,bos taurus
08c7df7a-fd4d-4f37-8b65-14b09e85d232,sequenceID:0ed66249-6da8-4bb4-9806-a252771b4d04,0ed66249-6da8-4bb4-9806-a252771b4d04,0ed66249-6da8-4bb4-9806-a252771b4d04,13835337-7eca-49e4-95d2-516353f83df4,osphranter rufus,0.96,AWC 135,Macropodidae,macropodidae,osphranter rufus
cb7a888c-60da-4bc8-a7e7-449139ab4508,sequenceID:42bbed68-f7fc-4761-8ab3-b6db52e0d876,42bbed68-f7fc-4761-8ab3-b6db52e0d876,42bbed68-f7fc-4761-8ab3-b6db52e0d876,13835337-7eca-49e4-95d2-516353f83df4,osphranter rufus,0.98,AWC 135,Macropodidae,macropodidae,osphranter rufus
1b4c0bce-97a6-4e51-9a77-e08c77aee27e,sequenceID:006a47f1-2130-4394-9146-4df7c473dadf,006a47f1-2130-4394-9146-4df7c473dadf,006a47f1-2130-4394-9146-4df7c473dadf,13835337-7eca-49e4-95d2-516353f83df4,osphranter rufus,0.89,AWC 135,Macropodidae,macropodidae,osphranter rufus
d5652a34-bac2-4410-a364-da0db0a59e1a,sequenceID:3f99aa85-db81-4190-9fd4-f201737509bd,3f99aa85-db81-4190-9fd4-f201737509bd,3f99aa85-db81-4190-9fd4-f201737509bd,13835337-7eca-49e4-95d2-516353f83df4,osphranter rufus,0.92,AWC 135,Macropodidae,macropodidae,osphranter rufus
ad750a9a-125e-4891-9bc5-590f6e97490b,sequenceID:9afe569b-9c29-4051-a462-abfa922d359f,9afe569b-9c29-4051-a462-abfa922d359f,9afe569b-9c29-4051-a462-abfa922d359f,13835337-7eca-49e4-95d2-516353f83df4,osphranter rufus,0.99,AWC 135,Macropodidae,macropodidae,osphranter rufus
952e2f3d-349c-44af-92cb-335ef19378da,sequenceID:39bf959c-d090-4f74-9202-5a616fd44c55,39bf959c-d090-4f74-9202-5a616fd44c55,39bf959c-d090-4f74-9202-5a616fd44c55,13835337-7eca-49e4-95d2-516353f83df4,osphranter rufus,0.99,AWC 135,Macropodidae,macropodidae,osphranter rufus
f8edfa1d-e8a4-4480-a0f0-c7f8abb886f6,sequenceID:7636f476-b122-41de-a6da-fcd736267d21,7636f476-b122-41de-a6da-fcd736267d21,7636f476-b122-41de-a6da-fcd736267d21,13835337-7eca-49e4-95d2-516353f83df4,Macropus dorsalis,0.61,AWC 135,Macropodidae,macropodidae,macropus dorsalis
8d1c6ed3-d250-4783-93d5-74e14cc9de91,sequenceID:77b4cfc4-2dfa-4c40-907c-3c8f5e777120,77b4cfc4-2dfa-4c40-907c-3c8f5e777120,77b4cfc4-2dfa-4c40-907c-3c8f5e777120,13835337-7eca-49e4-95d2-516353f83df4,osphranter rufus,0.82,AWC 135,Macropodidae,macropodidae,osphranter rufus
9cc8a3b5-dc59-472d-b837-0708cff461fb,sequenceID:072755bc-9431-4822-9c82-cb02f8cf24b2,072755bc-9431-4822-9c82-cb02f8cf24b2,072755bc-9431-4822-9c82-cb02f8cf24b2,13835337-7eca-49e4-95d2-516353f83df4,osphranter rufus,0.82,AWC 135,Macropodidae,macropodidae,osphranter rufus
5473a221-eb84-4206-a400-dfef413f89ad,sequenceID:8b7fb679-9cd4-49c8-8aec-9de6ed743238,8b7fb679-9cd4-49c8-8aec-9de6ed743238,8b7fb679-9cd4-49c8-8aec-9de6ed743238,13835337-7eca-49e4-95d2-516353f83df4,osphranter rufus,1.0,AWC 135,Macropodidae,macropodidae,osphranter rufus
580bf120-aa01-457c-bd3e-5084c4d34241,sequenceID:830bd782-0533-48d2-a3ca-c930009765d2,830bd782-0533-48d2-a3ca-c930009765d2,830bd782-0533-48d2-a3ca-c930009765d2,13835337-7eca-49e4-95d2-516353f83df4,osphranter rufus,1.0,AWC 135,Macropodidae,macropodidae,osphranter rufus
6c994363-9389-4494-bc17-162337b5009b,sequenceID:fc077823-42c8-42e8-a9a4-378da641d498,fc077823-42c8-42e8-a9a4-378da641d498,fc077823-42c8-42e8-a9a4-378da641d498,13835337-7eca-49e4-95d2-516353f83df4,osphranter rufus,0.98,AWC 135,Macropodidae,macropodidae,osphranter rufus
8dc62a31-e582-4bb6-8fc2-a60353bc8d6d,sequenceID:f9ed86c2-d382-4f0d-9b0e-474db7d89e63,f9ed86c2-d382-4f0d-9b0e-474db7d89e63,f9ed86c2-d382-4f0d-9b0e-474db7d89e63,13835337-7eca-49e4-95d2-516353f83df4,Macropus dorsalis,0.77,AWC 135,Macropodidae,macropodidae,macropus dorsalis
c91ee765-4cc8-433a-98a8-df6acb14cdee,sequenceID:8d8ff13b-36a2-41b4-a447-0294f5751239,8d8ff13b-36a2-41b4-a447-0294f5751239,8d8ff13b-36a2-41b4-a447-0294f5751239,13835337-7eca-49e4-95d2-516353f83df4,,0.0,,Macropodidae,macropodidae,nan
d8b3bd3b-e200-4e3d-9e61-b8342d3fb1df,sequenceID:bffee4e4-bc00-45e0-99f2-0ec89df1e7fc,bffee4e4-bc00-45e0-99f2-0ec89df1e7fc,bffee4e4-bc00-45e0-99f2-0ec89df1e7fc,13835337-7eca-49e4-95d2-516353f83df4,osphranter rufus,0.97,AWC 135,Macropodidae,macropodidae,osphranter rufus
5413798b-2c24-4bdc-8ba9-18fb553b441b,sequenceID:20c9d3aa-a02d-4286-8f70-efe21c68a27d,20c9d3aa-a02d-4286-8f70-efe21c68a27d,20c9d3aa-a02d-4286-8f70-efe21c68a27d,13835337-7eca-49e4-95d2-516353f83df4,osphranter rufus,0.97,AWC 135,Macropodidae,macropodidae,osphranter rufus
18854bb3-4308-4a40-8a55-237debec9644,sequenceID:4f59ce8c-3d77-4989-b204-abaa18a586f6,4f59ce8c-3d77-4989-b204-abaa18a586f6,4f59ce8c-3d77-4989-b204-abaa18a586f6,13835337-7eca-49e4-95d2-516353f83df4,Macropus dorsalis,0.8,AWC 135,Macropodidae,macropodidae,macropus dorsalis
005c5f3a-036b-4884-a57f-1defec608e52,sequenceID:10878ecf-704c-4de1-8a7a-7371045b781a,10878ecf-704c-4de1-8a7a-7371045b781a,10878ecf-704c-4de1-8a7a-7371045b781a,13835337-7eca-49e4-95d2-516353f83df4,osphranter rufus,0.72,AWC 135,Macropodidae,macropodidae,osphranter rufus
d5b02b70-852a-412b-8b0a-f397af3d6f1c,sequenceID:0c5aadba-1985-4e6d-9424-261b7613e9f6,0c5aadba-1985-4e6d-9424-261b7613e9f6,0c5aadba-1985-4e6d-9424-261b7613e9f6,13835337-7eca-49e4-95d2-516353f83df4,Canis familiaris,0.69,AWC 135,Macropodidae,macropodidae,canis familiaris
9a64eb6f-aa16-4b28-8755-9da89b1f03d8,sequenceID:10a46555-7607-49fc-b152-525448d60418,10a46555-7607-49fc-b152-525448d60418,10a46555-7607-49fc-b152-525448d60418,13835337-7eca-49e4-95d2-516353f83df4,Notamacropus dorsalis,0.56,AWC 135,Macropodidae,macropodidae,notamacropus dorsalis
d681c3e6-6974-430f-8a76-1ec6854f3b45,sequenceID:5b96db8e-dcbd-4327-ad0c-011d4f1da00f,5b96db8e-dcbd-4327-ad0c-011d4f1da00f,5b96db8e-dcbd-4327-ad0c-011d4f1da00f,13835337-7eca-49e4-95d2-516353f83df4,osphranter rufus,1.0,AWC 135,Macropodidae,macropodidae,osphranter rufus
c564bc22-ac5e-4445-8d0a-495139ab8007,sequenceID:e872524e-472b-4ebd-a9da-aff01f0691c9,e872524e-472b-4ebd-a9da-aff01f0691c9,e872524e-472b-4ebd-a9da-aff01f0691c9,13835337-7eca-49e4-95d2-516353f83df4,Macropus dorsalis,0.99,AWC 135,Macropodidae,macropodidae,macropus dorsalis
6d05eb36-f7c9-4e5a-92c7-068aa7489c30,sequenceID:861d2b0d-d8da-474d-94da-29b2ba4224ff,861d2b0d-d8da-474d-94da-29b2ba4224ff,861d2b0d-d8da-474d-94da-29b2ba4224ff,13835337-7eca-49e4-95d2-516353f83df4,osphranter rufus,0.99,AWC 135,Macropodidae,macropodidae,osphranter rufus
77cc2882-7d1a-455e-bc34-93b20831bcaf,sequenceID:3b65d53e-7b35-490a-9fec-8a907f2c22c6,3b65d53e-7b35-490a-9fec-8a907f2c22c6,3b65d53e-7b35-490a-9fec-8a907f2c22c6,13835337-7eca-49e4-95d2-516353f83df4,osphranter rufus,0.71,AWC 135,Macropodidae,macropodidae,osphranter rufus
64ee5092-aebd-4944-8cba-8a7c924894ed,sequenceID:1b3dd214-bd18-4438-b313-6ec242484ba8,1b3dd214-bd18-4438-b313-6ec242484ba8,1b3dd214-bd18-4438-b313-6ec242484ba8,13835337-7eca-49e4-95d2-516353f83df4,Lasiorhinus latifrons,0.99,AWC 135,Macropodidae,macropodidae,lasiorhinus latifrons
3f582c87-fa53-43fb-aab1-83067b676fd1,sequenceID:9b6b952a-80a5-468c-b5b4-181d22b97da2,9b6b952a-80a5-468c-b5b4-181d22b97da2,9b6b952a-80a5-468c-b5b4-181d22b97da2,13835337-7eca-49e4-95d2-516353f83df4,osphranter rufus,0.99,AWC 135,Macropodidae,macropodidae,osphranter rufus
fd4b3208-ab78-440b-abbe-5bcc12610b01,sequenceID:480b7e91-ee19-496d-93ca-4ed46fe2666d,480b7e91-ee19-496d-93ca-4ed46fe2666d,480b7e91-ee19-496d-93ca-4ed46fe2666d,13835337-7eca-49e4-95d2-516353f83df4,Onychogalea fraenata,0.67,AWC 135,Macropodidae,macropodidae,onychogalea fraenata
d3c1a461-e943-46b5-8164-0118d24be13a,sequenceID:eccf1bb5-8935-4a6b-b02d-ab25e2905341,eccf1bb5-8935-4a6b-b02d-ab25e2905341,eccf1bb5-8935-4a6b-b02d-ab25e2905341,13835337-7eca-49e4-95d2-516353f83df4,osphranter rufus,0.98,AWC 135,Macropodidae,macropodidae,osphranter rufus
a0635bfb-4a53-4934-ace8-74f444e94ef8,sequenceID:234ae575-ec46-4c06-a0e9-1b52a51cd5d4,234ae575-ec46-4c06-a0e9-1b52a51cd5d4,234ae575-ec46-4c06-a0e9-1b52a51cd5d4,13835337-7eca-49e4-95d2-516353f83df4,osphranter rufus,1.0,AWC 135,Macropodidae,macropodidae,osphranter rufus
f3eeaf25-c566-42e3-a73c-72b252fa9b4a,sequenceID:8e5279c6-cf9c-467d-9842-88fd4ec58e19,8e5279c6-cf9c-467d-9842-88fd4ec58e19,8e5279c6-cf9c-467d-9842-88fd4ec58e19,13835337-7eca-49e4-95d2-516353f83df4,osphranter rufus,0.95,AWC 135,Macropodidae,macropodidae,osphranter rufus
c55637cb-7af6-4c54-9671-dfc566153f03,sequenceID:c57a6ef4-fa90-488b-aa13-33305903e761,c57a6ef4-fa90-488b-aa13-33305903e761,c57a6ef4-fa90-488b-aa13-33305903e761,13835337-7eca-49e4-95d2-516353f83df4,osphranter rufus,0.99,AWC 135,Macropodidae,macropodidae,osphranter rufus
c55637cb-7af6-4c54-9671-dfc566153f03,sequenceID:c57a6ef4-fa90-488b-aa13-33305903e761,c57a6ef4-fa90-488b-aa13-33305903e761,c57a6ef4-fa90-488b-aa13-33305903e761,13835337-7eca-49e4-95d2-516353f83df4,Macropus dorsalis,0.88,AWC 135,Macropodidae,macropodidae,macropus dorsalis
51ffa72a-9d65-419e-8684-13408c8972b8,sequenceID:c3a6a9d7-fe59-4d69-8c96-10953cef5f50,c3a6a9d7-fe59-4d69-8c96-10953cef5f50,c3a6a9d7-fe59-4d69-8c96-10953cef5f50,13835337-7eca-49e4-95d2-516353f83df4,osphranter rufus,1.0,AWC 135,Macropodidae,macropodidae,osphranter rufus
31bb4a4e-b97f-4784-b8c0-e3b6c67d52c1,sequenceID:694ed4c9-944f-46bd-8e7b-f0168029f1c9,694ed4c9-944f-46bd-8e7b-f0168029f1c9,694ed4c9-944f-46bd-8e7b-f0168029f1c9,13835337-7eca-49e4-95d2-516353f83df4,osphranter rufus,1.0,AWC 135,Macropodidae,macropodidae,osphranter rufus
ac95c33e-2a54-42c8-bc25-5c63668ef87b,sequenceID:faa7bdca-a963-499e-b279-58b885a824fa,faa7bdca-a963-499e-b279-58b885a824fa,faa7bdca-a963-499e-b279-58b885a824fa,13835337-7eca-49e4-95d2-516353f83df4,osphranter rufus,1.0,AWC 135,Macropodidae,macropodidae,osphranter rufus
41953dfa-7c07-4e18-84ff-d50073302d2f,sequenceID:173b184f-1f7c-410d-97ee-61434ee85010,173b184f-1f7c-410d-97ee-61434ee85010,173b184f-1f7c-410d-97ee-61434ee85010,13835337-7eca-49e4-95d2-516353f83df4,Macropus dorsalis,0.9,AWC 135,Macropodidae,macropodidae,macropus dorsalis
7fd5efa7-0872-4ee9-a9a6-bf6f0dd885b6,sequenceID:170d5175-cdd8-4073-8eeb-0530718a8b52,170d5175-cdd8-4073-8eeb-0530718a8b52,170d5175-cdd8-4073-8eeb-0530718a8b52,13835337-7eca-49e4-95d2-516353f83df4,Canis familiaris,0.86,AWC 135,Macropodidae,macropodidae,canis familiaris
77be9c9e-4117-4788-9825-8703c23dee02,sequenceID:a39780f5-d34c-470e-a392-b95a0e3359b4,a39780f5-d34c-470e-a392-b95a0e3359b4,a39780f5-d34c-470e-a392-b95a0e3359b4,13835337-7eca-49e4-95d2-516353f83df4,,0.0,,Macropodidae,macropodidae,nan
6a194f8d-aadd-4927-97a3-5130445b4dd2,sequenceID:a6500b00-c288-4462-9a31-69c257cce77b,a6500b00-c288-4462-9a31-69c257cce77b,a6500b00-c288-4462-9a31-69c257cce77b,13835337-7eca-49e4-95d2-516353f83df4,Osphranter robustus,0.92,AWC 135,Macropodidae,macropodidae,osphranter robustus
244ec9da-f0a0-4c9f-9d4f-e99df525d1bb,sequenceID:bbb05078-bcef-4b5c-9b84-ac79cec55aa6,bbb05078-bcef-4b5c-9b84-ac79cec55aa6,bbb05078-bcef-4b5c-9b84-ac79cec55aa6,13835337-7eca-49e4-95d2-516353f83df4,,0.0,,Macropodidae,macropodidae,nan
41c0c063-6242-4fb7-a7e3-212810ca9e5b,sequenceID:54b2cfeb-2a78-42a3-aa7a-7cf840eb029a,54b2cfeb-2a78-42a3-aa7a-7cf840eb029a,54b2cfeb-2a78-42a3-aa7a-7cf840eb029a,13835337-7eca-49e4-95d2-516353f83df4,Osphranter robustus,0.9,AWC 135,Macropodidae,macropodidae,osphranter robustus
e9f593a1-d58a-4e93-a4d3-6eb3a4c6588f,sequenceID:71c07c16-b302-4205-a070-bc71213df4d8,71c07c16-b302-4205-a070-bc71213df4d8,71c07c16-b302-4205-a070-bc71213df4d8,13835337-7eca-49e4-95d2-516353f83df4,Equus,0.79,AWC 135,Macropodidae,macropodidae,equus
2a128ce8-f9be-44e1-a643-c520ee93de50,sequenceID:631b9dc3-f07e-4e38-bc81-e954d68e4331,631b9dc3-f07e-4e38-bc81-e954d68e4331,631b9dc3-f07e-4e38-bc81-e954d68e4331,13835337-7eca-49e4-95d2-516353f83df4,,0.0,,Macropodidae,macropodidae,nan
c918c747-7aa4-4048-9613-defb6fc901c0,sequenceID:ef1f7e25-becd-4a3e-90df-5383bb46b953,ef1f7e25-becd-4a3e-90df-5383bb46b953,ef1f7e25-becd-4a3e-90df-5383bb46b953,13835337-7eca-49e4-95d2-516353f83df4,osphranter rufus,0.99,AWC 135,Macropodidae,macropodidae,osphranter rufus
d04d3b61-fb3b-4e72-8e8b-078dd247af55,sequenceID:be6d14f4-5db9-442d-9eea-b2d2fb960ccf,be6d14f4-5db9-442d-9eea-b2d2fb960ccf,be6d14f4-5db9-442d-9eea-b2d2fb960ccf,13835337-7eca-49e4-95d2-516353f83df4,Canis familiaris,0.99,AWC 135,Macropodidae,macropodidae,canis familiaris
3b85039f-ef5c-41a3-ba93-10c8af73d5cc,sequenceID:6d5cb967-a1fc-46ef-ad34-1f9d14752823,6d5cb967-a1fc-46ef-ad34-1f9d14752823,6d5cb967-a1fc-46ef-ad34-1f9d14752823,13835337-7eca-49e4-95d2-516353f83df4,Canis familiaris,1.0,AWC 135,Macropodidae,macropodidae,canis familiaris
bd4c42e2-70f3-4a1c-9607-a86b877888b0,sequenceID:5e05033f-7e2c-4efb-b900-cd85c9c8945a,5e05033f-7e2c-4efb-b900-cd85c9c8945a,5e05033f-7e2c-4efb-b900-cd85c9c8945a,13835337-7eca-49e4-95d2-516353f83df4,osphranter rufus,1.0,AWC 135,Macropodidae,macropodidae,osphranter rufus
2714fc34-62bb-4eba-aa68-c46b67ced75a,sequenceID:7685bf82-959b-4c79-9273-1715693128d6,7685bf82-959b-4c79-9273-1715693128d6,7685bf82-959b-4c79-9273-1715693128d6,13835337-7eca-49e4-95d2-516353f83df4,osphranter rufus,1.0,AWC 135,Macropodidae,macropodidae,osphranter rufus
8751707a-195d-4384-a25f-9277282d4ff1,sequenceID:4f3a98a4-3afb-4140-968b-c9686f3519a0,4f3a98a4-3afb-4140-968b-c9686f3519a0,4f3a98a4-3afb-4140-968b-c9686f3519a0,13835337-7eca-49e4-95d2-516353f83df4,osphranter rufus,0.96,AWC 135,Macropodidae,macropodidae,osphranter rufus
5e653f1c-14f9-47a2-b9ad-057cfd751a8c,sequenceID:5286c6f3-224a-4702-8078-932f1c6fcf4c,5286c6f3-224a-4702-8078-932f1c6fcf4c,5286c6f3-224a-4702-8078-932f1c6fcf4c,13835337-7eca-49e4-95d2-516353f83df4,osphranter rufus,0.98,AWC 135,Macropodidae,macropodidae,osphranter rufus
87cef11c-1944-4a61-b44c-05b1d7d4d51a,sequenceID:e9ffd648-c4b9-479f-89a3-e2456c6ff2a3,e9ffd648-c4b9-479f-89a3-e2456c6ff2a3,e9ffd648-c4b9-479f-89a3-e2456c6ff2a3,13835337-7eca-49e4-95d2-516353f83df4,Canis familiaris,0.59,AWC 135,Macropodidae,macropodidae,canis familiaris
c9c72993-1bfe-44b8-a853-593b00788935,sequenceID:f62a84b8-4294-41bd-9ee1-e9d574b6e1f9,f62a84b8-4294-41bd-9ee1-e9d574b6e1f9,f62a84b8-4294-41bd-9ee1-e9d574b6e1f9,13835337-7eca-49e4-95d2-516353f83df4,Macropus dorsalis,0.97,AWC 135,Macropodidae,macropodidae,macropus dorsalis
3271a4fd-b368-483e-b2f1-e6299eb4cba8,sequenceID:aac8cd67-921f-4b95-b48d-e497f01493d4,aac8cd67-921f-4b95-b48d-e497f01493d4,aac8cd67-921f-4b95-b48d-e497f01493d4,13835337-7eca-49e4-95d2-516353f83df4,Canis familiaris,1.0,AWC 135,Macropodidae,macropodidae,canis familiaris
ebc5803a-331b-46a2-95fe-8fb379d04c57,sequenceID:a276b645-15cb-496a-9778-909cca71cc4f,a276b645-15cb-496a-9778-909cca71cc4f,a276b645-15cb-496a-9778-909cca71cc4f,13835337-7eca-49e4-95d2-516353f83df4,Canis familiaris,1.0,AWC 135,Macropodidae,macropodidae,canis familiaris
33a65ab8-de27-421b-8f9d-7d806a7de5cb,sequenceID:7f3dfa65-f26c-4265-a701-b46d29bdc8d8,7f3dfa65-f26c-4265-a701-b46d29bdc8d8,7f3dfa65-f26c-4265-a701-b46d29bdc8d8,13835337-7eca-49e4-95d2-516353f83df4,Canis familiaris,0.99,AWC 135,Macropodidae,macropodidae,canis familiaris
9f3d794d-184d-47b9-a809-cbe71d49ad23,sequenceID:f90e1101-f53a-43d9-8354-285c6aecd278,f90e1101-f53a-43d9-8354-285c6aecd278,f90e1101-f53a-43d9-8354-285c6aecd278,13835337-7eca-49e4-95d2-516353f83df4,Macropus dorsalis,0.96,AWC 135,Macropodidae,macropodidae,macropus dorsalis
f9388a35-aa1f-4efb-b108-2311be63ad18,sequenceID:7327b1b5-c55a-4655-bc5c-2ece148a9da6,7327b1b5-c55a-4655-bc5c-2ece148a9da6,7327b1b5-c55a-4655-bc5c-2ece148a9da6,13835337-7eca-49e4-95d2-516353f83df4,osphranter rufus,1.0,AWC 135,Macropodidae,macropodidae,osphranter rufus
45829d96-063f-448f-9bb3-270c5b01a48a,sequenceID:7dfbbd65-ca39-44da-bb4e-39bb4bf3e2d1,7dfbbd65-ca39-44da-bb4e-39bb4bf3e2d1,7dfbbd65-ca39-44da-bb4e-39bb4bf3e2d1,13835337-7eca-49e4-95d2-516353f83df4,Macropus dorsalis,0.95,AWC 135,Macropodidae,macropodidae,macropus dorsalis
153db4c5-fb72-4267-95d1-ea318b2c4a2a,sequenceID:e72050f3-1cad-4bdc-a06b-2c785c408a67,e72050f3-1cad-4bdc-a06b-2c785c408a67,e72050f3-1cad-4bdc-a06b-2c785c408a67,13835337-7eca-49e4-95d2-516353f83df4,Onychogalea unguifera,0.74,AWC 135,Macropodidae,macropodidae,onychogalea unguifera
edd075a1-1a4c-4e82-b409-f1dc0edd6fb7,sequenceID:d0dcf9f8-38a2-46f9-90c0-86811d4d469b,d0dcf9f8-38a2-46f9-90c0-86811d4d469b,d0dcf9f8-38a2-46f9-90c0-86811d4d469b,13835337-7eca-49e4-95d2-516353f83df4,osphranter rufus,0.57,AWC 135,Macropodidae,macropodidae,osphranter rufus
04a66d14-9872-42c4-9682-f27a109d199c,sequenceID:a2baddc5-c9fc-4a82-9872-dc8c40e998ba,a2baddc5-c9fc-4a82-9872-dc8c40e998ba,a2baddc5-c9fc-4a82-9872-dc8c40e998ba,13835337-7eca-49e4-95d2-516353f83df4,,0.0,,Macropodidae,macropodidae,nan
bef603a3-7ace-49a4-bf06-56a96eae38b9,sequenceID:a72fa6f7-519a-436f-af81-3bea858e9556,a72fa6f7-519a-436f-af81-3bea858e9556,a72fa6f7-519a-436f-af81-3bea858e9556,13835337-7eca-49e4-95d2-516353f83df4,Macropus dorsalis,0.62,AWC 135,Macropodidae,macropodidae,macropus dorsalis
36ca267d-e77a-49cd-824a-0a8d4437c227,sequenceID:791cc0b6-b5f8-43de-bd2c-cd0675a5bec3,791cc0b6-b5f8-43de-bd2c-cd0675a5bec3,791cc0b6-b5f8-43de-bd2c-cd0675a5bec3,13835337-7eca-49e4-95d2-516353f83df4,osphranter rufus,0.95,AWC 135,Macropodidae,macropodidae,osphranter rufus
b0b24fb5-b1cb-4981-b5ed-3d32c4847567,sequenceID:28271518-67f9-4a0b-afcb-496d2705eabb,28271518-67f9-4a0b-afcb-496d2705eabb,28271518-67f9-4a0b-afcb-496d2705eabb,13835337-7eca-49e4-95d2-516353f83df4,osphranter rufus,0.51,AWC 135,Macropodidae,macropodidae,osphranter rufus
87bad1cb-7f87-4bfe-9b71-bcbfbe308f61,sequenceID:46e40f86-ad37-4081-9de7-dc60db473d90,46e40f86-ad37-4081-9de7-dc60db473d90,46e40f86-ad37-4081-9de7-dc60db473d90,13835337-7eca-49e4-95d2-516353f83df4,Osphranter robustus,0.58,AWC 135,Macropodidae,macropodidae,osphranter robustus
f7d8a01b-7b87-47d5-bea2-c7103b9008f1,sequenceID:570e1029-5e0f-4bb0-a416-89978d37d098,570e1029-5e0f-4bb0-a416-89978d37d098,570e1029-5e0f-4bb0-a416-89978d37d098,13835337-7eca-49e4-95d2-516353f83df4,Macropus dorsalis,0.83,AWC 135,Macropodidae,macropodidae,macropus dorsalis
f7a466d4-2707-4d3d-bc93-e7d19724cfbc,sequenceID:32a968eb-3120-4816-abe0-a812023b2024,32a968eb-3120-4816-abe0-a812023b2024,32a968eb-3120-4816-abe0-a812023b2024,13835337-7eca-49e4-95d2-516353f83df4,osphranter rufus,0.99,AWC 135,Macropodidae,macropodidae,osphranter rufus
11bb1cd9-09c9-45af-9652-3c973fde6e6d,sequenceID:48fe4c1c-c251-410f-8ecd-321b5e91fc69,48fe4c1c-c251-410f-8ecd-321b5e91fc69,48fe4c1c-c251-410f-8ecd-321b5e91fc69,13835337-7eca-49e4-95d2-516353f83df4,osphranter rufus,1.0,AWC 135,Macropodidae,macropodidae,osphranter rufus
dede2365-6fc6-4afa-9e11-020617e4d854,sequenceID:b23d7290-5451-43e3-befa-a4f6aceb2b33,b23d7290-5451-43e3-befa-a4f6aceb2b33,b23d7290-5451-43e3-befa-a4f6aceb2b33,13835337-7eca-49e4-95d2-516353f83df4,osphranter rufus,0.99,AWC 135,Macropodidae,macropodidae,osphranter rufus
acafe241-66c5-43d1-a8ac-176ca8003691,sequenceID:798b3122-202c-4e32-b700-903b3976f232,798b3122-202c-4e32-b700-903b3976f232,798b3122-202c-4e32-b700-903b3976f232,13835337-7eca-49e4-95d2-516353f83df4,osphranter rufus,1.0,AWC 135,Macropodidae,macropodidae,osphranter rufus
8ba7a6c0-6a38-4033-8653-6d8c2d5b4804,sequenceID:5932314c-a3d9-4da7-9951-adef8a588ed6,5932314c-a3d9-4da7-9951-adef8a588ed6,5932314c-a3d9-4da7-9951-adef8a588ed6,13835337-7eca-49e4-95d2-516353f83df4,osphranter rufus,1.0,AWC 135,Macropodidae,macropodidae,osphranter rufus
1b92442f-daab-4d7e-bc10-6e76c67e9381,sequenceID:a640560b-c0f7-4668-9b85-a11395dae624,a640560b-c0f7-4668-9b85-a11395dae624,a640560b-c0f7-4668-9b85-a11395dae624,13835337-7eca-49e4-95d2-516353f83df4,Osphranter robustus,0.66,AWC 135,Macropodidae,macropodidae,osphranter robustus
759f291a-d43d-4f94-aa13-47d1bd40734f,sequenceID:6c030b76-967e-4ac9-bdcf-5b6feedcb749,6c030b76-967e-4ac9-bdcf-5b6feedcb749,6c030b76-967e-4ac9-bdcf-5b6feedcb749,13835337-7eca-49e4-95d2-516353f83df4,osphranter rufus,1.0,AWC 135,Macropodidae,macropodidae,osphranter rufus
adfc3040-2e06-4820-ad82-577d8acfa6e5,sequenceID:d3c4ab91-fb58-48b0-925a-e1067abf2a40,d3c4ab91-fb58-48b0-925a-e1067abf2a40,d3c4ab91-fb58-48b0-925a-e1067abf2a40,13835337-7eca-49e4-95d2-516353f83df4,osphranter rufus,1.0,AWC 135,Macropodidae,macropodidae,osphranter rufus
946d9811-6186-40ca-892b-7ef1373f493a,sequenceID:57f53409-39b5-4120-b28a-ff439ab0bf3b,57f53409-39b5-4120-b28a-ff439ab0bf3b,57f53409-39b5-4120-b28a-ff439ab0bf3b,13835337-7eca-49e4-95d2-516353f83df4,osphranter rufus,0.98,AWC 135,Macropodidae,macropodidae,osphranter rufus
fe196742-aa5e-439d-9027-c9fca4b0391f,sequenceID:7e1fdd1b-da23-45b1-a666-32de60986bae,7e1fdd1b-da23-45b1-a666-32de60986bae,7e1fdd1b-da23-45b1-a666-32de60986bae,13835337-7eca-49e4-95d2-516353f83df4,osphranter rufus,0.91,AWC 135,Macropodidae,macropodidae,osphranter rufus
94f24ac7-da38-4d54-81c8-fb0d2deb004f,sequenceID:b51bb528-27d6-4be8-b606-d9ffb514c49d,b51bb528-27d6-4be8-b606-d9ffb514c49d,b51bb528-27d6-4be8-b606-d9ffb514c49d,13835337-7eca-49e4-95d2-516353f83df4,,0.0,,Macropodidae,macropodidae,nan
c567f6a8-2788-4413-b5a1-e0ab1d04c50e,sequenceID:c3488e87-5a4b-4f70-8e29-20d644d0d78b,c3488e87-5a4b-4f70-8e29-20d644d0d78b,c3488e87-5a4b-4f70-8e29-20d644d0d78b,13835337-7eca-49e4-95d2-516353f83df4,Canis familiaris,0.87,AWC 135,Macropodidae,macropodidae,canis familiaris
cc7468f5-1999-419e-bf70-a1c58db5d3cd,sequenceID:7f89633b-829b-4dba-a281-2a4b61d42acf,7f89633b-829b-4dba-a281-2a4b61d42acf,7f89633b-829b-4dba-a281-2a4b61d42acf,13835337-7eca-49e4-95d2-516353f83df4,osphranter rufus,1.0,AWC 135,Macropodidae,macropodidae,osphranter rufus
5932c85d-7995-4bd4-842a-867647cf049d,sequenceID:ad2c5c37-75fb-4fd5-b89c-19947ccd9f56,ad2c5c37-75fb-4fd5-b89c-19947ccd9f56,ad2c5c37-75fb-4fd5-b89c-19947ccd9f56,13835337-7eca-49e4-95d2-516353f83df4,osphranter rufus,0.98,AWC 135,Macropodidae,macropodidae,osphranter rufus
d21fc0da-5e00-4d7d-a1dc-a9dbaa150233,sequenceID:572eb0c2-dedc-41e6-b165-d5f9d7b8c81f,572eb0c2-dedc-41e6-b165-d5f9d7b8c81f,572eb0c2-dedc-41e6-b165-d5f9d7b8c81f,13835337-7eca-49e4-95d2-516353f83df4,osphranter rufus,0.6,AWC 135,Macropodidae,macropodidae,osphranter rufus
5ffa6491-5ad5-41ec-9698-877942e80089,sequenceID:ad022eec-6fe4-4419-b8d2-1fe649058e70,ad022eec-6fe4-4419-b8d2-1fe649058e70,ad022eec-6fe4-4419-b8d2-1fe649058e70,13835337-7eca-49e4-95d2-516353f83df4,phascolarctos cinereus,0.99,AWC 135,Macropodidae,macropodidae,phascolarctos cinereus
b3392ffc-b0e9-4d02-8d20-39e9e2cf5cfa,sequenceID:41f64862-2d06-4ca0-9ada-d55e9fb07f74,41f64862-2d06-4ca0-9ada-d55e9fb07f74,41f64862-2d06-4ca0-9ada-d55e9fb07f74,13835337-7eca-49e4-95d2-516353f83df4,osphranter rufus,0.95,AWC 135,Macropodidae,macropodidae,osphranter rufus
68783187-9668-49aa-a479-4c0949f595b8,sequenceID:aac61e46-0988-4054-8ab4-770c76ed6e75,aac61e46-0988-4054-8ab4-770c76ed6e75,aac61e46-0988-4054-8ab4-770c76ed6e75,13835337-7eca-49e4-95d2-516353f83df4,Canis familiaris,0.99,AWC 135,Macropodidae,macropodidae,canis familiaris
6ba4708c-8b11-4c40-923e-02e9a478b8a6,sequenceID:b575012b-88f6-4803-a63c-f8a8c947c332,b575012b-88f6-4803-a63c-f8a8c947c332,b575012b-88f6-4803-a63c-f8a8c947c332,13835337-7eca-49e4-95d2-516353f83df4,phascolarctos cinereus,0.99,AWC 135,Macropodidae,macropodidae,phascolarctos cinereus
a90c0445-7ffe-4aff-ae26-c640fae8d35e,sequenceID:47cc2524-91eb-4e3d-a54b-5d67a27099ed,47cc2524-91eb-4e3d-a54b-5d67a27099ed,47cc2524-91eb-4e3d-a54b-5d67a27099ed,13835337-7eca-49e4-95d2-516353f83df4,osphranter rufus,0.99,AWC 135,Macropodidae,macropodidae,osphranter rufus
89d3073f-d667-4b89-a7c7-ddea70471235,sequenceID:8aa49a2e-856f-4f33-8d1e-b8df750ce1cb,8aa49a2e-856f-4f33-8d1e-b8df750ce1cb,8aa49a2e-856f-4f33-8d1e-b8df750ce1cb,13835337-7eca-49e4-95d2-516353f83df4,Petrogale lateralis,0.97,AWC 135,Macropodidae,macropodidae,petrogale lateralis
ded7baed-9dc3-4b2d-a2a1-d274c7f431d1,sequenceID:17e75c33-5288-4b19-8d28-979d5553441a,17e75c33-5288-4b19-8d28-979d5553441a,17e75c33-5288-4b19-8d28-979d5553441a,13835337-7eca-49e4-95d2-516353f83df4,Osphranter robustus,0.75,AWC 135,Macropodidae,macropodidae,osphranter robustus
de8f4f6f-72e4-4af8-928d-b17928b44769,sequenceID:71a4a63c-55ce-4986-a539-c873991b71b9,71a4a63c-55ce-4986-a539-c873991b71b9,71a4a63c-55ce-4986-a539-c873991b71b9,13835337-7eca-49e4-95d2-516353f83df4,Macropus dorsalis,0.73,AWC 135,Macropodidae,macropodidae,macropus dorsalis
5b23ce31-c681-430c-a3ee-ce444f53725d,sequenceID:568c8296-c8fd-4298-8047-b1bb1479d60a,568c8296-c8fd-4298-8047-b1bb1479d60a,568c8296-c8fd-4298-8047-b1bb1479d60a,13835337-7eca-49e4-95d2-516353f83df4,osphranter rufus,0.89,AWC 135,Macropodidae,macropodidae,osphranter rufus
9e050eb6-d8c5-4506-8310-e077182b7ee6,sequenceID:8d2a40de-af2c-4260-9240-955f0cd8782c,8d2a40de-af2c-4260-9240-955f0cd8782c,8d2a40de-af2c-4260-9240-955f0cd8782c,13835337-7eca-49e4-95d2-516353f83df4,Osphranter robustus,0.65,AWC 135,Macropodidae,macropodidae,osphranter robustus
d67d4b5f-df06-49cc-baed-b25274b0b729,sequenceID:e84e5d56-8ae3-472a-9941-63aa1ccd0fce,e84e5d56-8ae3-472a-9941-63aa1ccd0fce,e84e5d56-8ae3-472a-9941-63aa1ccd0fce,13835337-7eca-49e4-95d2-516353f83df4,osphranter rufus,0.55,AWC 135,Macropodidae,macropodidae,osphranter rufus
d93f3a94-f715-479a-8115-e7fb871e2994,sequenceID:24cbabea-48fc-4888-b79b-1fa6545f05b8,24cbabea-48fc-4888-b79b-1fa6545f05b8,24cbabea-48fc-4888-b79b-1fa6545f05b8,13835337-7eca-49e4-95d2-516353f83df4,osphranter rufus,0.98,AWC 135,Macropodidae,macropodidae,osphranter rufus
cb307742-4049-4efc-9594-7bf6b7266cf3,sequenceID:d2ef1277-db18-4c89-8b28-050f27dd1e2d,d2ef1277-db18-4c89-8b28-050f27dd1e2d,d2ef1277-db18-4c89-8b28-050f27dd1e2d,13835337-7eca-49e4-95d2-516353f83df4,osphranter rufus,0.99,AWC 135,Macropodidae,macropodidae,osphranter rufus
7bd295f8-a70a-44bd-b80c-c9c6cbc7be39,sequenceID:40d1005f-37df-4fd2-93ea-a7b825705dca,40d1005f-37df-4fd2-93ea-a7b825705dca,40d1005f-37df-4fd2-93ea-a7b825705dca,13835337-7eca-49e4-95d2-516353f83df4,osphranter rufus,0.99,AWC 135,Macropodidae,macropodidae,osphranter rufus
bb69383a-9872-42fb-a7de-76bca24151c0,sequenceID:c82efe5e-e7ec-4c21-b0f2-b6a1b667b721,c82efe5e-e7ec-4c21-b0f2-b6a1b667b721,c82efe5e-e7ec-4c21-b0f2-b6a1b667b721,13835337-7eca-49e4-95d2-516353f83df4,osphranter rufus,0.86,AWC 135,Macropodidae,macropodidae,osphranter rufus
c3fc1c45-7dcb-4d6c-882f-74658bf84e44,sequenceID:06713086-ca5e-4547-8545-8140430d40e2,06713086-ca5e-4547-8545-8140430d40e2,06713086-ca5e-4547-8545-8140430d40e2,13835337-7eca-49e4-95d2-516353f83df4,Osphranter robustus,0.99,AWC 135,Macropodidae,macropodidae,osphranter robustus
83bed39d-8995-4deb-9741-cee19571517c,sequenceID:5fd60c17-8605-42e4-af4b-5245ddf903e4,5fd60c17-8605-42e4-af4b-5245ddf903e4,5fd60c17-8605-42e4-af4b-5245ddf903e4,13835337-7eca-49e4-95d2-516353f83df4,osphranter rufus,0.99,AWC 135,Macropodidae,macropodidae,osphranter rufus
c3d529b3-35e8-4c02-87d0-8a4a3ffc3458,sequenceID:d4669e94-0b57-481e-949d-f06c9c8399d6,d4669e94-0b57-481e-949d-f06c9c8399d6,d4669e94-0b57-481e-949d-f06c9c8399d6,13835337-7eca-49e4-95d2-516353f83df4,osphranter rufus,0.69,AWC 135,Macropodidae,macropodidae,osphranter rufus
c8c4d422-b6aa-4314-8911-20c1b43bde8c,sequenceID:2b0663dc-277d-4dae-823a-2f332e69dca8,2b0663dc-277d-4dae-823a-2f332e69dca8,2b0663dc-277d-4dae-823a-2f332e69dca8,13835337-7eca-49e4-95d2-516353f83df4,osphranter rufus,1.0,AWC 135,Macropodidae,macropodidae,osphranter rufus
598c41ec-00e4-4b3a-a1b9-73c7849a87f2,sequenceID:17f86fa8-e6f6-4a20-a181-8884065e2511,17f86fa8-e6f6-4a20-a181-8884065e2511,17f86fa8-e6f6-4a20-a181-8884065e2511,13835337-7eca-49e4-95d2-516353f83df4,osphranter rufus,0.99,AWC 135,Macropodidae,macropodidae,osphranter rufus
f1c43416-9daf-404f-9949-c3082cfff053,sequenceID:5009c0b8-1016-4c56-8d91-b321edfad371,5009c0b8-1016-4c56-8d91-b321edfad371,5009c0b8-1016-4c56-8d91-b321edfad371,13835337-7eca-49e4-95d2-516353f83df4,osphranter rufus,1.0,AWC 135,Macropodidae,macropodidae,osphranter rufus
aafe6041-5c65-43b9-9cb0-d175dfa434dd,sequenceID:7eae6c8d-b79f-4abb-a8d9-62d45acada3b,7eae6c8d-b79f-4abb-a8d9-62d45acada3b,7eae6c8d-b79f-4abb-a8d9-62d45acada3b,13835337-7eca-49e4-95d2-516353f83df4,osphranter rufus,1.0,AWC 135,Macropodidae,macropodidae,osphranter rufus
d513029b-7fe5-4f80-bcec-1b79acd90107,sequenceID:25560f6d-253d-4fc0-90c2-8c698e1f570c,25560f6d-253d-4fc0-90c2-8c698e1f570c,25560f6d-253d-4fc0-90c2-8c698e1f570c,13835337-7eca-49e4-95d2-516353f83df4,osphranter rufus,1.0,AWC 135,Macropodidae,macropodidae,osphranter rufus
cb4abfe0-d0ef-420f-83a8-a1ee07f666aa,sequenceID:e309d23a-b657-4d8b-b8bf-f6a2f702384e,e309d23a-b657-4d8b-b8bf-f6a2f702384e,e309d23a-b657-4d8b-b8bf-f6a2f702384e,13835337-7eca-49e4-95d2-516353f83df4,osphranter rufus,1.0,AWC 135,Macropodidae,macropodidae,osphranter rufus
8a3c0eb3-cd3b-43e0-b97b-1a74489bddaa,sequenceID:3bde9d38-27dc-4a52-98a5-13bc37e0d798,3bde9d38-27dc-4a52-98a5-13bc37e0d798,3bde9d38-27dc-4a52-98a5-13bc37e0d798,13835337-7eca-49e4-95d2-516353f83df4,osphranter rufus,1.0,AWC 135,Macropodidae,macropodidae,osphranter rufus
7b11a073-3cd8-44cb-a8ed-fb831e23c4d4,sequenceID:f8896cff-1b34-40d4-8b24-7aabb6f3860e,f8896cff-1b34-40d4-8b24-7aabb6f3860e,f8896cff-1b34-40d4-8b24-7aabb6f3860e,13835337-7eca-49e4-95d2-516353f83df4,osphranter rufus,1.0,AWC 135,Macropodidae,macropodidae,osphranter rufus
ace56c53-e5ac-4abc-9098-037ceb381347,sequenceID:743a4038-18af-4480-9365-3b4eb6955851,743a4038-18af-4480-9365-3b4eb6955851,743a4038-18af-4480-9365-3b4eb6955851,13835337-7eca-49e4-95d2-516353f83df4,osphranter rufus,1.0,AWC 135,Macropodidae,macropodidae,osphranter rufus
ffe87db5-05cb-4d7e-ac79-57fd803781a5,sequenceID:36fb2473-9f71-4489-890a-eaba2f2f3b0b,36fb2473-9f71-4489-890a-eaba2f2f3b0b,36fb2473-9f71-4489-890a-eaba2f2f3b0b,13835337-7eca-49e4-95d2-516353f83df4,Macropus dorsalis,0.88,AWC 135,Macropodidae,macropodidae,macropus dorsalis
fabeb84e-0ead-4806-b7c0-c30cb251c002,sequenceID:2680c145-878c-4216-a3a6-a5148073293f,2680c145-878c-4216-a3a6-a5148073293f,2680c145-878c-4216-a3a6-a5148073293f,13835337-7eca-49e4-95d2-516353f83df4,Bettongia lesueur,0.8,AWC 135,Macropodidae,macropodidae,bettongia lesueur
d085a7e8-6dfc-49da-98d2-e8575a14a249,sequenceID:05570457-0d86-4e5e-a014-dbe5b2a47e62,05570457-0d86-4e5e-a014-dbe5b2a47e62,05570457-0d86-4e5e-a014-dbe5b2a47e62,13835337-7eca-49e4-95d2-516353f83df4,,0.0,,Macropodidae,macropodidae,nan
1f085cbc-b6e0-42d4-812a-b5f953154f94,sequenceID:ef018349-fa4a-4e29-971a-b43afb54621b,ef018349-fa4a-4e29-971a-b43afb54621b,ef018349-fa4a-4e29-971a-b43afb54621b,13835337-7eca-49e4-95d2-516353f83df4,Canis familiaris,0.96,AWC 135,Macropodidae,macropodidae,canis familiaris
d3dd4d88-35ea-40a9-8c4e-7c45a91fdc3c,sequenceID:2ae05e23-e7b7-4161-b956-7432327f9c90,2ae05e23-e7b7-4161-b956-7432327f9c90,2ae05e23-e7b7-4161-b956-7432327f9c90,13835337-7eca-49e4-95d2-516353f83df4,Bettongia lesueur,0.62,AWC 135,Macropodidae,macropodidae,bettongia lesueur
ca0d57d6-64d5-4412-a17b-d3d3d43b4e38,sequenceID:5a083a0a-8982-47e1-972a-92e9e69f1375,5a083a0a-8982-47e1-972a-92e9e69f1375,5a083a0a-8982-47e1-972a-92e9e69f1375,13835337-7eca-49e4-95d2-516353f83df4,Macropus dorsalis,0.99,AWC 135,Macropodidae,macropodidae,macropus dorsalis
4646e9a7-191a-4c28-8311-6bfb90c82de2,sequenceID:c23c73dc-a2ee-4ae6-a64f-5c8f2640536a,c23c73dc-a2ee-4ae6-a64f-5c8f2640536a,c23c73dc-a2ee-4ae6-a64f-5c8f2640536a,13835337-7eca-49e4-95d2-516353f83df4,osphranter rufus,1.0,AWC 135,Macropodidae,macropodidae,osphranter rufus
aaef3a3f-8081-403e-8561-d14f53195ea1,sequenceID:d7ad97e2-0017-4d14-b954-4efed567f5a3,d7ad97e2-0017-4d14-b954-4efed567f5a3,d7ad97e2-0017-4d14-b954-4efed567f5a3,13835337-7eca-49e4-95d2-516353f83df4,osphranter rufus,1.0,AWC 135,Macropodidae,macropodidae,osphranter rufus
a1385717-8def-4412-9368-aa1c76ee8584,sequenceID:851c0720-29cd-4450-bc23-f250bc0fe197,851c0720-29cd-4450-bc23-f250bc0fe197,851c0720-29cd-4450-bc23-f250bc0fe197,13835337-7eca-49e4-95d2-516353f83df4,osphranter rufus,0.99,AWC 135,Macropodidae,macropodidae,osphranter rufus
a70d16e4-4c6c-4f16-9fd2-24075a41adfd,sequenceID:158f2181-6ab2-4111-a85d-2a2bd5cc9323,158f2181-6ab2-4111-a85d-2a2bd5cc9323,158f2181-6ab2-4111-a85d-2a2bd5cc9323,13835337-7eca-49e4-95d2-516353f83df4,osphranter rufus,0.99,AWC 135,Macropodidae,macropodidae,osphranter rufus
041313a6-f657-47a0-9e81-3487d052843e,sequenceID:aa8e1701-efe0-408b-8da2-a8dcc47a4369,aa8e1701-efe0-408b-8da2-a8dcc47a4369,aa8e1701-efe0-408b-8da2-a8dcc47a4369,13835337-7eca-49e4-95d2-516353f83df4,osphranter rufus,0.99,AWC 135,Macropodidae,macropodidae,osphranter rufus
40e89e16-e06e-406c-9317-0900109cb894,sequenceID:397a6c77-1f0f-4063-9301-9db9df2873b3,397a6c77-1f0f-4063-9301-9db9df2873b3,397a6c77-1f0f-4063-9301-9db9df2873b3,13835337-7eca-49e4-95d2-516353f83df4,,0.0,,Macropodidae,macropodidae,nan
d9a7d348-daba-4e6c-a59e-d6221c0e82ef,sequenceID:75120b8a-de5c-4f68-ad65-b6775601cf01,75120b8a-de5c-4f68-ad65-b6775601cf01,75120b8a-de5c-4f68-ad65-b6775601cf01,13835337-7eca-49e4-95d2-516353f83df4,,0.0,,Macropodidae,macropodidae,nan
7c2547c1-1097-4396-a8ce-245e7953339e,sequenceID:4fccef3b-beb9-4575-9ebb-89d371e5cdd8,4fccef3b-beb9-4575-9ebb-89d371e5cdd8,4fccef3b-beb9-4575-9ebb-89d371e5cdd8,13835337-7eca-49e4-95d2-516353f83df4,osphranter rufus,1.0,AWC 135,Macropodidae,macropodidae,osphranter rufus
c974469e-9fb3-4a8e-9bb7-87ce44745d73,sequenceID:6b1bc6e9-d02b-41d0-b20f-d2455cf0c752,6b1bc6e9-d02b-41d0-b20f-d2455cf0c752,6b1bc6e9-d02b-41d0-b20f-d2455cf0c752,13835337-7eca-49e4-95d2-516353f83df4,osphranter rufus,1.0,AWC 135,Macropodidae,macropodidae,osphranter rufus
b609d364-27d9-4f32-907e-c485607dd17c,sequenceID:bbfd2f54-1d53-45ea-ab33-af0c71b12c99,bbfd2f54-1d53-45ea-ab33-af0c71b12c99,bbfd2f54-1d53-45ea-ab33-af0c71b12c99,13835337-7eca-49e4-95d2-516353f83df4,osphranter rufus,0.97,AWC 135,Macropodidae,macropodidae,osphranter rufus
a18c42f8-3889-4693-9bdf-3a3bfd076e6a,sequenceID:de532fce-a004-4b53-ae88-359a965819fb,de532fce-a004-4b53-ae88-359a965819fb,de532fce-a004-4b53-ae88-359a965819fb,13835337-7eca-49e4-95d2-516353f83df4,Macropus dorsalis,0.96,AWC 135,Macropodidae,macropodidae,macropus dorsalis
9d127c88-b873-4eae-8075-f9ca34c04407,sequenceID:b8a6eb16-7157-4f66-8461-ff20eb7da245,b8a6eb16-7157-4f66-8461-ff20eb7da245,b8a6eb16-7157-4f66-8461-ff20eb7da245,13835337-7eca-49e4-95d2-516353f83df4,osphranter rufus,0.99,AWC 135,Macropodidae,macropodidae,osphranter rufus
ff5fc726-3886-4aba-a44f-a09026073638,sequenceID:8666905e-8c45-4d80-a5b5-0b24026ed9a6,8666905e-8c45-4d80-a5b5-0b24026ed9a6,8666905e-8c45-4d80-a5b5-0b24026ed9a6,13835337-7eca-49e4-95d2-516353f83df4,osphranter rufus,0.97,AWC 135,Macropodidae,macropodidae,osphranter rufus
1f51475c-9cb1-48f6-8649-9765a4446ff2,sequenceID:14e10a23-7961-4de0-b05c-02b41288ea56,14e10a23-7961-4de0-b05c-02b41288ea56,14e10a23-7961-4de0-b05c-02b41288ea56,13835337-7eca-49e4-95d2-516353f83df4,osphranter rufus,1.0,AWC 135,Macropodidae,macropodidae,osphranter rufus
1142893d-9d3e-41d2-98f9-30b1213d10e2,sequenceID:4679598c-f484-49b9-941a-83eb146ff8cf,4679598c-f484-49b9-941a-83eb146ff8cf,4679598c-f484-49b9-941a-83eb146ff8cf,13835337-7eca-49e4-95d2-516353f83df4,osphranter rufus,1.0,AWC 135,Macropodidae,macropodidae,osphranter rufus
80fe47a1-f0c5-4b27-89bd-05e6b6ca17c5,sequenceID:ae49edbf-6ff3-4289-be54-52e648ae17b1,ae49edbf-6ff3-4289-be54-52e648ae17b1,ae49edbf-6ff3-4289-be54-52e648ae17b1,13835337-7eca-49e4-95d2-516353f83df4,Macropus dorsalis,0.84,AWC 135,Macropodidae,macropodidae,macropus dorsalis
7c9e7113-9c1b-46dc-a61e-72c2bcc6cff5,sequenceID:ad80ab8a-b8d3-4f6a-a54b-f7bb0e8eddc2,ad80ab8a-b8d3-4f6a-a54b-f7bb0e8eddc2,ad80ab8a-b8d3-4f6a-a54b-f7bb0e8eddc2,13835337-7eca-49e4-95d2-516353f83df4,osphranter rufus,1.0,AWC 135,Macropodidae,macropodidae,osphranter rufus
c72abc71-992b-4e63-8f42-36139981e32b,sequenceID:382686b1-947e-4fd6-9a69-c74d6324f918,382686b1-947e-4fd6-9a69-c74d6324f918,382686b1-947e-4fd6-9a69-c74d6324f918,13835337-7eca-49e4-95d2-516353f83df4,osphranter rufus,0.99,AWC 135,Macropodidae,macropodidae,osphranter rufus
aeaed793-35ed-4ee2-ba62-9047162ccdca,sequenceID:0f0bbbaf-4ee2-44f5-9393-4fcc665b1dbd,0f0bbbaf-4ee2-44f5-9393-4fcc665b1dbd,0f0bbbaf-4ee2-44f5-9393-4fcc665b1dbd,13835337-7eca-49e4-95d2-516353f83df4,Macropus dorsalis,0.92,AWC 135,Macropodidae,macropodidae,macropus dorsalis
2235e4af-68b6-4c0f-bf1a-25e3a9083193,sequenceID:0705b513-21f2-4dd8-8c25-c302109efb07,0705b513-21f2-4dd8-8c25-c302109efb07,0705b513-21f2-4dd8-8c25-c302109efb07,13835337-7eca-49e4-95d2-516353f83df4,osphranter rufus,0.98,AWC 135,Macropodidae,macropodidae,osphranter rufus
31ce47fe-a22a-4366-9c39-433832f34871,sequenceID:a117a3b2-29ac-4853-b246-2886048513ad,a117a3b2-29ac-4853-b246-2886048513ad,a117a3b2-29ac-4853-b246-2886048513ad,13835337-7eca-49e4-95d2-516353f83df4,Canis familiaris,1.0,AWC 135,Macropodidae,macropodidae,canis familiaris
22368e5a-19c6-4697-86c0-347f7d3ef3d8,sequenceID:ca64ff92-dc0f-4ed1-86de-72056c863dba,ca64ff92-dc0f-4ed1-86de-72056c863dba,ca64ff92-dc0f-4ed1-86de-72056c863dba,13835337-7eca-49e4-95d2-516353f83df4,osphranter rufus,0.81,AWC 135,Macropodidae,macropodidae,osphranter rufus
252437d4-153c-467e-b565-5f9b2d198719,sequenceID:6dc7ce4f-3562-4dca-9cce-b10b039be749,6dc7ce4f-3562-4dca-9cce-b10b039be749,6dc7ce4f-3562-4dca-9cce-b10b039be749,13835337-7eca-49e4-95d2-516353f83df4,osphranter rufus,0.76,AWC 135,Macropodidae,macropodidae,osphranter rufus
27035cd1-38ac-4c68-94da-0f407619bf63,sequenceID:3ab50cd2-6659-49ac-9668-5e6eab21e568,3ab50cd2-6659-49ac-9668-5e6eab21e568,3ab50cd2-6659-49ac-9668-5e6eab21e568,13835337-7eca-49e4-95d2-516353f83df4,osphranter rufus,0.98,AWC 135,Macropodidae,macropodidae,osphranter rufus
86d7e69f-2302-4fd9-9a34-9a110b59927b,sequenceID:609efb7c-b459-4138-924a-12ac066fe44e,609efb7c-b459-4138-924a-12ac066fe44e,609efb7c-b459-4138-924a-12ac066fe44e,13835337-7eca-49e4-95d2-516353f83df4,osphranter rufus,0.99,AWC 135,Macropodidae,macropodidae,osphranter rufus
229936df-453c-45f6-b3ad-c9bcbf3dd1fd,sequenceID:308f1fbe-df6d-4523-897f-a0ff2308827d,308f1fbe-df6d-4523-897f-a0ff2308827d,308f1fbe-df6d-4523-897f-a0ff2308827d,13835337-7eca-49e4-95d2-516353f83df4,osphranter rufus,0.99,AWC 135,Macropodidae,macropodidae,osphranter rufus
8a2be980-aa73-4c81-8ee8-fd734155185c,sequenceID:84b4c79d-262c-4207-9fc3-0cf79010bc3a,84b4c79d-262c-4207-9fc3-0cf79010bc3a,84b4c79d-262c-4207-9fc3-0cf79010bc3a,13835337-7eca-49e4-95d2-516353f83df4,osphranter rufus,1.0,AWC 135,Macropodidae,macropodidae,osphranter rufus
8f86d1fe-2642-4cb2-99a6-92ffbdd1a06e,sequenceID:61e127d5-6efa-4462-922b-a43dc8aadb4a,61e127d5-6efa-4462-922b-a43dc8aadb4a,61e127d5-6efa-4462-922b-a43dc8aadb4a,13835337-7eca-49e4-95d2-516353f83df4,osphranter rufus,0.98,AWC 135,Macropodidae,macropodidae,osphranter rufus
031f1f04-1482-4203-9c55-13761bea941a,sequenceID:1a5814b5-2f8d-4d8f-b81e-dbd1738a2243,1a5814b5-2f8d-4d8f-b81e-dbd1738a2243,1a5814b5-2f8d-4d8f-b81e-dbd1738a2243,13835337-7eca-49e4-95d2-516353f83df4,osphranter rufus,1.0,AWC 135,Macropodidae,macropodidae,osphranter rufus
c6068e71-949b-487f-9f58-d62e8d2f4f70,sequenceID:c7773ffd-46e6-4da1-9f3c-28d07ccc87f4,c7773ffd-46e6-4da1-9f3c-28d07ccc87f4,c7773ffd-46e6-4da1-9f3c-28d07ccc87f4,13835337-7eca-49e4-95d2-516353f83df4,osphranter rufus,0.77,AWC 135,Macropodidae,macropodidae,osphranter rufus
1c25e3dc-cdb9-4f33-8233-5f53acca52d4,sequenceID:c953da3a-9190-4ccf-bece-a25dd40aac80,c953da3a-9190-4ccf-bece-a25dd40aac80,c953da3a-9190-4ccf-bece-a25dd40aac80,13835337-7eca-49e4-95d2-516353f83df4,Macropus dorsalis,0.7,AWC 135,Macropodidae,macropodidae,macropus dorsalis
f3d66cda-8360-4cd7-8fd5-c6172838a437,sequenceID:d18e4e1c-ae1f-4732-b56c-fac84f7890ad,d18e4e1c-ae1f-4732-b56c-fac84f7890ad,d18e4e1c-ae1f-4732-b56c-fac84f7890ad,13835337-7eca-49e4-95d2-516353f83df4,Macropus dorsalis,0.95,AWC 135,Macropodidae,macropodidae,macropus dorsalis
3cf4073a-c7f6-46ff-aace-79c076d0b658,sequenceID:09d6b656-c9da-4c8f-ae66-2d29077d4848,09d6b656-c9da-4c8f-ae66-2d29077d4848,09d6b656-c9da-4c8f-ae66-2d29077d4848,13835337-7eca-49e4-95d2-516353f83df4,Osphranter robustus,0.78,AWC 135,Macropodidae,macropodidae,osphranter robustus
fe30547f-7934-4993-8145-ec1a64aa7778,sequenceID:86d1fadf-7a03-4942-bca7-13e2a6ce6b6f,86d1fadf-7a03-4942-bca7-13e2a6ce6b6f,86d1fadf-7a03-4942-bca7-13e2a6ce6b6f,13835337-7eca-49e4-95d2-516353f83df4,osphranter rufus,0.99,AWC 135,Macropodidae,macropodidae,osphranter rufus
b1bbabf1-a905-4284-a285-3c3feca128da,sequenceID:9150b217-3860-47ab-bd08-d81005a8cd99,9150b217-3860-47ab-bd08-d81005a8cd99,9150b217-3860-47ab-bd08-d81005a8cd99,13835337-7eca-49e4-95d2-516353f83df4,osphranter rufus,0.99,AWC 135,Macropodidae,macropodidae,osphranter rufus
40d08410-ec35-4af7-93a7-2d0014925b2e,sequenceID:59ef1026-333d-4a3b-827a-fc98527b5615,59ef1026-333d-4a3b-827a-fc98527b5615,59ef1026-333d-4a3b-827a-fc98527b5615,13835337-7eca-49e4-95d2-516353f83df4,Macropus dorsalis,0.54,AWC 135,Macropodidae,macropodidae,macropus dorsalis
f61a5043-863f-48e1-81b5-d5f05d95b0e3,sequenceID:d31403c1-6a3f-4ba2-870e-d6b9782ea0f7,d31403c1-6a3f-4ba2-870e-d6b9782ea0f7,d31403c1-6a3f-4ba2-870e-d6b9782ea0f7,13835337-7eca-49e4-95d2-516353f83df4,osphranter rufus,1.0,AWC 135,Macropodidae,macropodidae,osphranter rufus
6c4e6014-7649-47af-97ba-f3238bcffa67,sequenceID:b808406e-06d7-4960-aff8-df094af9bad6,b808406e-06d7-4960-aff8-df094af9bad6,b808406e-06d7-4960-aff8-df094af9bad6,13835337-7eca-49e4-95d2-516353f83df4,Macropus dorsalis,0.98,AWC 135,Macropodidae,macropodidae,macropus dorsalis
64e2dbca-96ba-4881-8d32-7aecddfa3b7d,sequenceID:1604ca0a-3880-44ae-846c-70df3cc8240b,1604ca0a-3880-44ae-846c-70df3cc8240b,1604ca0a-3880-44ae-846c-70df3cc8240b,13835337-7eca-49e4-95d2-516353f83df4,osphranter rufus,0.83,AWC 135,Macropodidae,macropodidae,osphranter rufus
48cf2378-2266-4bad-87df-a99f747360f1,sequenceID:4622a5f4-9ee3-4ac6-bc42-5af2c42af9bc,4622a5f4-9ee3-4ac6-bc42-5af2c42af9bc,4622a5f4-9ee3-4ac6-bc42-5af2c42af9bc,13835337-7eca-49e4-95d2-516353f83df4,osphranter rufus,1.0,AWC 135,Macropodidae,macropodidae,osphranter rufus
c094982e-d851-48c7-aeda-fab873a5146a,sequenceID:bf787653-e65f-4bee-8f95-278207c085a5,bf787653-e65f-4bee-8f95-278207c085a5,bf787653-e65f-4bee-8f95-278207c085a5,13835337-7eca-49e4-95d2-516353f83df4,osphranter rufus,0.99,AWC 135,Macropodidae,macropodidae,osphranter rufus
e6909698-f0ed-4444-8750-6e2d25192479,sequenceID:3a02e9b2-5f3e-4b19-9556-6155eac53b1a,3a02e9b2-5f3e-4b19-9556-6155eac53b1a,3a02e9b2-5f3e-4b19-9556-6155eac53b1a,13835337-7eca-49e4-95d2-516353f83df4,Cervidae,0.79,AWC 135,Macropodidae,macropodidae,cervidae
bd36c017-c3c9-4ad3-8a1c-062d23c6e21c,sequenceID:a846ec07-5685-43c9-95e8-a257e96165e6,a846ec07-5685-43c9-95e8-a257e96165e6,a846ec07-5685-43c9-95e8-a257e96165e6,13835337-7eca-49e4-95d2-516353f83df4,osphranter rufus,1.0,AWC 135,Macropodidae,macropodidae,osphranter rufus
53f11c6d-df16-429b-aa34-20659c71f743,sequenceID:3f053162-84d0-4276-b2ba-e576eb62c3fd,3f053162-84d0-4276-b2ba-e576eb62c3fd,3f053162-84d0-4276-b2ba-e576eb62c3fd,13835337-7eca-49e4-95d2-516353f83df4,osphranter rufus,1.0,AWC 135,Macropodidae,macropodidae,osphranter rufus
0bf7f0e3-3f63-4a27-87fe-91f68d9d4042,sequenceID:1d652c08-e71c-4d7c-9b24-55c6dd7716d1,1d652c08-e71c-4d7c-9b24-55c6dd7716d1,1d652c08-e71c-4d7c-9b24-55c6dd7716d1,13835337-7eca-49e4-95d2-516353f83df4,Osphranter robustus,0.82,AWC 135,Macropodidae,macropodidae,osphranter robustus
6cf66afa-da6a-4c0d-bd4c-36e3f12888c1,sequenceID:171a2f8e-ef7e-41ab-8619-6c377a764c2e,171a2f8e-ef7e-41ab-8619-6c377a764c2e,171a2f8e-ef7e-41ab-8619-6c377a764c2e,13835337-7eca-49e4-95d2-516353f83df4,Perameles bougainville,0.98,AWC 135,Macropodidae,macropodidae,perameles bougainville
6cf66afa-da6a-4c0d-bd4c-36e3f12888c1,sequenceID:171a2f8e-ef7e-41ab-8619-6c377a764c2e,171a2f8e-ef7e-41ab-8619-6c377a764c2e,171a2f8e-ef7e-41ab-8619-6c377a764c2e,13835337-7eca-49e4-95d2-516353f83df4,Macropus dorsalis,0.99,AWC 135,Macropodidae,macropodidae,macropus dorsalis
61281e98-570e-451b-8a24-b14687c33660,sequenceID:706ee12b-d8c5-4fbc-b37f-03dd88ab3000,706ee12b-d8c5-4fbc-b37f-03dd88ab3000,706ee12b-d8c5-4fbc-b37f-03dd88ab3000,13835337-7eca-49e4-95d2-516353f83df4,Macropus dorsalis,0.93,AWC 135,Macropodidae,macropodidae,macropus dorsalis
367f1153-4ab4-41a8-9b7f-458d8e96c9d5,sequenceID:76beb378-b494-45f2-bee1-4b978bb643f1,76beb378-b494-45f2-bee1-4b978bb643f1,76beb378-b494-45f2-bee1-4b978bb643f1,13835337-7eca-49e4-95d2-516353f83df4,osphranter rufus,0.99,AWC 135,Macropodidae,macropodidae,osphranter rufus
0fdddfaa-6715-45c8-b0f9-fae0c84131f9,sequenceID:bd261284-91b7-483f-a2c7-e67f04bf1a53,bd261284-91b7-483f-a2c7-e67f04bf1a53,bd261284-91b7-483f-a2c7-e67f04bf1a53,13835337-7eca-49e4-95d2-516353f83df4,osphranter rufus,1.0,AWC 135,Macropodidae,macropodidae,osphranter rufus
8a21cb40-2e1f-443d-9557-29c5d0aa3355,sequenceID:85648e4b-3bb4-4397-ab84-936470023587,85648e4b-3bb4-4397-ab84-936470023587,85648e4b-3bb4-4397-ab84-936470023587,13835337-7eca-49e4-95d2-516353f83df4,osphranter rufus,1.0,AWC 135,Macropodidae,macropodidae,osphranter rufus
fb716174-bc3f-4b1d-b404-ef99fb2679aa,sequenceID:0b7442c4-c8ef-4233-beda-1d3d80358067,0b7442c4-c8ef-4233-beda-1d3d80358067,0b7442c4-c8ef-4233-beda-1d3d80358067,13835337-7eca-49e4-95d2-516353f83df4,osphranter rufus,0.99,AWC 135,Macropodidae,macropodidae,osphranter rufus
b7f0c4ba-1eb9-4707-87e3-85ea1294f1cc,sequenceID:6482bd5f-f9a8-4900-b186-dedb6e032f48,6482bd5f-f9a8-4900-b186-dedb6e032f48,6482bd5f-f9a8-4900-b186-dedb6e032f48,13835337-7eca-49e4-95d2-516353f83df4,osphranter rufus,0.97,AWC 135,Macropodidae,macropodidae,osphranter rufus
00858c3a-905f-431e-af68-e1987e252fba,sequenceID:d8621382-c136-4e93-bec6-a8c827737edb,d8621382-c136-4e93-bec6-a8c827737edb,d8621382-c136-4e93-bec6-a8c827737edb,13835337-7eca-49e4-95d2-516353f83df4,osphranter rufus,0.99,AWC 135,Macropodidae,macropodidae,osphranter rufus
930c948d-0011-4fe9-8586-90f9cefa69fc,sequenceID:8abea3fe-4fb6-43bb-946a-e2b698b4f88f,8abea3fe-4fb6-43bb-946a-e2b698b4f88f,8abea3fe-4fb6-43bb-946a-e2b698b4f88f,13835337-7eca-49e4-95d2-516353f83df4,osphranter rufus,0.99,AWC 135,Macropodidae,macropodidae,osphranter rufus
980b59be-cdc1-4a58-ae8c-473011152938,sequenceID:8c51d445-638f-415f-8a51-577ea394d0c3,8c51d445-638f-415f-8a51-577ea394d0c3,8c51d445-638f-415f-8a51-577ea394d0c3,13835337-7eca-49e4-95d2-516353f83df4,Canis familiaris,0.96,AWC 135,Macropodidae,macropodidae,canis familiaris
2b93bb1c-cf98-4978-87a7-cee6188f0074,sequenceID:235c2401-88bc-4902-9ae0-05a1d1945a37,235c2401-88bc-4902-9ae0-05a1d1945a37,235c2401-88bc-4902-9ae0-05a1d1945a37,13835337-7eca-49e4-95d2-516353f83df4,Canis familiaris,0.97,AWC 135,Macropodidae,macropodidae,canis familiaris
5607dae9-e280-4266-b77e-51d431f1c251,sequenceID:2cda4e76-418e-432a-a1a6-053e547026bb,2cda4e76-418e-432a-a1a6-053e547026bb,2cda4e76-418e-432a-a1a6-053e547026bb,13835337-7eca-49e4-95d2-516353f83df4,Petrogale lateralis,0.69,AWC 135,Macropodidae,macropodidae,petrogale lateralis
523dc9cc-d57d-4499-afb5-063ac98f1e03,sequenceID:846f2942-1e1e-405a-9f67-a419626f2fb9,846f2942-1e1e-405a-9f67-a419626f2fb9,846f2942-1e1e-405a-9f67-a419626f2fb9,13835337-7eca-49e4-95d2-516353f83df4,Macropus dorsalis,1.0,AWC 135,Macropodidae,macropodidae,macropus dorsalis
277ba89f-3c22-453a-8736-ee1535438f50,sequenceID:9d8ada77-3c35-47e6-ba7c-1c4f1eebc40b,9d8ada77-3c35-47e6-ba7c-1c4f1eebc40b,9d8ada77-3c35-47e6-ba7c-1c4f1eebc40b,13835337-7eca-49e4-95d2-516353f83df4,osphranter rufus,0.99,AWC 135,Macropodidae,macropodidae,osphranter rufus
b91a791c-56f6-41e6-ad19-d3866e6be9ca,sequenceID:efa69632-012c-4a49-8ccf-1d2c35c896f1,efa69632-012c-4a49-8ccf-1d2c35c896f1,efa69632-012c-4a49-8ccf-1d2c35c896f1,13835337-7eca-49e4-95d2-516353f83df4,osphranter rufus,0.98,AWC 135,Macropodidae,macropodidae,osphranter rufus
b93004d5-bcc7-4876-8f7f-a00c37873c59,sequenceID:426aff1f-d5da-4e4e-b17f-29afd1d8097f,426aff1f-d5da-4e4e-b17f-29afd1d8097f,426aff1f-d5da-4e4e-b17f-29afd1d8097f,13835337-7eca-49e4-95d2-516353f83df4,osphranter rufus,0.99,AWC 135,Macropodidae,macropodidae,osphranter rufus
d73d7435-6ab9-4928-92fe-ae932dd05344,sequenceID:ca44e0ee-2fb1-40e3-8aef-35478e5adc59,ca44e0ee-2fb1-40e3-8aef-35478e5adc59,ca44e0ee-2fb1-40e3-8aef-35478e5adc59,13835337-7eca-49e4-95d2-516353f83df4,osphranter rufus,0.98,AWC 135,Macropodidae,macropodidae,osphranter rufus
47e74e97-f35d-4d99-b0c1-cd4cf7ae0bc2,sequenceID:fe6878b8-6e1c-4f3a-9a2b-c134cfd84787,fe6878b8-6e1c-4f3a-9a2b-c134cfd84787,fe6878b8-6e1c-4f3a-9a2b-c134cfd84787,13835337-7eca-49e4-95d2-516353f83df4,osphranter rufus,0.56,AWC 135,Macropodidae,macropodidae,osphranter rufus
47e74e97-f35d-4d99-b0c1-cd4cf7ae0bc2,sequenceID:fe6878b8-6e1c-4f3a-9a2b-c134cfd84787,fe6878b8-6e1c-4f3a-9a2b-c134cfd84787,fe6878b8-6e1c-4f3a-9a2b-c134cfd84787,13835337-7eca-49e4-95d2-516353f83df4,Macropus dorsalis,0.81,AWC 135,Macropodidae,macropodidae,macropus dorsalis
1d5a0d3b-9f96-430b-bca4-7b05d013552e,sequenceID:312d52cd-a466-4e23-9eab-ffca220fd15d,312d52cd-a466-4e23-9eab-ffca220fd15d,312d52cd-a466-4e23-9eab-ffca220fd15d,13835337-7eca-49e4-95d2-516353f83df4,Macropus dorsalis,0.91,AWC 135,Macropodidae,macropodidae,macropus dorsalis
900b90dd-a857-4b2e-9494-e311597bcd13,sequenceID:759ddcb4-ad45-4510-9321-36f6ea344d0c,759ddcb4-ad45-4510-9321-36f6ea344d0c,759ddcb4-ad45-4510-9321-36f6ea344d0c,13835337-7eca-49e4-95d2-516353f83df4,osphranter rufus,0.99,AWC 135,Macropodidae,macropodidae,osphranter rufus
3f2c29fd-2a0d-4e85-ad5c-93d34515de18,sequenceID:9caa93ab-8fab-4659-af87-c5235845b571,9caa93ab-8fab-4659-af87-c5235845b571,9caa93ab-8fab-4659-af87-c5235845b571,13835337-7eca-49e4-95d2-516353f83df4,osphranter rufus,0.99,AWC 135,Macropodidae,macropodidae,osphranter rufus
af7bcb3c-5442-4301-bf94-57fa5f4bb13b,sequenceID:92c7367a-1689-4efe-b954-f230d33e1d58,92c7367a-1689-4efe-b954-f230d33e1d58,92c7367a-1689-4efe-b954-f230d33e1d58,13835337-7eca-49e4-95d2-516353f83df4,osphranter rufus,0.99,AWC 135,Macropodidae,macropodidae,osphranter rufus
bbe132ce-27e6-4cd4-af6c-fe19c22d3cd3,sequenceID:4c9f267f-e3cc-4faa-a22e-ef7f1b28ee89,4c9f267f-e3cc-4faa-a22e-ef7f1b28ee89,4c9f267f-e3cc-4faa-a22e-ef7f1b28ee89,13835337-7eca-49e4-95d2-516353f83df4,osphranter rufus,1.0,AWC 135,Macropodidae,macropodidae,osphranter rufus
e7ce3234-4294-47a0-bd41-a6d26005f988,sequenceID:3de0291e-9efe-4640-baa8-938af7a8b1f8,3de0291e-9efe-4640-baa8-938af7a8b1f8,3de0291e-9efe-4640-baa8-938af7a8b1f8,13835337-7eca-49e4-95d2-516353f83df4,osphranter rufus,0.99,AWC 135,Macropodidae,macropodidae,osphranter rufus
d2a5ad2b-fd6f-4f21-8699-b054c21deba6,sequenceID:d5e918f6-5e90-4848-8fb8-6a16e37654c1,d5e918f6-5e90-4848-8fb8-6a16e37654c1,d5e918f6-5e90-4848-8fb8-6a16e37654c1,13835337-7eca-49e4-95d2-516353f83df4,osphranter rufus,0.98,AWC 135,Macropodidae,macropodidae,osphranter rufus
b5344547-c580-4aba-87ca-d7aaeb19625a,sequenceID:a5c37c49-26f6-4181-b2e1-0afb12591373,a5c37c49-26f6-4181-b2e1-0afb12591373,a5c37c49-26f6-4181-b2e1-0afb12591373,13835337-7eca-49e4-95d2-516353f83df4,Trichosurus caninus,0.85,AWC 135,Macropodidae,macropodidae,trichosurus caninus
cd3b1014-8e39-4bff-a6de-1ee22ad78de9,sequenceID:cc91e163-a429-49ba-bbca-bacd8f7bbca7,cc91e163-a429-49ba-bbca-bacd8f7bbca7,cc91e163-a429-49ba-bbca-bacd8f7bbca7,13835337-7eca-49e4-95d2-516353f83df4,,0.0,,Macropodidae,macropodidae,nan
3544d8c0-1a17-47fa-a21f-e9ed5a909ce6,sequenceID:3d80fff6-3976-4010-a2ba-4f49e839a9f7,3d80fff6-3976-4010-a2ba-4f49e839a9f7,3d80fff6-3976-4010-a2ba-4f49e839a9f7,13835337-7eca-49e4-95d2-516353f83df4,,0.0,,Macropodidae,macropodidae,nan
ee961169-0364-4dd2-9971-2426b03b886e,sequenceID:39a0d529-10ed-41d7-bc59-d39e6bc1b6cf,39a0d529-10ed-41d7-bc59-d39e6bc1b6cf,39a0d529-10ed-41d7-bc59-d39e6bc1b6cf,13835337-7eca-49e4-95d2-516353f83df4,,0.0,,Macropodidae,macropodidae,nan
876dcf5b-3274-4db8-bafa-6314d86f1d5a,sequenceID:f57694b7-a49b-4453-88c2-f73849f06ff2,f57694b7-a49b-4453-88c2-f73849f06ff2,f57694b7-a49b-4453-88c2-f73849f06ff2,13835337-7eca-49e4-95d2-516353f83df4,,0.0,,Macropodidae,macropodidae,nan
303ba0b2-78ba-4b58-aa7f-50388c488ea8,sequenceID:125a56ab-46da-425e-81b2-43debfc84df1,125a56ab-46da-425e-81b2-43debfc84df1,125a56ab-46da-425e-81b2-43debfc84df1,13835337-7eca-49e4-95d2-516353f83df4,,0.0,,Macropodidae,macropodidae,nan
d8dcd44e-5876-44f2-b35a-3b110fe9009e,sequenceID:01a9dd66-1446-4e30-b32b-fdf3e262c617,01a9dd66-1446-4e30-b32b-fdf3e262c617,01a9dd66-1446-4e30-b32b-fdf3e262c617,13835337-7eca-49e4-95d2-516353f83df4,Lasiorhinus latifrons,0.77,AWC 135,Macropodidae,macropodidae,lasiorhinus latifrons
0c4d4c9d-9c90-47f1-a63b-f4599a87a0c3,sequenceID:bc607af6-0469-498b-990d-76ffeeb130a5,bc607af6-0469-498b-990d-76ffeeb130a5,bc607af6-0469-498b-990d-76ffeeb130a5,13835337-7eca-49e4-95d2-516353f83df4,osphranter rufus,0.99,AWC 135,Macropodidae,macropodidae,osphranter rufus
227117a7-ccfc-4ed9-ac22-2817d58d3bfa,sequenceID:e11a5f10-41be-40e3-a2f1-a1fdfa43b5e5,e11a5f10-41be-40e3-a2f1-a1fdfa43b5e5,e11a5f10-41be-40e3-a2f1-a1fdfa43b5e5,13835337-7eca-49e4-95d2-516353f83df4,osphranter rufus,0.99,AWC 135,Macropodidae,macropodidae,osphranter rufus
bf0fd039-049b-4d09-b0ce-d3c4b51dbe53,sequenceID:0add4b95-b070-43aa-9676-4fd57d2af20c,0add4b95-b070-43aa-9676-4fd57d2af20c,0add4b95-b070-43aa-9676-4fd57d2af20c,13835337-7eca-49e4-95d2-516353f83df4,osphranter rufus,0.99,AWC 135,Macropodidae,macropodidae,osphranter rufus
5cd82fdc-ed17-478f-9cc0-2d697fdf3adb,sequenceID:2b852804-0b2e-468e-9f76-8b1cddcebc89,2b852804-0b2e-468e-9f76-8b1cddcebc89,2b852804-0b2e-468e-9f76-8b1cddcebc89,13835337-7eca-49e4-95d2-516353f83df4,osphranter rufus,0.99,AWC 135,Macropodidae,macropodidae,osphranter rufus
a7576050-f310-41f0-aecb-248b578c7665,sequenceID:570387bd-657e-4c3c-82e0-ea65d34152db,570387bd-657e-4c3c-82e0-ea65d34152db,570387bd-657e-4c3c-82e0-ea65d34152db,13835337-7eca-49e4-95d2-516353f83df4,osphranter rufus,0.99,AWC 135,Macropodidae,macropodidae,osphranter rufus
e2bf42a4-2fc6-4ef5-8c6b-4b6414eb0ad8,sequenceID:a9f690e3-53be-4025-9cea-6d2128b130f1,a9f690e3-53be-4025-9cea-6d2128b130f1,a9f690e3-53be-4025-9cea-6d2128b130f1,13835337-7eca-49e4-95d2-516353f83df4,osphranter rufus,0.99,AWC 135,Macropodidae,macropodidae,osphranter rufus
ce9fef1d-e882-45db-9b08-b096f0cbb1b5,sequenceID:44b43d5f-1fa4-441b-97b4-7c758f196610,44b43d5f-1fa4-441b-97b4-7c758f196610,44b43d5f-1fa4-441b-97b4-7c758f196610,13835337-7eca-49e4-95d2-516353f83df4,osphranter rufus,0.99,AWC 135,Macropodidae,macropodidae,osphranter rufus
7fd0112e-69db-4c95-8aa1-158147ff50bf,sequenceID:94af9079-1281-4bda-8b8a-615049dd4482,94af9079-1281-4bda-8b8a-615049dd4482,94af9079-1281-4bda-8b8a-615049dd4482,13835337-7eca-49e4-95d2-516353f83df4,osphranter rufus,0.59,AWC 135,Macropodidae,macropodidae,osphranter rufus
27af3da7-f054-444c-b8bb-3d332c3b56c6,sequenceID:c4818f63-0a98-48e4-9eef-59aed226a04c,c4818f63-0a98-48e4-9eef-59aed226a04c,c4818f63-0a98-48e4-9eef-59aed226a04c,13835337-7eca-49e4-95d2-516353f83df4,osphranter rufus,1.0,AWC 135,Macropodidae,macropodidae,osphranter rufus
47a13a2a-de53-4dba-812a-7577914e0eb2,sequenceID:d0c4e147-36e8-4b79-8a36-62129032376f,d0c4e147-36e8-4b79-8a36-62129032376f,d0c4e147-36e8-4b79-8a36-62129032376f,13835337-7eca-49e4-95d2-516353f83df4,osphranter rufus,0.99,AWC 135,Macropodidae,macropodidae,osphranter rufus
8b41005f-275f-4c57-a3bb-88f84f1102df,sequenceID:5e0dbb20-5c3d-401e-b20f-734d86e0aeaa,5e0dbb20-5c3d-401e-b20f-734d86e0aeaa,5e0dbb20-5c3d-401e-b20f-734d86e0aeaa,13835337-7eca-49e4-95d2-516353f83df4,osphranter rufus,0.99,AWC 135,Macropodidae,macropodidae,osphranter rufus
42742040-6f5a-4778-8ea5-32239cbfdd69,sequenceID:878244ad-86dc-4b00-bc9c-83f36acfd0f5,878244ad-86dc-4b00-bc9c-83f36acfd0f5,878244ad-86dc-4b00-bc9c-83f36acfd0f5,13835337-7eca-49e4-95d2-516353f83df4,osphranter rufus,0.92,AWC 135,Macropodidae,macropodidae,osphranter rufus
6ddfc10f-0734-44e2-9a2d-dd7aaf4757b5,sequenceID:812f9ab4-2b4a-43a5-b8c2-d945d355bf52,812f9ab4-2b4a-43a5-b8c2-d945d355bf52,812f9ab4-2b4a-43a5-b8c2-d945d355bf52,13835337-7eca-49e4-95d2-516353f83df4,osphranter rufus,0.99,AWC 135,Macropodidae,macropodidae,osphranter rufus
71c90ee8-6890-4f2c-a334-f8bb5fc4167f,sequenceID:168a8964-9d92-4227-8ef1-0df3ba75f647,168a8964-9d92-4227-8ef1-0df3ba75f647,168a8964-9d92-4227-8ef1-0df3ba75f647,13835337-7eca-49e4-95d2-516353f83df4,osphranter rufus,0.99,AWC 135,Macropodidae,macropodidae,osphranter rufus
32d93ced-632a-4f96-bbb4-35a085353987,sequenceID:62a6a915-4376-481a-bd7a-9751cfd1a697,62a6a915-4376-481a-bd7a-9751cfd1a697,62a6a915-4376-481a-bd7a-9751cfd1a697,13835337-7eca-49e4-95d2-516353f83df4,osphranter rufus,1.0,AWC 135,Macropodidae,macropodidae,osphranter rufus
e13ac6fd-ca33-4ab5-8ac8-1d60969d2cf1,sequenceID:fc816d03-c7ca-407e-88f5-85e86b478f2d,fc816d03-c7ca-407e-88f5-85e86b478f2d,fc816d03-c7ca-407e-88f5-85e86b478f2d,13835337-7eca-49e4-95d2-516353f83df4,Canis familiaris,0.96,AWC 135,Macropodidae,macropodidae,canis familiaris
89648bea-5ea8-4fd7-b567-47f0f5d1ca45,sequenceID:cbbf7c11-58d4-43c6-a134-292ed86604c4,cbbf7c11-58d4-43c6-a134-292ed86604c4,cbbf7c11-58d4-43c6-a134-292ed86604c4,13835337-7eca-49e4-95d2-516353f83df4,Bos taurus,0.88,AWC 135,Macropodidae,macropodidae,bos taurus
1a0a2d50-045e-4d23-b2e4-01f9c1524c35,sequenceID:89f290b5-4631-4bc3-8fd0-24f272ad1695,89f290b5-4631-4bc3-8fd0-24f272ad1695,89f290b5-4631-4bc3-8fd0-24f272ad1695,13835337-7eca-49e4-95d2-516353f83df4,osphranter rufus,1.0,AWC 135,Macropodidae,macropodidae,osphranter rufus
3612f7f9-c0ea-4bd6-9cef-c58c048be4db,sequenceID:d9fafa5c-e3cc-4026-b167-3b90028ad62b,d9fafa5c-e3cc-4026-b167-3b90028ad62b,d9fafa5c-e3cc-4026-b167-3b90028ad62b,13835337-7eca-49e4-95d2-516353f83df4,osphranter rufus,1.0,AWC 135,Macropodidae,macropodidae,osphranter rufus
fac7c23d-38ab-4d8c-87f9-67b00ff430ae,sequenceID:bf42eb54-db72-426d-a7e0-bd2d0cff0ffe,bf42eb54-db72-426d-a7e0-bd2d0cff0ffe,bf42eb54-db72-426d-a7e0-bd2d0cff0ffe,13835337-7eca-49e4-95d2-516353f83df4,osphranter rufus,0.9,AWC 135,Macropodidae,macropodidae,osphranter rufus
a3a08734-7662-48f9-8ed0-7b2b180ddb38,sequenceID:1da8555f-0947-4468-88d9-3a6698aa4017,1da8555f-0947-4468-88d9-3a6698aa4017,1da8555f-0947-4468-88d9-3a6698aa4017,13835337-7eca-49e4-95d2-516353f83df4,osphranter rufus,1.0,AWC 135,Macropodidae,macropodidae,osphranter rufus
1c4d1e21-9ac7-4429-81ac-c081edb3f4b7,sequenceID:b27f0281-955b-432a-b9b2-9bcf6353e27b,b27f0281-955b-432a-b9b2-9bcf6353e27b,b27f0281-955b-432a-b9b2-9bcf6353e27b,13835337-7eca-49e4-95d2-516353f83df4,osphranter rufus,1.0,AWC 135,Macropodidae,macropodidae,osphranter rufus
04b93beb-b358-404b-bdec-72d025119ca5,sequenceID:14473ba9-a43f-47d7-ba16-584da1e6db83,14473ba9-a43f-47d7-ba16-584da1e6db83,14473ba9-a43f-47d7-ba16-584da1e6db83,13835337-7eca-49e4-95d2-516353f83df4,Canis familiaris,0.95,AWC 135,Macropodidae,macropodidae,canis familiaris
04b93beb-b358-404b-bdec-72d025119ca5,sequenceID:14473ba9-a43f-47d7-ba16-584da1e6db83,14473ba9-a43f-47d7-ba16-584da1e6db83,14473ba9-a43f-47d7-ba16-584da1e6db83,13835337-7eca-49e4-95d2-516353f83df4,osphranter rufus,0.87,AWC 135,Macropodidae,macropodidae,osphranter rufus
8d639b16-e59c-4a4d-8b06-a7c87eaf3c4c,sequenceID:635825d5-47cd-482c-a451-c797421b5397,635825d5-47cd-482c-a451-c797421b5397,635825d5-47cd-482c-a451-c797421b5397,13835337-7eca-49e4-95d2-516353f83df4,Bos taurus,0.85,AWC 135,Macropodidae,macropodidae,bos taurus
a01355fd-07bc-480d-a849-127e5e1d7889,sequenceID:0169417f-95f4-4d3d-9368-b6213f5ac071,0169417f-95f4-4d3d-9368-b6213f5ac071,0169417f-95f4-4d3d-9368-b6213f5ac071,13835337-7eca-49e4-95d2-516353f83df4,Bos taurus,0.53,AWC 135,Macropodidae,macropodidae,bos taurus
3eb72780-86d0-48ac-8591-cb73f755fba9,sequenceID:6a0cd655-cbc5-4563-a61f-06e3f84aede6,6a0cd655-cbc5-4563-a61f-06e3f84aede6,6a0cd655-cbc5-4563-a61f-06e3f84aede6,13835337-7eca-49e4-95d2-516353f83df4,osphranter rufus,1.0,AWC 135,Macropodidae,macropodidae,osphranter rufus
3eb72780-86d0-48ac-8591-cb73f755fba9,sequenceID:6a0cd655-cbc5-4563-a61f-06e3f84aede6,6a0cd655-cbc5-4563-a61f-06e3f84aede6,6a0cd655-cbc5-4563-a61f-06e3f84aede6,13835337-7eca-49e4-95d2-516353f83df4,Capra hircus,0.93,AWC 135,Macropodidae,macropodidae,capra hircus
fdc8358f-9c1a-4043-aea6-8ff1ba0a2507,sequenceID:a85fe374-bc60-43cf-b953-fe8a2009520c,a85fe374-bc60-43cf-b953-fe8a2009520c,a85fe374-bc60-43cf-b953-fe8a2009520c,13835337-7eca-49e4-95d2-516353f83df4,osphranter rufus,0.99,AWC 135,Macropodidae,macropodidae,osphranter rufus
2444d0c4-687f-4908-a5fa-6b6e19b8aebe,sequenceID:440f9349-df48-463e-86b4-12d71aebff2a,440f9349-df48-463e-86b4-12d71aebff2a,440f9349-df48-463e-86b4-12d71aebff2a,13835337-7eca-49e4-95d2-516353f83df4,osphranter rufus,0.99,AWC 135,Macropodidae,macropodidae,osphranter rufus
425ad977-8c09-437b-ba76-ac287bd03d35,sequenceID:d7699564-7272-4daf-8ed3-0e0d3cb6504e,d7699564-7272-4daf-8ed3-0e0d3cb6504e,d7699564-7272-4daf-8ed3-0e0d3cb6504e,13835337-7eca-49e4-95d2-516353f83df4,osphranter rufus,0.98,AWC 135,Macropodidae,macropodidae,osphranter rufus
1df7815b-027e-4570-8f0d-753a24451268,sequenceID:da2902e9-04a6-487c-8788-6fb37f84f1b3,da2902e9-04a6-487c-8788-6fb37f84f1b3,da2902e9-04a6-487c-8788-6fb37f84f1b3,13835337-7eca-49e4-95d2-516353f83df4,osphranter rufus,0.99,AWC 135,Macropodidae,macropodidae,osphranter rufus
5c45a5dd-6ec7-44a4-b8ae-8bc1e1adc82e,sequenceID:48518cee-98d0-4777-b880-1431d807e214,48518cee-98d0-4777-b880-1431d807e214,48518cee-98d0-4777-b880-1431d807e214,13835337-7eca-49e4-95d2-516353f83df4,osphranter rufus,0.99,AWC 135,Macropodidae,macropodidae,osphranter rufus
b35cddd5-a3db-4045-9df0-4d4ebc394784,sequenceID:08221621-98fa-4475-833b-2391f240d7cb,08221621-98fa-4475-833b-2391f240d7cb,08221621-98fa-4475-833b-2391f240d7cb,13835337-7eca-49e4-95d2-516353f83df4,Onychogalea fraenata,0.74,AWC 135,Macropodidae,macropodidae,onychogalea fraenata
b35cddd5-a3db-4045-9df0-4d4ebc394784,sequenceID:08221621-98fa-4475-833b-2391f240d7cb,08221621-98fa-4475-833b-2391f240d7cb,08221621-98fa-4475-833b-2391f240d7cb,13835337-7eca-49e4-95d2-516353f83df4,Macropus dorsalis,1.0,AWC 135,Macropodidae,macropodidae,macropus dorsalis
bdf26774-e52e-4620-9214-21354ecc571f,sequenceID:d40de349-2bd4-4fd4-8b57-b775ad524402,d40de349-2bd4-4fd4-8b57-b775ad524402,d40de349-2bd4-4fd4-8b57-b775ad524402,13835337-7eca-49e4-95d2-516353f83df4,osphranter rufus,0.99,AWC 135,Macropodidae,macropodidae,osphranter rufus
da03b78b-4a92-4132-82c7-7056d96bdd1f,sequenceID:5fbf2a4b-f1a7-40f5-86c8-13a5d56ee99e,5fbf2a4b-f1a7-40f5-86c8-13a5d56ee99e,5fbf2a4b-f1a7-40f5-86c8-13a5d56ee99e,13835337-7eca-49e4-95d2-516353f83df4,osphranter rufus,1.0,AWC 135,Macropodidae,macropodidae,osphranter rufus
c5710bdf-cc1b-4ccd-841f-b7b57161a986,sequenceID:49466524-6d2d-4a60-8f5f-8524c85ccf1b,49466524-6d2d-4a60-8f5f-8524c85ccf1b,49466524-6d2d-4a60-8f5f-8524c85ccf1b,13835337-7eca-49e4-95d2-516353f83df4,Capra hircus,0.88,AWC 135,Macropodidae,macropodidae,capra hircus
5ea59769-a24a-404c-8395-b141b9d21960,sequenceID:5d5268ef-72c5-4ea8-a07c-28d8059eae8c,5d5268ef-72c5-4ea8-a07c-28d8059eae8c,5d5268ef-72c5-4ea8-a07c-28d8059eae8c,13835337-7eca-49e4-95d2-516353f83df4,osphranter rufus,0.92,AWC 135,Macropodidae,macropodidae,osphranter rufus
5ea59769-a24a-404c-8395-b141b9d21960,sequenceID:5d5268ef-72c5-4ea8-a07c-28d8059eae8c,5d5268ef-72c5-4ea8-a07c-28d8059eae8c,5d5268ef-72c5-4ea8-a07c-28d8059eae8c,13835337-7eca-49e4-95d2-516353f83df4,Capra hircus,0.73,AWC 135,Macropodidae,macropodidae,capra hircus
44e90dd0-8684-430b-86fa-e4429064f920,sequenceID:e41b8658-741f-4938-b2fb-7a53a305155e,e41b8658-741f-4938-b2fb-7a53a305155e,e41b8658-741f-4938-b2fb-7a53a305155e,13835337-7eca-49e4-95d2-516353f83df4,osphranter rufus,0.74,AWC 135,Macropodidae,macropodidae,osphranter rufus
8dbd6bc2-ae4b-4a33-b210-ce5147ad43c3,sequenceID:59b68905-4075-4005-9790-97241be662de,59b68905-4075-4005-9790-97241be662de,59b68905-4075-4005-9790-97241be662de,13835337-7eca-49e4-95d2-516353f83df4,Macropus dorsalis,0.99,AWC 135,Macropodidae,macropodidae,macropus dorsalis
472e4b84-1681-49ad-b546-9873840597a6,sequenceID:a9bfef8c-4c5c-4e7d-94c8-df816cd7ab7c,a9bfef8c-4c5c-4e7d-94c8-df816cd7ab7c,a9bfef8c-4c5c-4e7d-94c8-df816cd7ab7c,13835337-7eca-49e4-95d2-516353f83df4,osphranter rufus,1.0,AWC 135,Macropodidae,macropodidae,osphranter rufus
46e4ced2-8784-4ab8-9f40-baeae579464c,sequenceID:71cb6890-37db-44a8-831e-6dc6d9a03361,71cb6890-37db-44a8-831e-6dc6d9a03361,71cb6890-37db-44a8-831e-6dc6d9a03361,13835337-7eca-49e4-95d2-516353f83df4,Macropus dorsalis,0.55,AWC 135,Macropodidae,macropodidae,macropus dorsalis
70f04c79-d35e-4954-89b2-cc3a8c061368,sequenceID:09ab99e2-14bd-4751-baa3-3b9b0f320929,09ab99e2-14bd-4751-baa3-3b9b0f320929,09ab99e2-14bd-4751-baa3-3b9b0f320929,13835337-7eca-49e4-95d2-516353f83df4,osphranter rufus,1.0,AWC 135,Macropodidae,macropodidae,osphranter rufus
f64e6c75-4774-4a6b-9e01-42cb439ab112,sequenceID:ce846de1-aae8-424e-a17c-5835ae90a741,ce846de1-aae8-424e-a17c-5835ae90a741,ce846de1-aae8-424e-a17c-5835ae90a741,13835337-7eca-49e4-95d2-516353f83df4,Canis familiaris,0.99,AWC 135,Macropodidae,macropodidae,canis familiaris
7a35a63b-82cc-49bf-b6a7-654a348b15c4,sequenceID:d9b0e4f9-101c-4eda-8304-7729b0f262c7,d9b0e4f9-101c-4eda-8304-7729b0f262c7,d9b0e4f9-101c-4eda-8304-7729b0f262c7,13835337-7eca-49e4-95d2-516353f83df4,,0.0,,Macropodidae,macropodidae,nan
4d3e4475-3e4f-4dcf-8198-226e14fbfd86,sequenceID:a820d571-17ed-4b2c-a43e-d45cc717d7aa,a820d571-17ed-4b2c-a43e-d45cc717d7aa,a820d571-17ed-4b2c-a43e-d45cc717d7aa,13835337-7eca-49e4-95d2-516353f83df4,osphranter rufus,0.99,AWC 135,Macropodidae,macropodidae,osphranter rufus
054b4204-7f17-47f6-904c-a781409858b1,sequenceID:f084c03a-a132-46ac-aab4-87bc9005baef,f084c03a-a132-46ac-aab4-87bc9005baef,f084c03a-a132-46ac-aab4-87bc9005baef,13835337-7eca-49e4-95d2-516353f83df4,osphranter rufus,1.0,AWC 135,Macropodidae,macropodidae,osphranter rufus
fa6470ca-5d44-4eca-932d-e066d253dc2b,sequenceID:9676504a-e930-4539-8990-6e1091c0aee6,9676504a-e930-4539-8990-6e1091c0aee6,9676504a-e930-4539-8990-6e1091c0aee6,13835337-7eca-49e4-95d2-516353f83df4,osphranter rufus,1.0,AWC 135,Macropodidae,macropodidae,osphranter rufus
a2e1c3a5-39a5-4859-ba34-46b71f12e878,sequenceID:3edc8ea4-3352-4c4e-b08c-978910bc424b,3edc8ea4-3352-4c4e-b08c-978910bc424b,3edc8ea4-3352-4c4e-b08c-978910bc424b,13835337-7eca-49e4-95d2-516353f83df4,osphranter rufus,0.99,AWC 135,Macropodidae,macropodidae,osphranter rufus
64633062-f2a8-4b18-9750-665d4e1ae84f,sequenceID:d7c7fe04-55d1-4886-8610-c806201c5c06,d7c7fe04-55d1-4886-8610-c806201c5c06,d7c7fe04-55d1-4886-8610-c806201c5c06,13835337-7eca-49e4-95d2-516353f83df4,osphranter rufus,1.0,AWC 135,Macropodidae,macropodidae,osphranter rufus
47d6921c-5442-4fcd-b0ff-a38fb7401934,sequenceID:2fa271fc-91f8-4eb2-a417-391a53e50ebe,2fa271fc-91f8-4eb2-a417-391a53e50ebe,2fa271fc-91f8-4eb2-a417-391a53e50ebe,13835337-7eca-49e4-95d2-516353f83df4,osphranter rufus,1.0,AWC 135,Macropodidae,macropodidae,osphranter rufus
4f908956-d565-41f4-8b90-753a96744a69,sequenceID:a24b786e-1302-4e1f-8107-0adb000be334,a24b786e-1302-4e1f-8107-0adb000be334,a24b786e-1302-4e1f-8107-0adb000be334,13835337-7eca-49e4-95d2-516353f83df4,osphranter rufus,0.99,AWC 135,Macropodidae,macropodidae,osphranter rufus
12ee5a5b-75ce-4efe-b28b-b4cc13496738,sequenceID:693ff44f-1dd2-4d11-96b3-d2c481ea52bd,693ff44f-1dd2-4d11-96b3-d2c481ea52bd,693ff44f-1dd2-4d11-96b3-d2c481ea52bd,13835337-7eca-49e4-95d2-516353f83df4,geophaps plumifera,0.71,AWC 135,Macropodidae,macropodidae,geophaps plumifera
12ee5a5b-75ce-4efe-b28b-b4cc13496738,sequenceID:693ff44f-1dd2-4d11-96b3-d2c481ea52bd,693ff44f-1dd2-4d11-96b3-d2c481ea52bd,693ff44f-1dd2-4d11-96b3-d2c481ea52bd,13835337-7eca-49e4-95d2-516353f83df4,Bos taurus,0.91,AWC 135,Macropodidae,macropodidae,bos taurus
12ee5a5b-75ce-4efe-b28b-b4cc13496738,sequenceID:693ff44f-1dd2-4d11-96b3-d2c481ea52bd,693ff44f-1dd2-4d11-96b3-d2c481ea52bd,693ff44f-1dd2-4d11-96b3-d2c481ea52bd,13835337-7eca-49e4-95d2-516353f83df4,Pseudomys delicatulus,0.83,AWC 135,Macropodidae,macropodidae,pseudomys delicatulus
edf73c52-fb86-4333-bfbb-b2e2858c04f4,sequenceID:6b011da5-4549-40fa-b0fa-212f7015951b,6b011da5-4549-40fa-b0fa-212f7015951b,6b011da5-4549-40fa-b0fa-212f7015951b,13835337-7eca-49e4-95d2-516353f83df4,Macropus dorsalis,0.91,AWC 135,Macropodidae,macropodidae,macropus dorsalis
410e927e-41bb-4340-bc14-fe591331f3f0,sequenceID:015d5563-7dd0-4b8e-9e9c-812532f42b7f,015d5563-7dd0-4b8e-9e9c-812532f42b7f,015d5563-7dd0-4b8e-9e9c-812532f42b7f,13835337-7eca-49e4-95d2-516353f83df4,Macropus dorsalis,0.76,AWC 135,Macropodidae,macropodidae,macropus dorsalis
c1d9b63c-58e0-481d-ada7-5fbef29f3042,sequenceID:095d62df-2d62-4ee0-b38f-e5a8eef4a5d9,095d62df-2d62-4ee0-b38f-e5a8eef4a5d9,095d62df-2d62-4ee0-b38f-e5a8eef4a5d9,13835337-7eca-49e4-95d2-516353f83df4,Felis catus,0.67,AWC 135,Macropodidae,macropodidae,felis catus
f6f4119d-f8e5-4f13-bcc9-cd943659118e,sequenceID:ae4b559a-2fe1-47e1-af26-724eaf21535c,ae4b559a-2fe1-47e1-af26-724eaf21535c,ae4b559a-2fe1-47e1-af26-724eaf21535c,13835337-7eca-49e4-95d2-516353f83df4,osphranter rufus,1.0,AWC 135,Macropodidae,macropodidae,osphranter rufus
503691fb-5eb5-4ea3-9a4a-f7ed6a08b046,sequenceID:37b7ff89-98b8-48cf-b6fc-c2470ce54485,37b7ff89-98b8-48cf-b6fc-c2470ce54485,37b7ff89-98b8-48cf-b6fc-c2470ce54485,13835337-7eca-49e4-95d2-516353f83df4,Canis familiaris,0.74,AWC 135,Macropodidae,macropodidae,canis familiaris
c0348774-3f5d-4ce0-b6da-13be32820103,sequenceID:36f16c93-2036-4490-871b-835e2a2abdc6,36f16c93-2036-4490-871b-835e2a2abdc6,36f16c93-2036-4490-871b-835e2a2abdc6,13835337-7eca-49e4-95d2-516353f83df4,osphranter rufus,1.0,AWC 135,Macropodidae,macropodidae,osphranter rufus
48b19aaf-5b32-452c-9452-25ac6af6cb93,sequenceID:2e305f8e-4c35-4451-9518-697e483b4f9c,2e305f8e-4c35-4451-9518-697e483b4f9c,2e305f8e-4c35-4451-9518-697e483b4f9c,13835337-7eca-49e4-95d2-516353f83df4,osphranter rufus,0.65,AWC 135,Macropodidae,macropodidae,osphranter rufus
48b19aaf-5b32-452c-9452-25ac6af6cb93,sequenceID:2e305f8e-4c35-4451-9518-697e483b4f9c,2e305f8e-4c35-4451-9518-697e483b4f9c,2e305f8e-4c35-4451-9518-697e483b4f9c,13835337-7eca-49e4-95d2-516353f83df4,Vulpes vulpes,0.96,AWC 135,Macropodidae,macropodidae,vulpes vulpes
48b19aaf-5b32-452c-9452-25ac6af6cb93,sequenceID:2e305f8e-4c35-4451-9518-697e483b4f9c,2e305f8e-4c35-4451-9518-697e483b4f9c,2e305f8e-4c35-4451-9518-697e483b4f9c,13835337-7eca-49e4-95d2-516353f83df4,Felis catus,0.97,AWC 135,Macropodidae,macropodidae,felis catus
9d16cacb-477e-4b45-9da9-424568f8fb0e,sequenceID:12549be5-6721-422c-adaa-557e06e48ac2,12549be5-6721-422c-adaa-557e06e48ac2,12549be5-6721-422c-adaa-557e06e48ac2,13835337-7eca-49e4-95d2-516353f83df4,Felis catus,0.96,AWC 135,Macropodidae,macropodidae,felis catus
25990b5e-41d1-4a38-a9af-ac53d915e8b4,sequenceID:f727663f-66ab-4074-9e67-b580f115a35f,f727663f-66ab-4074-9e67-b580f115a35f,f727663f-66ab-4074-9e67-b580f115a35f,13835337-7eca-49e4-95d2-516353f83df4,osphranter rufus,0.66,AWC 135,Macropodidae,macropodidae,osphranter rufus
92161e6c-a18f-40cf-8cf7-bcec3ba98151,sequenceID:b53aa496-cdca-4209-ae78-5e970c80bdc4,b53aa496-cdca-4209-ae78-5e970c80bdc4,b53aa496-cdca-4209-ae78-5e970c80bdc4,13835337-7eca-49e4-95d2-516353f83df4,osphranter rufus,0.99,AWC 135,Macropodidae,macropodidae,osphranter rufus
a2dcda90-9648-4a13-820f-a5001b1254ed,sequenceID:53b82aea-88c1-4b3d-895f-68405e5f3e8f,53b82aea-88c1-4b3d-895f-68405e5f3e8f,53b82aea-88c1-4b3d-895f-68405e5f3e8f,13835337-7eca-49e4-95d2-516353f83df4,osphranter rufus,0.99,AWC 135,Macropodidae,macropodidae,osphranter rufus
d5f2bd80-93cb-4790-9b4d-b507087fd9e0,sequenceID:c58a3275-b0b7-4194-a8e1-2f7ecb0cf3f7,c58a3275-b0b7-4194-a8e1-2f7ecb0cf3f7,c58a3275-b0b7-4194-a8e1-2f7ecb0cf3f7,13835337-7eca-49e4-95d2-516353f83df4,osphranter rufus,0.91,AWC 135,Macropodidae,macropodidae,osphranter rufus
2c589389-6b92-48c7-be0b-aec67a43eb60,sequenceID:c81639ba-681b-49ed-9428-037abb0684c4,c81639ba-681b-49ed-9428-037abb0684c4,c81639ba-681b-49ed-9428-037abb0684c4,13835337-7eca-49e4-95d2-516353f83df4,Macropus dorsalis,0.93,AWC 135,Macropodidae,macropodidae,macropus dorsalis
198730b9-3ece-4e58-8f62-aacb93c1ac83,sequenceID:b2e97906-3a8e-4158-8773-6e3f267a52c7,b2e97906-3a8e-4158-8773-6e3f267a52c7,b2e97906-3a8e-4158-8773-6e3f267a52c7,13835337-7eca-49e4-95d2-516353f83df4,osphranter rufus,0.99,AWC 135,Macropodidae,macropodidae,osphranter rufus
0a94c333-e74b-4986-b8d0-3390cac9f44d,sequenceID:02178ed6-8dfd-4d5f-8872-e4296b896045,02178ed6-8dfd-4d5f-8872-e4296b896045,02178ed6-8dfd-4d5f-8872-e4296b896045,13835337-7eca-49e4-95d2-516353f83df4,Bettongia lesueur,0.53,AWC 135,Macropodidae,macropodidae,bettongia lesueur
0a94c333-e74b-4986-b8d0-3390cac9f44d,sequenceID:02178ed6-8dfd-4d5f-8872-e4296b896045,02178ed6-8dfd-4d5f-8872-e4296b896045,02178ed6-8dfd-4d5f-8872-e4296b896045,13835337-7eca-49e4-95d2-516353f83df4,osphranter rufus,0.99,AWC 135,Macropodidae,macropodidae,osphranter rufus
caa877b3-1107-4a9b-ae51-4a3df9e7ce82,sequenceID:5ce82b21-ef53-41a9-8d45-7be695b40748,5ce82b21-ef53-41a9-8d45-7be695b40748,5ce82b21-ef53-41a9-8d45-7be695b40748,13835337-7eca-49e4-95d2-516353f83df4,Bettongia lesueur,0.91,AWC 135,Macropodidae,macropodidae,bettongia lesueur
02f461f0-d14e-4925-9603-a4847770436e,sequenceID:fbf4991b-8fd8-4515-bce6-5ce0748860f5,fbf4991b-8fd8-4515-bce6-5ce0748860f5,fbf4991b-8fd8-4515-bce6-5ce0748860f5,13835337-7eca-49e4-95d2-516353f83df4,Bettongia lesueur,0.96,AWC 135,Macropodidae,macropodidae,bettongia lesueur
b415eb0f-f259-4a0c-a578-810eb2383260,sequenceID:6b8b63c3-80f4-4b44-acef-7f00cc8ba7a4,6b8b63c3-80f4-4b44-acef-7f00cc8ba7a4,6b8b63c3-80f4-4b44-acef-7f00cc8ba7a4,13835337-7eca-49e4-95d2-516353f83df4,phascolarctos cinereus,0.89,AWC 135,Macropodidae,macropodidae,phascolarctos cinereus
8a1aeb24-8de6-4f5d-84e0-51f0f69c0a82,sequenceID:3791bdf0-8c84-48e3-a808-648dc3b4cb96,3791bdf0-8c84-48e3-a808-648dc3b4cb96,3791bdf0-8c84-48e3-a808-648dc3b4cb96,13835337-7eca-49e4-95d2-516353f83df4,osphranter rufus,1.0,AWC 135,Macropodidae,macropodidae,osphranter rufus
90333318-f5cd-4228-a483-d4471bd4e537,sequenceID:c3cc2abf-5e20-4317-a7d7-ab4711d679f7,c3cc2abf-5e20-4317-a7d7-ab4711d679f7,c3cc2abf-5e20-4317-a7d7-ab4711d679f7,13835337-7eca-49e4-95d2-516353f83df4,Macropus dorsalis,0.87,AWC 135,Macropodidae,macropodidae,macropus dorsalis
6a80afc2-b093-43e5-baa0-f250335778cd,sequenceID:e244a0ca-26b4-404f-8e29-73fb9705c9a3,e244a0ca-26b4-404f-8e29-73fb9705c9a3,e244a0ca-26b4-404f-8e29-73fb9705c9a3,13835337-7eca-49e4-95d2-516353f83df4,osphranter rufus,0.99,AWC 135,Macropodidae,macropodidae,osphranter rufus
67fa003e-d33a-4039-80e7-22bab338110e,sequenceID:d540e92c-8618-4ee9-8b62-6ee10846ebf3,d540e92c-8618-4ee9-8b62-6ee10846ebf3,d540e92c-8618-4ee9-8b62-6ee10846ebf3,13835337-7eca-49e4-95d2-516353f83df4,Osphranter robustus,0.92,AWC 135,Macropodidae,macropodidae,osphranter robustus
9a5fdf5f-bce6-4821-895c-305eb64b4172,sequenceID:f113f8c8-d549-455a-a877-9252b6a612cc,f113f8c8-d549-455a-a877-9252b6a612cc,f113f8c8-d549-455a-a877-9252b6a612cc,13835337-7eca-49e4-95d2-516353f83df4,Bos taurus,0.9,AWC 135,Macropodidae,macropodidae,bos taurus
5188edda-67c5-4ffc-86b7-4d305e80e018,sequenceID:583a82ed-4f22-436d-bc6b-2291ad166e5e,583a82ed-4f22-436d-bc6b-2291ad166e5e,583a82ed-4f22-436d-bc6b-2291ad166e5e,13835337-7eca-49e4-95d2-516353f83df4,Bos taurus,0.96,AWC 135,Macropodidae,macropodidae,bos taurus
95391bd9-432d-497e-be37-00c51be4baa6,sequenceID:1649d297-b4a6-4357-970e-fea5dc703031,1649d297-b4a6-4357-970e-fea5dc703031,1649d297-b4a6-4357-970e-fea5dc703031,13835337-7eca-49e4-95d2-516353f83df4,Bos taurus,0.96,AWC 135,Macropodidae,macropodidae,bos taurus
d5f7c763-d74c-4f87-95aa-8315b8440a28,sequenceID:f14667d2-5926-485e-8d4c-51ddff74e460,f14667d2-5926-485e-8d4c-51ddff74e460,f14667d2-5926-485e-8d4c-51ddff74e460,13835337-7eca-49e4-95d2-516353f83df4,osphranter rufus,1.0,AWC 135,Macropodidae,macropodidae,osphranter rufus
5e111515-6010-41f9-bda3-a85816a10207,sequenceID:f8455a49-bafa-456e-afb7-4389a21810f7,f8455a49-bafa-456e-afb7-4389a21810f7,f8455a49-bafa-456e-afb7-4389a21810f7,13835337-7eca-49e4-95d2-516353f83df4,Macropus dorsalis,0.97,AWC 135,Macropodidae,macropodidae,macropus dorsalis
99ef5b9e-7935-4d07-898e-e41173fe9df2,sequenceID:7ddc667b-0933-44c1-a00d-fbf62876efe6,7ddc667b-0933-44c1-a00d-fbf62876efe6,7ddc667b-0933-44c1-a00d-fbf62876efe6,13835337-7eca-49e4-95d2-516353f83df4,Trichosurus caninus,0.55,AWC 135,Macropodidae,macropodidae,trichosurus caninus
44b7a81d-d460-4e08-8f10-058787766662,sequenceID:cb6933b3-63cc-4f1e-86a5-5c534deda431,cb6933b3-63cc-4f1e-86a5-5c534deda431,cb6933b3-63cc-4f1e-86a5-5c534deda431,13835337-7eca-49e4-95d2-516353f83df4,Macropus dorsalis,0.99,AWC 135,Macropodidae,macropodidae,macropus dorsalis
efa12fad-7bdf-4352-b796-0b764e53576f,sequenceID:b51750ca-3a4a-4ac7-bf3d-60dc794ef9b3,b51750ca-3a4a-4ac7-bf3d-60dc794ef9b3,b51750ca-3a4a-4ac7-bf3d-60dc794ef9b3,13835337-7eca-49e4-95d2-516353f83df4,osphranter rufus,0.86,AWC 135,Macropodidae,macropodidae,osphranter rufus
b140380a-85db-45f3-bb10-2ee1e2c90f73,sequenceID:44f1de2c-48ac-4dbb-aa59-c7cf3ab63ec7,44f1de2c-48ac-4dbb-aa59-c7cf3ab63ec7,44f1de2c-48ac-4dbb-aa59-c7cf3ab63ec7,13835337-7eca-49e4-95d2-516353f83df4,Macropus dorsalis,0.99,AWC 135,Macropodidae,macropodidae,macropus dorsalis
6a747699-59a0-4e80-80f7-2d9c9978ccf4,sequenceID:c29b39dd-2c11-4cd7-b307-6e8cc4d27f6d,c29b39dd-2c11-4cd7-b307-6e8cc4d27f6d,c29b39dd-2c11-4cd7-b307-6e8cc4d27f6d,13835337-7eca-49e4-95d2-516353f83df4,osphranter rufus,0.51,AWC 135,Macropodidae,macropodidae,osphranter rufus
2f880ea0-386d-429c-a12b-2817305f5084,sequenceID:7e3a04d1-77a3-4a82-b816-bc91a4cc3b9a,7e3a04d1-77a3-4a82-b816-bc91a4cc3b9a,7e3a04d1-77a3-4a82-b816-bc91a4cc3b9a,13835337-7eca-49e4-95d2-516353f83df4,osphranter rufus,0.85,AWC 135,Macropodidae,macropodidae,osphranter rufus
1f755dd1-ac00-4f13-a235-f00394e02f55,sequenceID:8c0a985a-5c94-4c48-b1b8-0a168e86272e,8c0a985a-5c94-4c48-b1b8-0a168e86272e,8c0a985a-5c94-4c48-b1b8-0a168e86272e,13835337-7eca-49e4-95d2-516353f83df4,Bos taurus,0.94,AWC 135,Macropodidae,macropodidae,bos taurus
49418b62-69c0-4e8c-8390-54af9ef95bdb,sequenceID:5578bfe1-90b2-4fda-a09f-288fa6a19dd6,5578bfe1-90b2-4fda-a09f-288fa6a19dd6,5578bfe1-90b2-4fda-a09f-288fa6a19dd6,13835337-7eca-49e4-95d2-516353f83df4,Capra hircus,0.63,AWC 135,Macropodidae,macropodidae,capra hircus
b058108b-2fcc-4824-9950-3f2538c19c6e,sequenceID:f768bd76-04a0-4c6a-a8da-6041bb65b6e0,f768bd76-04a0-4c6a-a8da-6041bb65b6e0,f768bd76-04a0-4c6a-a8da-6041bb65b6e0,13835337-7eca-49e4-95d2-516353f83df4,osphranter rufus,0.99,AWC 135,Macropodidae,macropodidae,osphranter rufus
13713997-0f45-4e01-9a00-98770294b8bf,sequenceID:08cb81cf-a2de-4caa-b1ee-949016ef777c,08cb81cf-a2de-4caa-b1ee-949016ef777c,08cb81cf-a2de-4caa-b1ee-949016ef777c,13835337-7eca-49e4-95d2-516353f83df4,osphranter rufus,1.0,AWC 135,Macropodidae,macropodidae,osphranter rufus
d4eefa79-e411-47d3-a144-a639eb0e407c,sequenceID:233d55ac-b3f0-4542-a4e8-df8a0b241d47,233d55ac-b3f0-4542-a4e8-df8a0b241d47,233d55ac-b3f0-4542-a4e8-df8a0b241d47,13835337-7eca-49e4-95d2-516353f83df4,Canis familiaris,1.0,AWC 135,Macropodidae,macropodidae,canis familiaris
0e84b9ec-0686-4b35-9c4e-94dc9854fc08,sequenceID:b43c60e4-0493-466f-b95e-8d3417ec8a89,b43c60e4-0493-466f-b95e-8d3417ec8a89,b43c60e4-0493-466f-b95e-8d3417ec8a89,13835337-7eca-49e4-95d2-516353f83df4,Aves,0.71,AWC 135,Macropodidae,macropodidae,aves
55f9c6cd-7fc0-4368-83d2-5e90b31fac19,sequenceID:431bf4d8-a49e-4fdb-bc4f-f0e29892b11a,431bf4d8-a49e-4fdb-bc4f-f0e29892b11a,431bf4d8-a49e-4fdb-bc4f-f0e29892b11a,13835337-7eca-49e4-95d2-516353f83df4,Osphranter robustus,0.97,AWC 135,Macropodidae,macropodidae,osphranter robustus
4c84f4c9-77f4-4fe5-a097-c9795ee69bb8,sequenceID:90328ef8-a3e9-4723-aa23-1382acfdffd1,90328ef8-a3e9-4723-aa23-1382acfdffd1,90328ef8-a3e9-4723-aa23-1382acfdffd1,13835337-7eca-49e4-95d2-516353f83df4,osphranter rufus,0.99,AWC 135,Macropodidae,macropodidae,osphranter rufus
47f50141-56be-424a-a77e-f31cb0092684,sequenceID:2256533d-05d6-4a38-9cc6-a9f168957b72,2256533d-05d6-4a38-9cc6-a9f168957b72,2256533d-05d6-4a38-9cc6-a9f168957b72,13835337-7eca-49e4-95d2-516353f83df4,osphranter rufus,0.86,AWC 135,Macropodidae,macropodidae,osphranter rufus
4a8f03cd-6505-4484-9b21-33d39c8bc5ca,sequenceID:6b557a91-a987-45c7-a650-ab24b683a865,6b557a91-a987-45c7-a650-ab24b683a865,6b557a91-a987-45c7-a650-ab24b683a865,13835337-7eca-49e4-95d2-516353f83df4,osphranter rufus,1.0,AWC 135,Macropodidae,macropodidae,osphranter rufus
f595d9c8-7f30-4f7e-832d-69cc5f6982be,sequenceID:648cdd74-972c-4c8f-ba5b-fba9f9ad6d3b,648cdd74-972c-4c8f-ba5b-fba9f9ad6d3b,648cdd74-972c-4c8f-ba5b-fba9f9ad6d3b,13835337-7eca-49e4-95d2-516353f83df4,osphranter rufus,1.0,AWC 135,Macropodidae,macropodidae,osphranter rufus
f595d9c8-7f30-4f7e-832d-69cc5f6982be,sequenceID:648cdd74-972c-4c8f-ba5b-fba9f9ad6d3b,648cdd74-972c-4c8f-ba5b-fba9f9ad6d3b,648cdd74-972c-4c8f-ba5b-fba9f9ad6d3b,13835337-7eca-49e4-95d2-516353f83df4,Macropus dorsalis,0.98,AWC 135,Macropodidae,macropodidae,macropus dorsalis
a9ace420-4345-4f77-b037-5837b2167919,sequenceID:904ed660-74be-4a6e-8d4d-9fc144c1024c,904ed660-74be-4a6e-8d4d-9fc144c1024c,904ed660-74be-4a6e-8d4d-9fc144c1024c,13835337-7eca-49e4-95d2-516353f83df4,Macropus dorsalis,0.94,AWC 135,Macropodidae,macropodidae,macropus dorsalis
a9ace420-4345-4f77-b037-5837b2167919,sequenceID:904ed660-74be-4a6e-8d4d-9fc144c1024c,904ed660-74be-4a6e-8d4d-9fc144c1024c,904ed660-74be-4a6e-8d4d-9fc144c1024c,13835337-7eca-49e4-95d2-516353f83df4,osphranter rufus,1.0,AWC 135,Macropodidae,macropodidae,osphranter rufus
57842717-41ce-4b2f-93ad-bb2f6eabdf2d,sequenceID:36c7206f-30f5-43e0-80c7-1a1fe3ff30f2,36c7206f-30f5-43e0-80c7-1a1fe3ff30f2,36c7206f-30f5-43e0-80c7-1a1fe3ff30f2,13835337-7eca-49e4-95d2-516353f83df4,osphranter rufus,0.99,AWC 135,Macropodidae,macropodidae,osphranter rufus
9162742f-735a-4c59-b2f9-a6c2e6735da4,sequenceID:fb5b2f7d-fa7f-4459-9633-cc1a57046a6d,fb5b2f7d-fa7f-4459-9633-cc1a57046a6d,fb5b2f7d-fa7f-4459-9633-cc1a57046a6d,13835337-7eca-49e4-95d2-516353f83df4,osphranter rufus,0.98,AWC 135,Macropodidae,macropodidae,osphranter rufus
527ec2d7-c487-4f1c-8e4a-9ff5e21ef5ef,sequenceID:a59fd63d-7b6c-425d-ab63-fbe01bebf187,a59fd63d-7b6c-425d-ab63-fbe01bebf187,a59fd63d-7b6c-425d-ab63-fbe01bebf187,13835337-7eca-49e4-95d2-516353f83df4,osphranter rufus,0.98,AWC 135,Macropodidae,macropodidae,osphranter rufus
f31bc1b4-6c4e-4cf3-98c0-d508fa2f4d54,sequenceID:c4b22f70-f2ce-4c7d-955c-f16f9e469f7f,c4b22f70-f2ce-4c7d-955c-f16f9e469f7f,c4b22f70-f2ce-4c7d-955c-f16f9e469f7f,13835337-7eca-49e4-95d2-516353f83df4,osphranter rufus,0.99,AWC 135,Macropodidae,macropodidae,osphranter rufus
22351f68-b37c-46c3-8015-f1f371bb68bb,sequenceID:e11a5fc3-f94d-41ea-bca5-d7547b81ea90,e11a5fc3-f94d-41ea-bca5-d7547b81ea90,e11a5fc3-f94d-41ea-bca5-d7547b81ea90,13835337-7eca-49e4-95d2-516353f83df4,osphranter rufus,0.98,AWC 135,Macropodidae,macropodidae,osphranter rufus
9b98f06d-8108-4fdb-80c0-f5dd3486b5e7,sequenceID:46a14969-0b37-4c78-9050-87a817d41540,46a14969-0b37-4c78-9050-87a817d41540,46a14969-0b37-4c78-9050-87a817d41540,13835337-7eca-49e4-95d2-516353f83df4,osphranter rufus,0.99,AWC 135,Macropodidae,macropodidae,osphranter rufus
d9ac614b-abda-4a16-b345-89ba0f18f7fc,sequenceID:3cad4c63-4a51-4488-b828-39b8df8536a3,3cad4c63-4a51-4488-b828-39b8df8536a3,3cad4c63-4a51-4488-b828-39b8df8536a3,13835337-7eca-49e4-95d2-516353f83df4,osphranter rufus,1.0,AWC 135,Macropodidae,macropodidae,osphranter rufus
fd140a34-660a-414b-94fb-414b1c436922,sequenceID:2c111aaa-31b3-426c-ad65-751998289612,2c111aaa-31b3-426c-ad65-751998289612,2c111aaa-31b3-426c-ad65-751998289612,13835337-7eca-49e4-95d2-516353f83df4,geophaps plumifera,0.52,AWC 135,Macropodidae,macropodidae,geophaps plumifera
fd140a34-660a-414b-94fb-414b1c436922,sequenceID:2c111aaa-31b3-426c-ad65-751998289612,2c111aaa-31b3-426c-ad65-751998289612,2c111aaa-31b3-426c-ad65-751998289612,13835337-7eca-49e4-95d2-516353f83df4,Osphranter robustus,0.53,AWC 135,Macropodidae,macropodidae,osphranter robustus
347e5be2-848e-4329-ba70-4038a4b15d74,sequenceID:34ad65c9-bd0b-4086-8336-4c5d9e0091c4,34ad65c9-bd0b-4086-8336-4c5d9e0091c4,34ad65c9-bd0b-4086-8336-4c5d9e0091c4,13835337-7eca-49e4-95d2-516353f83df4,osphranter rufus,0.99,AWC 135,Macropodidae,macropodidae,osphranter rufus
abc91dc4-4973-4bf4-9108-dc650612aefd,sequenceID:4780bb34-3ab9-4e63-8ed5-cca03841b480,4780bb34-3ab9-4e63-8ed5-cca03841b480,4780bb34-3ab9-4e63-8ed5-cca03841b480,13835337-7eca-49e4-95d2-516353f83df4,osphranter rufus,0.99,AWC 135,Macropodidae,macropodidae,osphranter rufus
55a9ab74-a06f-41d6-8327-ece6099b3aa6,sequenceID:3cf8ebe1-4aac-4a33-8bfc-5130b0a7113b,3cf8ebe1-4aac-4a33-8bfc-5130b0a7113b,3cf8ebe1-4aac-4a33-8bfc-5130b0a7113b,13835337-7eca-49e4-95d2-516353f83df4,Corcorax melanorhamphos,0.55,AWC 135,Macropodidae,macropodidae,corcorax melanorhamphos
55a9ab74-a06f-41d6-8327-ece6099b3aa6,sequenceID:3cf8ebe1-4aac-4a33-8bfc-5130b0a7113b,3cf8ebe1-4aac-4a33-8bfc-5130b0a7113b,3cf8ebe1-4aac-4a33-8bfc-5130b0a7113b,13835337-7eca-49e4-95d2-516353f83df4,osphranter rufus,1.0,AWC 135,Macropodidae,macropodidae,osphranter rufus
f718448a-56bf-462e-a56f-b925ef27e948,sequenceID:d867297c-a248-4610-89ac-7ae378faeb78,d867297c-a248-4610-89ac-7ae378faeb78,d867297c-a248-4610-89ac-7ae378faeb78,13835337-7eca-49e4-95d2-516353f83df4,osphranter rufus,1.0,AWC 135,Macropodidae,macropodidae,osphranter rufus
f718448a-56bf-462e-a56f-b925ef27e948,sequenceID:d867297c-a248-4610-89ac-7ae378faeb78,d867297c-a248-4610-89ac-7ae378faeb78,d867297c-a248-4610-89ac-7ae378faeb78,13835337-7eca-49e4-95d2-516353f83df4,Pomatostomus superciliosus,0.7,AWC 135,Macropodidae,macropodidae,pomatostomus superciliosus
f718448a-56bf-462e-a56f-b925ef27e948,sequenceID:d867297c-a248-4610-89ac-7ae378faeb78,d867297c-a248-4610-89ac-7ae378faeb78,d867297c-a248-4610-89ac-7ae378faeb78,13835337-7eca-49e4-95d2-516353f83df4,Bos taurus,0.64,AWC 135,Macropodidae,macropodidae,bos taurus
42a17e62-da96-472b-8426-266241bed59b,sequenceID:103f8528-ccf3-48e4-aea7-002e72a850d8,103f8528-ccf3-48e4-aea7-002e72a850d8,103f8528-ccf3-48e4-aea7-002e72a850d8,13835337-7eca-49e4-95d2-516353f83df4,Pomatostomus superciliosus,0.58,AWC 135,Macropodidae,macropodidae,pomatostomus superciliosus
42a17e62-da96-472b-8426-266241bed59b,sequenceID:103f8528-ccf3-48e4-aea7-002e72a850d8,103f8528-ccf3-48e4-aea7-002e72a850d8,103f8528-ccf3-48e4-aea7-002e72a850d8,13835337-7eca-49e4-95d2-516353f83df4,geophaps plumifera,0.53,AWC 135,Macropodidae,macropodidae,geophaps plumifera
42a17e62-da96-472b-8426-266241bed59b,sequenceID:103f8528-ccf3-48e4-aea7-002e72a850d8,103f8528-ccf3-48e4-aea7-002e72a850d8,103f8528-ccf3-48e4-aea7-002e72a850d8,13835337-7eca-49e4-95d2-516353f83df4,Bos taurus,0.54,AWC 135,Macropodidae,macropodidae,bos taurus
ee0b9e74-e41c-49ca-8055-1ccfb9054de4,sequenceID:355bf8ee-6b98-4334-ac8f-7ab0e116cc0f,355bf8ee-6b98-4334-ac8f-7ab0e116cc0f,355bf8ee-6b98-4334-ac8f-7ab0e116cc0f,13835337-7eca-49e4-95d2-516353f83df4,Climacteris rufus,0.64,AWC 135,Macropodidae,macropodidae,climacteris rufus
ee0b9e74-e41c-49ca-8055-1ccfb9054de4,sequenceID:355bf8ee-6b98-4334-ac8f-7ab0e116cc0f,355bf8ee-6b98-4334-ac8f-7ab0e116cc0f,355bf8ee-6b98-4334-ac8f-7ab0e116cc0f,13835337-7eca-49e4-95d2-516353f83df4,osphranter rufus,1.0,AWC 135,Macropodidae,macropodidae,osphranter rufus
7a7500ea-642f-4713-8846-71c905ae62d5,sequenceID:26c31bc9-938c-410f-9db4-b22bfd59b2a4,26c31bc9-938c-410f-9db4-b22bfd59b2a4,26c31bc9-938c-410f-9db4-b22bfd59b2a4,13835337-7eca-49e4-95d2-516353f83df4,osphranter rufus,0.81,AWC 135,Macropodidae,macropodidae,osphranter rufus
8d3144b0-b0f8-4df7-b4f4-a0fd2e0e7352,sequenceID:c5676fbb-1bb1-4817-ab7b-aedb3000d97f,c5676fbb-1bb1-4817-ab7b-aedb3000d97f,c5676fbb-1bb1-4817-ab7b-aedb3000d97f,13835337-7eca-49e4-95d2-516353f83df4,Climacteris rufus,0.77,AWC 135,Macropodidae,macropodidae,climacteris rufus
8d3144b0-b0f8-4df7-b4f4-a0fd2e0e7352,sequenceID:c5676fbb-1bb1-4817-ab7b-aedb3000d97f,c5676fbb-1bb1-4817-ab7b-aedb3000d97f,c5676fbb-1bb1-4817-ab7b-aedb3000d97f,13835337-7eca-49e4-95d2-516353f83df4,osphranter rufus,0.99,AWC 135,Macropodidae,macropodidae,osphranter rufus
505126d5-7864-417f-88af-eb3e07b93414,sequenceID:cd9fc575-b537-4fe6-905c-51c7ab8b5eb8,cd9fc575-b537-4fe6-905c-51c7ab8b5eb8,cd9fc575-b537-4fe6-905c-51c7ab8b5eb8,13835337-7eca-49e4-95d2-516353f83df4,osphranter rufus,0.95,AWC 135,Macropodidae,macropodidae,osphranter rufus
3e5b834d-acc2-4044-88f3-b96c3bdddb26,sequenceID:77260ce7-c95f-4409-ada4-e42e80d2bb3a,77260ce7-c95f-4409-ada4-e42e80d2bb3a,77260ce7-c95f-4409-ada4-e42e80d2bb3a,13835337-7eca-49e4-95d2-516353f83df4,osphranter rufus,0.98,AWC 135,Macropodidae,macropodidae,osphranter rufus
245d7def-cb63-4df2-a350-d710c98a47ca,sequenceID:30bcc5c4-dbe6-4300-9bb0-635437850b05,30bcc5c4-dbe6-4300-9bb0-635437850b05,30bcc5c4-dbe6-4300-9bb0-635437850b05,13835337-7eca-49e4-95d2-516353f83df4,osphranter rufus,1.0,AWC 135,Macropodidae,macropodidae,osphranter rufus
424cd75a-9cf7-4b16-887a-a20e1ab95789,sequenceID:a1f181fb-8ab3-4d93-892c-25ebe8b81375,a1f181fb-8ab3-4d93-892c-25ebe8b81375,a1f181fb-8ab3-4d93-892c-25ebe8b81375,13835337-7eca-49e4-95d2-516353f83df4,osphranter rufus,0.9,AWC 135,Macropodidae,macropodidae,osphranter rufus
cd1771af-8cc8-49a3-85ed-f696aca76f49,sequenceID:1a29accc-1662-42f3-ad89-7f2bc168d8cd,1a29accc-1662-42f3-ad89-7f2bc168d8cd,1a29accc-1662-42f3-ad89-7f2bc168d8cd,13835337-7eca-49e4-95d2-516353f83df4,wallabia bicolor,0.51,AWC 135,Macropodidae,macropodidae,wallabia bicolor
0a982cca-1a95-4db2-9870-041313beb2c6,sequenceID:bda669d1-b85b-4800-bfe5-2e2a5e334729,bda669d1-b85b-4800-bfe5-2e2a5e334729,bda669d1-b85b-4800-bfe5-2e2a5e334729,13835337-7eca-49e4-95d2-516353f83df4,Macropus dorsalis,0.99,AWC 135,Macropodidae,macropodidae,macropus dorsalis
eaf5d957-3b8f-496a-8c8d-023e63f70237,sequenceID:b49bb0e9-8378-4fb1-bf3b-229bd7670dd1,b49bb0e9-8378-4fb1-bf3b-229bd7670dd1,b49bb0e9-8378-4fb1-bf3b-229bd7670dd1,13835337-7eca-49e4-95d2-516353f83df4,osphranter rufus,0.97,AWC 135,Macropodidae,macropodidae,osphranter rufus
b1016073-f482-4913-b712-784fb41b7416,sequenceID:d731cd8b-29c3-48ed-b70b-7aa29d2c5692,d731cd8b-29c3-48ed-b70b-7aa29d2c5692,d731cd8b-29c3-48ed-b70b-7aa29d2c5692,13835337-7eca-49e4-95d2-516353f83df4,osphranter rufus,0.99,AWC 135,Macropodidae,macropodidae,osphranter rufus
3133e112-447f-48ff-8624-947808f9e25a,sequenceID:9d7ad78d-3811-440c-8b14-72a3f4d48318,9d7ad78d-3811-440c-8b14-72a3f4d48318,9d7ad78d-3811-440c-8b14-72a3f4d48318,13835337-7eca-49e4-95d2-516353f83df4,osphranter rufus,0.98,AWC 135,Macropodidae,macropodidae,osphranter rufus
ec371f39-eac6-4669-8234-735b2df8dfa6,sequenceID:0cacaa88-8b8a-46b2-a743-eaef2eb97e09,0cacaa88-8b8a-46b2-a743-eaef2eb97e09,0cacaa88-8b8a-46b2-a743-eaef2eb97e09,13835337-7eca-49e4-95d2-516353f83df4,Canis familiaris,0.92,AWC 135,Macropodidae,macropodidae,canis familiaris
8013815a-acc0-420a-84dd-4bffe1a6068e,sequenceID:2290a4b6-555a-4ff2-ab8f-5f7505eb7cfb,2290a4b6-555a-4ff2-ab8f-5f7505eb7cfb,2290a4b6-555a-4ff2-ab8f-5f7505eb7cfb,13835337-7eca-49e4-95d2-516353f83df4,osphranter rufus,0.95,AWC 135,Macropodidae,macropodidae,osphranter rufus
3a71e01e-99e9-490e-8518-6f4e9188e146,sequenceID:7dfefe25-9e48-4e01-afa4-f5b013111600,7dfefe25-9e48-4e01-afa4-f5b013111600,7dfefe25-9e48-4e01-afa4-f5b013111600,13835337-7eca-49e4-95d2-516353f83df4,osphranter rufus,0.99,AWC 135,Macropodidae,macropodidae,osphranter rufus
375afe84-0032-4e86-ad76-7fc1a63f694d,sequenceID:bb909e92-6dc0-4fec-8666-65b8434dc1af,bb909e92-6dc0-4fec-8666-65b8434dc1af,bb909e92-6dc0-4fec-8666-65b8434dc1af,13835337-7eca-49e4-95d2-516353f83df4,osphranter rufus,0.99,AWC 135,Macropodidae,macropodidae,osphranter rufus
6d18cd08-1312-413e-860a-54117cf9987d,sequenceID:3506e80f-b39f-4d05-9c62-181f89b36cf5,3506e80f-b39f-4d05-9c62-181f89b36cf5,3506e80f-b39f-4d05-9c62-181f89b36cf5,13835337-7eca-49e4-95d2-516353f83df4,osphranter rufus,0.8,AWC 135,Macropodidae,macropodidae,osphranter rufus
4eb37870-2ed5-4c1e-88e2-c5b42937c1cf,sequenceID:a7143a6c-ffe4-441e-aed4-8c8422b1f5cf,a7143a6c-ffe4-441e-aed4-8c8422b1f5cf,a7143a6c-ffe4-441e-aed4-8c8422b1f5cf,13835337-7eca-49e4-95d2-516353f83df4,osphranter rufus,0.99,AWC 135,Macropodidae,macropodidae,osphranter rufus
2230c18a-c0d6-4937-a194-8263b0b123e1,sequenceID:fca59f29-4c24-490b-90fe-3b2e9818780b,fca59f29-4c24-490b-90fe-3b2e9818780b,fca59f29-4c24-490b-90fe-3b2e9818780b,13835337-7eca-49e4-95d2-516353f83df4,osphranter rufus,0.99,AWC 135,Macropodidae,macropodidae,osphranter rufus
f5323b82-7583-4018-96f7-1f15c20bfa97,sequenceID:66e9293d-14dc-4007-b2b6-d9b816b9f6c1,66e9293d-14dc-4007-b2b6-d9b816b9f6c1,66e9293d-14dc-4007-b2b6-d9b816b9f6c1,13835337-7eca-49e4-95d2-516353f83df4,Macropus dorsalis,0.78,AWC 135,Macropodidae,macropodidae,macropus dorsalis
85378b5d-7eb6-4e6a-a62b-bab7cb8b5f12,sequenceID:11d6479f-15c9-44be-a645-dd8d92e89595,11d6479f-15c9-44be-a645-dd8d92e89595,11d6479f-15c9-44be-a645-dd8d92e89595,13835337-7eca-49e4-95d2-516353f83df4,osphranter rufus,0.99,AWC 135,Macropodidae,macropodidae,osphranter rufus
7259b5e8-e5c6-49a0-93eb-ea30899108f6,sequenceID:2624dde5-a6c0-4402-ac3a-8b6bd668b5de,2624dde5-a6c0-4402-ac3a-8b6bd668b5de,2624dde5-a6c0-4402-ac3a-8b6bd668b5de,13835337-7eca-49e4-95d2-516353f83df4,osphranter rufus,0.99,AWC 135,Macropodidae,macropodidae,osphranter rufus
7b1e82f7-a3dd-4988-ba03-bfff3be6db2e,sequenceID:5c21e420-52cb-4652-9dfc-3a06f87dcbd2,5c21e420-52cb-4652-9dfc-3a06f87dcbd2,5c21e420-52cb-4652-9dfc-3a06f87dcbd2,13835337-7eca-49e4-95d2-516353f83df4,osphranter rufus,0.99,AWC 135,Macropodidae,macropodidae,osphranter rufus
181dc500-75f4-4218-b5d3-7d8a3ec7c6b6,sequenceID:625cd422-6659-4821-91e3-9dd6fb9eda5d,625cd422-6659-4821-91e3-9dd6fb9eda5d,625cd422-6659-4821-91e3-9dd6fb9eda5d,13835337-7eca-49e4-95d2-516353f83df4,osphranter rufus,0.99,AWC 135,Macropodidae,macropodidae,osphranter rufus
5f36bc40-4073-4dd7-a6b0-58220b8aa0c7,sequenceID:ffe306b6-822f-4617-8e1f-0a92d3a79a24,ffe306b6-822f-4617-8e1f-0a92d3a79a24,ffe306b6-822f-4617-8e1f-0a92d3a79a24,13835337-7eca-49e4-95d2-516353f83df4,osphranter rufus,1.0,AWC 135,Macropodidae,macropodidae,osphranter rufus
0938f7d4-eddc-4f61-8a7a-0f5602f392f0,sequenceID:d585a4f3-3fd2-4a3b-b0b4-c3a75233b18e,d585a4f3-3fd2-4a3b-b0b4-c3a75233b18e,d585a4f3-3fd2-4a3b-b0b4-c3a75233b18e,13835337-7eca-49e4-95d2-516353f83df4,osphranter rufus,1.0,AWC 135,Macropodidae,macropodidae,osphranter rufus
4e41a7a9-872b-428e-8504-9de7fb24a310,sequenceID:b8ad98b8-88a9-492d-be0a-d7447d03d779,b8ad98b8-88a9-492d-be0a-d7447d03d779,b8ad98b8-88a9-492d-be0a-d7447d03d779,13835337-7eca-49e4-95d2-516353f83df4,osphranter rufus,0.87,AWC 135,Macropodidae,macropodidae,osphranter rufus
aa1b1653-c3d4-415d-8f60-c88137d3a044,sequenceID:956c5403-a7c9-4618-a3e5-4362a1b68871,956c5403-a7c9-4618-a3e5-4362a1b68871,956c5403-a7c9-4618-a3e5-4362a1b68871,13835337-7eca-49e4-95d2-516353f83df4,Crocodylus johnstoni ,0.94,AWC 135,Macropodidae,macropodidae,crocodylus johnstoni
aa1b1653-c3d4-415d-8f60-c88137d3a044,sequenceID:956c5403-a7c9-4618-a3e5-4362a1b68871,956c5403-a7c9-4618-a3e5-4362a1b68871,956c5403-a7c9-4618-a3e5-4362a1b68871,13835337-7eca-49e4-95d2-516353f83df4,Homo sapiens,0.57,AWC 135,Macropodidae,macropodidae,homo sapiens
7c325a8e-9dfd-4b3d-888b-2b317cd1aed2,sequenceID:98ab4118-3843-4a47-a21d-1f921dc38440,98ab4118-3843-4a47-a21d-1f921dc38440,98ab4118-3843-4a47-a21d-1f921dc38440,13835337-7eca-49e4-95d2-516353f83df4,osphranter rufus,1.0,AWC 135,Macropodidae,macropodidae,osphranter rufus
3ed4af2e-4d78-4694-a5ff-dfa8d73373a0,sequenceID:87c1d09e-b9fc-4323-8163-7b74de179177,87c1d09e-b9fc-4323-8163-7b74de179177,87c1d09e-b9fc-4323-8163-7b74de179177,13835337-7eca-49e4-95d2-516353f83df4,osphranter rufus,1.0,AWC 135,Macropodidae,macropodidae,osphranter rufus
b57c333e-10b8-46fd-988a-08c933a70ea9,sequenceID:096af400-2cde-4bbe-a4f4-736f9254cadb,096af400-2cde-4bbe-a4f4-736f9254cadb,096af400-2cde-4bbe-a4f4-736f9254cadb,13835337-7eca-49e4-95d2-516353f83df4,osphranter rufus,0.99,AWC 135,Macropodidae,macropodidae,osphranter rufus
b57c333e-10b8-46fd-988a-08c933a70ea9,sequenceID:096af400-2cde-4bbe-a4f4-736f9254cadb,096af400-2cde-4bbe-a4f4-736f9254cadb,096af400-2cde-4bbe-a4f4-736f9254cadb,13835337-7eca-49e4-95d2-516353f83df4,Osphranter robustus,0.81,AWC 135,Macropodidae,macropodidae,osphranter robustus
dbc1e8cf-64d6-4b42-a425-23d48de2aeb5,sequenceID:35d8a920-4645-43bd-b2fe-d605767632fb,35d8a920-4645-43bd-b2fe-d605767632fb,35d8a920-4645-43bd-b2fe-d605767632fb,13835337-7eca-49e4-95d2-516353f83df4,Macropus dorsalis,0.8,AWC 135,Macropodidae,macropodidae,macropus dorsalis
dbc1e8cf-64d6-4b42-a425-23d48de2aeb5,sequenceID:35d8a920-4645-43bd-b2fe-d605767632fb,35d8a920-4645-43bd-b2fe-d605767632fb,35d8a920-4645-43bd-b2fe-d605767632fb,13835337-7eca-49e4-95d2-516353f83df4,osphranter rufus,1.0,AWC 135,Macropodidae,macropodidae,osphranter rufus
b3ed641d-1a72-4d8b-9287-dc8602a73e82,sequenceID:4ee8d05e-7cf5-41a7-a3a4-ef850c460d64,4ee8d05e-7cf5-41a7-a3a4-ef850c460d64,4ee8d05e-7cf5-41a7-a3a4-ef850c460d64,13835337-7eca-49e4-95d2-516353f83df4,osphranter rufus,0.99,AWC 135,Macropodidae,macropodidae,osphranter rufus
cbd3b899-1077-4d4c-9273-11713db48963,sequenceID:76703e6e-b491-4fdc-a043-7f3afd482e7e,76703e6e-b491-4fdc-a043-7f3afd482e7e,76703e6e-b491-4fdc-a043-7f3afd482e7e,13835337-7eca-49e4-95d2-516353f83df4,osphranter rufus,0.99,AWC 135,Macropodidae,macropodidae,osphranter rufus
907d3e6b-b3f1-4467-9a4b-1435a85da8b0,sequenceID:5272be57-597a-42d9-8660-492c9a46bb7c,5272be57-597a-42d9-8660-492c9a46bb7c,5272be57-597a-42d9-8660-492c9a46bb7c,13835337-7eca-49e4-95d2-516353f83df4,Macropus dorsalis,0.89,AWC 135,Macropodidae,macropodidae,macropus dorsalis
ba376cf3-01cf-465b-9c5b-253f1075df64,sequenceID:d5861a2e-22ce-4a57-91b8-a34dff967845,d5861a2e-22ce-4a57-91b8-a34dff967845,d5861a2e-22ce-4a57-91b8-a34dff967845,13835337-7eca-49e4-95d2-516353f83df4,osphranter rufus,0.81,AWC 135,Macropodidae,macropodidae,osphranter rufus
4845d2a6-c9f9-4b36-916e-7afa6fd42a3f,sequenceID:c27c2e47-c495-4cb1-bce5-152eba39767d,c27c2e47-c495-4cb1-bce5-152eba39767d,c27c2e47-c495-4cb1-bce5-152eba39767d,13835337-7eca-49e4-95d2-516353f83df4,osphranter rufus,0.76,AWC 135,Macropodidae,macropodidae,osphranter rufus
96b34482-08cd-433c-9abe-d2b624fd8fc2,sequenceID:775cd9d1-6852-4cc0-91b6-52a8d164f65e,775cd9d1-6852-4cc0-91b6-52a8d164f65e,775cd9d1-6852-4cc0-91b6-52a8d164f65e,13835337-7eca-49e4-95d2-516353f83df4,osphranter rufus,0.99,AWC 135,Macropodidae,macropodidae,osphranter rufus
a5dba474-47b8-44ad-b6bf-c2e0fa521de5,sequenceID:26018a58-9dfb-4159-8777-9898e88dd080,26018a58-9dfb-4159-8777-9898e88dd080,26018a58-9dfb-4159-8777-9898e88dd080,13835337-7eca-49e4-95d2-516353f83df4,osphranter rufus,0.98,AWC 135,Macropodidae,macropodidae,osphranter rufus
5cb94745-9547-4db2-9b51-7144fb0254e1,sequenceID:43cceb1d-7711-4747-a857-44bf1fd7fb05,43cceb1d-7711-4747-a857-44bf1fd7fb05,43cceb1d-7711-4747-a857-44bf1fd7fb05,13835337-7eca-49e4-95d2-516353f83df4,Bos taurus,0.92,AWC 135,Macropodidae,macropodidae,bos taurus
7085c026-11aa-44a3-b304-910318aa89fe,sequenceID:455eb17b-6039-492d-bc4d-fef4ee658337,455eb17b-6039-492d-bc4d-fef4ee658337,455eb17b-6039-492d-bc4d-fef4ee658337,13835337-7eca-49e4-95d2-516353f83df4,osphranter rufus,0.99,AWC 135,Macropodidae,macropodidae,osphranter rufus
5f4f2be9-11e1-421d-a139-e8e776ac66da,sequenceID:6e136beb-dbf0-4e72-903d-3a45a295b1a0,6e136beb-dbf0-4e72-903d-3a45a295b1a0,6e136beb-dbf0-4e72-903d-3a45a295b1a0,13835337-7eca-49e4-95d2-516353f83df4,osphranter rufus,1.0,AWC 135,Macropodidae,macropodidae,osphranter rufus
77b044c0-188a-4946-ade4-6887b05346d1,sequenceID:4b2125ab-1b60-4b0b-a9a3-025fab0ecc51,4b2125ab-1b60-4b0b-a9a3-025fab0ecc51,4b2125ab-1b60-4b0b-a9a3-025fab0ecc51,13835337-7eca-49e4-95d2-516353f83df4,osphranter rufus,0.86,AWC 135,Macropodidae,macropodidae,osphranter rufus
225c9a32-f99c-42eb-908e-af40cfdaff18,sequenceID:ed7cba6f-13ff-4ffb-9bda-99f2ab68fdac,ed7cba6f-13ff-4ffb-9bda-99f2ab68fdac,ed7cba6f-13ff-4ffb-9bda-99f2ab68fdac,13835337-7eca-49e4-95d2-516353f83df4,osphranter rufus,0.71,AWC 135,Macropodidae,macropodidae,osphranter rufus
03814855-f71d-4102-a1f9-f6a7016cc4a4,sequenceID:f46220be-994a-44af-850c-af0d21fe7181,f46220be-994a-44af-850c-af0d21fe7181,f46220be-994a-44af-850c-af0d21fe7181,13835337-7eca-49e4-95d2-516353f83df4,Macropus dorsalis,0.96,AWC 135,Macropodidae,macropodidae,macropus dorsalis
03814855-f71d-4102-a1f9-f6a7016cc4a4,sequenceID:f46220be-994a-44af-850c-af0d21fe7181,f46220be-994a-44af-850c-af0d21fe7181,f46220be-994a-44af-850c-af0d21fe7181,13835337-7eca-49e4-95d2-516353f83df4,osphranter rufus,1.0,AWC 135,Macropodidae,macropodidae,osphranter rufus
93b31a21-23f6-454b-8b20-8867d431abca,sequenceID:8f781d45-fea1-4799-89fc-1e42e30153fd,8f781d45-fea1-4799-89fc-1e42e30153fd,8f781d45-fea1-4799-89fc-1e42e30153fd,13835337-7eca-49e4-95d2-516353f83df4,osphranter rufus,1.0,AWC 135,Macropodidae,macropodidae,osphranter rufus
25fa1080-0cb8-4402-99ab-35df2feca441,sequenceID:9c59af80-3b07-42ad-a402-d353a4a1f17e,9c59af80-3b07-42ad-a402-d353a4a1f17e,9c59af80-3b07-42ad-a402-d353a4a1f17e,13835337-7eca-49e4-95d2-516353f83df4,osphranter rufus,1.0,AWC 135,Macropodidae,macropodidae,osphranter rufus
38bdf7d9-8054-406d-83c3-0a626c85785b,sequenceID:76d51719-0771-412d-a7f6-1438e86f3972,76d51719-0771-412d-a7f6-1438e86f3972,76d51719-0771-412d-a7f6-1438e86f3972,13835337-7eca-49e4-95d2-516353f83df4,osphranter rufus,1.0,AWC 135,Macropodidae,macropodidae,osphranter rufus
239c3cc8-2339-4aa3-b594-fb2d17ae3a0d,sequenceID:580a78ce-8399-4ed7-a537-3f85f51d5e6f,580a78ce-8399-4ed7-a537-3f85f51d5e6f,580a78ce-8399-4ed7-a537-3f85f51d5e6f,13835337-7eca-49e4-95d2-516353f83df4,osphranter rufus,1.0,AWC 135,Macropodidae,macropodidae,osphranter rufus
2ec8623c-9ff2-4752-80a6-07632a5dec86,sequenceID:4011aafc-83ed-4a77-a318-a1a50be8ca80,4011aafc-83ed-4a77-a318-a1a50be8ca80,4011aafc-83ed-4a77-a318-a1a50be8ca80,13835337-7eca-49e4-95d2-516353f83df4,Macropus dorsalis,0.92,AWC 135,Macropodidae,macropodidae,macropus dorsalis
1cc3685e-57e5-4f1b-bdb4-c27629120e6a,sequenceID:0146906b-518b-469b-b526-ccfe171dc5cf,0146906b-518b-469b-b526-ccfe171dc5cf,0146906b-518b-469b-b526-ccfe171dc5cf,13835337-7eca-49e4-95d2-516353f83df4,Macropus dorsalis,0.95,AWC 135,Macropodidae,macropodidae,macropus dorsalis
05be9bda-db1f-4e3a-bd63-e833dc8f3c7c,sequenceID:48b4ad48-638f-49d9-91c8-15d7cbb582aa,48b4ad48-638f-49d9-91c8-15d7cbb582aa,48b4ad48-638f-49d9-91c8-15d7cbb582aa,13835337-7eca-49e4-95d2-516353f83df4,Macropus dorsalis,0.94,AWC 135,Macropodidae,macropodidae,macropus dorsalis
750f9505-6514-4b5e-8ed7-f4a7ae38e55e,sequenceID:d167f542-a3a2-4594-a09e-e13ac17114c6,d167f542-a3a2-4594-a09e-e13ac17114c6,d167f542-a3a2-4594-a09e-e13ac17114c6,13835337-7eca-49e4-95d2-516353f83df4,Macropus dorsalis,0.97,AWC 135,Macropodidae,macropodidae,macropus dorsalis
82bc6abb-7007-45a7-9b21-ddcb928f52a9,sequenceID:1f013488-a59e-41a1-a8b0-4ae949a990cf,1f013488-a59e-41a1-a8b0-4ae949a990cf,1f013488-a59e-41a1-a8b0-4ae949a990cf,13835337-7eca-49e4-95d2-516353f83df4,Canis familiaris,0.51,AWC 135,Macropodidae,macropodidae,canis familiaris
9ac4cb12-abd3-4ac1-83ec-9a2acf1f43fe,sequenceID:97b4ab9a-f017-43eb-a5e0-155e5676b062,97b4ab9a-f017-43eb-a5e0-155e5676b062,97b4ab9a-f017-43eb-a5e0-155e5676b062,13835337-7eca-49e4-95d2-516353f83df4,Bettongia lesueur,0.55,AWC 135,Macropodidae,macropodidae,bettongia lesueur
9ac4cb12-abd3-4ac1-83ec-9a2acf1f43fe,sequenceID:97b4ab9a-f017-43eb-a5e0-155e5676b062,97b4ab9a-f017-43eb-a5e0-155e5676b062,97b4ab9a-f017-43eb-a5e0-155e5676b062,13835337-7eca-49e4-95d2-516353f83df4,Macropus dorsalis,0.57,AWC 135,Macropodidae,macropodidae,macropus dorsalis
8801fb65-40e5-4820-be0f-6920d3a8811d,sequenceID:358964ab-c783-46a4-a2b0-86bf288d73a1,358964ab-c783-46a4-a2b0-86bf288d73a1,358964ab-c783-46a4-a2b0-86bf288d73a1,13835337-7eca-49e4-95d2-516353f83df4,Macropus dorsalis,0.77,AWC 135,Macropodidae,macropodidae,macropus dorsalis
9a6d6fed-80fd-4cc7-aa86-cfdc7510c6d9,sequenceID:fbdb139d-61c7-4fd4-8fcf-5f24ec4ce8ad,fbdb139d-61c7-4fd4-8fcf-5f24ec4ce8ad,fbdb139d-61c7-4fd4-8fcf-5f24ec4ce8ad,13835337-7eca-49e4-95d2-516353f83df4,osphranter rufus,0.99,AWC 135,Macropodidae,macropodidae,osphranter rufus
b98f93e9-a475-421b-9841-60519b206922,sequenceID:62c4eb25-ec9d-48c5-ac1a-4ff4fcf48d23,62c4eb25-ec9d-48c5-ac1a-4ff4fcf48d23,62c4eb25-ec9d-48c5-ac1a-4ff4fcf48d23,13835337-7eca-49e4-95d2-516353f83df4,Canis familiaris,0.99,AWC 135,Macropodidae,macropodidae,canis familiaris
5aaa583d-fc98-4f1a-becb-8a196d6c029f,sequenceID:bfd3ab41-7f96-4979-a0df-56f6ce41ac69,bfd3ab41-7f96-4979-a0df-56f6ce41ac69,bfd3ab41-7f96-4979-a0df-56f6ce41ac69,13835337-7eca-49e4-95d2-516353f83df4,phascolarctos cinereus,0.73,AWC 135,Macropodidae,macropodidae,phascolarctos cinereus
d8998a19-5cf8-4b31-8a82-bbe15dda4d96,sequenceID:c6155f8c-afc7-4241-9fa6-accee1bff2a6,c6155f8c-afc7-4241-9fa6-accee1bff2a6,c6155f8c-afc7-4241-9fa6-accee1bff2a6,13835337-7eca-49e4-95d2-516353f83df4,Canis familiaris,1.0,AWC 135,Macropodidae,macropodidae,canis familiaris
a7f7e563-e8fe-429d-b479-bc76c0c6611f,sequenceID:6463ec99-f2d3-4256-9364-fc6d682c19e3,6463ec99-f2d3-4256-9364-fc6d682c19e3,6463ec99-f2d3-4256-9364-fc6d682c19e3,13835337-7eca-49e4-95d2-516353f83df4,phascolarctos cinereus,0.99,AWC 135,Macropodidae,macropodidae,phascolarctos cinereus
e2663ba8-2d62-4b6c-9dc9-f393e946abd2,sequenceID:d50adc9b-2e49-4c89-8e1c-688a8ff164d0,d50adc9b-2e49-4c89-8e1c-688a8ff164d0,d50adc9b-2e49-4c89-8e1c-688a8ff164d0,13835337-7eca-49e4-95d2-516353f83df4,Macropus dorsalis,0.96,AWC 135,Macropodidae,macropodidae,macropus dorsalis
c51e21ef-f028-4a08-9b14-a0377480dcc2,sequenceID:04758b74-9aeb-4ef4-a098-91e2c5f2322d,04758b74-9aeb-4ef4-a098-91e2c5f2322d,04758b74-9aeb-4ef4-a098-91e2c5f2322d,13835337-7eca-49e4-95d2-516353f83df4,Canis familiaris,1.0,AWC 135,Macropodidae,macropodidae,canis familiaris
80e066ee-89c4-49c1-b04d-75119749c858,sequenceID:0a179591-3828-46fe-ac60-90dd4bcb5e2b,0a179591-3828-46fe-ac60-90dd4bcb5e2b,0a179591-3828-46fe-ac60-90dd4bcb5e2b,13835337-7eca-49e4-95d2-516353f83df4,Bos taurus,0.61,AWC 135,Macropodidae,macropodidae,bos taurus
ea7a3b4d-c36a-45e2-98f0-fd66d60002d6,sequenceID:0178f891-4436-47dd-9e84-33c591405057,0178f891-4436-47dd-9e84-33c591405057,0178f891-4436-47dd-9e84-33c591405057,13835337-7eca-49e4-95d2-516353f83df4,,0.0,,Macropodidae,macropodidae,nan
e32fdbb5-b59b-4eeb-877e-cca024e767cf,sequenceID:deec34d7-1bb9-4620-9bd7-fb50ef39a8d2,deec34d7-1bb9-4620-9bd7-fb50ef39a8d2,deec34d7-1bb9-4620-9bd7-fb50ef39a8d2,13835337-7eca-49e4-95d2-516353f83df4,,0.0,,Macropodidae,macropodidae,nan
d4feb190-e6c7-45b3-8e4c-bc087c6d3035,sequenceID:2a6e7600-07ad-4072-8ee7-13a26b6324af,2a6e7600-07ad-4072-8ee7-13a26b6324af,2a6e7600-07ad-4072-8ee7-13a26b6324af,13835337-7eca-49e4-95d2-516353f83df4,Canis familiaris,0.98,AWC 135,Macropodidae,macropodidae,canis familiaris
478e9b6c-e4cf-4e96-b240-e0b1cf4f817d,sequenceID:ce799ee5-ace3-4261-aa90-ea1b8f865097,ce799ee5-ace3-4261-aa90-ea1b8f865097,ce799ee5-ace3-4261-aa90-ea1b8f865097,13835337-7eca-49e4-95d2-516353f83df4,osphranter rufus,0.99,AWC 135,Macropodidae,macropodidae,osphranter rufus
478e9b6c-e4cf-4e96-b240-e0b1cf4f817d,sequenceID:ce799ee5-ace3-4261-aa90-ea1b8f865097,ce799ee5-ace3-4261-aa90-ea1b8f865097,ce799ee5-ace3-4261-aa90-ea1b8f865097,13835337-7eca-49e4-95d2-516353f83df4,Macropus dorsalis,0.87,AWC 135,Macropodidae,macropodidae,macropus dorsalis
3920bcb8-f12e-4789-a1c4-cded238de87f,sequenceID:fc8f3ffb-8a78-4a2e-ac22-8a446f55da25,fc8f3ffb-8a78-4a2e-ac22-8a446f55da25,fc8f3ffb-8a78-4a2e-ac22-8a446f55da25,13835337-7eca-49e4-95d2-516353f83df4,osphranter rufus,0.71,AWC 135,Macropodidae,macropodidae,osphranter rufus
c55bc14f-d356-4011-9d78-5c9b2932d571,sequenceID:542008cc-672a-4606-8c37-df9a72fb9add,542008cc-672a-4606-8c37-df9a72fb9add,542008cc-672a-4606-8c37-df9a72fb9add,13835337-7eca-49e4-95d2-516353f83df4,osphranter rufus,1.0,AWC 135,Macropodidae,macropodidae,osphranter rufus
6cf6214f-5645-4d42-b6b5-7fcb085c368f,sequenceID:e3a502c2-9d76-4892-89dd-5ff982094b8e,e3a502c2-9d76-4892-89dd-5ff982094b8e,e3a502c2-9d76-4892-89dd-5ff982094b8e,13835337-7eca-49e4-95d2-516353f83df4,osphranter rufus,0.93,AWC 135,Macropodidae,macropodidae,osphranter rufus
62bb56ef-f535-4c92-874b-55dc4f28f875,sequenceID:ed45bd47-06e9-41cf-83d2-5e43a26afe9a,ed45bd47-06e9-41cf-83d2-5e43a26afe9a,ed45bd47-06e9-41cf-83d2-5e43a26afe9a,13835337-7eca-49e4-95d2-516353f83df4,osphranter rufus,0.99,AWC 135,Macropodidae,macropodidae,osphranter rufus
74b8f17b-ca0e-4b76-9a4b-1bb8c159436d,sequenceID:4abf3ce6-4149-474d-a590-895ef2ed91e8,4abf3ce6-4149-474d-a590-895ef2ed91e8,4abf3ce6-4149-474d-a590-895ef2ed91e8,13835337-7eca-49e4-95d2-516353f83df4,osphranter rufus,1.0,AWC 135,Macropodidae,macropodidae,osphranter rufus
d1cd7ebf-6b5e-48c5-a0d3-dd9370c48f96,sequenceID:3939c732-a733-4eee-a38e-275d5f158d64,3939c732-a733-4eee-a38e-275d5f158d64,3939c732-a733-4eee-a38e-275d5f158d64,13835337-7eca-49e4-95d2-516353f83df4,osphranter rufus,1.0,AWC 135,Macropodidae,macropodidae,osphranter rufus
8a0613aa-00a3-4247-8ea2-39902f7c6665,sequenceID:89d68b52-f269-48da-bd30-5975b1a8073c,89d68b52-f269-48da-bd30-5975b1a8073c,89d68b52-f269-48da-bd30-5975b1a8073c,13835337-7eca-49e4-95d2-516353f83df4,,0.0,,Macropodidae,macropodidae,nan
19a1dfae-2e05-48e6-af96-ed12b33cef22,sequenceID:f4a6da16-49eb-4ba0-b66d-c25ffbff819e,f4a6da16-49eb-4ba0-b66d-c25ffbff819e,f4a6da16-49eb-4ba0-b66d-c25ffbff819e,13835337-7eca-49e4-95d2-516353f83df4,osphranter rufus,0.99,AWC 135,Macropodidae,macropodidae,osphranter rufus
a7b7ddae-f0b1-4bd4-969c-e73a066ffe1f,sequenceID:a34b0b8d-25fb-4e20-bde2-a736027ae2c5,a34b0b8d-25fb-4e20-bde2-a736027ae2c5,a34b0b8d-25fb-4e20-bde2-a736027ae2c5,13835337-7eca-49e4-95d2-516353f83df4,osphranter rufus,0.98,AWC 135,Macropodidae,macropodidae,osphranter rufus
396247cc-3e68-4965-b049-b6cd6f8967aa,sequenceID:0a223399-9966-4724-b93a-20c80e086769,0a223399-9966-4724-b93a-20c80e086769,0a223399-9966-4724-b93a-20c80e086769,13835337-7eca-49e4-95d2-516353f83df4,osphranter rufus,0.99,AWC 135,Macropodidae,macropodidae,osphranter rufus
6186bac3-36c9-4b5c-89b8-ee541912aaf5,sequenceID:dfd26169-2755-49c4-8a9d-3e8881c84139,dfd26169-2755-49c4-8a9d-3e8881c84139,dfd26169-2755-49c4-8a9d-3e8881c84139,13835337-7eca-49e4-95d2-516353f83df4,Lagomorpha,0.77,AWC 135,Macropodidae,macropodidae,lagomorpha
7ffc095b-ca45-4a09-9444-feec4c2af3ce,sequenceID:7749116e-cda2-4f7e-9338-d21e2d18051c,7749116e-cda2-4f7e-9338-d21e2d18051c,7749116e-cda2-4f7e-9338-d21e2d18051c,13835337-7eca-49e4-95d2-516353f83df4,osphranter rufus,1.0,AWC 135,Macropodidae,macropodidae,osphranter rufus
d4f4a5eb-48d8-4309-97d9-ca795389ff6d,sequenceID:284cccc8-a5d3-46f8-bdaf-b32c9c2e14cc,284cccc8-a5d3-46f8-bdaf-b32c9c2e14cc,284cccc8-a5d3-46f8-bdaf-b32c9c2e14cc,13835337-7eca-49e4-95d2-516353f83df4,Macropus dorsalis,0.57,AWC 135,Macropodidae,macropodidae,macropus dorsalis
3dbaf49b-d35d-4df3-be87-8e80bea3429e,sequenceID:b03b6f12-14f8-4d89-b1cf-27b60d23d359,b03b6f12-14f8-4d89-b1cf-27b60d23d359,b03b6f12-14f8-4d89-b1cf-27b60d23d359,13835337-7eca-49e4-95d2-516353f83df4,osphranter rufus,0.99,AWC 135,Macropodidae,macropodidae,osphranter rufus
edf7c5fb-5804-4c3f-b239-bdfbeae5f1aa,sequenceID:2f78d86e-84c0-4f15-8313-326b0ba77c37,2f78d86e-84c0-4f15-8313-326b0ba77c37,2f78d86e-84c0-4f15-8313-326b0ba77c37,13835337-7eca-49e4-95d2-516353f83df4,Canis familiaris,0.98,AWC 135,Macropodidae,macropodidae,canis familiaris
0a2a9e04-eb3c-4371-a417-4194ccb171af,sequenceID:8751bd4b-22d2-4284-a2c2-a950c9d1571b,8751bd4b-22d2-4284-a2c2-a950c9d1571b,8751bd4b-22d2-4284-a2c2-a950c9d1571b,13835337-7eca-49e4-95d2-516353f83df4,osphranter rufus,0.96,AWC 135,Macropodidae,macropodidae,osphranter rufus
7987d588-e777-4ba8-a64f-387c3f9aca13,sequenceID:d4ea41a4-deb5-4cb6-8dfc-efb534d22256,d4ea41a4-deb5-4cb6-8dfc-efb534d22256,d4ea41a4-deb5-4cb6-8dfc-efb534d22256,13835337-7eca-49e4-95d2-516353f83df4,osphranter rufus,0.99,AWC 135,Macropodidae,macropodidae,osphranter rufus
7987d588-e777-4ba8-a64f-387c3f9aca13,sequenceID:d4ea41a4-deb5-4cb6-8dfc-efb534d22256,d4ea41a4-deb5-4cb6-8dfc-efb534d22256,d4ea41a4-deb5-4cb6-8dfc-efb534d22256,13835337-7eca-49e4-95d2-516353f83df4,Bos taurus,0.93,AWC 135,Macropodidae,macropodidae,bos taurus
1ac78960-d988-4422-80c3-03e77115491b,sequenceID:80506eb0-00d7-4754-9eba-d144f7a3ab5d,80506eb0-00d7-4754-9eba-d144f7a3ab5d,80506eb0-00d7-4754-9eba-d144f7a3ab5d,13835337-7eca-49e4-95d2-516353f83df4,osphranter rufus,0.99,AWC 135,Macropodidae,macropodidae,osphranter rufus
584e99d6-f98d-4a24-b034-11b112e6f28f,sequenceID:f0de5c6a-95d5-4080-b272-59db7560831e,f0de5c6a-95d5-4080-b272-59db7560831e,f0de5c6a-95d5-4080-b272-59db7560831e,13835337-7eca-49e4-95d2-516353f83df4,osphranter rufus,0.98,AWC 135,Macropodidae,macropodidae,osphranter rufus
9a72c33e-8436-4c13-904e-6e2912e9d3f4,sequenceID:3a15b669-8c18-414a-8664-79dcce7c5234,3a15b669-8c18-414a-8664-79dcce7c5234,3a15b669-8c18-414a-8664-79dcce7c5234,13835337-7eca-49e4-95d2-516353f83df4,Macropus dorsalis,0.69,AWC 135,Macropodidae,macropodidae,macropus dorsalis
ff952d47-2d48-4e2c-961b-85b73ccc524f,sequenceID:a5aa1b09-c3a5-40c5-8ec8-b7e78433d1e4,a5aa1b09-c3a5-40c5-8ec8-b7e78433d1e4,a5aa1b09-c3a5-40c5-8ec8-b7e78433d1e4,13835337-7eca-49e4-95d2-516353f83df4,osphranter rufus,0.98,AWC 135,Macropodidae,macropodidae,osphranter rufus
c81ae65d-b2f5-4dfe-a787-4d54e6d989b5,sequenceID:772ba45b-2fa8-4b97-88f6-e2a7aebd27d8,772ba45b-2fa8-4b97-88f6-e2a7aebd27d8,772ba45b-2fa8-4b97-88f6-e2a7aebd27d8,13835337-7eca-49e4-95d2-516353f83df4,osphranter rufus,0.94,AWC 135,Macropodidae,macropodidae,osphranter rufus
3e907c62-f721-4a4f-ada4-b7873c912b3e,sequenceID:f73a1bab-c471-4d8e-96ae-6269b9df562c,f73a1bab-c471-4d8e-96ae-6269b9df562c,f73a1bab-c471-4d8e-96ae-6269b9df562c,13835337-7eca-49e4-95d2-516353f83df4,,0.0,,Macropodidae,macropodidae,nan
17f4d317-5103-4961-8b17-d248a34e7d9e,sequenceID:2258604e-3bb2-444b-a15e-2aea8799492a,2258604e-3bb2-444b-a15e-2aea8799492a,2258604e-3bb2-444b-a15e-2aea8799492a,13835337-7eca-49e4-95d2-516353f83df4,Canis familiaris,0.75,AWC 135,Macropodidae,macropodidae,canis familiaris
1fb7e914-4c30-4472-bee8-e4fe5801abe7,sequenceID:881f30df-1ced-4325-9349-1e35c227b997,881f30df-1ced-4325-9349-1e35c227b997,881f30df-1ced-4325-9349-1e35c227b997,13835337-7eca-49e4-95d2-516353f83df4,Bettongia lesueur,0.87,AWC 135,Macropodidae,macropodidae,bettongia lesueur
1fb7e914-4c30-4472-bee8-e4fe5801abe7,sequenceID:881f30df-1ced-4325-9349-1e35c227b997,881f30df-1ced-4325-9349-1e35c227b997,881f30df-1ced-4325-9349-1e35c227b997,13835337-7eca-49e4-95d2-516353f83df4,phascolarctos cinereus,0.57,AWC 135,Macropodidae,macropodidae,phascolarctos cinereus
65d15aa0-47a7-4d0c-99a5-db54fdfca8c6,sequenceID:f259d1a7-9a78-49ca-8f38-a99110f98619,f259d1a7-9a78-49ca-8f38-a99110f98619,f259d1a7-9a78-49ca-8f38-a99110f98619,13835337-7eca-49e4-95d2-516353f83df4,Macropus dorsalis,0.52,AWC 135,Macropodidae,macropodidae,macropus dorsalis
1448345c-cd01-4ad3-a448-2938c38eaef8,sequenceID:9c924bdc-6de2-4f88-9f6d-a465d4e32167,9c924bdc-6de2-4f88-9f6d-a465d4e32167,9c924bdc-6de2-4f88-9f6d-a465d4e32167,13835337-7eca-49e4-95d2-516353f83df4,,0.0,,Macropodidae,macropodidae,nan
7ab23140-f523-45f2-a402-cbee65f92109,sequenceID:d1c35c13-e7bd-4285-8eff-b551ddea672b,d1c35c13-e7bd-4285-8eff-b551ddea672b,d1c35c13-e7bd-4285-8eff-b551ddea672b,13835337-7eca-49e4-95d2-516353f83df4,Canis familiaris,0.94,AWC 135,Macropodidae,macropodidae,canis familiaris
67d7c77c-d064-4c11-9306-b411c7c4f0f2,sequenceID:0c3e3952-d86d-40b1-b872-eb10dd0a5a04,0c3e3952-d86d-40b1-b872-eb10dd0a5a04,0c3e3952-d86d-40b1-b872-eb10dd0a5a04,13835337-7eca-49e4-95d2-516353f83df4,osphranter rufus,0.62,AWC 135,Macropodidae,macropodidae,osphranter rufus
d88aeedb-a197-4871-ae6a-9bfd7b041483,sequenceID:a45e3fe1-1bc9-43e9-bb59-0a6902cf4cf0,a45e3fe1-1bc9-43e9-bb59-0a6902cf4cf0,a45e3fe1-1bc9-43e9-bb59-0a6902cf4cf0,13835337-7eca-49e4-95d2-516353f83df4,Canis familiaris,0.98,AWC 135,Macropodidae,macropodidae,canis familiaris
b355e427-41a1-44bc-ad22-45ed3d65c22e,sequenceID:cf2725b4-95fd-4358-82ad-2b5ca9653a26,cf2725b4-95fd-4358-82ad-2b5ca9653a26,cf2725b4-95fd-4358-82ad-2b5ca9653a26,13835337-7eca-49e4-95d2-516353f83df4,Canis familiaris,0.62,AWC 135,Macropodidae,macropodidae,canis familiaris
67b9b7c4-2ff3-4a8a-bffa-bb9110cbc7ab,sequenceID:f688ecbd-7fd5-448c-badf-62936fec6a19,f688ecbd-7fd5-448c-badf-62936fec6a19,f688ecbd-7fd5-448c-badf-62936fec6a19,13835337-7eca-49e4-95d2-516353f83df4,osphranter rufus,1.0,AWC 135,Macropodidae,macropodidae,osphranter rufus
9ed456b9-2ac4-459d-b481-af7d3e238a24,sequenceID:cb6cabfe-75ee-44b2-804b-c0e935ec89b0,cb6cabfe-75ee-44b2-804b-c0e935ec89b0,cb6cabfe-75ee-44b2-804b-c0e935ec89b0,13835337-7eca-49e4-95d2-516353f83df4,osphranter rufus,0.81,AWC 135,Macropodidae,macropodidae,osphranter rufus
645b01e2-a7ad-4b0d-9014-8f8a6746c940,sequenceID:0ad8fbf7-15f7-434c-ab22-c73f9bebdd3d,0ad8fbf7-15f7-434c-ab22-c73f9bebdd3d,0ad8fbf7-15f7-434c-ab22-c73f9bebdd3d,13835337-7eca-49e4-95d2-516353f83df4,Canis familiaris,0.56,AWC 135,Macropodidae,macropodidae,canis familiaris
b9baa255-4c07-43d8-a871-8ddb5b269321,sequenceID:c1564e18-483c-414b-898e-5062ca9a0d1a,c1564e18-483c-414b-898e-5062ca9a0d1a,c1564e18-483c-414b-898e-5062ca9a0d1a,13835337-7eca-49e4-95d2-516353f83df4,,0.0,,Macropodidae,macropodidae,nan
6dc6f8ef-0254-4745-b404-da6f03ec26a0,sequenceID:e060f893-5b4b-48f7-b2c8-a80d53e3a786,e060f893-5b4b-48f7-b2c8-a80d53e3a786,e060f893-5b4b-48f7-b2c8-a80d53e3a786,13835337-7eca-49e4-95d2-516353f83df4,osphranter rufus,0.99,AWC 135,Macropodidae,macropodidae,osphranter rufus
121a8097-6c2d-477e-a033-3677b55fe7c8,sequenceID:0dcaf772-03e5-4e4a-b50b-476d92aa14ec,0dcaf772-03e5-4e4a-b50b-476d92aa14ec,0dcaf772-03e5-4e4a-b50b-476d92aa14ec,13835337-7eca-49e4-95d2-516353f83df4,osphranter rufus,0.99,AWC 135,Macropodidae,macropodidae,osphranter rufus
20979239-7144-4db5-b152-ef6c21200bce,sequenceID:34a2f6bd-1b17-44fd-9f44-a944f87eca10,34a2f6bd-1b17-44fd-9f44-a944f87eca10,34a2f6bd-1b17-44fd-9f44-a944f87eca10,13835337-7eca-49e4-95d2-516353f83df4,Macrotis lagotis,0.54,AWC 135,Macropodidae,macropodidae,macrotis lagotis
85deee06-1b5d-4b8a-a9d1-896f52a097da,sequenceID:c08aff3e-073f-4cc4-aa24-906e2378966c,c08aff3e-073f-4cc4-aa24-906e2378966c,c08aff3e-073f-4cc4-aa24-906e2378966c,13835337-7eca-49e4-95d2-516353f83df4,Macropus dorsalis,0.76,AWC 135,Macropodidae,macropodidae,macropus dorsalis
78dbf1d3-0244-486a-a7e9-4d77825e5e20,sequenceID:7997f9a6-e6d1-47b8-88d8-91f3631e32f7,7997f9a6-e6d1-47b8-88d8-91f3631e32f7,7997f9a6-e6d1-47b8-88d8-91f3631e32f7,13835337-7eca-49e4-95d2-516353f83df4,osphranter rufus,0.99,AWC 135,Macropodidae,macropodidae,osphranter rufus
6cfc54cd-b9ad-445b-9059-f89685472281,sequenceID:396cc725-d707-42f9-8549-9455450780f6,396cc725-d707-42f9-8549-9455450780f6,396cc725-d707-42f9-8549-9455450780f6,13835337-7eca-49e4-95d2-516353f83df4,osphranter rufus,0.97,AWC 135,Macropodidae,macropodidae,osphranter rufus
8a511a6e-2ce0-44b1-8dd3-b7d005edf7a5,sequenceID:dda7242e-3ef6-4a3a-b248-6e101cc95dca,dda7242e-3ef6-4a3a-b248-6e101cc95dca,dda7242e-3ef6-4a3a-b248-6e101cc95dca,13835337-7eca-49e4-95d2-516353f83df4,osphranter rufus,0.98,AWC 135,Macropodidae,macropodidae,osphranter rufus
8fe6b51d-ee7b-4001-ae1a-28659f8b7b66,sequenceID:f86aeaa0-cf2a-4776-b2a1-97b6d43e69fd,f86aeaa0-cf2a-4776-b2a1-97b6d43e69fd,f86aeaa0-cf2a-4776-b2a1-97b6d43e69fd,13835337-7eca-49e4-95d2-516353f83df4,osphranter rufus,0.94,AWC 135,Macropodidae,macropodidae,osphranter rufus
54b11430-8d41-4cc6-8595-f16221165412,sequenceID:2349a002-7f53-499d-a3dd-6bd3a6c1ac84,2349a002-7f53-499d-a3dd-6bd3a6c1ac84,2349a002-7f53-499d-a3dd-6bd3a6c1ac84,13835337-7eca-49e4-95d2-516353f83df4,osphranter rufus,0.98,AWC 135,Macropodidae,macropodidae,osphranter rufus
567af945-4fb6-492c-8159-c92f4360bd53,sequenceID:d5a3cef3-b82a-4a71-a83a-fc57ca7d9f10,d5a3cef3-b82a-4a71-a83a-fc57ca7d9f10,d5a3cef3-b82a-4a71-a83a-fc57ca7d9f10,13835337-7eca-49e4-95d2-516353f83df4,osphranter rufus,1.0,AWC 135,Macropodidae,macropodidae,osphranter rufus
193a249c-f0bf-40f9-a8f0-d71f1cf5ddf5,sequenceID:4614d544-eeb9-47d3-b602-b8c9485b5ea3,4614d544-eeb9-47d3-b602-b8c9485b5ea3,4614d544-eeb9-47d3-b602-b8c9485b5ea3,13835337-7eca-49e4-95d2-516353f83df4,osphranter rufus,0.99,AWC 135,Macropodidae,macropodidae,osphranter rufus
78479336-ce5a-437b-9fdf-88c508dc4772,sequenceID:4d7dea67-3ba2-49eb-986f-b67adc9d9155,4d7dea67-3ba2-49eb-986f-b67adc9d9155,4d7dea67-3ba2-49eb-986f-b67adc9d9155,13835337-7eca-49e4-95d2-516353f83df4,osphranter rufus,0.99,AWC 135,Macropodidae,macropodidae,osphranter rufus
30f6a2fb-3e16-49c8-887d-2a9e5f5f9648,sequenceID:ff83eb81-396f-4c3e-9753-81cc5ad8ec0a,ff83eb81-396f-4c3e-9753-81cc5ad8ec0a,ff83eb81-396f-4c3e-9753-81cc5ad8ec0a,13835337-7eca-49e4-95d2-516353f83df4,osphranter rufus,1.0,AWC 135,Macropodidae,macropodidae,osphranter rufus
407947ec-2192-4e26-9305-7ae7cd9641b5,sequenceID:f467ea1a-e6f2-45eb-a6a7-650960a27403,f467ea1a-e6f2-45eb-a6a7-650960a27403,f467ea1a-e6f2-45eb-a6a7-650960a27403,13835337-7eca-49e4-95d2-516353f83df4,Macropus dorsalis,0.94,AWC 135,Macropodidae,macropodidae,macropus dorsalis
bfb386ac-dbbe-4730-8cab-1ec57658ef8c,sequenceID:c1503ad0-1d9d-4544-bcab-c9f95e77af11,c1503ad0-1d9d-4544-bcab-c9f95e77af11,c1503ad0-1d9d-4544-bcab-c9f95e77af11,13835337-7eca-49e4-95d2-516353f83df4,osphranter rufus,0.98,AWC 135,Macropodidae,macropodidae,osphranter rufus
ece49b88-5e6a-49e7-a58a-4a79058b1090,sequenceID:a7ea2830-90bb-41f3-ba3e-7896cf9e6208,a7ea2830-90bb-41f3-ba3e-7896cf9e6208,a7ea2830-90bb-41f3-ba3e-7896cf9e6208,13835337-7eca-49e4-95d2-516353f83df4,osphranter rufus,0.99,AWC 135,Macropodidae,macropodidae,osphranter rufus
7c704da7-12dd-48e1-97b9-6239fb6a177b,sequenceID:41ad6937-c93d-44f0-b5f5-5ed2c36b255f,41ad6937-c93d-44f0-b5f5-5ed2c36b255f,41ad6937-c93d-44f0-b5f5-5ed2c36b255f,13835337-7eca-49e4-95d2-516353f83df4,osphranter rufus,0.99,AWC 135,Macropodidae,macropodidae,osphranter rufus
c2c21d81-22ff-475f-9284-266ca60d3852,sequenceID:d766caba-2aa4-4d62-a2bd-07977eedc3bc,d766caba-2aa4-4d62-a2bd-07977eedc3bc,d766caba-2aa4-4d62-a2bd-07977eedc3bc,13835337-7eca-49e4-95d2-516353f83df4,Macropus dorsalis,0.52,AWC 135,Macropodidae,macropodidae,macropus dorsalis
468e5316-4e69-4764-92df-19c3db46f647,sequenceID:948edebe-b757-4b92-b188-ae2588573a2d,948edebe-b757-4b92-b188-ae2588573a2d,948edebe-b757-4b92-b188-ae2588573a2d,13835337-7eca-49e4-95d2-516353f83df4,Bettongia lesueur,0.84,AWC 135,Macropodidae,macropodidae,bettongia lesueur
fd044d12-4274-4239-858d-cd9962a72f2e,sequenceID:e442bb31-0c09-438c-98b0-d49736d99742,e442bb31-0c09-438c-98b0-d49736d99742,e442bb31-0c09-438c-98b0-d49736d99742,13835337-7eca-49e4-95d2-516353f83df4,Cervidae,0.56,AWC 135,Macropodidae,macropodidae,cervidae
593084d5-5570-43b6-aa46-ef7f3e8b1786,sequenceID:d81522cd-4802-4a0d-9283-fad8108b4f73,d81522cd-4802-4a0d-9283-fad8108b4f73,d81522cd-4802-4a0d-9283-fad8108b4f73,13835337-7eca-49e4-95d2-516353f83df4,osphranter rufus,0.77,AWC 135,Macropodidae,macropodidae,osphranter rufus
4a2da8a8-6a31-4c3b-9c1c-1fdbb1e958f4,sequenceID:a336a751-9baa-4002-bbba-78c0277eda20,a336a751-9baa-4002-bbba-78c0277eda20,a336a751-9baa-4002-bbba-78c0277eda20,13835337-7eca-49e4-95d2-516353f83df4,Onychogalea fraenata,0.63,AWC 135,Macropodidae,macropodidae,onychogalea fraenata
57fd3ccd-c065-48f6-aa08-917f91b5911c,sequenceID:95814357-4bb1-49dc-8df4-8da05137a1bc,95814357-4bb1-49dc-8df4-8da05137a1bc,95814357-4bb1-49dc-8df4-8da05137a1bc,13835337-7eca-49e4-95d2-516353f83df4,Macropus dorsalis,0.93,AWC 135,Macropodidae,macropodidae,macropus dorsalis
a5de1eab-821c-4be2-9265-0baec36d6811,sequenceID:bf81ae4f-fa58-4287-a3be-16a1c1f4a723,bf81ae4f-fa58-4287-a3be-16a1c1f4a723,bf81ae4f-fa58-4287-a3be-16a1c1f4a723,13835337-7eca-49e4-95d2-516353f83df4,osphranter rufus,0.99,AWC 135,Macropodidae,macropodidae,osphranter rufus
a3f6cb33-f164-454e-b179-cbbea9afb80c,sequenceID:fad4db85-d919-4632-88f6-99d19dc61b1b,fad4db85-d919-4632-88f6-99d19dc61b1b,fad4db85-d919-4632-88f6-99d19dc61b1b,13835337-7eca-49e4-95d2-516353f83df4,osphranter rufus,1.0,AWC 135,Macropodidae,macropodidae,osphranter rufus
dcc42bd9-ef44-4bcd-adc2-097d659a6614,sequenceID:1f8977a9-46f9-4461-864a-502234d4cd25,1f8977a9-46f9-4461-864a-502234d4cd25,1f8977a9-46f9-4461-864a-502234d4cd25,13835337-7eca-49e4-95d2-516353f83df4,osphranter rufus,0.77,AWC 135,Macropodidae,macropodidae,osphranter rufus
36a37ea3-b2b7-4261-b519-f87c54ae7f78,sequenceID:b26f8669-468a-4a86-b43d-289a25eb2b5d,b26f8669-468a-4a86-b43d-289a25eb2b5d,b26f8669-468a-4a86-b43d-289a25eb2b5d,13835337-7eca-49e4-95d2-516353f83df4,osphranter rufus,1.0,AWC 135,Macropodidae,macropodidae,osphranter rufus
67169bbd-14d0-4584-8b5b-e568621fcea5,sequenceID:471a9f38-cd3b-4894-b4fb-af15666ff0bb,471a9f38-cd3b-4894-b4fb-af15666ff0bb,471a9f38-cd3b-4894-b4fb-af15666ff0bb,13835337-7eca-49e4-95d2-516353f83df4,osphranter rufus,0.99,AWC 135,Macropodidae,macropodidae,osphranter rufus
704a5d31-6e05-4f9f-8f49-f19cc11cfb7a,sequenceID:b588805a-6f96-4122-98cd-19ce09b073ac,b588805a-6f96-4122-98cd-19ce09b073ac,b588805a-6f96-4122-98cd-19ce09b073ac,13835337-7eca-49e4-95d2-516353f83df4,osphranter rufus,1.0,AWC 135,Macropodidae,macropodidae,osphranter rufus
2d4f1a4b-c642-4313-8095-1c3a06fc2273,sequenceID:41c30fc5-d9cb-45db-a02e-9d2843e518fa,41c30fc5-d9cb-45db-a02e-9d2843e518fa,41c30fc5-d9cb-45db-a02e-9d2843e518fa,13835337-7eca-49e4-95d2-516353f83df4,osphranter rufus,1.0,AWC 135,Macropodidae,macropodidae,osphranter rufus
86e4e110-7c2a-4a1b-9cdf-edf1a285bd7e,sequenceID:f47bc919-0bd0-4338-8c0d-a03bf2a65cac,f47bc919-0bd0-4338-8c0d-a03bf2a65cac,f47bc919-0bd0-4338-8c0d-a03bf2a65cac,13835337-7eca-49e4-95d2-516353f83df4,Osphranter robustus,0.51,AWC 135,Macropodidae,macropodidae,osphranter robustus
f1afccb4-8269-4eff-a5d8-b503deeb22b7,sequenceID:4db9dc18-6a0f-4f67-b0c0-3e246ece50e6,4db9dc18-6a0f-4f67-b0c0-3e246ece50e6,4db9dc18-6a0f-4f67-b0c0-3e246ece50e6,13835337-7eca-49e4-95d2-516353f83df4,osphranter rufus,0.85,AWC 135,Macropodidae,macropodidae,osphranter rufus
ea24c0a0-c48c-453a-b445-17740a3f67ca,sequenceID:c152fcfa-b3af-4ed9-9afb-f017fdb998ce,c152fcfa-b3af-4ed9-9afb-f017fdb998ce,c152fcfa-b3af-4ed9-9afb-f017fdb998ce,13835337-7eca-49e4-95d2-516353f83df4,osphranter rufus,1.0,AWC 135,Macropodidae,macropodidae,osphranter rufus
59000718-bbc1-4a75-961f-8f657067b7dd,sequenceID:741fcc4d-9fce-414f-8523-ab535ef58161,741fcc4d-9fce-414f-8523-ab535ef58161,741fcc4d-9fce-414f-8523-ab535ef58161,13835337-7eca-49e4-95d2-516353f83df4,osphranter rufus,0.99,AWC 135,Macropodidae,macropodidae,osphranter rufus
ee06baa3-2924-4ef9-a26a-832d63d9a029,sequenceID:20d0106e-eb69-4494-8ac1-ef7a6c5cfe4f,20d0106e-eb69-4494-8ac1-ef7a6c5cfe4f,20d0106e-eb69-4494-8ac1-ef7a6c5cfe4f,13835337-7eca-49e4-95d2-516353f83df4,osphranter rufus,0.99,AWC 135,Macropodidae,macropodidae,osphranter rufus
9baa0932-ea89-4619-afaf-40cb9211af03,sequenceID:12491999-8c8a-41ab-9aab-83c2d2764c2d,12491999-8c8a-41ab-9aab-83c2d2764c2d,12491999-8c8a-41ab-9aab-83c2d2764c2d,13835337-7eca-49e4-95d2-516353f83df4,osphranter rufus,0.99,AWC 135,Macropodidae,macropodidae,osphranter rufus
08ed45c9-0810-44b6-a39a-e0ea5443782e,sequenceID:45c987d8-d1d8-4b4e-b899-46690ae153e0,45c987d8-d1d8-4b4e-b899-46690ae153e0,45c987d8-d1d8-4b4e-b899-46690ae153e0,13835337-7eca-49e4-95d2-516353f83df4,osphranter rufus,1.0,AWC 135,Macropodidae,macropodidae,osphranter rufus
ef3d00b8-5bed-40dc-a550-6f33890c4948,sequenceID:1295a05f-b024-4925-84c0-f27bc9f300d6,1295a05f-b024-4925-84c0-f27bc9f300d6,1295a05f-b024-4925-84c0-f27bc9f300d6,13835337-7eca-49e4-95d2-516353f83df4,osphranter rufus,0.99,AWC 135,Macropodidae,macropodidae,osphranter rufus
1a7a5677-7b01-4f5d-99ad-ee50583f46e6,sequenceID:9db0e1f5-5c60-4e6f-a795-1af1ee3c3292,9db0e1f5-5c60-4e6f-a795-1af1ee3c3292,9db0e1f5-5c60-4e6f-a795-1af1ee3c3292,13835337-7eca-49e4-95d2-516353f83df4,osphranter rufus,0.99,AWC 135,Macropodidae,macropodidae,osphranter rufus
1a81a2e7-dcef-475d-a899-994833bc507d,sequenceID:60ac6ce1-7a09-44ac-99ab-06b93c25658a,60ac6ce1-7a09-44ac-99ab-06b93c25658a,60ac6ce1-7a09-44ac-99ab-06b93c25658a,13835337-7eca-49e4-95d2-516353f83df4,osphranter rufus,0.67,AWC 135,Macropodidae,macropodidae,osphranter rufus
24840708-d6ec-4d19-9eff-302d2b71031f,sequenceID:6c457c20-d980-44f4-b0ce-20a21fe03f3a,6c457c20-d980-44f4-b0ce-20a21fe03f3a,6c457c20-d980-44f4-b0ce-20a21fe03f3a,13835337-7eca-49e4-95d2-516353f83df4,osphranter rufus,1.0,AWC 135,Macropodidae,macropodidae,osphranter rufus
24840708-d6ec-4d19-9eff-302d2b71031f,sequenceID:6c457c20-d980-44f4-b0ce-20a21fe03f3a,6c457c20-d980-44f4-b0ce-20a21fe03f3a,6c457c20-d980-44f4-b0ce-20a21fe03f3a,13835337-7eca-49e4-95d2-516353f83df4,Bettongia lesueur,0.77,AWC 135,Macropodidae,macropodidae,bettongia lesueur
980c7c64-2732-4be7-9dfe-bb0ba8da241f,sequenceID:c2731201-a5c5-4117-9300-b32cd9a71346,c2731201-a5c5-4117-9300-b32cd9a71346,c2731201-a5c5-4117-9300-b32cd9a71346,13835337-7eca-49e4-95d2-516353f83df4,Canis familiaris,0.51,AWC 135,Macropodidae,macropodidae,canis familiaris
96976708-f224-4d25-b594-c8bb735eaad1,sequenceID:716afaa0-ebea-4e0e-94e9-e7175619119b,716afaa0-ebea-4e0e-94e9-e7175619119b,716afaa0-ebea-4e0e-94e9-e7175619119b,13835337-7eca-49e4-95d2-516353f83df4,osphranter rufus,0.9,AWC 135,Macropodidae,macropodidae,osphranter rufus
2c8ca4c9-b7d1-4a57-b1e8-0e0470483794,sequenceID:97300883-6f7c-4364-9652-5ab0bbd4fbac,97300883-6f7c-4364-9652-5ab0bbd4fbac,97300883-6f7c-4364-9652-5ab0bbd4fbac,13835337-7eca-49e4-95d2-516353f83df4,Bos taurus,0.99,AWC 135,Macropodidae,macropodidae,bos taurus
f4b06994-27ec-4a4c-8985-a82a800210c5,sequenceID:5f298b62-c8ac-4e95-9436-864c7f1c53b6,5f298b62-c8ac-4e95-9436-864c7f1c53b6,5f298b62-c8ac-4e95-9436-864c7f1c53b6,13835337-7eca-49e4-95d2-516353f83df4,Bos taurus,0.99,AWC 135,Macropodidae,macropodidae,bos taurus
2b01b446-47d6-4406-a9cb-aaaa0b27ee86,sequenceID:8e51fbb0-e8ef-4b6e-9d41-8c115d916567,8e51fbb0-e8ef-4b6e-9d41-8c115d916567,8e51fbb0-e8ef-4b6e-9d41-8c115d916567,13835337-7eca-49e4-95d2-516353f83df4,Bos taurus,0.99,AWC 135,Macropodidae,macropodidae,bos taurus
e52900f2-59ae-4e82-9b3a-eb4f4dd456cd,sequenceID:0482f9e9-8bd9-4c19-85ce-3c589a8a206d,0482f9e9-8bd9-4c19-85ce-3c589a8a206d,0482f9e9-8bd9-4c19-85ce-3c589a8a206d,13835337-7eca-49e4-95d2-516353f83df4,Bos taurus,0.99,AWC 135,Macropodidae,macropodidae,bos taurus
9e02a62f-3ea7-4829-b152-d221bd2bb926,sequenceID:13902b03-62c1-4b2d-9fd4-3ac6096dede7,13902b03-62c1-4b2d-9fd4-3ac6096dede7,13902b03-62c1-4b2d-9fd4-3ac6096dede7,13835337-7eca-49e4-95d2-516353f83df4,Canis familiaris,0.92,AWC 135,Macropodidae,macropodidae,canis familiaris
f9673c94-5e5a-417c-94db-c281790608b0,sequenceID:096ef189-7cb1-436d-b23f-04d1c32f4d53,096ef189-7cb1-436d-b23f-04d1c32f4d53,096ef189-7cb1-436d-b23f-04d1c32f4d53,13835337-7eca-49e4-95d2-516353f83df4,Canis familiaris,1.0,AWC 135,Macropodidae,macropodidae,canis familiaris
f5b75b11-deae-43b0-816b-b40889aefd23,sequenceID:89c06bcc-6df1-4dfe-809d-bbeb50ca78b1,89c06bcc-6df1-4dfe-809d-bbeb50ca78b1,89c06bcc-6df1-4dfe-809d-bbeb50ca78b1,13835337-7eca-49e4-95d2-516353f83df4,Osphranter robustus,0.88,AWC 135,Macropodidae,macropodidae,osphranter robustus
7344428d-bb65-4c19-958e-ed543b7a836d,sequenceID:996e803e-1930-42bb-97c7-2c3e2a880386,996e803e-1930-42bb-97c7-2c3e2a880386,996e803e-1930-42bb-97c7-2c3e2a880386,13835337-7eca-49e4-95d2-516353f83df4,osphranter rufus,0.99,AWC 135,Macropodidae,macropodidae,osphranter rufus
788f4713-36cc-42a0-b135-5703b7f38d4c,sequenceID:9d51ee1a-182e-4cb3-a617-242b37778da5,9d51ee1a-182e-4cb3-a617-242b37778da5,9d51ee1a-182e-4cb3-a617-242b37778da5,13835337-7eca-49e4-95d2-516353f83df4,osphranter rufus,0.8,AWC 135,Macropodidae,macropodidae,osphranter rufus
8251d5c5-bd9b-4317-9c5d-53077d04dbec,sequenceID:2a60dae8-207d-495e-b678-3da92f65e959,2a60dae8-207d-495e-b678-3da92f65e959,2a60dae8-207d-495e-b678-3da92f65e959,13835337-7eca-49e4-95d2-516353f83df4,osphranter rufus,0.93,AWC 135,Macropodidae,macropodidae,osphranter rufus
b8c35542-e79f-4e65-a8f1-33609c0a477e,sequenceID:737d06d5-ffa2-4693-bc68-5b9b13019903,737d06d5-ffa2-4693-bc68-5b9b13019903,737d06d5-ffa2-4693-bc68-5b9b13019903,13835337-7eca-49e4-95d2-516353f83df4,osphranter rufus,1.0,AWC 135,Macropodidae,macropodidae,osphranter rufus
f08dbf86-3e18-4426-9256-b59d0bcc5d6f,sequenceID:7dbb0dd6-a6ad-465d-9673-68500a05b1e0,7dbb0dd6-a6ad-465d-9673-68500a05b1e0,7dbb0dd6-a6ad-465d-9673-68500a05b1e0,13835337-7eca-49e4-95d2-516353f83df4,osphranter rufus,1.0,AWC 135,Macropodidae,macropodidae,osphranter rufus
47ce8480-10b9-4f47-9c23-5a43674e9c62,sequenceID:4730b378-f5cf-4930-9d98-994d7c6cbe30,4730b378-f5cf-4930-9d98-994d7c6cbe30,4730b378-f5cf-4930-9d98-994d7c6cbe30,13835337-7eca-49e4-95d2-516353f83df4,osphranter rufus,0.98,AWC 135,Macropodidae,macropodidae,osphranter rufus
988c4e62-5ee6-4f65-bc11-133433693ce3,sequenceID:6a429efd-3d2e-4b76-b25f-a12115a626d7,6a429efd-3d2e-4b76-b25f-a12115a626d7,6a429efd-3d2e-4b76-b25f-a12115a626d7,13835337-7eca-49e4-95d2-516353f83df4,osphranter rufus,0.95,AWC 135,Macropodidae,macropodidae,osphranter rufus
4bb73080-4494-4484-9a1f-e64c0cbe0bba,sequenceID:a5171754-702c-4b2e-8c95-d16a72dc7192,a5171754-702c-4b2e-8c95-d16a72dc7192,a5171754-702c-4b2e-8c95-d16a72dc7192,13835337-7eca-49e4-95d2-516353f83df4,osphranter rufus,0.92,AWC 135,Macropodidae,macropodidae,osphranter rufus
4fb39f1e-c566-44e6-b778-ec5dd9907c10,sequenceID:399c9edd-7e4a-421c-853a-b0ffe100f87d,399c9edd-7e4a-421c-853a-b0ffe100f87d,399c9edd-7e4a-421c-853a-b0ffe100f87d,13835337-7eca-49e4-95d2-516353f83df4,osphranter rufus,0.64,AWC 135,Macropodidae,macropodidae,osphranter rufus
24281253-d807-4463-a4d7-36d9b6101e0d,sequenceID:62ae74b6-1c01-48c6-b7ac-a88a9f93500c,62ae74b6-1c01-48c6-b7ac-a88a9f93500c,62ae74b6-1c01-48c6-b7ac-a88a9f93500c,13835337-7eca-49e4-95d2-516353f83df4,osphranter rufus,0.64,AWC 135,Macropodidae,macropodidae,osphranter rufus
f611968e-c152-4ea8-b484-738f7143814d,sequenceID:8267d018-994f-424d-9c66-59905efdc3ea,8267d018-994f-424d-9c66-59905efdc3ea,8267d018-994f-424d-9c66-59905efdc3ea,13835337-7eca-49e4-95d2-516353f83df4,osphranter rufus,0.99,AWC 135,Macropodidae,macropodidae,osphranter rufus
235f6065-4a97-4d0c-a7ff-1482705e243f,sequenceID:8db752c2-ef5f-4b9e-81ec-b779d4aee933,8db752c2-ef5f-4b9e-81ec-b779d4aee933,8db752c2-ef5f-4b9e-81ec-b779d4aee933,13835337-7eca-49e4-95d2-516353f83df4,Equus,0.95,AWC 135,Macropodidae,macropodidae,equus
e9d86f3f-af0f-4b4c-9772-366e91989f9c,sequenceID:21b3aba7-9547-4773-9947-334185a4315b,21b3aba7-9547-4773-9947-334185a4315b,21b3aba7-9547-4773-9947-334185a4315b,13835337-7eca-49e4-95d2-516353f83df4,Capra hircus,0.99,AWC 135,Macropodidae,macropodidae,capra hircus
799b6fd6-ebba-4ba2-8d4a-dfe02c27124e,sequenceID:3b8b4cc8-57ce-4337-a633-7101b7ec39b0,3b8b4cc8-57ce-4337-a633-7101b7ec39b0,3b8b4cc8-57ce-4337-a633-7101b7ec39b0,13835337-7eca-49e4-95d2-516353f83df4,Macropus dorsalis,0.58,AWC 135,Macropodidae,macropodidae,macropus dorsalis
7bbcaffe-076a-4f6d-9bb2-4aac111ed78d,sequenceID:b8713664-191d-4573-8c5e-a4aaa3ff3eff,b8713664-191d-4573-8c5e-a4aaa3ff3eff,b8713664-191d-4573-8c5e-a4aaa3ff3eff,13835337-7eca-49e4-95d2-516353f83df4,Osphranter robustus,0.84,AWC 135,Macropodidae,macropodidae,osphranter robustus
c91ad9ab-4836-497e-a1b3-dd38c989c371,sequenceID:9a8dc021-fb5c-4938-a7a3-6ab3ea2a8ff7,9a8dc021-fb5c-4938-a7a3-6ab3ea2a8ff7,9a8dc021-fb5c-4938-a7a3-6ab3ea2a8ff7,13835337-7eca-49e4-95d2-516353f83df4,Canis familiaris,0.98,AWC 135,Macropodidae,macropodidae,canis familiaris
b23e5fc4-6aaf-4863-a3d5-6b54472a5e7c,sequenceID:1a6e0355-3fa9-432e-b02c-9de325005e1e,1a6e0355-3fa9-432e-b02c-9de325005e1e,1a6e0355-3fa9-432e-b02c-9de325005e1e,13835337-7eca-49e4-95d2-516353f83df4,,0.0,,Macropodidae,macropodidae,nan
c8b87b70-acea-474f-bf67-a8a0689692db,sequenceID:7ae8f2b5-82f0-4c57-b699-c176dfadf33d,7ae8f2b5-82f0-4c57-b699-c176dfadf33d,7ae8f2b5-82f0-4c57-b699-c176dfadf33d,13835337-7eca-49e4-95d2-516353f83df4,osphranter rufus,0.64,AWC 135,Macropodidae,macropodidae,osphranter rufus
c44f29c9-7918-44ae-b217-11bbadd25f9b,sequenceID:2a09cd1f-5b5a-41a7-9c05-3cd9139db7af,2a09cd1f-5b5a-41a7-9c05-3cd9139db7af,2a09cd1f-5b5a-41a7-9c05-3cd9139db7af,13835337-7eca-49e4-95d2-516353f83df4,osphranter rufus,0.99,AWC 135,Macropodidae,macropodidae,osphranter rufus
7edf2c50-a4c2-44b7-986e-2e47d30376d0,sequenceID:6694d149-2936-41ab-b637-36605d121290,6694d149-2936-41ab-b637-36605d121290,6694d149-2936-41ab-b637-36605d121290,13835337-7eca-49e4-95d2-516353f83df4,osphranter rufus,0.99,AWC 135,Macropodidae,macropodidae,osphranter rufus
56a6577d-77ea-4dc8-b0bb-dc85348f0a7b,sequenceID:91b7b7bb-6cd3-4497-93b2-0cc7802210af,91b7b7bb-6cd3-4497-93b2-0cc7802210af,91b7b7bb-6cd3-4497-93b2-0cc7802210af,13835337-7eca-49e4-95d2-516353f83df4,osphranter rufus,0.98,AWC 135,Macropodidae,macropodidae,osphranter rufus
797d4674-958c-464f-bafb-2c8ca60a3e58,sequenceID:1abda4ec-587c-4ecb-99c2-67f8b0f97641,1abda4ec-587c-4ecb-99c2-67f8b0f97641,1abda4ec-587c-4ecb-99c2-67f8b0f97641,13835337-7eca-49e4-95d2-516353f83df4,osphranter rufus,0.99,AWC 135,Macropodidae,macropodidae,osphranter rufus
e94bc872-c938-4524-9ddc-12b5716e6721,sequenceID:4b7e9c97-5f8b-4591-aa12-fdd0877f4282,4b7e9c97-5f8b-4591-aa12-fdd0877f4282,4b7e9c97-5f8b-4591-aa12-fdd0877f4282,13835337-7eca-49e4-95d2-516353f83df4,osphranter rufus,0.94,AWC 135,Macropodidae,macropodidae,osphranter rufus
68aa092f-f542-4e03-a7f7-54dc52a2ecdc,sequenceID:ce0e046b-93ea-455d-b11e-ab040d8f1cf0,ce0e046b-93ea-455d-b11e-ab040d8f1cf0,ce0e046b-93ea-455d-b11e-ab040d8f1cf0,13835337-7eca-49e4-95d2-516353f83df4,osphranter rufus,0.89,AWC 135,Macropodidae,macropodidae,osphranter rufus
577245cd-e5f0-4287-9675-239f2b0b95b9,sequenceID:204346bc-6cf2-4b6d-aba0-27c22d420243,204346bc-6cf2-4b6d-aba0-27c22d420243,204346bc-6cf2-4b6d-aba0-27c22d420243,13835337-7eca-49e4-95d2-516353f83df4,osphranter rufus,0.99,AWC 135,Macropodidae,macropodidae,osphranter rufus
072ca0b9-58b8-4da1-9bc4-8ae7faa05a55,sequenceID:009bc0f9-dfd0-4606-ab0c-71c641c1826d,009bc0f9-dfd0-4606-ab0c-71c641c1826d,009bc0f9-dfd0-4606-ab0c-71c641c1826d,13835337-7eca-49e4-95d2-516353f83df4,osphranter rufus,1.0,AWC 135,Macropodidae,macropodidae,osphranter rufus
4da2bcd0-11e4-413e-a663-c150c72cf587,sequenceID:a0cbbf41-0d6b-43e8-b1c5-6f7d78764979,a0cbbf41-0d6b-43e8-b1c5-6f7d78764979,a0cbbf41-0d6b-43e8-b1c5-6f7d78764979,13835337-7eca-49e4-95d2-516353f83df4,Macropus dorsalis,0.68,AWC 135,Macropodidae,macropodidae,macropus dorsalis
f6836e94-a9a5-4111-9e5b-6ff6a234adbe,sequenceID:259fd50f-d69c-4e47-bcfd-bfe77ef08b81,259fd50f-d69c-4e47-bcfd-bfe77ef08b81,259fd50f-d69c-4e47-bcfd-bfe77ef08b81,13835337-7eca-49e4-95d2-516353f83df4,osphranter rufus,0.99,AWC 135,Macropodidae,macropodidae,osphranter rufus
73dc9b30-c825-4580-97ce-c597762b1c7b,sequenceID:051e3720-3ec2-4970-b88c-ddbb26ed8c81,051e3720-3ec2-4970-b88c-ddbb26ed8c81,051e3720-3ec2-4970-b88c-ddbb26ed8c81,13835337-7eca-49e4-95d2-516353f83df4,osphranter rufus,0.99,AWC 135,Macropodidae,macropodidae,osphranter rufus
75c1030a-926b-40f4-9484-b3ac474f4f7c,sequenceID:c9f22544-83ee-4f80-9f5e-1fc3820fffd5,c9f22544-83ee-4f80-9f5e-1fc3820fffd5,c9f22544-83ee-4f80-9f5e-1fc3820fffd5,13835337-7eca-49e4-95d2-516353f83df4,Canis familiaris,0.77,AWC 135,Macropodidae,macropodidae,canis familiaris
3ade4d72-57ea-41af-8fdd-ec4e6c31889c,sequenceID:ad1d67be-d782-4e84-ae3e-e6a6cdecb8f7,ad1d67be-d782-4e84-ae3e-e6a6cdecb8f7,ad1d67be-d782-4e84-ae3e-e6a6cdecb8f7,13835337-7eca-49e4-95d2-516353f83df4,osphranter rufus,0.69,AWC 135,Macropodidae,macropodidae,osphranter rufus
44975b74-1dec-41ba-9dee-40737905182c,sequenceID:19c711f0-57b5-4ac5-a392-8c60f4e10798,19c711f0-57b5-4ac5-a392-8c60f4e10798,19c711f0-57b5-4ac5-a392-8c60f4e10798,13835337-7eca-49e4-95d2-516353f83df4,osphranter rufus,0.89,AWC 135,Macropodidae,macropodidae,osphranter rufus
9b3cdda1-868d-4be9-99ee-fdc20ef6c7b6,sequenceID:a81763af-8283-444a-9caa-e699fb1b6cfd,a81763af-8283-444a-9caa-e699fb1b6cfd,a81763af-8283-444a-9caa-e699fb1b6cfd,13835337-7eca-49e4-95d2-516353f83df4,,0.0,,Macropodidae,macropodidae,nan
c3a7733c-2588-4d77-ba25-b92be89dd99d,sequenceID:dad4928e-57f6-4a45-abbd-66c67db556c6,dad4928e-57f6-4a45-abbd-66c67db556c6,dad4928e-57f6-4a45-abbd-66c67db556c6,13835337-7eca-49e4-95d2-516353f83df4,Capra hircus,0.99,AWC 135,Macropodidae,macropodidae,capra hircus
745394b3-b71e-432d-8729-f04669df37a2,sequenceID:fe68b328-29cc-410b-a942-5bc089485bbb,fe68b328-29cc-410b-a942-5bc089485bbb,fe68b328-29cc-410b-a942-5bc089485bbb,13835337-7eca-49e4-95d2-516353f83df4,Capra hircus,0.99,AWC 135,Macropodidae,macropodidae,capra hircus
609ed8cf-0710-4c82-86ae-488d62a7210e,sequenceID:6097aa9d-ee67-4623-af94-21a4c1cfb904,6097aa9d-ee67-4623-af94-21a4c1cfb904,6097aa9d-ee67-4623-af94-21a4c1cfb904,13835337-7eca-49e4-95d2-516353f83df4,Osphranter robustus,0.58,AWC 135,Macropodidae,macropodidae,osphranter robustus
fbdf6d9e-d81d-47ee-80f2-9e077333a3c9,sequenceID:fc0245e5-7162-49f7-9aa2-7fc1791ef4bb,fc0245e5-7162-49f7-9aa2-7fc1791ef4bb,fc0245e5-7162-49f7-9aa2-7fc1791ef4bb,13835337-7eca-49e4-95d2-516353f83df4,Capra hircus,0.99,AWC 135,Macropodidae,macropodidae,capra hircus
510c99c4-bf54-4e52-8270-a907dd8f7155,sequenceID:b8ecf988-6974-4d50-9f39-4582eb8eaab3,b8ecf988-6974-4d50-9f39-4582eb8eaab3,b8ecf988-6974-4d50-9f39-4582eb8eaab3,13835337-7eca-49e4-95d2-516353f83df4,osphranter rufus,0.98,AWC 135,Macropodidae,macropodidae,osphranter rufus
20ec28b3-dc8a-490e-8bd4-bdf047b0130c,sequenceID:cd57d756-7431-4aff-a5e3-dd19c9fd56cf,cd57d756-7431-4aff-a5e3-dd19c9fd56cf,cd57d756-7431-4aff-a5e3-dd19c9fd56cf,13835337-7eca-49e4-95d2-516353f83df4,Capra hircus,0.54,AWC 135,Macropodidae,macropodidae,capra hircus
b79a1090-b359-4f3c-8b6b-d70b924e52d0,sequenceID:4d1f2fb0-bd13-4251-b336-35dc37602397,4d1f2fb0-bd13-4251-b336-35dc37602397,4d1f2fb0-bd13-4251-b336-35dc37602397,13835337-7eca-49e4-95d2-516353f83df4,Capra hircus,0.99,AWC 135,Macropodidae,macropodidae,capra hircus
bb1a61ab-756c-47dd-bcf9-d1b2876b61f3,sequenceID:d57c1504-7882-48c0-ac02-cbcf5011e762,d57c1504-7882-48c0-ac02-cbcf5011e762,d57c1504-7882-48c0-ac02-cbcf5011e762,13835337-7eca-49e4-95d2-516353f83df4,osphranter rufus,1.0,AWC 135,Macropodidae,macropodidae,osphranter rufus
15bbdd04-8833-4138-8cb4-62f8d407de51,sequenceID:6fa966ff-24f8-4d45-9baf-993452e7347e,6fa966ff-24f8-4d45-9baf-993452e7347e,6fa966ff-24f8-4d45-9baf-993452e7347e,13835337-7eca-49e4-95d2-516353f83df4,Osphranter robustus,0.68,AWC 135,Macropodidae,macropodidae,osphranter robustus
f6574a86-bacc-4620-ba7e-af5cd4fab52f,sequenceID:8a182ea8-5c5b-4b0a-9c10-03f93cb152d7,8a182ea8-5c5b-4b0a-9c10-03f93cb152d7,8a182ea8-5c5b-4b0a-9c10-03f93cb152d7,13835337-7eca-49e4-95d2-516353f83df4,Bettongia lesueur,0.54,AWC 135,Macropodidae,macropodidae,bettongia lesueur
14fef1df-e261-460f-82ad-d8f38901f3f9,sequenceID:ffcf6844-75f5-4b6b-b3f3-24affe10f3ec,ffcf6844-75f5-4b6b-b3f3-24affe10f3ec,ffcf6844-75f5-4b6b-b3f3-24affe10f3ec,13835337-7eca-49e4-95d2-516353f83df4,Macropus dorsalis,0.95,AWC 135,Macropodidae,macropodidae,macropus dorsalis
69223d56-bb10-4cc5-b620-f687ea0717b1,sequenceID:ec629e6b-7f43-4dd8-b2c5-c03579e05126,ec629e6b-7f43-4dd8-b2c5-c03579e05126,ec629e6b-7f43-4dd8-b2c5-c03579e05126,13835337-7eca-49e4-95d2-516353f83df4,Vulpes vulpes,0.78,AWC 135,Macropodidae,macropodidae,vulpes vulpes
a6060198-055e-482f-9db7-1bb044ee4a6e,sequenceID:9db2a023-2467-470c-aa78-1830584abad9,9db2a023-2467-470c-aa78-1830584abad9,9db2a023-2467-470c-aa78-1830584abad9,13835337-7eca-49e4-95d2-516353f83df4,osphranter rufus,1.0,AWC 135,Macropodidae,macropodidae,osphranter rufus
b2b832eb-d297-4e2f-9bc3-b5abbc994199,sequenceID:21b04fd9-d0a4-4966-b57d-9c3a84b27661,21b04fd9-d0a4-4966-b57d-9c3a84b27661,21b04fd9-d0a4-4966-b57d-9c3a84b27661,13835337-7eca-49e4-95d2-516353f83df4,osphranter rufus,1.0,AWC 135,Macropodidae,macropodidae,osphranter rufus
90b7cdb7-76dc-46a1-89a9-e81e6a9a3230,sequenceID:54cf5c13-1ebe-40a3-b778-5301ff6a21a7,54cf5c13-1ebe-40a3-b778-5301ff6a21a7,54cf5c13-1ebe-40a3-b778-5301ff6a21a7,13835337-7eca-49e4-95d2-516353f83df4,Canis familiaris,0.98,AWC 135,Macropodidae,macropodidae,canis familiaris
9affbd39-0c9c-41b0-b4b0-1aa01da776b7,sequenceID:76e8183c-2aae-4352-8d70-95ca91f6e0ce,76e8183c-2aae-4352-8d70-95ca91f6e0ce,76e8183c-2aae-4352-8d70-95ca91f6e0ce,13835337-7eca-49e4-95d2-516353f83df4,osphranter rufus,0.98,AWC 135,Macropodidae,macropodidae,osphranter rufus
fedc2a59-0434-4813-b9a5-25e786596878,sequenceID:1dc75758-c5dc-4d48-aa08-211350a4892a,1dc75758-c5dc-4d48-aa08-211350a4892a,1dc75758-c5dc-4d48-aa08-211350a4892a,13835337-7eca-49e4-95d2-516353f83df4,Vulpes vulpes,0.53,AWC 135,Macropodidae,macropodidae,vulpes vulpes
fedc2a59-0434-4813-b9a5-25e786596878,sequenceID:1dc75758-c5dc-4d48-aa08-211350a4892a,1dc75758-c5dc-4d48-aa08-211350a4892a,1dc75758-c5dc-4d48-aa08-211350a4892a,13835337-7eca-49e4-95d2-516353f83df4,osphranter rufus,0.99,AWC 135,Macropodidae,macropodidae,osphranter rufus
7a773059-8b95-47f0-80d1-5ffd6ff8c405,sequenceID:fd1bccd4-730a-44d8-b15e-e5eb5117d740,fd1bccd4-730a-44d8-b15e-e5eb5117d740,fd1bccd4-730a-44d8-b15e-e5eb5117d740,13835337-7eca-49e4-95d2-516353f83df4,Canis familiaris,0.68,AWC 135,Macropodidae,macropodidae,canis familiaris
e0193346-2c25-4a1d-a88b-e226974e0cd4,sequenceID:088b9dc6-5048-43a5-860f-f98ac9a1fc8e,088b9dc6-5048-43a5-860f-f98ac9a1fc8e,088b9dc6-5048-43a5-860f-f98ac9a1fc8e,13835337-7eca-49e4-95d2-516353f83df4,Canis familiaris,0.94,AWC 135,Macropodidae,macropodidae,canis familiaris
3d85c339-06b3-4522-b0a0-417e54a09cbc,sequenceID:d53653cf-29d8-4c96-99ca-b049d6e6c9e8,d53653cf-29d8-4c96-99ca-b049d6e6c9e8,d53653cf-29d8-4c96-99ca-b049d6e6c9e8,13835337-7eca-49e4-95d2-516353f83df4,,0.0,,Macropodidae,macropodidae,nan
4f3ede79-0279-474c-af07-3079cce3dd8d,sequenceID:acafa9ab-6fb6-4706-9e7a-7571c1207fb7,acafa9ab-6fb6-4706-9e7a-7571c1207fb7,acafa9ab-6fb6-4706-9e7a-7571c1207fb7,13835337-7eca-49e4-95d2-516353f83df4,osphranter rufus,0.98,AWC 135,Macropodidae,macropodidae,osphranter rufus
ead8e981-7341-4435-9a3c-f87cf023cc86,sequenceID:38c99ea1-b72e-4d48-9486-502e8d11022d,38c99ea1-b72e-4d48-9486-502e8d11022d,38c99ea1-b72e-4d48-9486-502e8d11022d,13835337-7eca-49e4-95d2-516353f83df4,osphranter rufus,1.0,AWC 135,Macropodidae,macropodidae,osphranter rufus
62a7815a-64fd-4c5d-881a-ea9688150c98,sequenceID:1b9fb808-875a-439c-81e8-7efeb22d6e29,1b9fb808-875a-439c-81e8-7efeb22d6e29,1b9fb808-875a-439c-81e8-7efeb22d6e29,13835337-7eca-49e4-95d2-516353f83df4,Macropus dorsalis,0.98,AWC 135,Macropodidae,macropodidae,macropus dorsalis
c36f2d9f-a7ec-4c4a-a11b-e2f98bf44037,sequenceID:1d5a6a43-dfda-41a8-bff2-06d9e232169d,1d5a6a43-dfda-41a8-bff2-06d9e232169d,1d5a6a43-dfda-41a8-bff2-06d9e232169d,13835337-7eca-49e4-95d2-516353f83df4,osphranter rufus,0.98,AWC 135,Macropodidae,macropodidae,osphranter rufus
5cc18b76-99c2-4b25-bed3-08feb959742e,sequenceID:6b6b562a-623b-4cbe-a885-a2611ae75fc2,6b6b562a-623b-4cbe-a885-a2611ae75fc2,6b6b562a-623b-4cbe-a885-a2611ae75fc2,13835337-7eca-49e4-95d2-516353f83df4,osphranter rufus,0.7,AWC 135,Macropodidae,macropodidae,osphranter rufus
df6a806d-f5dc-4cd7-96ef-d8d74fd5f994,sequenceID:20a9609f-4b0a-4915-a498-77d465596382,20a9609f-4b0a-4915-a498-77d465596382,20a9609f-4b0a-4915-a498-77d465596382,13835337-7eca-49e4-95d2-516353f83df4,osphranter rufus,0.96,AWC 135,Macropodidae,macropodidae,osphranter rufus
5b6dcde8-85f7-4926-aeb9-66a532981f84,sequenceID:e11666ba-2d1e-4146-9319-6049f5e8c85e,e11666ba-2d1e-4146-9319-6049f5e8c85e,e11666ba-2d1e-4146-9319-6049f5e8c85e,13835337-7eca-49e4-95d2-516353f83df4,osphranter rufus,0.97,AWC 135,Macropodidae,macropodidae,osphranter rufus
db691e8d-110c-4b52-89c4-10676920b8a5,sequenceID:f5e6b32a-eebf-49dc-8a84-dc1d110f02f0,f5e6b32a-eebf-49dc-8a84-dc1d110f02f0,f5e6b32a-eebf-49dc-8a84-dc1d110f02f0,13835337-7eca-49e4-95d2-516353f83df4,Macropus dorsalis,0.69,AWC 135,Macropodidae,macropodidae,macropus dorsalis
864d046c-b842-4e26-bc16-4eaedadeed35,sequenceID:b41be473-3281-4ca3-92dc-5fada9ef3c46,b41be473-3281-4ca3-92dc-5fada9ef3c46,b41be473-3281-4ca3-92dc-5fada9ef3c46,13835337-7eca-49e4-95d2-516353f83df4,Macropus dorsalis,0.94,AWC 135,Macropodidae,macropodidae,macropus dorsalis
fa171fda-baa9-4125-a292-f8dde222d878,sequenceID:8d747aa9-a45d-460e-80af-88664805961d,8d747aa9-a45d-460e-80af-88664805961d,8d747aa9-a45d-460e-80af-88664805961d,13835337-7eca-49e4-95d2-516353f83df4,osphranter rufus,0.95,AWC 135,Macropodidae,macropodidae,osphranter rufus
d9fbf13d-ad96-4bcb-974f-1c640cf44101,sequenceID:8f5ac6ec-9e6a-4b71-9823-3f52167c8504,8f5ac6ec-9e6a-4b71-9823-3f52167c8504,8f5ac6ec-9e6a-4b71-9823-3f52167c8504,13835337-7eca-49e4-95d2-516353f83df4,osphranter rufus,0.99,AWC 135,Macropodidae,macropodidae,osphranter rufus
2df06c3c-e5a7-4837-9f23-8889da07c1e2,sequenceID:3261a727-4498-4f05-9a15-66bdaa5f2231,3261a727-4498-4f05-9a15-66bdaa5f2231,3261a727-4498-4f05-9a15-66bdaa5f2231,13835337-7eca-49e4-95d2-516353f83df4,osphranter rufus,0.79,AWC 135,Macropodidae,macropodidae,osphranter rufus
b860a4e4-4d98-480b-a3f0-6510fc5f0db2,sequenceID:e0709e21-b577-4841-b087-f425f5d50957,e0709e21-b577-4841-b087-f425f5d50957,e0709e21-b577-4841-b087-f425f5d50957,13835337-7eca-49e4-95d2-516353f83df4,Macropus dorsalis,1.0,AWC 135,Macropodidae,macropodidae,macropus dorsalis
19e39342-dadd-4897-9ce7-18f91dc779ef,sequenceID:c6f21643-14d2-48cb-bfee-0b7b8007dd35,c6f21643-14d2-48cb-bfee-0b7b8007dd35,c6f21643-14d2-48cb-bfee-0b7b8007dd35,13835337-7eca-49e4-95d2-516353f83df4,osphranter rufus,1.0,AWC 135,Macropodidae,macropodidae,osphranter rufus
f535f7bb-f314-4c4a-911a-c3dcfb788143,sequenceID:e14dc1c4-bb7b-4a55-825f-c38a47519565,e14dc1c4-bb7b-4a55-825f-c38a47519565,e14dc1c4-bb7b-4a55-825f-c38a47519565,13835337-7eca-49e4-95d2-516353f83df4,osphranter rufus,0.97,AWC 135,Macropodidae,macropodidae,osphranter rufus
3e7396b6-04a9-445b-98d6-633ad73f8253,sequenceID:a7b66c77-6d8e-40ad-9c99-5a58c915581e,a7b66c77-6d8e-40ad-9c99-5a58c915581e,a7b66c77-6d8e-40ad-9c99-5a58c915581e,13835337-7eca-49e4-95d2-516353f83df4,osphranter rufus,0.57,AWC 135,Macropodidae,macropodidae,osphranter rufus
c5b9c09e-53f5-4d1d-8e61-5da8c8d9f17b,sequenceID:bcaaa6b1-486b-4841-bb65-4ff5b035d566,bcaaa6b1-486b-4841-bb65-4ff5b035d566,bcaaa6b1-486b-4841-bb65-4ff5b035d566,13835337-7eca-49e4-95d2-516353f83df4,osphranter rufus,0.99,AWC 135,Macropodidae,macropodidae,osphranter rufus
946aa5ca-5e26-46b0-8f0c-b37d996f2f26,sequenceID:561900ee-4ee0-4a09-98d2-8d7cf4a4b1db,561900ee-4ee0-4a09-98d2-8d7cf4a4b1db,561900ee-4ee0-4a09-98d2-8d7cf4a4b1db,13835337-7eca-49e4-95d2-516353f83df4,Onychogalea unguifera,0.67,AWC 135,Macropodidae,macropodidae,onychogalea unguifera
5dd05c34-afd5-40a4-a0c1-6df7a3d4dfb2,sequenceID:dcf4f426-1b81-4cdc-b70e-c7f85d045507,dcf4f426-1b81-4cdc-b70e-c7f85d045507,dcf4f426-1b81-4cdc-b70e-c7f85d045507,13835337-7eca-49e4-95d2-516353f83df4,osphranter rufus,0.86,AWC 135,Macropodidae,macropodidae,osphranter rufus
0f8776b7-bb83-48ee-96c2-03f7116f8986,sequenceID:57c876d2-0e7f-497a-b070-064a80592093,57c876d2-0e7f-497a-b070-064a80592093,57c876d2-0e7f-497a-b070-064a80592093,13835337-7eca-49e4-95d2-516353f83df4,Canis familiaris,0.62,AWC 135,Macropodidae,macropodidae,canis familiaris
2b66239f-e99e-4510-997e-3888f7589516,sequenceID:d3bd79d7-0f10-4f10-b3a6-21ffce69df0e,d3bd79d7-0f10-4f10-b3a6-21ffce69df0e,d3bd79d7-0f10-4f10-b3a6-21ffce69df0e,13835337-7eca-49e4-95d2-516353f83df4,osphranter rufus,0.94,AWC 135,Macropodidae,macropodidae,osphranter rufus
216cf27c-bb9f-4b0f-a937-155ff5a180e1,sequenceID:68d1e0ab-a564-4692-8a3d-e315ea4ae2aa,68d1e0ab-a564-4692-8a3d-e315ea4ae2aa,68d1e0ab-a564-4692-8a3d-e315ea4ae2aa,13835337-7eca-49e4-95d2-516353f83df4,osphranter rufus,0.69,AWC 135,Macropodidae,macropodidae,osphranter rufus
f6bcbddf-5fce-4b56-99e7-cb6e71cfe7ef,sequenceID:1d994d1b-555d-4ee4-a804-dcfbfe3f280b,1d994d1b-555d-4ee4-a804-dcfbfe3f280b,1d994d1b-555d-4ee4-a804-dcfbfe3f280b,13835337-7eca-49e4-95d2-516353f83df4,osphranter rufus,0.83,AWC 135,Macropodidae,macropodidae,osphranter rufus
6c3c8f02-bcb8-42a5-ab36-29e37f23e575,sequenceID:d34f44f5-8f4d-427a-8c75-dd1ba0f250ce,d34f44f5-8f4d-427a-8c75-dd1ba0f250ce,d34f44f5-8f4d-427a-8c75-dd1ba0f250ce,13835337-7eca-49e4-95d2-516353f83df4,Bos taurus,0.93,AWC 135,Macropodidae,macropodidae,bos taurus
bf4533ad-58e5-4542-a728-b7d6175501f5,sequenceID:3b63107d-ff19-4f10-bd8a-2e612ee37beb,3b63107d-ff19-4f10-bd8a-2e612ee37beb,3b63107d-ff19-4f10-bd8a-2e612ee37beb,13835337-7eca-49e4-95d2-516353f83df4,osphranter rufus,1.0,AWC 135,Macropodidae,macropodidae,osphranter rufus
6fcfa82e-14be-4cb6-9808-a11a7dd49ba5,sequenceID:d881f831-939b-4c3c-b328-6f514ba347bf,d881f831-939b-4c3c-b328-6f514ba347bf,d881f831-939b-4c3c-b328-6f514ba347bf,13835337-7eca-49e4-95d2-516353f83df4,Macropus dorsalis,0.67,AWC 135,Macropodidae,macropodidae,macropus dorsalis
ddbb0282-fe8e-4ca7-a9ea-207461d14214,sequenceID:6ce563d0-20fa-4b93-a853-41a3314e75f7,6ce563d0-20fa-4b93-a853-41a3314e75f7,6ce563d0-20fa-4b93-a853-41a3314e75f7,13835337-7eca-49e4-95d2-516353f83df4,Macropus dorsalis,0.99,AWC 135,Macropodidae,macropodidae,macropus dorsalis
f7138168-003a-44f6-89ef-07cba5151871,sequenceID:6c2b872e-c0cc-4f39-9e49-1285c4ea5314,6c2b872e-c0cc-4f39-9e49-1285c4ea5314,6c2b872e-c0cc-4f39-9e49-1285c4ea5314,13835337-7eca-49e4-95d2-516353f83df4,osphranter rufus,1.0,AWC 135,Macropodidae,macropodidae,osphranter rufus
95871bfa-fa9a-49ef-9e8c-8385b1f8f7dd,sequenceID:265c10b0-d83f-421f-aa4e-0388f2fa7f23,265c10b0-d83f-421f-aa4e-0388f2fa7f23,265c10b0-d83f-421f-aa4e-0388f2fa7f23,13835337-7eca-49e4-95d2-516353f83df4,osphranter rufus,1.0,AWC 135,Macropodidae,macropodidae,osphranter rufus
632fd765-3f36-479a-bdae-549839ea1730,sequenceID:e63d0a5c-db43-452c-b829-1889f8b367bc,e63d0a5c-db43-452c-b829-1889f8b367bc,e63d0a5c-db43-452c-b829-1889f8b367bc,13835337-7eca-49e4-95d2-516353f83df4,osphranter rufus,1.0,AWC 135,Macropodidae,macropodidae,osphranter rufus
5862f80d-c5a6-43e5-a11f-d70e46cb718b,sequenceID:90ee1284-ed07-4657-a052-8722e33067ea,90ee1284-ed07-4657-a052-8722e33067ea,90ee1284-ed07-4657-a052-8722e33067ea,13835337-7eca-49e4-95d2-516353f83df4,osphranter rufus,0.99,AWC 135,Macropodidae,macropodidae,osphranter rufus
eb4ede09-2f89-468e-8b34-cab748e78980,sequenceID:dcf3ed8e-f81d-48c7-9e17-4c70ca6a1964,dcf3ed8e-f81d-48c7-9e17-4c70ca6a1964,dcf3ed8e-f81d-48c7-9e17-4c70ca6a1964,13835337-7eca-49e4-95d2-516353f83df4,osphranter rufus,1.0,AWC 135,Macropodidae,macropodidae,osphranter rufus
eb4ede09-2f89-468e-8b34-cab748e78980,sequenceID:dcf3ed8e-f81d-48c7-9e17-4c70ca6a1964,dcf3ed8e-f81d-48c7-9e17-4c70ca6a1964,dcf3ed8e-f81d-48c7-9e17-4c70ca6a1964,13835337-7eca-49e4-95d2-516353f83df4,Macropus dorsalis,0.82,AWC 135,Macropodidae,macropodidae,macropus dorsalis
a12927c1-49d0-426c-9310-af9550efa0b3,sequenceID:5088ef7a-bdc5-4419-80ec-3a375dff44bb,5088ef7a-bdc5-4419-80ec-3a375dff44bb,5088ef7a-bdc5-4419-80ec-3a375dff44bb,13835337-7eca-49e4-95d2-516353f83df4,Macropus dorsalis,0.94,AWC 135,Macropodidae,macropodidae,macropus dorsalis
a12927c1-49d0-426c-9310-af9550efa0b3,sequenceID:5088ef7a-bdc5-4419-80ec-3a375dff44bb,5088ef7a-bdc5-4419-80ec-3a375dff44bb,5088ef7a-bdc5-4419-80ec-3a375dff44bb,13835337-7eca-49e4-95d2-516353f83df4,osphranter rufus,0.99,AWC 135,Macropodidae,macropodidae,osphranter rufus
601bef8b-6e7d-4f37-bc64-a69bda5dbbe9,sequenceID:9b3f57e5-88fe-4d82-8e0b-9ddcb7ec69c3,9b3f57e5-88fe-4d82-8e0b-9ddcb7ec69c3,9b3f57e5-88fe-4d82-8e0b-9ddcb7ec69c3,13835337-7eca-49e4-95d2-516353f83df4,osphranter rufus,0.99,AWC 135,Macropodidae,macropodidae,osphranter rufus
ced6c2e9-3115-4b5e-ba54-bbf2fb264bfa,sequenceID:1dcdee6a-c0be-46bb-b5dc-4071dff56623,1dcdee6a-c0be-46bb-b5dc-4071dff56623,1dcdee6a-c0be-46bb-b5dc-4071dff56623,13835337-7eca-49e4-95d2-516353f83df4,osphranter rufus,1.0,AWC 135,Macropodidae,macropodidae,osphranter rufus
a631bc30-420b-4a54-bea4-059cc35aef26,sequenceID:b634f2bc-fb9e-4f15-ab64-60fb12ef2c44,b634f2bc-fb9e-4f15-ab64-60fb12ef2c44,b634f2bc-fb9e-4f15-ab64-60fb12ef2c44,13835337-7eca-49e4-95d2-516353f83df4,Macropus dorsalis,0.77,AWC 135,Macropodidae,macropodidae,macropus dorsalis
b4ce1af1-718b-40a2-9e6a-2a547c96816a,sequenceID:36af4c2c-2d92-4292-8978-89f06c330a85,36af4c2c-2d92-4292-8978-89f06c330a85,36af4c2c-2d92-4292-8978-89f06c330a85,13835337-7eca-49e4-95d2-516353f83df4,osphranter rufus,1.0,AWC 135,Macropodidae,macropodidae,osphranter rufus
b4ce1af1-718b-40a2-9e6a-2a547c96816a,sequenceID:36af4c2c-2d92-4292-8978-89f06c330a85,36af4c2c-2d92-4292-8978-89f06c330a85,36af4c2c-2d92-4292-8978-89f06c330a85,13835337-7eca-49e4-95d2-516353f83df4,Macropus dorsalis,0.8,AWC 135,Macropodidae,macropodidae,macropus dorsalis
f914dd7c-88ba-4629-9b29-d2d35b757313,sequenceID:caefe0af-f626-413e-8f26-326b5349c8c9,caefe0af-f626-413e-8f26-326b5349c8c9,caefe0af-f626-413e-8f26-326b5349c8c9,13835337-7eca-49e4-95d2-516353f83df4,Macropus dorsalis,0.71,AWC 135,Macropodidae,macropodidae,macropus dorsalis
f914dd7c-88ba-4629-9b29-d2d35b757313,sequenceID:caefe0af-f626-413e-8f26-326b5349c8c9,caefe0af-f626-413e-8f26-326b5349c8c9,caefe0af-f626-413e-8f26-326b5349c8c9,13835337-7eca-49e4-95d2-516353f83df4,osphranter rufus,1.0,AWC 135,Macropodidae,macropodidae,osphranter rufus
a9bdfa7d-ae00-4ef4-a464-753f155a1db2,sequenceID:4fd06c24-bc7a-4d2e-8450-2a6b45b62244,4fd06c24-bc7a-4d2e-8450-2a6b45b62244,4fd06c24-bc7a-4d2e-8450-2a6b45b62244,13835337-7eca-49e4-95d2-516353f83df4,osphranter rufus,0.99,AWC 135,Macropodidae,macropodidae,osphranter rufus
9e1b48c4-df33-4c60-8609-b6d2ec88574b,sequenceID:1892f875-a005-44ce-aee2-d3ddea3766b5,1892f875-a005-44ce-aee2-d3ddea3766b5,1892f875-a005-44ce-aee2-d3ddea3766b5,13835337-7eca-49e4-95d2-516353f83df4,osphranter rufus,0.71,AWC 135,Macropodidae,macropodidae,osphranter rufus
ebaa086c-46ec-40b8-87cf-c2f9770f9a6a,sequenceID:5d94751c-ed90-4bb7-ac0c-ecaa00ea483c,5d94751c-ed90-4bb7-ac0c-ecaa00ea483c,5d94751c-ed90-4bb7-ac0c-ecaa00ea483c,13835337-7eca-49e4-95d2-516353f83df4,osphranter rufus,1.0,AWC 135,Macropodidae,macropodidae,osphranter rufus
9a10e218-e226-476f-b75f-b01c36d9056b,sequenceID:2ff79836-a27c-4a58-b86d-d306b3d47829,2ff79836-a27c-4a58-b86d-d306b3d47829,2ff79836-a27c-4a58-b86d-d306b3d47829,13835337-7eca-49e4-95d2-516353f83df4,,0.0,,Macropodidae,macropodidae,nan
1280eb2e-2ef7-4b1b-9eb1-4129671612c9,sequenceID:64ba74c6-59c2-47ce-9565-de579050c862,64ba74c6-59c2-47ce-9565-de579050c862,64ba74c6-59c2-47ce-9565-de579050c862,13835337-7eca-49e4-95d2-516353f83df4,osphranter rufus,0.99,AWC 135,Macropodidae,macropodidae,osphranter rufus
b0fa215d-2159-4a4c-88d5-eb459a002550,sequenceID:c68fc78e-7994-4e92-922f-c23bcd614bec,c68fc78e-7994-4e92-922f-c23bcd614bec,c68fc78e-7994-4e92-922f-c23bcd614bec,13835337-7eca-49e4-95d2-516353f83df4,osphranter rufus,1.0,AWC 135,Macropodidae,macropodidae,osphranter rufus
ef6098b5-b6a0-492c-a0bf-1d5a744d339b,sequenceID:3fc5822d-7c94-4909-a066-9f37a4d1f52f,3fc5822d-7c94-4909-a066-9f37a4d1f52f,3fc5822d-7c94-4909-a066-9f37a4d1f52f,13835337-7eca-49e4-95d2-516353f83df4,osphranter rufus,1.0,AWC 135,Macropodidae,macropodidae,osphranter rufus
02685dfe-bbc5-42f5-9caa-d2cb7cb27397,sequenceID:b8254459-8b30-4bbd-a698-ac2e5fe3464a,b8254459-8b30-4bbd-a698-ac2e5fe3464a,b8254459-8b30-4bbd-a698-ac2e5fe3464a,13835337-7eca-49e4-95d2-516353f83df4,osphranter rufus,0.95,AWC 135,Macropodidae,macropodidae,osphranter rufus
6a21f01a-b155-4bce-ab8c-410d3a8f9196,sequenceID:6c075ac9-949e-4ac2-bda9-5d91b2654c83,6c075ac9-949e-4ac2-bda9-5d91b2654c83,6c075ac9-949e-4ac2-bda9-5d91b2654c83,13835337-7eca-49e4-95d2-516353f83df4,osphranter rufus,1.0,AWC 135,Macropodidae,macropodidae,osphranter rufus
d28385d7-56e5-4d08-9e5f-30e539d74fb0,sequenceID:cb611065-669e-4c32-b238-15f635a283e0,cb611065-669e-4c32-b238-15f635a283e0,cb611065-669e-4c32-b238-15f635a283e0,13835337-7eca-49e4-95d2-516353f83df4,osphranter rufus,1.0,AWC 135,Macropodidae,macropodidae,osphranter rufus
f664bc81-8262-42fd-9b7f-01b7950c5e44,sequenceID:707de2e9-c74d-4ec3-9238-f891b9095faa,707de2e9-c74d-4ec3-9238-f891b9095faa,707de2e9-c74d-4ec3-9238-f891b9095faa,13835337-7eca-49e4-95d2-516353f83df4,osphranter rufus,1.0,AWC 135,Macropodidae,macropodidae,osphranter rufus
0dfbb8d6-9d01-4e52-b68e-4d1a3f6a93b8,sequenceID:e6aa24b0-f040-497c-b59b-b1c918810bbf,e6aa24b0-f040-497c-b59b-b1c918810bbf,e6aa24b0-f040-497c-b59b-b1c918810bbf,13835337-7eca-49e4-95d2-516353f83df4,osphranter rufus,1.0,AWC 135,Macropodidae,macropodidae,osphranter rufus
73eab25c-a90d-4105-b424-acc766a69949,sequenceID:d7779bde-dd58-4901-aead-23c9a19c3239,d7779bde-dd58-4901-aead-23c9a19c3239,d7779bde-dd58-4901-aead-23c9a19c3239,13835337-7eca-49e4-95d2-516353f83df4,osphranter rufus,1.0,AWC 135,Macropodidae,macropodidae,osphranter rufus
27fbbce8-1c72-470f-bc1c-518f3c157137,sequenceID:0658a85f-1a9c-4ec7-9b45-7e2d4cd4b28c,0658a85f-1a9c-4ec7-9b45-7e2d4cd4b28c,0658a85f-1a9c-4ec7-9b45-7e2d4cd4b28c,13835337-7eca-49e4-95d2-516353f83df4,osphranter rufus,1.0,AWC 135,Macropodidae,macropodidae,osphranter rufus
47d2e580-da51-4489-b3ac-a80f783db483,sequenceID:156e2c32-6a5f-4a10-8589-b1622cc56a0b,156e2c32-6a5f-4a10-8589-b1622cc56a0b,156e2c32-6a5f-4a10-8589-b1622cc56a0b,13835337-7eca-49e4-95d2-516353f83df4,osphranter rufus,1.0,AWC 135,Macropodidae,macropodidae,osphranter rufus
3d0c6f99-71a6-430e-b3b8-09375a586768,sequenceID:7929b196-d8d9-4cf1-8df2-2d37b5ba4850,7929b196-d8d9-4cf1-8df2-2d37b5ba4850,7929b196-d8d9-4cf1-8df2-2d37b5ba4850,13835337-7eca-49e4-95d2-516353f83df4,osphranter rufus,1.0,AWC 135,Macropodidae,macropodidae,osphranter rufus
87df2946-0e4e-4bef-ae99-61c1e84e897c,sequenceID:1880ad54-d34d-4a37-8e8f-599b9c819308,1880ad54-d34d-4a37-8e8f-599b9c819308,1880ad54-d34d-4a37-8e8f-599b9c819308,13835337-7eca-49e4-95d2-516353f83df4,osphranter rufus,1.0,AWC 135,Macropodidae,macropodidae,osphranter rufus
f6893161-789b-4391-b423-b44d8ef157cc,sequenceID:97d1805c-6027-40a5-9bf8-9640daa6db16,97d1805c-6027-40a5-9bf8-9640daa6db16,97d1805c-6027-40a5-9bf8-9640daa6db16,13835337-7eca-49e4-95d2-516353f83df4,osphranter rufus,1.0,AWC 135,Macropodidae,macropodidae,osphranter rufus
b9821c2f-8eb6-41e2-9a4a-86f02da4108c,sequenceID:db5cec60-7480-44be-8aba-815fc965e177,db5cec60-7480-44be-8aba-815fc965e177,db5cec60-7480-44be-8aba-815fc965e177,13835337-7eca-49e4-95d2-516353f83df4,osphranter rufus,1.0,AWC 135,Macropodidae,macropodidae,osphranter rufus
dadaf503-a269-4306-89b0-3d83a1d06253,sequenceID:dcdd2ad6-bdf5-436a-bc9f-6a346818d368,dcdd2ad6-bdf5-436a-bc9f-6a346818d368,dcdd2ad6-bdf5-436a-bc9f-6a346818d368,13835337-7eca-49e4-95d2-516353f83df4,osphranter rufus,1.0,AWC 135,Macropodidae,macropodidae,osphranter rufus
9da7a645-4a42-4f01-ab26-1022700fd5f9,sequenceID:3e371321-0418-4550-9b17-96713e55f7c3,3e371321-0418-4550-9b17-96713e55f7c3,3e371321-0418-4550-9b17-96713e55f7c3,13835337-7eca-49e4-95d2-516353f83df4,osphranter rufus,1.0,AWC 135,Macropodidae,macropodidae,osphranter rufus
1be8ef64-bf14-43cc-b588-ba65852963f7,sequenceID:c0adf9fc-cb27-4420-bc6c-06bd32e1ee6b,c0adf9fc-cb27-4420-bc6c-06bd32e1ee6b,c0adf9fc-cb27-4420-bc6c-06bd32e1ee6b,13835337-7eca-49e4-95d2-516353f83df4,osphranter rufus,1.0,AWC 135,Macropodidae,macropodidae,osphranter rufus
39b30dc9-47c7-4511-bba1-5616a9014700,sequenceID:ddf4e403-4f21-458a-b604-697b46027e75,ddf4e403-4f21-458a-b604-697b46027e75,ddf4e403-4f21-458a-b604-697b46027e75,13835337-7eca-49e4-95d2-516353f83df4,osphranter rufus,0.99,AWC 135,Macropodidae,macropodidae,osphranter rufus
0e409610-210b-4770-ae27-1558ef7adfe6,sequenceID:15aa5aa3-3476-4f13-89b9-0d0e6400fdff,15aa5aa3-3476-4f13-89b9-0d0e6400fdff,15aa5aa3-3476-4f13-89b9-0d0e6400fdff,13835337-7eca-49e4-95d2-516353f83df4,osphranter rufus,0.99,AWC 135,Macropodidae,macropodidae,osphranter rufus
2e3bc7fb-5093-4b02-9e2d-157ab013c356,sequenceID:4ea60536-7810-439f-ae4d-2caf5c36959c,4ea60536-7810-439f-ae4d-2caf5c36959c,4ea60536-7810-439f-ae4d-2caf5c36959c,13835337-7eca-49e4-95d2-516353f83df4,osphranter rufus,1.0,AWC 135,Macropodidae,macropodidae,osphranter rufus
e07c84a2-3578-441b-bb83-1e9566fd18be,sequenceID:3b9e5d97-39ef-4b0b-912f-0dc8f0ee02a3,3b9e5d97-39ef-4b0b-912f-0dc8f0ee02a3,3b9e5d97-39ef-4b0b-912f-0dc8f0ee02a3,13835337-7eca-49e4-95d2-516353f83df4,osphranter rufus,0.53,AWC 135,Macropodidae,macropodidae,osphranter rufus
16db1234-a55d-4016-85b3-36ffe74067fc,sequenceID:ed078e3f-e70e-4290-9a61-9c6834c8ad69,ed078e3f-e70e-4290-9a61-9c6834c8ad69,ed078e3f-e70e-4290-9a61-9c6834c8ad69,13835337-7eca-49e4-95d2-516353f83df4,osphranter rufus,1.0,AWC 135,Macropodidae,macropodidae,osphranter rufus
9866fad9-55c1-43a8-bcc2-f8382e798111,sequenceID:4f878a81-2ba7-409b-a5d4-c25f3169d2a5,4f878a81-2ba7-409b-a5d4-c25f3169d2a5,4f878a81-2ba7-409b-a5d4-c25f3169d2a5,13835337-7eca-49e4-95d2-516353f83df4,osphranter rufus,1.0,AWC 135,Macropodidae,macropodidae,osphranter rufus
691b92e9-0c5f-4fd0-964e-792acc41ba1a,sequenceID:a0f7c2d9-31c3-4533-acda-bd806630554a,a0f7c2d9-31c3-4533-acda-bd806630554a,a0f7c2d9-31c3-4533-acda-bd806630554a,13835337-7eca-49e4-95d2-516353f83df4,osphranter rufus,0.99,AWC 135,Macropodidae,macropodidae,osphranter rufus
ad048111-bed8-4674-bfff-982fe0407f1e,sequenceID:a2e8ebfe-19db-4fec-a3d1-98ef91509b03,a2e8ebfe-19db-4fec-a3d1-98ef91509b03,a2e8ebfe-19db-4fec-a3d1-98ef91509b03,13835337-7eca-49e4-95d2-516353f83df4,osphranter rufus,0.98,AWC 135,Macropodidae,macropodidae,osphranter rufus
2a747da0-a384-4ed4-b662-5d4e028e2211,sequenceID:2256d56d-4f1e-4385-a057-7178be47a068,2256d56d-4f1e-4385-a057-7178be47a068,2256d56d-4f1e-4385-a057-7178be47a068,13835337-7eca-49e4-95d2-516353f83df4,osphranter rufus,1.0,AWC 135,Macropodidae,macropodidae,osphranter rufus
999eaedb-5ff5-4264-b068-f33d7eb85e7a,sequenceID:cd474fa5-b3dc-4a9d-80b9-d0194e691ad6,cd474fa5-b3dc-4a9d-80b9-d0194e691ad6,cd474fa5-b3dc-4a9d-80b9-d0194e691ad6,13835337-7eca-49e4-95d2-516353f83df4,osphranter rufus,0.98,AWC 135,Macropodidae,macropodidae,osphranter rufus
7ddf8bca-1247-4da4-be4d-1f046514e852,sequenceID:23808491-bd6a-4db6-affe-439f314a1e7e,23808491-bd6a-4db6-affe-439f314a1e7e,23808491-bd6a-4db6-affe-439f314a1e7e,13835337-7eca-49e4-95d2-516353f83df4,osphranter rufus,0.91,AWC 135,Macropodidae,macropodidae,osphranter rufus
0fbe1285-6f33-4656-bed4-84a6783171a3,sequenceID:ffca967a-f376-45b1-94da-ef872f96da11,ffca967a-f376-45b1-94da-ef872f96da11,ffca967a-f376-45b1-94da-ef872f96da11,13835337-7eca-49e4-95d2-516353f83df4,Macropus dorsalis,0.91,AWC 135,Macropodidae,macropodidae,macropus dorsalis
0fbe1285-6f33-4656-bed4-84a6783171a3,sequenceID:ffca967a-f376-45b1-94da-ef872f96da11,ffca967a-f376-45b1-94da-ef872f96da11,ffca967a-f376-45b1-94da-ef872f96da11,13835337-7eca-49e4-95d2-516353f83df4,osphranter rufus,0.99,AWC 135,Macropodidae,macropodidae,osphranter rufus
f4204f5b-3456-4f7e-bbc7-bf6726d46896,sequenceID:6e1ac737-8534-4ffa-a616-5f35a80e872b,6e1ac737-8534-4ffa-a616-5f35a80e872b,6e1ac737-8534-4ffa-a616-5f35a80e872b,13835337-7eca-49e4-95d2-516353f83df4,osphranter rufus,0.98,AWC 135,Macropodidae,macropodidae,osphranter rufus
923767c5-6d66-4175-b7a2-9a15c8d925c3,sequenceID:671b904c-4f1c-4079-9c1a-08cb85f832de,671b904c-4f1c-4079-9c1a-08cb85f832de,671b904c-4f1c-4079-9c1a-08cb85f832de,13835337-7eca-49e4-95d2-516353f83df4,osphranter rufus,0.99,AWC 135,Macropodidae,macropodidae,osphranter rufus
968aadc4-ff91-433e-ae58-bac1cc80af14,sequenceID:cc7637a2-82e0-4920-8225-a8056ad0188f,cc7637a2-82e0-4920-8225-a8056ad0188f,cc7637a2-82e0-4920-8225-a8056ad0188f,13835337-7eca-49e4-95d2-516353f83df4,osphranter rufus,0.98,AWC 135,Macropodidae,macropodidae,osphranter rufus
6bcd5fa1-26ff-4181-8840-e25420d33b4b,sequenceID:883517ae-c81c-4537-b0f7-f1d6fe09ec90,883517ae-c81c-4537-b0f7-f1d6fe09ec90,883517ae-c81c-4537-b0f7-f1d6fe09ec90,13835337-7eca-49e4-95d2-516353f83df4,Macropus dorsalis,0.82,AWC 135,Macropodidae,macropodidae,macropus dorsalis
88be4668-f0a8-4306-9770-bdc8b2aca531,sequenceID:915a4485-3708-4610-85a9-b57ab1e8f52d,915a4485-3708-4610-85a9-b57ab1e8f52d,915a4485-3708-4610-85a9-b57ab1e8f52d,13835337-7eca-49e4-95d2-516353f83df4,,0.0,,Macropodidae,macropodidae,nan
a17552a4-cb63-47f5-baa2-e7301770e6a5,sequenceID:24058a48-bc58-4f99-b711-f063e755b1fb,24058a48-bc58-4f99-b711-f063e755b1fb,24058a48-bc58-4f99-b711-f063e755b1fb,13835337-7eca-49e4-95d2-516353f83df4,,0.0,,Macropodidae,macropodidae,nan
6cc725cc-641c-40eb-bade-1f2b74b33af2,sequenceID:b15c0941-5358-4472-8b89-952153f7b13d,b15c0941-5358-4472-8b89-952153f7b13d,b15c0941-5358-4472-8b89-952153f7b13d,13835337-7eca-49e4-95d2-516353f83df4,Bos taurus,0.53,AWC 135,Macropodidae,macropodidae,bos taurus
7a349991-0ded-4508-b375-6dd11739165a,sequenceID:3f803bf9-100b-4c8b-9384-375d35ecab78,3f803bf9-100b-4c8b-9384-375d35ecab78,3f803bf9-100b-4c8b-9384-375d35ecab78,13835337-7eca-49e4-95d2-516353f83df4,osphranter rufus,0.99,AWC 135,Macropodidae,macropodidae,osphranter rufus
68580120-1bc8-42e0-83ee-663ea9d27b8f,sequenceID:b5f5ffac-cd52-433a-bd13-f93125210bb9,b5f5ffac-cd52-433a-bd13-f93125210bb9,b5f5ffac-cd52-433a-bd13-f93125210bb9,13835337-7eca-49e4-95d2-516353f83df4,osphranter rufus,0.66,AWC 135,Macropodidae,macropodidae,osphranter rufus
54762c17-8b98-4c5e-a6da-2718f817b0b9,sequenceID:22c76a8e-c7f6-44ef-b313-71834037a357,22c76a8e-c7f6-44ef-b313-71834037a357,22c76a8e-c7f6-44ef-b313-71834037a357,13835337-7eca-49e4-95d2-516353f83df4,osphranter rufus,1.0,AWC 135,Macropodidae,macropodidae,osphranter rufus
b47e32ef-c924-4cfd-a062-553302597fb1,sequenceID:4c2ed845-1af6-4afd-a6b0-b8002a981647,4c2ed845-1af6-4afd-a6b0-b8002a981647,4c2ed845-1af6-4afd-a6b0-b8002a981647,13835337-7eca-49e4-95d2-516353f83df4,osphranter rufus,0.99,AWC 135,Macropodidae,macropodidae,osphranter rufus
317db7d8-96f7-4302-a393-bd6ec84ad856,sequenceID:41004b03-d1ec-400b-af38-9511ab4f3332,41004b03-d1ec-400b-af38-9511ab4f3332,41004b03-d1ec-400b-af38-9511ab4f3332,13835337-7eca-49e4-95d2-516353f83df4,osphranter rufus,0.99,AWC 135,Macropodidae,macropodidae,osphranter rufus
9906ae18-15d9-4b71-9ee9-d00e5a827bbf,sequenceID:371ea8da-f45e-49e3-91da-682b5d5ac190,371ea8da-f45e-49e3-91da-682b5d5ac190,371ea8da-f45e-49e3-91da-682b5d5ac190,13835337-7eca-49e4-95d2-516353f83df4,osphranter rufus,0.99,AWC 135,Macropodidae,macropodidae,osphranter rufus
02c94346-bdc8-4a83-bce7-d0c561ffd39b,sequenceID:33470670-f559-49b2-a4e1-85b43421727d,33470670-f559-49b2-a4e1-85b43421727d,33470670-f559-49b2-a4e1-85b43421727d,13835337-7eca-49e4-95d2-516353f83df4,osphranter rufus,0.89,AWC 135,Macropodidae,macropodidae,osphranter rufus
84e1b108-d722-4545-8f19-e2662c3eede6,sequenceID:4bd904f4-74db-4658-869c-ff323452fd65,4bd904f4-74db-4658-869c-ff323452fd65,4bd904f4-74db-4658-869c-ff323452fd65,13835337-7eca-49e4-95d2-516353f83df4,osphranter rufus,0.99,AWC 135,Macropodidae,macropodidae,osphranter rufus
fcd9dd29-02d6-4c91-8d65-cee90a61b9fc,sequenceID:e2d4442a-2d44-45be-b6e1-6696f9f7ae01,e2d4442a-2d44-45be-b6e1-6696f9f7ae01,e2d4442a-2d44-45be-b6e1-6696f9f7ae01,13835337-7eca-49e4-95d2-516353f83df4,osphranter rufus,0.99,AWC 135,Macropodidae,macropodidae,osphranter rufus
a50098c6-d15b-4a66-b91f-5f80b44a5b5f,sequenceID:2f584229-8dcc-49f7-9b9b-2f769ebb10e2,2f584229-8dcc-49f7-9b9b-2f769ebb10e2,2f584229-8dcc-49f7-9b9b-2f769ebb10e2,13835337-7eca-49e4-95d2-516353f83df4,osphranter rufus,0.85,AWC 135,Macropodidae,macropodidae,osphranter rufus
c0406cc6-e467-4448-b300-9d67e7520bab,sequenceID:55101ef5-15f0-4e61-8c61-02d10cd98756,55101ef5-15f0-4e61-8c61-02d10cd98756,55101ef5-15f0-4e61-8c61-02d10cd98756,13835337-7eca-49e4-95d2-516353f83df4,osphranter rufus,1.0,AWC 135,Macropodidae,macropodidae,osphranter rufus
512c38eb-3870-473e-bae0-d1571b0f09d7,sequenceID:64b98e17-b4b2-49f2-8231-d50c1d7f149b,64b98e17-b4b2-49f2-8231-d50c1d7f149b,64b98e17-b4b2-49f2-8231-d50c1d7f149b,13835337-7eca-49e4-95d2-516353f83df4,osphranter rufus,0.88,AWC 135,Macropodidae,macropodidae,osphranter rufus
8ce500ba-dbae-42af-9d72-cf8cc7a1eda9,sequenceID:77f689ee-0bd7-49a8-bdf6-f71120a7e0e1,77f689ee-0bd7-49a8-bdf6-f71120a7e0e1,77f689ee-0bd7-49a8-bdf6-f71120a7e0e1,13835337-7eca-49e4-95d2-516353f83df4,osphranter rufus,0.99,AWC 135,Macropodidae,macropodidae,osphranter rufus
55c0a648-342f-4dfa-be1a-f9468c626cf6,sequenceID:2461c892-450b-4516-b97e-dfdd4a8135fc,2461c892-450b-4516-b97e-dfdd4a8135fc,2461c892-450b-4516-b97e-dfdd4a8135fc,13835337-7eca-49e4-95d2-516353f83df4,osphranter rufus,1.0,AWC 135,Macropodidae,macropodidae,osphranter rufus
1814ab22-3242-44f9-b685-63dac64bb499,sequenceID:09e92503-6e11-4d2f-8517-faabfe1f161c,09e92503-6e11-4d2f-8517-faabfe1f161c,09e92503-6e11-4d2f-8517-faabfe1f161c,13835337-7eca-49e4-95d2-516353f83df4,osphranter rufus,0.99,AWC 135,Macropodidae,macropodidae,osphranter rufus
af862782-20d0-4405-ab5e-09743dd77146,sequenceID:0f6ee0e8-80cc-4c32-ac3e-3ae282f7e501,0f6ee0e8-80cc-4c32-ac3e-3ae282f7e501,0f6ee0e8-80cc-4c32-ac3e-3ae282f7e501,13835337-7eca-49e4-95d2-516353f83df4,osphranter rufus,0.99,AWC 135,Macropodidae,macropodidae,osphranter rufus
d661c29b-066e-4b37-b43b-6d75734258a2,sequenceID:ece8b2c8-26b8-45e0-a69e-1ea7d777eb50,ece8b2c8-26b8-45e0-a69e-1ea7d777eb50,ece8b2c8-26b8-45e0-a69e-1ea7d777eb50,13835337-7eca-49e4-95d2-516353f83df4,osphranter rufus,0.78,AWC 135,Macropodidae,macropodidae,osphranter rufus
ec0c6a81-0574-4e41-8778-70685c2402c4,sequenceID:4dbb1d5f-6149-4540-9b21-0212fbb7ca7d,4dbb1d5f-6149-4540-9b21-0212fbb7ca7d,4dbb1d5f-6149-4540-9b21-0212fbb7ca7d,13835337-7eca-49e4-95d2-516353f83df4,osphranter rufus,0.99,AWC 135,Macropodidae,macropodidae,osphranter rufus
5283ae2e-026b-4a23-83b9-f0c85ef649b0,sequenceID:c61bc66e-8987-4795-8a7a-ec79a58f28c1,c61bc66e-8987-4795-8a7a-ec79a58f28c1,c61bc66e-8987-4795-8a7a-ec79a58f28c1,13835337-7eca-49e4-95d2-516353f83df4,osphranter rufus,0.99,AWC 135,Macropodidae,macropodidae,osphranter rufus
41f78658-46cb-46a5-9d94-f81cc83e8a20,sequenceID:23fc357f-d08f-4b7c-b394-24937f6bad04,23fc357f-d08f-4b7c-b394-24937f6bad04,23fc357f-d08f-4b7c-b394-24937f6bad04,13835337-7eca-49e4-95d2-516353f83df4,osphranter rufus,0.98,AWC 135,Macropodidae,macropodidae,osphranter rufus
725e467a-0834-4181-b069-2c0ecfa07e28,sequenceID:26d9942b-b914-4ae1-8a4c-7c8249fc6cf2,26d9942b-b914-4ae1-8a4c-7c8249fc6cf2,26d9942b-b914-4ae1-8a4c-7c8249fc6cf2,13835337-7eca-49e4-95d2-516353f83df4,Canis familiaris,0.98,AWC 135,Macropodidae,macropodidae,canis familiaris
725e467a-0834-4181-b069-2c0ecfa07e28,sequenceID:26d9942b-b914-4ae1-8a4c-7c8249fc6cf2,26d9942b-b914-4ae1-8a4c-7c8249fc6cf2,26d9942b-b914-4ae1-8a4c-7c8249fc6cf2,13835337-7eca-49e4-95d2-516353f83df4,osphranter rufus,0.98,AWC 135,Macropodidae,macropodidae,osphranter rufus
1879ef2c-7b28-426a-a445-1abb907e5d1e,sequenceID:824f23ee-25cb-4a91-943c-7a1b90a7a788,824f23ee-25cb-4a91-943c-7a1b90a7a788,824f23ee-25cb-4a91-943c-7a1b90a7a788,13835337-7eca-49e4-95d2-516353f83df4,osphranter rufus,0.99,AWC 135,Macropodidae,macropodidae,osphranter rufus
7fcee627-0754-4614-b0e8-1d16d0bfa8f9,sequenceID:601f6717-81ae-4150-8f03-f59e84a44529,601f6717-81ae-4150-8f03-f59e84a44529,601f6717-81ae-4150-8f03-f59e84a44529,13835337-7eca-49e4-95d2-516353f83df4,Macropus dorsalis,0.57,AWC 135,Macropodidae,macropodidae,macropus dorsalis
15daf301-75c8-4f97-9f90-c1815ec37448,sequenceID:d7600d3f-47db-4b19-ae89-cc4105bb9ebc,d7600d3f-47db-4b19-ae89-cc4105bb9ebc,d7600d3f-47db-4b19-ae89-cc4105bb9ebc,13835337-7eca-49e4-95d2-516353f83df4,Canis familiaris,0.75,AWC 135,Macropodidae,macropodidae,canis familiaris
0299a0dd-2665-4c83-8794-588ffc09f202,sequenceID:24842cb4-ce56-44b6-b3f8-b0a9b931a6d8,24842cb4-ce56-44b6-b3f8-b0a9b931a6d8,24842cb4-ce56-44b6-b3f8-b0a9b931a6d8,13835337-7eca-49e4-95d2-516353f83df4,osphranter rufus,0.99,AWC 135,Macropodidae,macropodidae,osphranter rufus
c5a00010-5782-4965-8e95-f3e4c90ef806,sequenceID:cf70e48c-dae0-4857-afce-857de9b0ddde,cf70e48c-dae0-4857-afce-857de9b0ddde,cf70e48c-dae0-4857-afce-857de9b0ddde,13835337-7eca-49e4-95d2-516353f83df4,osphranter rufus,0.99,AWC 135,Macropodidae,macropodidae,osphranter rufus
df01d5f0-0e63-4efc-806c-a0c8d92850bb,sequenceID:96fd6236-5a84-4890-8189-6a5de0901dd6,96fd6236-5a84-4890-8189-6a5de0901dd6,96fd6236-5a84-4890-8189-6a5de0901dd6,13835337-7eca-49e4-95d2-516353f83df4,osphranter rufus,0.99,AWC 135,Macropodidae,macropodidae,osphranter rufus
00566348-5e62-410e-9eb8-a4f94bec0cf9,sequenceID:77c80a8d-11bb-427e-ae43-c296dbe62f3d,77c80a8d-11bb-427e-ae43-c296dbe62f3d,77c80a8d-11bb-427e-ae43-c296dbe62f3d,13835337-7eca-49e4-95d2-516353f83df4,osphranter rufus,1.0,AWC 135,Macropodidae,macropodidae,osphranter rufus
13509e23-2ff3-4f80-acc8-3aacd98c3455,sequenceID:04ef10ea-be58-4ad5-8472-c1f3554ae54c,04ef10ea-be58-4ad5-8472-c1f3554ae54c,04ef10ea-be58-4ad5-8472-c1f3554ae54c,13835337-7eca-49e4-95d2-516353f83df4,osphranter rufus,0.99,AWC 135,Macropodidae,macropodidae,osphranter rufus
360c56d2-d78a-4cb7-980c-b570a38b2408,sequenceID:d46f06ae-94b0-4974-9472-327bd4fe21d4,d46f06ae-94b0-4974-9472-327bd4fe21d4,d46f06ae-94b0-4974-9472-327bd4fe21d4,13835337-7eca-49e4-95d2-516353f83df4,osphranter rufus,0.99,AWC 135,Macropodidae,macropodidae,osphranter rufus
8f9e625e-6dda-4b40-84fa-39013dc6cf3e,sequenceID:6c7ebad8-8f9e-4006-80be-d626f50769b8,6c7ebad8-8f9e-4006-80be-d626f50769b8,6c7ebad8-8f9e-4006-80be-d626f50769b8,13835337-7eca-49e4-95d2-516353f83df4,osphranter rufus,0.98,AWC 135,Macropodidae,macropodidae,osphranter rufus
c2900485-a477-4f42-881d-a21c2143c34b,sequenceID:277bcbe1-e1a8-47b1-b09b-c945571d4621,277bcbe1-e1a8-47b1-b09b-c945571d4621,277bcbe1-e1a8-47b1-b09b-c945571d4621,13835337-7eca-49e4-95d2-516353f83df4,osphranter rufus,0.95,AWC 135,Macropodidae,macropodidae,osphranter rufus
577a4dce-c822-4c22-99b4-68d2da50bf08,sequenceID:e4f13ccd-ca10-47bb-8187-f05658083496,e4f13ccd-ca10-47bb-8187-f05658083496,e4f13ccd-ca10-47bb-8187-f05658083496,13835337-7eca-49e4-95d2-516353f83df4,Canis familiaris,0.89,AWC 135,Macropodidae,macropodidae,canis familiaris
c321854f-4536-4e23-8e68-d1caa6659610,sequenceID:b6938bba-5ad5-4f0f-ac4d-f868fb6ab5fa,b6938bba-5ad5-4f0f-ac4d-f868fb6ab5fa,b6938bba-5ad5-4f0f-ac4d-f868fb6ab5fa,13835337-7eca-49e4-95d2-516353f83df4,osphranter rufus,1.0,AWC 135,Macropodidae,macropodidae,osphranter rufus
3a666187-e70a-496b-9730-a7674cbf8465,sequenceID:1cb077da-f774-401b-a215-99dc041a4b44,1cb077da-f774-401b-a215-99dc041a4b44,1cb077da-f774-401b-a215-99dc041a4b44,13835337-7eca-49e4-95d2-516353f83df4,osphranter rufus,1.0,AWC 135,Macropodidae,macropodidae,osphranter rufus
d9aca907-df5b-4f62-8ee2-cca63098c10f,sequenceID:c02622c0-d9e2-46df-99fa-f7baad4ebeca,c02622c0-d9e2-46df-99fa-f7baad4ebeca,c02622c0-d9e2-46df-99fa-f7baad4ebeca,13835337-7eca-49e4-95d2-516353f83df4,Canis familiaris,0.87,AWC 135,Macropodidae,macropodidae,canis familiaris
d9aca907-df5b-4f62-8ee2-cca63098c10f,sequenceID:c02622c0-d9e2-46df-99fa-f7baad4ebeca,c02622c0-d9e2-46df-99fa-f7baad4ebeca,c02622c0-d9e2-46df-99fa-f7baad4ebeca,13835337-7eca-49e4-95d2-516353f83df4,Macropus dorsalis,0.94,AWC 135,Macropodidae,macropodidae,macropus dorsalis
5594cf76-dc77-471a-a225-514afe9c180b,sequenceID:a0f29577-c6ba-41af-90c9-f3a38de94ac1,a0f29577-c6ba-41af-90c9-f3a38de94ac1,a0f29577-c6ba-41af-90c9-f3a38de94ac1,13835337-7eca-49e4-95d2-516353f83df4,Macropus dorsalis,0.95,AWC 135,Macropodidae,macropodidae,macropus dorsalis
3f3bb728-db55-4512-a76f-f04f63bd6b60,sequenceID:41e90dae-97e2-4afd-b59e-44c44f3b9f2a,41e90dae-97e2-4afd-b59e-44c44f3b9f2a,41e90dae-97e2-4afd-b59e-44c44f3b9f2a,13835337-7eca-49e4-95d2-516353f83df4,osphranter rufus,0.88,AWC 135,Macropodidae,macropodidae,osphranter rufus
dff16abb-2144-4458-a173-1cc9171f1559,sequenceID:51e86d46-3946-4f51-b193-ba56eae453df,51e86d46-3946-4f51-b193-ba56eae453df,51e86d46-3946-4f51-b193-ba56eae453df,13835337-7eca-49e4-95d2-516353f83df4,osphranter rufus,1.0,AWC 135,Macropodidae,macropodidae,osphranter rufus
5a87a592-959d-4b94-81e8-96510cdcab78,sequenceID:12a30587-a51b-4618-adcf-546961ff32e0,12a30587-a51b-4618-adcf-546961ff32e0,12a30587-a51b-4618-adcf-546961ff32e0,13835337-7eca-49e4-95d2-516353f83df4,osphranter rufus,0.99,AWC 135,Macropodidae,macropodidae,osphranter rufus
572c8a01-0a6f-4ab2-a519-631705a25cdc,sequenceID:9378b61b-42cc-4ff9-ab3a-0b5c359f06db,9378b61b-42cc-4ff9-ab3a-0b5c359f06db,9378b61b-42cc-4ff9-ab3a-0b5c359f06db,13835337-7eca-49e4-95d2-516353f83df4,osphranter rufus,1.0,AWC 135,Macropodidae,macropodidae,osphranter rufus
99c18468-360a-4428-bb6b-4c5f5bf84e34,sequenceID:296c435f-2001-484e-b669-dbfeb2d3854a,296c435f-2001-484e-b669-dbfeb2d3854a,296c435f-2001-484e-b669-dbfeb2d3854a,13835337-7eca-49e4-95d2-516353f83df4,osphranter rufus,0.98,AWC 135,Macropodidae,macropodidae,osphranter rufus
28a0f279-f525-405f-8a5c-d035c0e9e70b,sequenceID:dd71d34a-2f90-4bed-b25c-cd88c082d008,dd71d34a-2f90-4bed-b25c-cd88c082d008,dd71d34a-2f90-4bed-b25c-cd88c082d008,13835337-7eca-49e4-95d2-516353f83df4,osphranter rufus,0.95,AWC 135,Macropodidae,macropodidae,osphranter rufus
94cdc1d8-799a-4566-8760-3e7803c0926d,sequenceID:e5cb87b1-aa00-46dc-92a8-bc1d6b415165,e5cb87b1-aa00-46dc-92a8-bc1d6b415165,e5cb87b1-aa00-46dc-92a8-bc1d6b415165,13835337-7eca-49e4-95d2-516353f83df4,Osphranter robustus,0.7,AWC 135,Macropodidae,macropodidae,osphranter robustus
c0484edf-d7fa-40f5-9566-1badcfc1de06,sequenceID:388ce2f7-d03b-4cf9-b161-4330cf4554d9,388ce2f7-d03b-4cf9-b161-4330cf4554d9,388ce2f7-d03b-4cf9-b161-4330cf4554d9,13835337-7eca-49e4-95d2-516353f83df4,osphranter rufus,0.8,AWC 135,Macropodidae,macropodidae,osphranter rufus
f9f0c930-a894-4d7b-8948-10920a2a3aab,sequenceID:007ca0d2-ef7d-4e66-ae85-213483db08f0,007ca0d2-ef7d-4e66-ae85-213483db08f0,007ca0d2-ef7d-4e66-ae85-213483db08f0,13835337-7eca-49e4-95d2-516353f83df4,Macropus dorsalis,0.96,AWC 135,Macropodidae,macropodidae,macropus dorsalis
564b1a34-a95c-4f15-9ed9-eb69dfddae70,sequenceID:856bd7b4-5dae-411f-8678-7c31a107cb48,856bd7b4-5dae-411f-8678-7c31a107cb48,856bd7b4-5dae-411f-8678-7c31a107cb48,13835337-7eca-49e4-95d2-516353f83df4,osphranter rufus,1.0,AWC 135,Macropodidae,macropodidae,osphranter rufus
20595c31-92ac-46fe-9ea1-169da4e4e7de,sequenceID:63e56460-7fed-44b2-b066-1744d5fa6a16,63e56460-7fed-44b2-b066-1744d5fa6a16,63e56460-7fed-44b2-b066-1744d5fa6a16,13835337-7eca-49e4-95d2-516353f83df4,osphranter rufus,0.99,AWC 135,Macropodidae,macropodidae,osphranter rufus
aa97b702-358c-4a95-a535-dd652bce91cd,sequenceID:a47f1ded-e7cf-4cb8-80ff-4c2c1a4afada,a47f1ded-e7cf-4cb8-80ff-4c2c1a4afada,a47f1ded-e7cf-4cb8-80ff-4c2c1a4afada,13835337-7eca-49e4-95d2-516353f83df4,osphranter rufus,0.98,AWC 135,Macropodidae,macropodidae,osphranter rufus
911f3d2c-47c0-46b1-852f-a5274a896856,sequenceID:e2cf25e9-8f84-4925-a34c-a7c4ab453e48,e2cf25e9-8f84-4925-a34c-a7c4ab453e48,e2cf25e9-8f84-4925-a34c-a7c4ab453e48,13835337-7eca-49e4-95d2-516353f83df4,Bettongia lesueur,0.86,AWC 135,Macropodidae,macropodidae,bettongia lesueur
28832c4a-513f-4144-b3dc-46ffe37ab1d7,sequenceID:829179d2-adfa-4f33-b48f-dee9632ed070,829179d2-adfa-4f33-b48f-dee9632ed070,829179d2-adfa-4f33-b48f-dee9632ed070,13835337-7eca-49e4-95d2-516353f83df4,,0.0,,Macropodidae,macropodidae,nan
f1a795ab-c94c-40bf-a7d4-7828c4f6e609,sequenceID:b647d5c5-f948-4f2a-b22d-d5e6461895f9,b647d5c5-f948-4f2a-b22d-d5e6461895f9,b647d5c5-f948-4f2a-b22d-d5e6461895f9,13835337-7eca-49e4-95d2-516353f83df4,Trichosurus caninus,0.75,AWC 135,Macropodidae,macropodidae,trichosurus caninus
dd5d3981-fdb4-4eea-b8de-12a4ee610147,sequenceID:bd360e55-e1a6-4379-b9d5-3ecf1bc7e61c,bd360e55-e1a6-4379-b9d5-3ecf1bc7e61c,bd360e55-e1a6-4379-b9d5-3ecf1bc7e61c,13835337-7eca-49e4-95d2-516353f83df4,osphranter rufus,0.63,AWC 135,Macropodidae,macropodidae,osphranter rufus
2f7007c6-547f-46d4-9256-9b7d4b87234b,sequenceID:d8bafe8a-d14f-4596-a182-d5505b80272d,d8bafe8a-d14f-4596-a182-d5505b80272d,d8bafe8a-d14f-4596-a182-d5505b80272d,13835337-7eca-49e4-95d2-516353f83df4,Notamacropus dorsalis,0.55,AWC 135,Macropodidae,macropodidae,notamacropus dorsalis
785d58f8-461b-4b3e-9cee-aa2e3fd5bdc1,sequenceID:29e55b87-1718-4f4a-9a2f-35a02405200d,29e55b87-1718-4f4a-9a2f-35a02405200d,29e55b87-1718-4f4a-9a2f-35a02405200d,13835337-7eca-49e4-95d2-516353f83df4,osphranter rufus,0.98,AWC 135,Macropodidae,macropodidae,osphranter rufus
d56185a4-d1d2-436b-bf35-46ceba81f427,sequenceID:1832ec50-4ea9-4d0b-8d36-35791bfca000,1832ec50-4ea9-4d0b-8d36-35791bfca000,1832ec50-4ea9-4d0b-8d36-35791bfca000,13835337-7eca-49e4-95d2-516353f83df4,osphranter rufus,0.99,AWC 135,Macropodidae,macropodidae,osphranter rufus
0b7830a2-d7af-4d32-9d7e-1b4b40f6db87,sequenceID:68be262c-501a-4425-a14f-438cdab59e1a,68be262c-501a-4425-a14f-438cdab59e1a,68be262c-501a-4425-a14f-438cdab59e1a,13835337-7eca-49e4-95d2-516353f83df4,osphranter rufus,0.98,AWC 135,Macropodidae,macropodidae,osphranter rufus
ccb715d7-3a88-4a2b-9cd8-8464e2d78ca2,sequenceID:4bf531c2-753c-450c-bcf7-47aac236fbbc,4bf531c2-753c-450c-bcf7-47aac236fbbc,4bf531c2-753c-450c-bcf7-47aac236fbbc,13835337-7eca-49e4-95d2-516353f83df4,osphranter rufus,0.99,AWC 135,Macropodidae,macropodidae,osphranter rufus
323413ee-e5e9-4f63-b6aa-2acadc0210c9,sequenceID:748d031e-42c9-42f0-bf7c-9c7614aaebb3,748d031e-42c9-42f0-bf7c-9c7614aaebb3,748d031e-42c9-42f0-bf7c-9c7614aaebb3,13835337-7eca-49e4-95d2-516353f83df4,osphranter rufus,0.99,AWC 135,Macropodidae,macropodidae,osphranter rufus
48b1ad79-1f37-49d2-9398-f38f9a41521a,sequenceID:19013440-d77a-446f-8db0-d3c238ad52a5,19013440-d77a-446f-8db0-d3c238ad52a5,19013440-d77a-446f-8db0-d3c238ad52a5,13835337-7eca-49e4-95d2-516353f83df4,osphranter rufus,0.79,AWC 135,Macropodidae,macropodidae,osphranter rufus
a7a8708a-b8df-44e6-b717-5bbf6c8e13e2,sequenceID:22099767-d92a-4d71-994c-f5b7825c8a19,22099767-d92a-4d71-994c-f5b7825c8a19,22099767-d92a-4d71-994c-f5b7825c8a19,13835337-7eca-49e4-95d2-516353f83df4,osphranter rufus,0.97,AWC 135,Macropodidae,macropodidae,osphranter rufus
29e76bb9-63dc-4f06-aa19-d000231186f0,sequenceID:f5e60f32-4220-4622-bb65-93c0a1adc33c,f5e60f32-4220-4622-bb65-93c0a1adc33c,f5e60f32-4220-4622-bb65-93c0a1adc33c,13835337-7eca-49e4-95d2-516353f83df4,osphranter rufus,0.98,AWC 135,Macropodidae,macropodidae,osphranter rufus
a1ed4c69-3b2f-4c00-94a6-1f94a52db684,sequenceID:419176ac-537a-4917-992e-f1d786fbd9ba,419176ac-537a-4917-992e-f1d786fbd9ba,419176ac-537a-4917-992e-f1d786fbd9ba,13835337-7eca-49e4-95d2-516353f83df4,osphranter rufus,0.99,AWC 135,Macropodidae,macropodidae,osphranter rufus
af313a56-c66f-4e42-a582-86701d61863d,sequenceID:28f988fd-3d25-49a8-b7fb-8890c1c7d265,28f988fd-3d25-49a8-b7fb-8890c1c7d265,28f988fd-3d25-49a8-b7fb-8890c1c7d265,13835337-7eca-49e4-95d2-516353f83df4,osphranter rufus,1.0,AWC 135,Macropodidae,macropodidae,osphranter rufus
106fb214-83c4-4528-9bb9-5f6c1ec49bf3,sequenceID:00d53045-7a25-4f07-bfae-4bd486513b6b,00d53045-7a25-4f07-bfae-4bd486513b6b,00d53045-7a25-4f07-bfae-4bd486513b6b,13835337-7eca-49e4-95d2-516353f83df4,,0.0,,Macropodidae,macropodidae,nan
7f807dff-f8dd-471e-be74-e81fc7d47bfe,sequenceID:4f8366cc-d616-47cb-ad0c-a25b0daf4abd,4f8366cc-d616-47cb-ad0c-a25b0daf4abd,4f8366cc-d616-47cb-ad0c-a25b0daf4abd,13835337-7eca-49e4-95d2-516353f83df4,osphranter rufus,0.66,AWC 135,Macropodidae,macropodidae,osphranter rufus
9bb7396c-0c25-4a07-acd7-3492a4403db0,sequenceID:9ea3d6ba-c1ee-4559-b684-01312187a1c6,9ea3d6ba-c1ee-4559-b684-01312187a1c6,9ea3d6ba-c1ee-4559-b684-01312187a1c6,13835337-7eca-49e4-95d2-516353f83df4,osphranter rufus,0.99,AWC 135,Macropodidae,macropodidae,osphranter rufus
3c214e3e-a5b7-4e99-8826-4b190300c51a,sequenceID:3a41040d-707d-480e-a821-be0c1106172a,3a41040d-707d-480e-a821-be0c1106172a,3a41040d-707d-480e-a821-be0c1106172a,13835337-7eca-49e4-95d2-516353f83df4,osphranter rufus,0.99,AWC 135,Macropodidae,macropodidae,osphranter rufus
008d9ec0-a985-4b56-b308-bcbd33fc899d,sequenceID:b307ceb0-61ab-4c7b-8ca8-6a6a4912a387,b307ceb0-61ab-4c7b-8ca8-6a6a4912a387,b307ceb0-61ab-4c7b-8ca8-6a6a4912a387,13835337-7eca-49e4-95d2-516353f83df4,osphranter rufus,1.0,AWC 135,Macropodidae,macropodidae,osphranter rufus
b7db5a18-de27-48a1-815c-d20df5fab77d,sequenceID:ff334a02-380c-42c8-8293-47425ee2add0,ff334a02-380c-42c8-8293-47425ee2add0,ff334a02-380c-42c8-8293-47425ee2add0,13835337-7eca-49e4-95d2-516353f83df4,osphranter rufus,0.97,AWC 135,Macropodidae,macropodidae,osphranter rufus
6807ae24-b850-47cc-bf1e-118d17045ed4,sequenceID:fcd18779-fa6a-4f5b-b1b1-2d6e0d44b796,fcd18779-fa6a-4f5b-b1b1-2d6e0d44b796,fcd18779-fa6a-4f5b-b1b1-2d6e0d44b796,13835337-7eca-49e4-95d2-516353f83df4,osphranter rufus,0.98,AWC 135,Macropodidae,macropodidae,osphranter rufus
9b48ada9-9988-4e88-bb40-c2b711b2cfee,sequenceID:5573dc3a-c8c6-49c9-9c55-0f2b4a4bde57,5573dc3a-c8c6-49c9-9c55-0f2b4a4bde57,5573dc3a-c8c6-49c9-9c55-0f2b4a4bde57,13835337-7eca-49e4-95d2-516353f83df4,osphranter rufus,0.99,AWC 135,Macropodidae,macropodidae,osphranter rufus
8f339e7d-e56f-4f53-b1a2-fb8343f9d024,sequenceID:e2519cd8-e411-407c-b3d7-6e68a3cd8ed5,e2519cd8-e411-407c-b3d7-6e68a3cd8ed5,e2519cd8-e411-407c-b3d7-6e68a3cd8ed5,13835337-7eca-49e4-95d2-516353f83df4,osphranter rufus,0.99,AWC 135,Macropodidae,macropodidae,osphranter rufus
d71bfaae-23e1-4cf0-b1d7-87c4324308a1,sequenceID:c946c3ec-7504-4881-b1fb-daee744aaee9,c946c3ec-7504-4881-b1fb-daee744aaee9,c946c3ec-7504-4881-b1fb-daee744aaee9,13835337-7eca-49e4-95d2-516353f83df4,osphranter rufus,0.99,AWC 135,Macropodidae,macropodidae,osphranter rufus
e195abf1-6f5a-4603-b619-8debe6275a04,sequenceID:c63ebcdf-ace7-49a6-aa73-6a540003e564,c63ebcdf-ace7-49a6-aa73-6a540003e564,c63ebcdf-ace7-49a6-aa73-6a540003e564,13835337-7eca-49e4-95d2-516353f83df4,,0.0,,Macropodidae,macropodidae,nan
7a7202d5-179b-4fbd-bc97-ccb31354a665,sequenceID:9458cb67-a2a0-4afa-9ae0-18126bd6ce13,9458cb67-a2a0-4afa-9ae0-18126bd6ce13,9458cb67-a2a0-4afa-9ae0-18126bd6ce13,13835337-7eca-49e4-95d2-516353f83df4,osphranter rufus,1.0,AWC 135,Macropodidae,macropodidae,osphranter rufus
b22b3879-dba9-416b-bd88-b39844eff22e,sequenceID:4d3d7cbb-d41f-4195-a27b-b075f1575651,4d3d7cbb-d41f-4195-a27b-b075f1575651,4d3d7cbb-d41f-4195-a27b-b075f1575651,13835337-7eca-49e4-95d2-516353f83df4,Macropus dorsalis,0.67,AWC 135,Macropodidae,macropodidae,macropus dorsalis
0836c839-1166-4996-99d1-b08cd751a762,sequenceID:7a1b628b-2b9c-44df-b3bd-d134e8f28ecb,7a1b628b-2b9c-44df-b3bd-d134e8f28ecb,7a1b628b-2b9c-44df-b3bd-d134e8f28ecb,13835337-7eca-49e4-95d2-516353f83df4,Canis familiaris,0.71,AWC 135,Macropodidae,macropodidae,canis familiaris
d1aa7809-dd31-4cbb-aa68-b060ec62cade,sequenceID:b2a0207d-9091-41fd-a561-cdfc71ddb5e7,b2a0207d-9091-41fd-a561-cdfc71ddb5e7,b2a0207d-9091-41fd-a561-cdfc71ddb5e7,13835337-7eca-49e4-95d2-516353f83df4,Canis familiaris,0.93,AWC 135,Macropodidae,macropodidae,canis familiaris
c11f6348-6a65-42a2-8907-c63e340610c0,sequenceID:6a2587ac-111a-4c67-a24f-da26df2d1832,6a2587ac-111a-4c67-a24f-da26df2d1832,6a2587ac-111a-4c67-a24f-da26df2d1832,13835337-7eca-49e4-95d2-516353f83df4,osphranter rufus,1.0,AWC 135,Macropodidae,macropodidae,osphranter rufus
36ed3587-ffc1-4f01-9515-d83eecb3ac4d,sequenceID:9535bd62-2513-4f55-a448-f88891ebcb67,9535bd62-2513-4f55-a448-f88891ebcb67,9535bd62-2513-4f55-a448-f88891ebcb67,13835337-7eca-49e4-95d2-516353f83df4,osphranter rufus,1.0,AWC 135,Macropodidae,macropodidae,osphranter rufus
828f80a2-3853-4fdc-b66a-f5454a8928c2,sequenceID:9da8178f-ba8a-4328-ae14-f705831e9335,9da8178f-ba8a-4328-ae14-f705831e9335,9da8178f-ba8a-4328-ae14-f705831e9335,13835337-7eca-49e4-95d2-516353f83df4,osphranter rufus,0.99,AWC 135,Macropodidae,macropodidae,osphranter rufus
2dd3b131-5139-4bd5-9a41-ef72eb6852df,sequenceID:0bc19b1b-aace-4e7f-b22d-05e856f31e13,0bc19b1b-aace-4e7f-b22d-05e856f31e13,0bc19b1b-aace-4e7f-b22d-05e856f31e13,13835337-7eca-49e4-95d2-516353f83df4,osphranter rufus,0.98,AWC 135,Macropodidae,macropodidae,osphranter rufus
400e6083-9ebc-43d6-8c5b-bfb9d1a3428b,sequenceID:66ededae-302d-4962-bd0a-0e9c1cae424d,66ededae-302d-4962-bd0a-0e9c1cae424d,66ededae-302d-4962-bd0a-0e9c1cae424d,13835337-7eca-49e4-95d2-516353f83df4,osphranter rufus,0.99,AWC 135,Macropodidae,macropodidae,osphranter rufus
430599d1-bc52-4084-a6be-0f54325dba36,sequenceID:f77852ca-148a-4da1-8c12-9a2c5a279bdb,f77852ca-148a-4da1-8c12-9a2c5a279bdb,f77852ca-148a-4da1-8c12-9a2c5a279bdb,13835337-7eca-49e4-95d2-516353f83df4,osphranter rufus,0.99,AWC 135,Macropodidae,macropodidae,osphranter rufus
0eecc789-6e50-4a12-bcec-da2d65427217,sequenceID:41e06019-deba-4827-9631-8e5c8e85dfe9,41e06019-deba-4827-9631-8e5c8e85dfe9,41e06019-deba-4827-9631-8e5c8e85dfe9,13835337-7eca-49e4-95d2-516353f83df4,osphranter rufus,1.0,AWC 135,Macropodidae,macropodidae,osphranter rufus
add07c1c-cc73-49ad-a3c2-46dbff4772a4,sequenceID:f9761326-2eb4-4b16-b511-6e926d547c29,f9761326-2eb4-4b16-b511-6e926d547c29,f9761326-2eb4-4b16-b511-6e926d547c29,13835337-7eca-49e4-95d2-516353f83df4,osphranter rufus,0.99,AWC 135,Macropodidae,macropodidae,osphranter rufus
3a4741a6-ef2c-42a4-902d-6b523b42903d,sequenceID:2290b502-5a65-4061-bd6f-d8615140a844,2290b502-5a65-4061-bd6f-d8615140a844,2290b502-5a65-4061-bd6f-d8615140a844,13835337-7eca-49e4-95d2-516353f83df4,osphranter rufus,0.99,AWC 135,Macropodidae,macropodidae,osphranter rufus
fb48c538-bc1a-425b-95fe-cd86ccdaa45e,sequenceID:d4825732-948b-4a46-901d-303307401c73,d4825732-948b-4a46-901d-303307401c73,d4825732-948b-4a46-901d-303307401c73,13835337-7eca-49e4-95d2-516353f83df4,Bos taurus,0.9,AWC 135,Macropodidae,macropodidae,bos taurus
e8dd5ef5-376a-4707-9299-56ab215bd047,sequenceID:db051b6b-1963-43d5-962a-a8a90a695bba,db051b6b-1963-43d5-962a-a8a90a695bba,db051b6b-1963-43d5-962a-a8a90a695bba,13835337-7eca-49e4-95d2-516353f83df4,osphranter rufus,0.99,AWC 135,Macropodidae,macropodidae,osphranter rufus
7bf6e377-2750-43bf-9a2c-9c6309149927,sequenceID:73b5b1cf-1b2e-4fb1-b37b-7e9631ba5d0a,73b5b1cf-1b2e-4fb1-b37b-7e9631ba5d0a,73b5b1cf-1b2e-4fb1-b37b-7e9631ba5d0a,13835337-7eca-49e4-95d2-516353f83df4,osphranter rufus,0.99,AWC 135,Macropodidae,macropodidae,osphranter rufus
4c0a9f64-0bde-41de-8d09-83c963915d2b,sequenceID:73208b64-4c7f-4fc5-b336-664c401e7146,73208b64-4c7f-4fc5-b336-664c401e7146,73208b64-4c7f-4fc5-b336-664c401e7146,13835337-7eca-49e4-95d2-516353f83df4,osphranter rufus,0.98,AWC 135,Macropodidae,macropodidae,osphranter rufus
92f18e27-733e-46cb-8e12-ae935c5592f1,sequenceID:7231d6c0-2bcd-4038-b5b5-1a6f6ed16db9,7231d6c0-2bcd-4038-b5b5-1a6f6ed16db9,7231d6c0-2bcd-4038-b5b5-1a6f6ed16db9,13835337-7eca-49e4-95d2-516353f83df4,osphranter rufus,0.99,AWC 135,Macropodidae,macropodidae,osphranter rufus
6b285a29-0238-4b7a-be89-a6b216d8aede,sequenceID:93e10313-5504-4195-a562-7f87b4947c71,93e10313-5504-4195-a562-7f87b4947c71,93e10313-5504-4195-a562-7f87b4947c71,13835337-7eca-49e4-95d2-516353f83df4,osphranter rufus,0.99,AWC 135,Macropodidae,macropodidae,osphranter rufus
447ceccb-35ae-41f5-b8bd-fb9fec1f2a1e,sequenceID:3a258106-8cdb-4904-86e6-8e6daae13fdc,3a258106-8cdb-4904-86e6-8e6daae13fdc,3a258106-8cdb-4904-86e6-8e6daae13fdc,13835337-7eca-49e4-95d2-516353f83df4,osphranter rufus,1.0,AWC 135,Macropodidae,macropodidae,osphranter rufus
afa06144-f29d-4405-a8be-f789185512ab,sequenceID:3e7853c0-c6c6-4213-8941-3d25b33e6086,3e7853c0-c6c6-4213-8941-3d25b33e6086,3e7853c0-c6c6-4213-8941-3d25b33e6086,13835337-7eca-49e4-95d2-516353f83df4,osphranter rufus,1.0,AWC 135,Macropodidae,macropodidae,osphranter rufus
2a5cf188-fb5e-4a63-b953-c8f73958fbb4,sequenceID:755ebba0-d258-48bd-a22e-a1ba277198e9,755ebba0-d258-48bd-a22e-a1ba277198e9,755ebba0-d258-48bd-a22e-a1ba277198e9,13835337-7eca-49e4-95d2-516353f83df4,osphranter rufus,0.98,AWC 135,Macropodidae,macropodidae,osphranter rufus
fcd38cb1-446a-4cf7-a0f3-198b2739dc6f,sequenceID:d708450d-0d2f-44b1-a0c2-857e2c60dd24,d708450d-0d2f-44b1-a0c2-857e2c60dd24,d708450d-0d2f-44b1-a0c2-857e2c60dd24,13835337-7eca-49e4-95d2-516353f83df4,osphranter rufus,0.99,AWC 135,Macropodidae,macropodidae,osphranter rufus
3900c7c5-b298-4138-bc59-0837d5cd9463,sequenceID:f322781e-027f-4562-9b99-41f0e9f12eda,f322781e-027f-4562-9b99-41f0e9f12eda,f322781e-027f-4562-9b99-41f0e9f12eda,13835337-7eca-49e4-95d2-516353f83df4,osphranter rufus,1.0,AWC 135,Macropodidae,macropodidae,osphranter rufus
be8a82d7-3adb-48ff-b2ae-2139b2a74f5a,sequenceID:98036476-fc54-44e2-ae3f-855009b03719,98036476-fc54-44e2-ae3f-855009b03719,98036476-fc54-44e2-ae3f-855009b03719,13835337-7eca-49e4-95d2-516353f83df4,osphranter rufus,0.99,AWC 135,Macropodidae,macropodidae,osphranter rufus
24152ca8-6d3b-4704-9acf-e47a7b6735a8,sequenceID:1058005e-58f1-455d-9018-bda0f228977e,1058005e-58f1-455d-9018-bda0f228977e,1058005e-58f1-455d-9018-bda0f228977e,13835337-7eca-49e4-95d2-516353f83df4,osphranter rufus,1.0,AWC 135,Macropodidae,macropodidae,osphranter rufus
95257298-7b47-42c1-bd28-d995bc8d1c7f,sequenceID:ad51772d-6aec-4a64-abc2-a140b2099ff5,ad51772d-6aec-4a64-abc2-a140b2099ff5,ad51772d-6aec-4a64-abc2-a140b2099ff5,13835337-7eca-49e4-95d2-516353f83df4,osphranter rufus,1.0,AWC 135,Macropodidae,macropodidae,osphranter rufus
e2dbe51c-284d-46d0-a02f-647abe76351c,sequenceID:36422656-62a2-4d6a-bc5a-15acaba38943,36422656-62a2-4d6a-bc5a-15acaba38943,36422656-62a2-4d6a-bc5a-15acaba38943,13835337-7eca-49e4-95d2-516353f83df4,osphranter rufus,0.99,AWC 135,Macropodidae,macropodidae,osphranter rufus
e2dbe51c-284d-46d0-a02f-647abe76351c,sequenceID:36422656-62a2-4d6a-bc5a-15acaba38943,36422656-62a2-4d6a-bc5a-15acaba38943,36422656-62a2-4d6a-bc5a-15acaba38943,13835337-7eca-49e4-95d2-516353f83df4,Capra hircus,0.99,AWC 135,Macropodidae,macropodidae,capra hircus
dd109d15-798f-4d65-8f79-569a04031e5b,sequenceID:503e02c9-382d-48b4-ab88-c046412add8f,503e02c9-382d-48b4-ab88-c046412add8f,503e02c9-382d-48b4-ab88-c046412add8f,13835337-7eca-49e4-95d2-516353f83df4,osphranter rufus,1.0,AWC 135,Macropodidae,macropodidae,osphranter rufus
381ecfe9-da70-40a2-bd1e-9be4011eae0e,sequenceID:7d78ac4a-76ec-42dd-85a3-2ddb47415bd8,7d78ac4a-76ec-42dd-85a3-2ddb47415bd8,7d78ac4a-76ec-42dd-85a3-2ddb47415bd8,13835337-7eca-49e4-95d2-516353f83df4,Macropus dorsalis,0.88,AWC 135,Macropodidae,macropodidae,macropus dorsalis
381ecfe9-da70-40a2-bd1e-9be4011eae0e,sequenceID:7d78ac4a-76ec-42dd-85a3-2ddb47415bd8,7d78ac4a-76ec-42dd-85a3-2ddb47415bd8,7d78ac4a-76ec-42dd-85a3-2ddb47415bd8,13835337-7eca-49e4-95d2-516353f83df4,osphranter rufus,1.0,AWC 135,Macropodidae,macropodidae,osphranter rufus
b441d4d9-e8f7-4b9e-a3ab-2dd3f48532d6,sequenceID:0f564629-f0c4-4448-9b2b-1308e8a4abbb,0f564629-f0c4-4448-9b2b-1308e8a4abbb,0f564629-f0c4-4448-9b2b-1308e8a4abbb,13835337-7eca-49e4-95d2-516353f83df4,osphranter rufus,1.0,AWC 135,Macropodidae,macropodidae,osphranter rufus
fc38a940-646c-435e-a6ec-763dcbc4f028,sequenceID:75bc8fa1-b967-4ad5-b6ca-61cea7c00907,75bc8fa1-b967-4ad5-b6ca-61cea7c00907,75bc8fa1-b967-4ad5-b6ca-61cea7c00907,13835337-7eca-49e4-95d2-516353f83df4,osphranter rufus,0.96,AWC 135,Macropodidae,macropodidae,osphranter rufus
4e026563-f748-445d-be03-515fb74ef9ae,sequenceID:56a2253f-f58b-4c37-a8a4-cb86b5bce119,56a2253f-f58b-4c37-a8a4-cb86b5bce119,56a2253f-f58b-4c37-a8a4-cb86b5bce119,13835337-7eca-49e4-95d2-516353f83df4,osphranter rufus,0.99,AWC 135,Macropodidae,macropodidae,osphranter rufus
34a315b8-5ad8-47b4-be24-a0a79214e743,sequenceID:e8c00e0b-c967-4bc0-b98c-9c3e7527ba6f,e8c00e0b-c967-4bc0-b98c-9c3e7527ba6f,e8c00e0b-c967-4bc0-b98c-9c3e7527ba6f,13835337-7eca-49e4-95d2-516353f83df4,osphranter rufus,0.98,AWC 135,Macropodidae,macropodidae,osphranter rufus
53b6307f-797e-4445-a622-67079f775159,sequenceID:e9be117d-26d8-41a6-abef-cfb3fec39917,e9be117d-26d8-41a6-abef-cfb3fec39917,e9be117d-26d8-41a6-abef-cfb3fec39917,13835337-7eca-49e4-95d2-516353f83df4,osphranter rufus,0.98,AWC 135,Macropodidae,macropodidae,osphranter rufus
2de4bfa6-bdc1-48a4-a8e1-782b9bdcce76,sequenceID:a144cfcc-65f7-47df-bfec-b72152928336,a144cfcc-65f7-47df-bfec-b72152928336,a144cfcc-65f7-47df-bfec-b72152928336,13835337-7eca-49e4-95d2-516353f83df4,osphranter rufus,1.0,AWC 135,Macropodidae,macropodidae,osphranter rufus
dfdcc12b-de1d-431c-9292-600e5c5ed691,sequenceID:42b4bd8d-1599-4c9b-bb27-a2168d931bd2,42b4bd8d-1599-4c9b-bb27-a2168d931bd2,42b4bd8d-1599-4c9b-bb27-a2168d931bd2,13835337-7eca-49e4-95d2-516353f83df4,osphranter rufus,0.99,AWC 135,Macropodidae,macropodidae,osphranter rufus
651d5c27-fd11-474d-a144-05bc33fccf9d,sequenceID:dd559767-4f46-4b61-a111-d41bae1b9cc1,dd559767-4f46-4b61-a111-d41bae1b9cc1,dd559767-4f46-4b61-a111-d41bae1b9cc1,13835337-7eca-49e4-95d2-516353f83df4,osphranter rufus,1.0,AWC 135,Macropodidae,macropodidae,osphranter rufus
04487dce-0934-41b3-b469-5ca17a4924a5,sequenceID:578bd7bc-6c95-4f37-8147-fc4868cb7c44,578bd7bc-6c95-4f37-8147-fc4868cb7c44,578bd7bc-6c95-4f37-8147-fc4868cb7c44,13835337-7eca-49e4-95d2-516353f83df4,osphranter rufus,0.98,AWC 135,Macropodidae,macropodidae,osphranter rufus
e318fd31-a2fc-4915-ba9b-9e9003ad0843,sequenceID:fbd2a68a-2bb6-4dd3-a970-c44af27ce749,fbd2a68a-2bb6-4dd3-a970-c44af27ce749,fbd2a68a-2bb6-4dd3-a970-c44af27ce749,13835337-7eca-49e4-95d2-516353f83df4,osphranter rufus,0.99,AWC 135,Macropodidae,macropodidae,osphranter rufus
3e409e40-3179-4566-ad37-cc3637db0f24,sequenceID:69f0014d-8917-45a4-92c7-482487fe465b,69f0014d-8917-45a4-92c7-482487fe465b,69f0014d-8917-45a4-92c7-482487fe465b,13835337-7eca-49e4-95d2-516353f83df4,osphranter rufus,0.87,AWC 135,Macropodidae,macropodidae,osphranter rufus
3a9883dd-82a5-41d4-b08c-8780082d5ccd,sequenceID:5f00596a-0a24-41f0-b255-a604b53ec201,5f00596a-0a24-41f0-b255-a604b53ec201,5f00596a-0a24-41f0-b255-a604b53ec201,13835337-7eca-49e4-95d2-516353f83df4,Capra hircus,0.81,AWC 135,Macropodidae,macropodidae,capra hircus
3a9883dd-82a5-41d4-b08c-8780082d5ccd,sequenceID:5f00596a-0a24-41f0-b255-a604b53ec201,5f00596a-0a24-41f0-b255-a604b53ec201,5f00596a-0a24-41f0-b255-a604b53ec201,13835337-7eca-49e4-95d2-516353f83df4,Macropus dorsalis,0.99,AWC 135,Macropodidae,macropodidae,macropus dorsalis
c08dd842-f838-462b-8a97-567ebcb6540d,sequenceID:075ef7fd-d831-43a8-9957-12c1688f9594,075ef7fd-d831-43a8-9957-12c1688f9594,075ef7fd-d831-43a8-9957-12c1688f9594,13835337-7eca-49e4-95d2-516353f83df4,Capra hircus,0.71,AWC 135,Macropodidae,macropodidae,capra hircus
c08dd842-f838-462b-8a97-567ebcb6540d,sequenceID:075ef7fd-d831-43a8-9957-12c1688f9594,075ef7fd-d831-43a8-9957-12c1688f9594,075ef7fd-d831-43a8-9957-12c1688f9594,13835337-7eca-49e4-95d2-516353f83df4,osphranter rufus,1.0,AWC 135,Macropodidae,macropodidae,osphranter rufus
c08dd842-f838-462b-8a97-567ebcb6540d,sequenceID:075ef7fd-d831-43a8-9957-12c1688f9594,075ef7fd-d831-43a8-9957-12c1688f9594,075ef7fd-d831-43a8-9957-12c1688f9594,13835337-7eca-49e4-95d2-516353f83df4,Equus,0.66,AWC 135,Macropodidae,macropodidae,equus
c6f05743-8792-41de-aee3-50dfc55a0d0d,sequenceID:8f839fbd-13b4-490a-be05-bbc39fde8099,8f839fbd-13b4-490a-be05-bbc39fde8099,8f839fbd-13b4-490a-be05-bbc39fde8099,13835337-7eca-49e4-95d2-516353f83df4,osphranter rufus,0.65,AWC 135,Macropodidae,macropodidae,osphranter rufus
c6f05743-8792-41de-aee3-50dfc55a0d0d,sequenceID:8f839fbd-13b4-490a-be05-bbc39fde8099,8f839fbd-13b4-490a-be05-bbc39fde8099,8f839fbd-13b4-490a-be05-bbc39fde8099,13835337-7eca-49e4-95d2-516353f83df4,Capra hircus,0.59,AWC 135,Macropodidae,macropodidae,capra hircus
0d42aded-889b-4c6a-b1cf-93b59eb53d24,sequenceID:b1cd5056-3e6b-4af2-aa15-da095f44ed7a,b1cd5056-3e6b-4af2-aa15-da095f44ed7a,b1cd5056-3e6b-4af2-aa15-da095f44ed7a,13835337-7eca-49e4-95d2-516353f83df4,osphranter rufus,1.0,AWC 135,Macropodidae,macropodidae,osphranter rufus
53a7ec44-6bd4-4855-a130-90acc2ec1180,sequenceID:cf26de79-cb6b-4c89-b783-590e300a070a,cf26de79-cb6b-4c89-b783-590e300a070a,cf26de79-cb6b-4c89-b783-590e300a070a,13835337-7eca-49e4-95d2-516353f83df4,osphranter rufus,0.98,AWC 135,Macropodidae,macropodidae,osphranter rufus
eb9a149a-ff99-43e8-9c83-ada637177d36,sequenceID:e77d799d-9d2c-477b-b359-2eac9fa2a6f2,e77d799d-9d2c-477b-b359-2eac9fa2a6f2,e77d799d-9d2c-477b-b359-2eac9fa2a6f2,13835337-7eca-49e4-95d2-516353f83df4,osphranter rufus,0.91,AWC 135,Macropodidae,macropodidae,osphranter rufus
4b8a54d8-c9bb-445e-b8c4-99ecd7507211,sequenceID:aa675b9d-423d-4c92-9322-b8c8c4c64c3b,aa675b9d-423d-4c92-9322-b8c8c4c64c3b,aa675b9d-423d-4c92-9322-b8c8c4c64c3b,13835337-7eca-49e4-95d2-516353f83df4,osphranter rufus,0.53,AWC 135,Macropodidae,macropodidae,osphranter rufus
4b8a54d8-c9bb-445e-b8c4-99ecd7507211,sequenceID:aa675b9d-423d-4c92-9322-b8c8c4c64c3b,aa675b9d-423d-4c92-9322-b8c8c4c64c3b,aa675b9d-423d-4c92-9322-b8c8c4c64c3b,13835337-7eca-49e4-95d2-516353f83df4,Macropus dorsalis,0.77,AWC 135,Macropodidae,macropodidae,macropus dorsalis
4dd609f6-676e-49f8-8cce-39df2e609410,sequenceID:96566edf-1ad8-438d-9ea4-be9ade7309ad,96566edf-1ad8-438d-9ea4-be9ade7309ad,96566edf-1ad8-438d-9ea4-be9ade7309ad,13835337-7eca-49e4-95d2-516353f83df4,osphranter rufus,0.96,AWC 135,Macropodidae,macropodidae,osphranter rufus
ed910aec-9e74-489e-b6d1-b58dd587e581,sequenceID:c51bdc33-9954-429e-9846-f171e13e44ce,c51bdc33-9954-429e-9846-f171e13e44ce,c51bdc33-9954-429e-9846-f171e13e44ce,13835337-7eca-49e4-95d2-516353f83df4,osphranter rufus,0.99,AWC 135,Macropodidae,macropodidae,osphranter rufus
615234d4-3435-4e17-8559-d02140cfa013,sequenceID:b280ee88-579c-427f-a425-df284652521b,b280ee88-579c-427f-a425-df284652521b,b280ee88-579c-427f-a425-df284652521b,13835337-7eca-49e4-95d2-516353f83df4,osphranter rufus,0.99,AWC 135,Macropodidae,macropodidae,osphranter rufus
0c78bd0d-de21-4a85-a641-c87c21ee9e9f,sequenceID:48894dba-c5af-42f2-a282-75ac73b50633,48894dba-c5af-42f2-a282-75ac73b50633,48894dba-c5af-42f2-a282-75ac73b50633,13835337-7eca-49e4-95d2-516353f83df4,Canis familiaris,1.0,AWC 135,Macropodidae,macropodidae,canis familiaris
d045a3dd-59b6-42a2-a6ee-22a102975637,sequenceID:3b435537-f7d9-43ce-bdb0-85b88c1dc749,3b435537-f7d9-43ce-bdb0-85b88c1dc749,3b435537-f7d9-43ce-bdb0-85b88c1dc749,13835337-7eca-49e4-95d2-516353f83df4,Trichosurus caninus,0.56,AWC 135,Macropodidae,macropodidae,trichosurus caninus
30e12c71-7a63-4ca6-a2f8-ef3821fd2dba,sequenceID:b6f74cc6-7b34-4a99-9093-d8761b1b9d07,b6f74cc6-7b34-4a99-9093-d8761b1b9d07,b6f74cc6-7b34-4a99-9093-d8761b1b9d07,13835337-7eca-49e4-95d2-516353f83df4,Canis familiaris,0.72,AWC 135,Macropodidae,macropodidae,canis familiaris
35e24723-db6f-48f6-8986-08a368094e2b,sequenceID:7cfdb851-0419-482b-b853-358c4cc44012,7cfdb851-0419-482b-b853-358c4cc44012,7cfdb851-0419-482b-b853-358c4cc44012,13835337-7eca-49e4-95d2-516353f83df4,,0.0,,Macropodidae,macropodidae,nan
c2f984c9-e439-482f-938a-8099333f2fc3,sequenceID:9ee709f3-349c-47b7-8127-9855abf665fa,9ee709f3-349c-47b7-8127-9855abf665fa,9ee709f3-349c-47b7-8127-9855abf665fa,13835337-7eca-49e4-95d2-516353f83df4,osphranter rufus,0.99,AWC 135,Macropodidae,macropodidae,osphranter rufus
3105a9b1-1ade-426b-a8ea-8e88356c79f3,sequenceID:45a680e6-7292-4435-b120-7fef4ec21a95,45a680e6-7292-4435-b120-7fef4ec21a95,45a680e6-7292-4435-b120-7fef4ec21a95,13835337-7eca-49e4-95d2-516353f83df4,osphranter rufus,0.99,AWC 135,Macropodidae,macropodidae,osphranter rufus
9cdb81ec-1d70-426e-b488-94f85fa5b333,sequenceID:1b4b2405-da35-4c37-8c9c-c74150ea7f26,1b4b2405-da35-4c37-8c9c-c74150ea7f26,1b4b2405-da35-4c37-8c9c-c74150ea7f26,13835337-7eca-49e4-95d2-516353f83df4,osphranter rufus,0.99,AWC 135,Macropodidae,macropodidae,osphranter rufus
e31545da-c41b-42cc-8597-b2d8c09da7af,sequenceID:e2ec7cc9-dc83-4a11-853d-64d0b90de9c9,e2ec7cc9-dc83-4a11-853d-64d0b90de9c9,e2ec7cc9-dc83-4a11-853d-64d0b90de9c9,13835337-7eca-49e4-95d2-516353f83df4,Canis familiaris,0.75,AWC 135,Macropodidae,macropodidae,canis familiaris
e31545da-c41b-42cc-8597-b2d8c09da7af,sequenceID:e2ec7cc9-dc83-4a11-853d-64d0b90de9c9,e2ec7cc9-dc83-4a11-853d-64d0b90de9c9,e2ec7cc9-dc83-4a11-853d-64d0b90de9c9,13835337-7eca-49e4-95d2-516353f83df4,Macropus dorsalis,0.53,AWC 135,Macropodidae,macropodidae,macropus dorsalis
58116e17-fb46-4304-9b90-b6e555e59101,sequenceID:159ad0d4-bb8e-42da-810f-d9a3388192b1,159ad0d4-bb8e-42da-810f-d9a3388192b1,159ad0d4-bb8e-42da-810f-d9a3388192b1,13835337-7eca-49e4-95d2-516353f83df4,osphranter rufus,1.0,AWC 135,Macropodidae,macropodidae,osphranter rufus
2338ce3b-44f4-45d8-9565-39304ab72a53,sequenceID:73a48b55-ec8c-4bc6-8d2a-e7c4a5583c40,73a48b55-ec8c-4bc6-8d2a-e7c4a5583c40,73a48b55-ec8c-4bc6-8d2a-e7c4a5583c40,13835337-7eca-49e4-95d2-516353f83df4,Bos taurus,0.62,AWC 135,Macropodidae,macropodidae,bos taurus
f22f048d-181f-45d8-905f-2581818e8902,sequenceID:718a3dae-9f1f-41ab-85ff-44eac499440d,718a3dae-9f1f-41ab-85ff-44eac499440d,718a3dae-9f1f-41ab-85ff-44eac499440d,13835337-7eca-49e4-95d2-516353f83df4,,0.0,,Macropodidae,macropodidae,nan
45a8c841-11ba-4aa2-bd50-13e867242f6a,sequenceID:742c1687-ddf5-43a1-83ef-3b580da31600,742c1687-ddf5-43a1-83ef-3b580da31600,742c1687-ddf5-43a1-83ef-3b580da31600,13835337-7eca-49e4-95d2-516353f83df4,osphranter rufus,0.67,AWC 135,Macropodidae,macropodidae,osphranter rufus
66c79456-672f-4f2b-8453-406c91060647,sequenceID:6583e4a1-4136-4331-81d4-3831d1541af2,6583e4a1-4136-4331-81d4-3831d1541af2,6583e4a1-4136-4331-81d4-3831d1541af2,13835337-7eca-49e4-95d2-516353f83df4,osphranter rufus,0.99,AWC 135,Macropodidae,macropodidae,osphranter rufus
0ec24857-dc20-4443-b9da-b50ab3bd962f,sequenceID:03055b38-dc79-439f-92c1-ba350118921d,03055b38-dc79-439f-92c1-ba350118921d,03055b38-dc79-439f-92c1-ba350118921d,13835337-7eca-49e4-95d2-516353f83df4,osphranter rufus,1.0,AWC 135,Macropodidae,macropodidae,osphranter rufus
50471a2a-f733-40d9-94ab-2853d7d0793f,sequenceID:f6887fcd-df49-4d88-9733-c27de82a51c2,f6887fcd-df49-4d88-9733-c27de82a51c2,f6887fcd-df49-4d88-9733-c27de82a51c2,13835337-7eca-49e4-95d2-516353f83df4,osphranter rufus,0.99,AWC 135,Macropodidae,macropodidae,osphranter rufus
da7b47c2-5a2e-41fa-9ec0-9b0e5190c37f,sequenceID:8b24d647-4dec-4636-bc37-a12d29fc1c78,8b24d647-4dec-4636-bc37-a12d29fc1c78,8b24d647-4dec-4636-bc37-a12d29fc1c78,13835337-7eca-49e4-95d2-516353f83df4,osphranter rufus,0.98,AWC 135,Macropodidae,macropodidae,osphranter rufus
d62fdd5f-9ad6-4b4e-ac40-695da2f1cbba,sequenceID:d66b508e-6a56-4095-8bec-33cef960e65f,d66b508e-6a56-4095-8bec-33cef960e65f,d66b508e-6a56-4095-8bec-33cef960e65f,13835337-7eca-49e4-95d2-516353f83df4,osphranter rufus,0.99,AWC 135,Macropodidae,macropodidae,osphranter rufus
63fcfff7-193d-427b-b265-73a261d6941a,sequenceID:39cfbded-d5c7-472f-b1f4-2cb587cede78,39cfbded-d5c7-472f-b1f4-2cb587cede78,39cfbded-d5c7-472f-b1f4-2cb587cede78,13835337-7eca-49e4-95d2-516353f83df4,osphranter rufus,0.99,AWC 135,Macropodidae,macropodidae,osphranter rufus
6e24c5f7-503c-450c-8a19-ac6375ed8887,sequenceID:8d496356-f98c-47b8-bd41-b99f5d964363,8d496356-f98c-47b8-bd41-b99f5d964363,8d496356-f98c-47b8-bd41-b99f5d964363,13835337-7eca-49e4-95d2-516353f83df4,osphranter rufus,1.0,AWC 135,Macropodidae,macropodidae,osphranter rufus
61595635-ecf9-4e38-86cf-e786f5ea1d6a,sequenceID:2ee416ed-9219-482a-addf-32b161d4ffdb,2ee416ed-9219-482a-addf-32b161d4ffdb,2ee416ed-9219-482a-addf-32b161d4ffdb,13835337-7eca-49e4-95d2-516353f83df4,osphranter rufus,1.0,AWC 135,Macropodidae,macropodidae,osphranter rufus
fcb875aa-c97d-46be-a186-9a80fd476332,sequenceID:11bd4416-883a-41fe-8d87-d812d7c0f922,11bd4416-883a-41fe-8d87-d812d7c0f922,11bd4416-883a-41fe-8d87-d812d7c0f922,13835337-7eca-49e4-95d2-516353f83df4,osphranter rufus,1.0,AWC 135,Macropodidae,macropodidae,osphranter rufus
d19a1078-8968-421e-86e4-fe5cf48ed5f6,sequenceID:330d6256-5e5d-4822-bc5a-5608859a2e63,330d6256-5e5d-4822-bc5a-5608859a2e63,330d6256-5e5d-4822-bc5a-5608859a2e63,13835337-7eca-49e4-95d2-516353f83df4,Notamacropus agilis,0.8,AWC 135,Macropodidae,macropodidae,notamacropus agilis
d19a1078-8968-421e-86e4-fe5cf48ed5f6,sequenceID:330d6256-5e5d-4822-bc5a-5608859a2e63,330d6256-5e5d-4822-bc5a-5608859a2e63,330d6256-5e5d-4822-bc5a-5608859a2e63,13835337-7eca-49e4-95d2-516353f83df4,osphranter rufus,0.99,AWC 135,Macropodidae,macropodidae,osphranter rufus
1deaaf8c-fb8f-4476-965c-1e5792f64adf,sequenceID:093b0703-4d60-44d1-8b83-20fc8a4163d1,093b0703-4d60-44d1-8b83-20fc8a4163d1,093b0703-4d60-44d1-8b83-20fc8a4163d1,13835337-7eca-49e4-95d2-516353f83df4,osphranter rufus,0.97,AWC 135,Macropodidae,macropodidae,osphranter rufus
8bbbb851-aac6-43c9-80a5-becaa267732f,sequenceID:eceb8dfe-c592-4dd2-ac23-419d752ff00d,eceb8dfe-c592-4dd2-ac23-419d752ff00d,eceb8dfe-c592-4dd2-ac23-419d752ff00d,13835337-7eca-49e4-95d2-516353f83df4,osphranter rufus,0.99,AWC 135,Macropodidae,macropodidae,osphranter rufus
4899e78a-c1fe-45af-919d-83b86333528c,sequenceID:3b70b794-aea2-4239-9163-11a78b23bdfd,3b70b794-aea2-4239-9163-11a78b23bdfd,3b70b794-aea2-4239-9163-11a78b23bdfd,13835337-7eca-49e4-95d2-516353f83df4,Bos taurus,0.98,AWC 135,Macropodidae,macropodidae,bos taurus
4899e78a-c1fe-45af-919d-83b86333528c,sequenceID:3b70b794-aea2-4239-9163-11a78b23bdfd,3b70b794-aea2-4239-9163-11a78b23bdfd,3b70b794-aea2-4239-9163-11a78b23bdfd,13835337-7eca-49e4-95d2-516353f83df4,osphranter rufus,0.99,AWC 135,Macropodidae,macropodidae,osphranter rufus
1d440ea2-2b57-4594-89f6-9cbe6b6c48d1,sequenceID:ee3e0e13-d296-444d-b429-73e3b1f66be1,ee3e0e13-d296-444d-b429-73e3b1f66be1,ee3e0e13-d296-444d-b429-73e3b1f66be1,13835337-7eca-49e4-95d2-516353f83df4,Bos taurus,0.83,AWC 135,Macropodidae,macropodidae,bos taurus
1d440ea2-2b57-4594-89f6-9cbe6b6c48d1,sequenceID:ee3e0e13-d296-444d-b429-73e3b1f66be1,ee3e0e13-d296-444d-b429-73e3b1f66be1,ee3e0e13-d296-444d-b429-73e3b1f66be1,13835337-7eca-49e4-95d2-516353f83df4,osphranter rufus,0.98,AWC 135,Macropodidae,macropodidae,osphranter rufus
2d94fe38-2844-423c-8494-c48e5c3414ee,sequenceID:1b49114b-44c9-4dc5-bef1-b9f1735f4419,1b49114b-44c9-4dc5-bef1-b9f1735f4419,1b49114b-44c9-4dc5-bef1-b9f1735f4419,13835337-7eca-49e4-95d2-516353f83df4,osphranter rufus,0.92,AWC 135,Macropodidae,macropodidae,osphranter rufus
3e7e5de3-9ed3-4e84-94a2-605913660c64,sequenceID:28ec4f74-de48-4cee-ac94-343dc91cacc0,28ec4f74-de48-4cee-ac94-343dc91cacc0,28ec4f74-de48-4cee-ac94-343dc91cacc0,13835337-7eca-49e4-95d2-516353f83df4,Osphranter robustus,0.81,AWC 135,Macropodidae,macropodidae,osphranter robustus
7c833e62-291e-4a31-9520-53e7549fab90,sequenceID:21b484b0-1e25-4569-8097-981f54faa3ec,21b484b0-1e25-4569-8097-981f54faa3ec,21b484b0-1e25-4569-8097-981f54faa3ec,13835337-7eca-49e4-95d2-516353f83df4,Macropus dorsalis,0.71,AWC 135,Macropodidae,macropodidae,macropus dorsalis
a4cea2a3-4bf4-4f54-a5cf-28317f49fbe2,sequenceID:565aa670-0410-4a47-b0c7-a10f9fa75550,565aa670-0410-4a47-b0c7-a10f9fa75550,565aa670-0410-4a47-b0c7-a10f9fa75550,13835337-7eca-49e4-95d2-516353f83df4,osphranter rufus,0.99,AWC 135,Macropodidae,macropodidae,osphranter rufus
dbc90d6a-5343-431a-b83f-8d06aa98eb5a,sequenceID:652995d5-d048-4666-a82a-d64560e46399,652995d5-d048-4666-a82a-d64560e46399,652995d5-d048-4666-a82a-d64560e46399,13835337-7eca-49e4-95d2-516353f83df4,,0.0,,Macropodidae,macropodidae,nan
0d518663-e424-4bc6-8539-932709eae806,sequenceID:120b87e6-adc9-409a-9c15-199a29693e35,120b87e6-adc9-409a-9c15-199a29693e35,120b87e6-adc9-409a-9c15-199a29693e35,13835337-7eca-49e4-95d2-516353f83df4,wallabia bicolor,0.57,AWC 135,Macropodidae,macropodidae,wallabia bicolor
fb2e004c-9bc7-4f91-a4a8-62af505c076f,sequenceID:d5dd3d66-c8ad-47d6-89e4-912ecac7607c,d5dd3d66-c8ad-47d6-89e4-912ecac7607c,d5dd3d66-c8ad-47d6-89e4-912ecac7607c,13835337-7eca-49e4-95d2-516353f83df4,Aves,0.59,AWC 135,Macropodidae,macropodidae,aves
fb2e004c-9bc7-4f91-a4a8-62af505c076f,sequenceID:d5dd3d66-c8ad-47d6-89e4-912ecac7607c,d5dd3d66-c8ad-47d6-89e4-912ecac7607c,d5dd3d66-c8ad-47d6-89e4-912ecac7607c,13835337-7eca-49e4-95d2-516353f83df4,Vulpes vulpes,0.53,AWC 135,Macropodidae,macropodidae,vulpes vulpes
cf9b9892-295b-44f4-bc42-4e834e0af0a4,sequenceID:c36e631b-07dc-4788-bc58-a4e4591393f6,c36e631b-07dc-4788-bc58-a4e4591393f6,c36e631b-07dc-4788-bc58-a4e4591393f6,13835337-7eca-49e4-95d2-516353f83df4,wallabia bicolor,0.51,AWC 135,Macropodidae,macropodidae,wallabia bicolor
d0948ffe-314a-4a28-9f89-bdc315d3eac4,sequenceID:8746d66a-c44a-4b09-b859-93820cd16347,8746d66a-c44a-4b09-b859-93820cd16347,8746d66a-c44a-4b09-b859-93820cd16347,13835337-7eca-49e4-95d2-516353f83df4,,0.0,,Macropodidae,macropodidae,nan
cbf16cb1-1761-497c-bb9b-b638b6ba319e,sequenceID:a1d5eba4-f869-446f-a32f-491f97b6d301,a1d5eba4-f869-446f-a32f-491f97b6d301,a1d5eba4-f869-446f-a32f-491f97b6d301,13835337-7eca-49e4-95d2-516353f83df4,Osphranter robustus,0.71,AWC 135,Macropodidae,macropodidae,osphranter robustus
2963c627-ca7b-43a7-9f01-c8fb8c59efc2,sequenceID:669a4d08-8bef-4dad-a228-307616de13a1,669a4d08-8bef-4dad-a228-307616de13a1,669a4d08-8bef-4dad-a228-307616de13a1,13835337-7eca-49e4-95d2-516353f83df4,osphranter rufus,1.0,AWC 135,Macropodidae,macropodidae,osphranter rufus
13772fe8-9441-4371-a5e3-f739d0118eb9,sequenceID:a4ab349f-e224-4451-bb47-84b7acc55219,a4ab349f-e224-4451-bb47-84b7acc55219,a4ab349f-e224-4451-bb47-84b7acc55219,13835337-7eca-49e4-95d2-516353f83df4,osphranter rufus,1.0,AWC 135,Macropodidae,macropodidae,osphranter rufus
14372460-40dd-45df-a415-e129cd5cc860,sequenceID:7f258bc9-f8ef-4cc6-a4e3-004b63aadc6a,7f258bc9-f8ef-4cc6-a4e3-004b63aadc6a,7f258bc9-f8ef-4cc6-a4e3-004b63aadc6a,13835337-7eca-49e4-95d2-516353f83df4,osphranter rufus,1.0,AWC 135,Macropodidae,macropodidae,osphranter rufus
14372460-40dd-45df-a415-e129cd5cc860,sequenceID:7f258bc9-f8ef-4cc6-a4e3-004b63aadc6a,7f258bc9-f8ef-4cc6-a4e3-004b63aadc6a,7f258bc9-f8ef-4cc6-a4e3-004b63aadc6a,13835337-7eca-49e4-95d2-516353f83df4,Scincidae,0.72,AWC 135,Macropodidae,macropodidae,scincidae
55b0c95b-e96e-4fe2-8168-7ee85203b7c7,sequenceID:c61a912d-a21e-4811-89eb-5c5f431c664a,c61a912d-a21e-4811-89eb-5c5f431c664a,c61a912d-a21e-4811-89eb-5c5f431c664a,13835337-7eca-49e4-95d2-516353f83df4,osphranter rufus,0.73,AWC 135,Macropodidae,macropodidae,osphranter rufus
55b0c95b-e96e-4fe2-8168-7ee85203b7c7,sequenceID:c61a912d-a21e-4811-89eb-5c5f431c664a,c61a912d-a21e-4811-89eb-5c5f431c664a,c61a912d-a21e-4811-89eb-5c5f431c664a,13835337-7eca-49e4-95d2-516353f83df4,Notamacropus agilis,0.91,AWC 135,Macropodidae,macropodidae,notamacropus agilis
200ad4e4-672f-4cf8-8234-cdf2d7dbc19e,sequenceID:54e57898-d7f6-401f-a12b-1406c49dd3b3,54e57898-d7f6-401f-a12b-1406c49dd3b3,54e57898-d7f6-401f-a12b-1406c49dd3b3,13835337-7eca-49e4-95d2-516353f83df4,Osphranter robustus,0.74,AWC 135,Macropodidae,macropodidae,osphranter robustus
200ad4e4-672f-4cf8-8234-cdf2d7dbc19e,sequenceID:54e57898-d7f6-401f-a12b-1406c49dd3b3,54e57898-d7f6-401f-a12b-1406c49dd3b3,54e57898-d7f6-401f-a12b-1406c49dd3b3,13835337-7eca-49e4-95d2-516353f83df4,Bos taurus,0.56,AWC 135,Macropodidae,macropodidae,bos taurus
850e5b02-e138-43cd-a57f-c5cec5d6c7fe,sequenceID:ba97b853-7436-47bd-b744-f1f53e2e609a,ba97b853-7436-47bd-b744-f1f53e2e609a,ba97b853-7436-47bd-b744-f1f53e2e609a,13835337-7eca-49e4-95d2-516353f83df4,osphranter rufus,0.99,AWC 135,Macropodidae,macropodidae,osphranter rufus
ac2cee91-e529-4729-ae41-cb2ecc29421c,sequenceID:7e34428b-021a-4d96-abb9-344ef83ef73d,7e34428b-021a-4d96-abb9-344ef83ef73d,7e34428b-021a-4d96-abb9-344ef83ef73d,13835337-7eca-49e4-95d2-516353f83df4,osphranter rufus,1.0,AWC 135,Macropodidae,macropodidae,osphranter rufus
7fab10b9-9291-47af-b19e-3f379bcd4bec,sequenceID:16c3563e-3617-451e-895f-a72b5e2a4d58,16c3563e-3617-451e-895f-a72b5e2a4d58,16c3563e-3617-451e-895f-a72b5e2a4d58,13835337-7eca-49e4-95d2-516353f83df4,osphranter rufus,1.0,AWC 135,Macropodidae,macropodidae,osphranter rufus
8e7bd249-2e83-495a-a3ef-1e7303eba01c,sequenceID:5f32dd02-c2d2-4a80-bb32-97fe5cd71c59,5f32dd02-c2d2-4a80-bb32-97fe5cd71c59,5f32dd02-c2d2-4a80-bb32-97fe5cd71c59,13835337-7eca-49e4-95d2-516353f83df4,osphranter rufus,0.99,AWC 135,Macropodidae,macropodidae,osphranter rufus
7acd211f-4f51-4dff-829e-b3ee86750fc5,sequenceID:44568934-146d-494d-8499-2f48c18d4b1b,44568934-146d-494d-8499-2f48c18d4b1b,44568934-146d-494d-8499-2f48c18d4b1b,13835337-7eca-49e4-95d2-516353f83df4,osphranter rufus,0.98,AWC 135,Macropodidae,macropodidae,osphranter rufus
3b7ed330-6327-4ec7-a764-bddccf85bf98,sequenceID:140b419d-48f3-41e0-b5a8-14f54863bda9,140b419d-48f3-41e0-b5a8-14f54863bda9,140b419d-48f3-41e0-b5a8-14f54863bda9,13835337-7eca-49e4-95d2-516353f83df4,osphranter rufus,0.98,AWC 135,Macropodidae,macropodidae,osphranter rufus
b8fa7c3c-a25e-4eaf-add1-b4c989a51593,sequenceID:389b1602-dff6-4585-8d40-0e0fddbbfd40,389b1602-dff6-4585-8d40-0e0fddbbfd40,389b1602-dff6-4585-8d40-0e0fddbbfd40,13835337-7eca-49e4-95d2-516353f83df4,Macropus dorsalis,0.72,AWC 135,Macropodidae,macropodidae,macropus dorsalis
51fceb70-20f8-455d-b479-b85dd2d4dfc4,sequenceID:b1706334-de56-4e69-8c77-950e235c94ad,b1706334-de56-4e69-8c77-950e235c94ad,b1706334-de56-4e69-8c77-950e235c94ad,13835337-7eca-49e4-95d2-516353f83df4,osphranter rufus,0.95,AWC 135,Macropodidae,macropodidae,osphranter rufus
e00db9c2-abf3-4c28-843e-69aed5a855e0,sequenceID:f9569ca5-ff74-4a49-9f6a-56833edfb93c,f9569ca5-ff74-4a49-9f6a-56833edfb93c,f9569ca5-ff74-4a49-9f6a-56833edfb93c,13835337-7eca-49e4-95d2-516353f83df4,Osphranter robustus,0.83,AWC 135,Macropodidae,macropodidae,osphranter robustus
09489dd1-b942-477b-bce4-8a165fadcacf,sequenceID:5c6441fe-b8da-42aa-9742-ed65651ef036,5c6441fe-b8da-42aa-9742-ed65651ef036,5c6441fe-b8da-42aa-9742-ed65651ef036,13835337-7eca-49e4-95d2-516353f83df4,osphranter rufus,0.64,AWC 135,Macropodidae,macropodidae,osphranter rufus
332fb438-a17d-4da8-b784-f28fcc2807a5,sequenceID:2e2acebb-321c-4c98-ae59-c2af8835d711,2e2acebb-321c-4c98-ae59-c2af8835d711,2e2acebb-321c-4c98-ae59-c2af8835d711,13835337-7eca-49e4-95d2-516353f83df4,Macropus dorsalis,0.67,AWC 135,Macropodidae,macropodidae,macropus dorsalis
332fb438-a17d-4da8-b784-f28fcc2807a5,sequenceID:2e2acebb-321c-4c98-ae59-c2af8835d711,2e2acebb-321c-4c98-ae59-c2af8835d711,2e2acebb-321c-4c98-ae59-c2af8835d711,13835337-7eca-49e4-95d2-516353f83df4,Bos taurus,0.86,AWC 135,Macropodidae,macropodidae,bos taurus
332fb438-a17d-4da8-b784-f28fcc2807a5,sequenceID:2e2acebb-321c-4c98-ae59-c2af8835d711,2e2acebb-321c-4c98-ae59-c2af8835d711,2e2acebb-321c-4c98-ae59-c2af8835d711,13835337-7eca-49e4-95d2-516353f83df4,osphranter rufus,0.99,AWC 135,Macropodidae,macropodidae,osphranter rufus
bd5c88a9-93b5-46fa-8b38-98d9d88f3cdd,sequenceID:a548b918-0381-49b6-84ba-1dbbc2fd1fc8,a548b918-0381-49b6-84ba-1dbbc2fd1fc8,a548b918-0381-49b6-84ba-1dbbc2fd1fc8,13835337-7eca-49e4-95d2-516353f83df4,Macropus dorsalis,0.9,AWC 135,Macropodidae,macropodidae,macropus dorsalis
8ffcd175-80e3-4add-b9da-f4d781ce51dd,sequenceID:51d2121a-3e03-4380-908b-df06276fedd4,51d2121a-3e03-4380-908b-df06276fedd4,51d2121a-3e03-4380-908b-df06276fedd4,13835337-7eca-49e4-95d2-516353f83df4,osphranter rufus,0.99,AWC 135,Macropodidae,macropodidae,osphranter rufus
626352c8-5867-4501-942b-39a846ce9448,sequenceID:deac4f28-b432-41cd-8c5e-471ea6513f65,deac4f28-b432-41cd-8c5e-471ea6513f65,deac4f28-b432-41cd-8c5e-471ea6513f65,13835337-7eca-49e4-95d2-516353f83df4,Macropus dorsalis,0.78,AWC 135,Macropodidae,macropodidae,macropus dorsalis
313f8c82-7097-478e-8fde-6ada23b94214,sequenceID:d439850d-9404-480a-9967-82051e41638f,d439850d-9404-480a-9967-82051e41638f,d439850d-9404-480a-9967-82051e41638f,13835337-7eca-49e4-95d2-516353f83df4,osphranter rufus,1.0,AWC 135,Macropodidae,macropodidae,osphranter rufus
0a5a4774-2169-4f56-bfdf-9bab34b03e53,sequenceID:1f49e9fb-b6b6-4850-9f60-b5b4c0c81669,1f49e9fb-b6b6-4850-9f60-b5b4c0c81669,1f49e9fb-b6b6-4850-9f60-b5b4c0c81669,13835337-7eca-49e4-95d2-516353f83df4,osphranter rufus,0.6,AWC 135,Macropodidae,macropodidae,osphranter rufus
80b0a3b8-f421-411b-8e85-24b6d0a6c383,sequenceID:dda6cfeb-4cba-46a1-9490-3f8164082b17,dda6cfeb-4cba-46a1-9490-3f8164082b17,dda6cfeb-4cba-46a1-9490-3f8164082b17,13835337-7eca-49e4-95d2-516353f83df4,osphranter rufus,0.53,AWC 135,Macropodidae,macropodidae,osphranter rufus
89495c5a-f9f4-48e9-9f69-f035330db6c2,sequenceID:dd7783a7-e19b-4e2b-af91-310153a548ba,dd7783a7-e19b-4e2b-af91-310153a548ba,dd7783a7-e19b-4e2b-af91-310153a548ba,13835337-7eca-49e4-95d2-516353f83df4,osphranter rufus,0.99,AWC 135,Macropodidae,macropodidae,osphranter rufus
c83156d6-06d7-497a-bcad-1d2954996186,sequenceID:08d3cf9d-4176-4d25-92e9-f452a7aa19a9,08d3cf9d-4176-4d25-92e9-f452a7aa19a9,08d3cf9d-4176-4d25-92e9-f452a7aa19a9,13835337-7eca-49e4-95d2-516353f83df4,osphranter rufus,1.0,AWC 135,Macropodidae,macropodidae,osphranter rufus
757b8cb0-b1a7-4f95-94cc-11865c1971d8,sequenceID:54d03c04-c1a4-4bdf-8efb-03676d9530cf,54d03c04-c1a4-4bdf-8efb-03676d9530cf,54d03c04-c1a4-4bdf-8efb-03676d9530cf,13835337-7eca-49e4-95d2-516353f83df4,osphranter rufus,1.0,AWC 135,Macropodidae,macropodidae,osphranter rufus
204803c2-d02f-4376-8688-183f6e7db8fd,sequenceID:778401a8-5f32-4069-afb0-37a88f15d9cc,778401a8-5f32-4069-afb0-37a88f15d9cc,778401a8-5f32-4069-afb0-37a88f15d9cc,1d9928c3-2540-41b0-907d-a88c0f073bf5,Canis familiaris,0.59,AWC 135,Dromaius novaehollandiae,dromaius novaehollandiae,canis familiaris
f4ba8d47-0392-4665-b394-4fb086b1a820,sequenceID:40cbaa03-3dd0-43b5-b59f-44c5bdabbf7c,40cbaa03-3dd0-43b5-b59f-44c5bdabbf7c,40cbaa03-3dd0-43b5-b59f-44c5bdabbf7c,1d9928c3-2540-41b0-907d-a88c0f073bf5,Myiopsitta monachus,0.81,AWC 135,Dromaius novaehollandiae,dromaius novaehollandiae,myiopsitta monachus
4247af2c-e8d8-41b1-8361-ea935a024ab6,sequenceID:ca42c65d-5b68-4c98-b3ff-ef4aa07a2c6f,ca42c65d-5b68-4c98-b3ff-ef4aa07a2c6f,ca42c65d-5b68-4c98-b3ff-ef4aa07a2c6f,1d9928c3-2540-41b0-907d-a88c0f073bf5,Myiopsitta monachus,0.91,AWC 135,Dromaius novaehollandiae,dromaius novaehollandiae,myiopsitta monachus
329c0f3a-7eb0-461a-815c-900b80ad49ae,sequenceID:1149a1d6-783f-4dd6-abd4-1bb6bd0c4439,1149a1d6-783f-4dd6-abd4-1bb6bd0c4439,1149a1d6-783f-4dd6-abd4-1bb6bd0c4439,1d9928c3-2540-41b0-907d-a88c0f073bf5,isoodon obesulus,0.78,AWC 135,Dromaius novaehollandiae,dromaius novaehollandiae,isoodon obesulus
329c0f3a-7eb0-461a-815c-900b80ad49ae,sequenceID:1149a1d6-783f-4dd6-abd4-1bb6bd0c4439,1149a1d6-783f-4dd6-abd4-1bb6bd0c4439,1149a1d6-783f-4dd6-abd4-1bb6bd0c4439,1d9928c3-2540-41b0-907d-a88c0f073bf5,Burhinus grallarius,0.99,AWC 135,Dromaius novaehollandiae,dromaius novaehollandiae,burhinus grallarius
3d0a0562-fa90-4ebc-a0f7-cf2d969be256,sequenceID:c0538ad3-857c-4cff-8911-cd53323e1d44,c0538ad3-857c-4cff-8911-cd53323e1d44,c0538ad3-857c-4cff-8911-cd53323e1d44,1d9928c3-2540-41b0-907d-a88c0f073bf5,Burhinus grallarius,0.82,AWC 135,Dromaius novaehollandiae,dromaius novaehollandiae,burhinus grallarius
e134e406-39e9-43ca-b231-5dc7df43aa8f,sequenceID:24b0b69a-50a6-4adf-bb9b-25b7f3c88b9b,24b0b69a-50a6-4adf-bb9b-25b7f3c88b9b,24b0b69a-50a6-4adf-bb9b-25b7f3c88b9b,1d9928c3-2540-41b0-907d-a88c0f073bf5,,0.0,,Dromaius novaehollandiae,dromaius novaehollandiae,nan
e13e9d8b-d649-4277-bfd6-70d539135a06,sequenceID:f7b8db3d-0891-4f02-9510-8ed766eb4279,f7b8db3d-0891-4f02-9510-8ed766eb4279,f7b8db3d-0891-4f02-9510-8ed766eb4279,1d9928c3-2540-41b0-907d-a88c0f073bf5,Amphibolurus muricatus,0.54,AWC 135,Dromaius novaehollandiae,dromaius novaehollandiae,amphibolurus muricatus
221bf3ac-eb5f-4218-8937-1df40bc435e9,sequenceID:3b8f585c-f00d-44be-b1e4-81b0ccac5cfe,3b8f585c-f00d-44be-b1e4-81b0ccac5cfe,3b8f585c-f00d-44be-b1e4-81b0ccac5cfe,1d9928c3-2540-41b0-907d-a88c0f073bf5,Myrmecobius fasciatus,0.99,AWC 135,Dromaius novaehollandiae,dromaius novaehollandiae,myrmecobius fasciatus
47e695a7-53af-4391-93ae-1418517121d6,sequenceID:9690ab14-a556-4a91-a74c-9a7776a52127,9690ab14-a556-4a91-a74c-9a7776a52127,9690ab14-a556-4a91-a74c-9a7776a52127,1d9928c3-2540-41b0-907d-a88c0f073bf5,,0.0,,Dromaius novaehollandiae,dromaius novaehollandiae,nan
e6752454-c632-48ed-85cd-579d911eb286,sequenceID:f40589ce-0c5d-48bf-a828-10dd95c7b514,f40589ce-0c5d-48bf-a828-10dd95c7b514,f40589ce-0c5d-48bf-a828-10dd95c7b514,1d9928c3-2540-41b0-907d-a88c0f073bf5,Acanthagenys rufogularis,0.77,AWC 135,Dromaius novaehollandiae,dromaius novaehollandiae,acanthagenys rufogularis
0b1f0b8e-c254-41b3-ba4e-33c9dcab094c,sequenceID:af24cb54-3ec6-4631-841a-ec9f1122bc93,af24cb54-3ec6-4631-841a-ec9f1122bc93,af24cb54-3ec6-4631-841a-ec9f1122bc93,1d9928c3-2540-41b0-907d-a88c0f073bf5,Amphibolurus muricatus,0.81,AWC 135,Dromaius novaehollandiae,dromaius novaehollandiae,amphibolurus muricatus
8c8b27a8-347d-4524-9485-64cca4836ea6,sequenceID:2696612f-9d44-4f2d-843a-937b01daefa9,2696612f-9d44-4f2d-843a-937b01daefa9,2696612f-9d44-4f2d-843a-937b01daefa9,1d9928c3-2540-41b0-907d-a88c0f073bf5,Myrmecobius fasciatus,0.99,AWC 135,Dromaius novaehollandiae,dromaius novaehollandiae,myrmecobius fasciatus
b8259cc1-5a33-4684-9348-6eeabb0896b7,sequenceID:4f61987e-a37c-4ff7-aed1-56f8daa090f6,4f61987e-a37c-4ff7-aed1-56f8daa090f6,4f61987e-a37c-4ff7-aed1-56f8daa090f6,1d9928c3-2540-41b0-907d-a88c0f073bf5,Myrmecobius fasciatus,0.99,AWC 135,Dromaius novaehollandiae,dromaius novaehollandiae,myrmecobius fasciatus
751374d2-a4cb-4c33-b400-5c2aa1ac6bf9,sequenceID:f98908e7-3e12-40d5-bfe2-44c47266838c,f98908e7-3e12-40d5-bfe2-44c47266838c,f98908e7-3e12-40d5-bfe2-44c47266838c,1d9928c3-2540-41b0-907d-a88c0f073bf5,Aves,0.98,AWC 135,Dromaius novaehollandiae,dromaius novaehollandiae,aves
43f70664-3601-4a65-8fd5-08b870a5c41f,sequenceID:a3510782-1622-4ca9-b12c-100019c445be,a3510782-1622-4ca9-b12c-100019c445be,a3510782-1622-4ca9-b12c-100019c445be,1d9928c3-2540-41b0-907d-a88c0f073bf5,Aves,0.94,AWC 135,Dromaius novaehollandiae,dromaius novaehollandiae,aves
cb49feb6-ff09-43ba-85a8-7425482797d2,sequenceID:642bbe88-f3b8-4405-b7b4-ea84048aeefe,642bbe88-f3b8-4405-b7b4-ea84048aeefe,642bbe88-f3b8-4405-b7b4-ea84048aeefe,1d9928c3-2540-41b0-907d-a88c0f073bf5,Bos taurus,0.58,AWC 135,Dromaius novaehollandiae,dromaius novaehollandiae,bos taurus
f1551d9e-895a-49e9-9129-386019170e78,sequenceID:901ca8d0-da33-4ac8-bf4e-3f552cbe49fd,901ca8d0-da33-4ac8-bf4e-3f552cbe49fd,901ca8d0-da33-4ac8-bf4e-3f552cbe49fd,1d9928c3-2540-41b0-907d-a88c0f073bf5,Aves,0.99,AWC 135,Dromaius novaehollandiae,dromaius novaehollandiae,aves
ba2c9ee1-6203-4840-98e6-b9820797976f,sequenceID:0c066ea9-6066-4a9d-b9de-5c1c7d8a844c,0c066ea9-6066-4a9d-b9de-5c1c7d8a844c,0c066ea9-6066-4a9d-b9de-5c1c7d8a844c,1d9928c3-2540-41b0-907d-a88c0f073bf5,Amphibolurus muricatus,0.51,AWC 135,Dromaius novaehollandiae,dromaius novaehollandiae,amphibolurus muricatus
e59fdbef-0d3a-455c-bee5-28f16706a84c,sequenceID:a999d467-b88a-46f8-b449-835a406e2147,a999d467-b88a-46f8-b449-835a406e2147,a999d467-b88a-46f8-b449-835a406e2147,1d9928c3-2540-41b0-907d-a88c0f073bf5,Capra hircus,0.53,AWC 135,Dromaius novaehollandiae,dromaius novaehollandiae,capra hircus
be46e4d0-a53e-487c-8d5b-101848bd8516,sequenceID:8fd18d4a-83c5-4a40-a3d2-a15c97c200f8,8fd18d4a-83c5-4a40-a3d2-a15c97c200f8,8fd18d4a-83c5-4a40-a3d2-a15c97c200f8,1d9928c3-2540-41b0-907d-a88c0f073bf5,Macropus dorsalis,0.82,AWC 135,Dromaius novaehollandiae,dromaius novaehollandiae,macropus dorsalis
672d7323-866e-49cb-a20b-9370d472a16d,sequenceID:e3817648-228c-4e3f-8fae-c0304d630405,e3817648-228c-4e3f-8fae-c0304d630405,e3817648-228c-4e3f-8fae-c0304d630405,1d9928c3-2540-41b0-907d-a88c0f073bf5,Capra hircus,0.84,AWC 135,Dromaius novaehollandiae,dromaius novaehollandiae,capra hircus
0dd39181-a766-4ac6-9b2a-efb5c6e198a4,sequenceID:67bc803e-35c8-4e8a-a168-1d353e5c0fdb,67bc803e-35c8-4e8a-a168-1d353e5c0fdb,67bc803e-35c8-4e8a-a168-1d353e5c0fdb,1d9928c3-2540-41b0-907d-a88c0f073bf5,Rhipidura leucophrys,0.99,AWC 135,Dromaius novaehollandiae,dromaius novaehollandiae,rhipidura leucophrys
0dd39181-a766-4ac6-9b2a-efb5c6e198a4,sequenceID:67bc803e-35c8-4e8a-a168-1d353e5c0fdb,67bc803e-35c8-4e8a-a168-1d353e5c0fdb,67bc803e-35c8-4e8a-a168-1d353e5c0fdb,1d9928c3-2540-41b0-907d-a88c0f073bf5,Capra hircus,0.97,AWC 135,Dromaius novaehollandiae,dromaius novaehollandiae,capra hircus
c330c829-4bca-400f-8ed1-e03141291fd1,sequenceID:b2388b31-b317-4f6c-9ccf-4c965f9ded6b,b2388b31-b317-4f6c-9ccf-4c965f9ded6b,b2388b31-b317-4f6c-9ccf-4c965f9ded6b,1d9928c3-2540-41b0-907d-a88c0f073bf5,,0.0,,Dromaius novaehollandiae,dromaius novaehollandiae,nan
cfd153b1-0158-4ffe-880d-f93e055b648f,sequenceID:c7125589-d976-43ba-b8ce-71ccece9e8ca,c7125589-d976-43ba-b8ce-71ccece9e8ca,c7125589-d976-43ba-b8ce-71ccece9e8ca,1d9928c3-2540-41b0-907d-a88c0f073bf5,Capra hircus,0.86,AWC 135,Dromaius novaehollandiae,dromaius novaehollandiae,capra hircus
6bcde5f3-0920-475b-99e6-dad034133727,sequenceID:7a13deb2-bdc5-4558-8907-2f8546373c0c,7a13deb2-bdc5-4558-8907-2f8546373c0c,7a13deb2-bdc5-4558-8907-2f8546373c0c,1d9928c3-2540-41b0-907d-a88c0f073bf5,,0.5,AWC 135,Dromaius novaehollandiae,dromaius novaehollandiae,nan
dce051e9-c680-40a1-9134-f20a22cc95b4,sequenceID:32357a97-ad60-4953-ad6d-d406c8381651,32357a97-ad60-4953-ad6d-d406c8381651,32357a97-ad60-4953-ad6d-d406c8381651,1d9928c3-2540-41b0-907d-a88c0f073bf5,Sus scrofa,0.5,AWC 135,Dromaius novaehollandiae,dromaius novaehollandiae,sus scrofa
aa9c3811-7c8e-474d-a1a1-270a476bd840,sequenceID:a70ab306-cb3d-4de7-aee3-2324f89a2a70,a70ab306-cb3d-4de7-aee3-2324f89a2a70,a70ab306-cb3d-4de7-aee3-2324f89a2a70,1d9928c3-2540-41b0-907d-a88c0f073bf5,Macropus dorsalis,0.92,AWC 135,Dromaius novaehollandiae,dromaius novaehollandiae,macropus dorsalis
8ca63ce3-1b3f-444c-8651-310a53d312ad,sequenceID:4952dd1a-e900-4816-b969-e0587467f607,4952dd1a-e900-4816-b969-e0587467f607,4952dd1a-e900-4816-b969-e0587467f607,1d9928c3-2540-41b0-907d-a88c0f073bf5,Bos taurus,0.87,AWC 135,Dromaius novaehollandiae,dromaius novaehollandiae,bos taurus
b2507a8a-52b2-4b35-8f0f-1cc4aa9ba120,sequenceID:2173f802-39d5-427e-8fb4-5d7ce976c8bc,2173f802-39d5-427e-8fb4-5d7ce976c8bc,2173f802-39d5-427e-8fb4-5d7ce976c8bc,1d9928c3-2540-41b0-907d-a88c0f073bf5,Bos taurus,0.57,AWC 135,Dromaius novaehollandiae,dromaius novaehollandiae,bos taurus
3e355ce9-b88d-4169-bf96-3a14322365a8,sequenceID:1d0f486b-ffb8-474d-aaec-e5f8c00e0bdb,1d0f486b-ffb8-474d-aaec-e5f8c00e0bdb,1d0f486b-ffb8-474d-aaec-e5f8c00e0bdb,1d9928c3-2540-41b0-907d-a88c0f073bf5,ardeotis australis,0.73,AWC 135,Dromaius novaehollandiae,dromaius novaehollandiae,ardeotis australis
dbc947d0-7e40-4608-bfab-09a4a85c652a,sequenceID:1add36bb-fec4-464f-8342-90882ffa6663,1add36bb-fec4-464f-8342-90882ffa6663,1add36bb-fec4-464f-8342-90882ffa6663,1d9928c3-2540-41b0-907d-a88c0f073bf5,Capra hircus,0.71,AWC 135,Dromaius novaehollandiae,dromaius novaehollandiae,capra hircus
d02532a1-c5cd-49b4-b5b3-adc67c5c8030,sequenceID:fe50d00f-855c-40bd-b5e3-524efa00658e,fe50d00f-855c-40bd-b5e3-524efa00658e,fe50d00f-855c-40bd-b5e3-524efa00658e,1d9928c3-2540-41b0-907d-a88c0f073bf5,Cracticus mentalis,0.51,AWC 135,Dromaius novaehollandiae,dromaius novaehollandiae,cracticus mentalis
7910d94f-1cc8-4f6c-9794-028a3471242d,sequenceID:dc2102be-366a-4946-9b0a-86202ab17acf,dc2102be-366a-4946-9b0a-86202ab17acf,dc2102be-366a-4946-9b0a-86202ab17acf,1d9928c3-2540-41b0-907d-a88c0f073bf5,Capra hircus,0.97,AWC 135,Dromaius novaehollandiae,dromaius novaehollandiae,capra hircus
9c1d604a-1ede-4a9b-b2c0-81257b263e85,sequenceID:9b05bcf5-6eeb-4c81-a3f3-a3e72d2bdb4d,9b05bcf5-6eeb-4c81-a3f3-a3e72d2bdb4d,9b05bcf5-6eeb-4c81-a3f3-a3e72d2bdb4d,1d9928c3-2540-41b0-907d-a88c0f073bf5,Capra hircus,0.98,AWC 135,Dromaius novaehollandiae,dromaius novaehollandiae,capra hircus
547ef986-2049-4578-bdd6-11b3e1d3a678,sequenceID:848afb61-87b8-47b1-9790-d3fe5cb8194b,848afb61-87b8-47b1-9790-d3fe5cb8194b,848afb61-87b8-47b1-9790-d3fe5cb8194b,1d9928c3-2540-41b0-907d-a88c0f073bf5,,0.0,,Dromaius novaehollandiae,dromaius novaehollandiae,nan
ba8a9c58-8248-4855-bc4b-45e24d9ddafd,sequenceID:ca92c726-5c1e-4183-831e-f63c708513f7,ca92c726-5c1e-4183-831e-f63c708513f7,ca92c726-5c1e-4183-831e-f63c708513f7,1d9928c3-2540-41b0-907d-a88c0f073bf5,,0.0,,Dromaius novaehollandiae,dromaius novaehollandiae,nan
8dff2801-0e97-4bde-b7e5-bd282db238de,sequenceID:5b25a5c2-5f76-430e-aafa-4911e4761cfd,5b25a5c2-5f76-430e-aafa-4911e4761cfd,5b25a5c2-5f76-430e-aafa-4911e4761cfd,1d9928c3-2540-41b0-907d-a88c0f073bf5,Capra hircus,0.91,AWC 135,Dromaius novaehollandiae,dromaius novaehollandiae,capra hircus
989fd70f-2f6b-4929-9b42-2e19424a25aa,sequenceID:7e8537ca-ca16-4030-a82f-52195694d5e4,7e8537ca-ca16-4030-a82f-52195694d5e4,7e8537ca-ca16-4030-a82f-52195694d5e4,1d9928c3-2540-41b0-907d-a88c0f073bf5,,0.5,AWC 135,Dromaius novaehollandiae,dromaius novaehollandiae,nan
dc584f9e-54fc-4d4a-b39b-325af097e345,sequenceID:0fd713f5-c8d0-4cf9-8002-45aadad24286,0fd713f5-c8d0-4cf9-8002-45aadad24286,0fd713f5-c8d0-4cf9-8002-45aadad24286,1d9928c3-2540-41b0-907d-a88c0f073bf5,,0.0,,Dromaius novaehollandiae,dromaius novaehollandiae,nan
fe84feaa-f16c-4a9e-aa75-19771337395b,sequenceID:48eca61c-58a9-428a-af1b-054533508ddc,48eca61c-58a9-428a-af1b-054533508ddc,48eca61c-58a9-428a-af1b-054533508ddc,1d9928c3-2540-41b0-907d-a88c0f073bf5,tachyglossus aculeatus,0.68,AWC 135,Dromaius novaehollandiae,dromaius novaehollandiae,tachyglossus aculeatus
5528fc72-1e88-43a5-b32d-446b6b751306,sequenceID:97fab6b8-9add-4590-861a-4d5894c9e451,97fab6b8-9add-4590-861a-4d5894c9e451,97fab6b8-9add-4590-861a-4d5894c9e451,1d9928c3-2540-41b0-907d-a88c0f073bf5,tachyglossus aculeatus,0.74,AWC 135,Dromaius novaehollandiae,dromaius novaehollandiae,tachyglossus aculeatus
8ad09361-1176-47ab-adbb-dfd6d4d689de,sequenceID:b08636de-5d48-48fb-8f20-8d8379313420,b08636de-5d48-48fb-8f20-8d8379313420,b08636de-5d48-48fb-8f20-8d8379313420,1d9928c3-2540-41b0-907d-a88c0f073bf5,varanus gouldii,0.53,AWC 135,Dromaius novaehollandiae,dromaius novaehollandiae,varanus gouldii
dde900bb-f085-40eb-ad02-e725924e066d,sequenceID:1e7a7b94-5f37-40d8-8f7b-979b47ae752e,1e7a7b94-5f37-40d8-8f7b-979b47ae752e,1e7a7b94-5f37-40d8-8f7b-979b47ae752e,1d9928c3-2540-41b0-907d-a88c0f073bf5,Capra hircus,0.7,AWC 135,Dromaius novaehollandiae,dromaius novaehollandiae,capra hircus
6f540872-0b29-4488-a1e3-9727adaeadb6,sequenceID:2f4e5549-eb75-4764-84b2-ed2bd395baae,2f4e5549-eb75-4764-84b2-ed2bd395baae,2f4e5549-eb75-4764-84b2-ed2bd395baae,1d9928c3-2540-41b0-907d-a88c0f073bf5,Capra hircus,0.69,AWC 135,Dromaius novaehollandiae,dromaius novaehollandiae,capra hircus
41b5cf29-f662-4ac6-beb9-929305cfc4e9,sequenceID:e05b9646-1d1d-4710-873f-365e96998056,e05b9646-1d1d-4710-873f-365e96998056,e05b9646-1d1d-4710-873f-365e96998056,1d9928c3-2540-41b0-907d-a88c0f073bf5,,0.0,,Dromaius novaehollandiae,dromaius novaehollandiae,nan
098da402-0a5f-41e7-a640-ca8660a609dc,sequenceID:4fbe41c9-3b28-4957-9a41-99be0e021f55,4fbe41c9-3b28-4957-9a41-99be0e021f55,4fbe41c9-3b28-4957-9a41-99be0e021f55,1d9928c3-2540-41b0-907d-a88c0f073bf5,,0.0,,Dromaius novaehollandiae,dromaius novaehollandiae,nan
25e4e3e6-203f-4d1b-be96-9825e6d0dea9,sequenceID:6cd8b1f5-fd66-4e05-a445-674020718aa1,6cd8b1f5-fd66-4e05-a445-674020718aa1,6cd8b1f5-fd66-4e05-a445-674020718aa1,1d9928c3-2540-41b0-907d-a88c0f073bf5,,0.5,AWC 135,Dromaius novaehollandiae,dromaius novaehollandiae,nan
83513c0b-9b8e-4a0b-a0e2-edd2ceb9de6d,sequenceID:89f974f0-c192-4360-a0c0-7309b56688a9,89f974f0-c192-4360-a0c0-7309b56688a9,89f974f0-c192-4360-a0c0-7309b56688a9,1d9928c3-2540-41b0-907d-a88c0f073bf5,Aves,0.71,AWC 135,Dromaius novaehollandiae,dromaius novaehollandiae,aves
2a1541d4-b49f-4c71-95ae-9c1419cb35b9,sequenceID:bb4bc9e9-efae-4f43-9f94-093cdde5d53b,bb4bc9e9-efae-4f43-9f94-093cdde5d53b,bb4bc9e9-efae-4f43-9f94-093cdde5d53b,1d9928c3-2540-41b0-907d-a88c0f073bf5,geophaps plumifera,0.8,AWC 135,Dromaius novaehollandiae,dromaius novaehollandiae,geophaps plumifera
afaaf00f-292c-4df8-b9d0-b0529a27ba67,sequenceID:5b78a22e-de61-4ae7-9d48-b43916bfc84f,5b78a22e-de61-4ae7-9d48-b43916bfc84f,5b78a22e-de61-4ae7-9d48-b43916bfc84f,1d9928c3-2540-41b0-907d-a88c0f073bf5,,0.0,,Dromaius novaehollandiae,dromaius novaehollandiae,nan
1bd4ef11-8f0b-4ffe-a959-a099223e5278,sequenceID:101b63bc-e19d-45b5-a8dc-f27261b01a0b,101b63bc-e19d-45b5-a8dc-f27261b01a0b,101b63bc-e19d-45b5-a8dc-f27261b01a0b,1d9928c3-2540-41b0-907d-a88c0f073bf5,Bos taurus,0.99,AWC 135,Dromaius novaehollandiae,dromaius novaehollandiae,bos taurus
e11f0e25-a114-45dc-9ed7-42066c296f59,sequenceID:fc77321a-94b2-4ddc-a374-55184123cc57,fc77321a-94b2-4ddc-a374-55184123cc57,fc77321a-94b2-4ddc-a374-55184123cc57,1d9928c3-2540-41b0-907d-a88c0f073bf5,Bos taurus,0.96,AWC 135,Dromaius novaehollandiae,dromaius novaehollandiae,bos taurus
19f7cd99-312f-4775-b636-49a048aba6a0,sequenceID:6266a710-4e48-4de5-8407-7f4c00d20279,6266a710-4e48-4de5-8407-7f4c00d20279,6266a710-4e48-4de5-8407-7f4c00d20279,1d9928c3-2540-41b0-907d-a88c0f073bf5,,0.0,,Dromaius novaehollandiae,dromaius novaehollandiae,nan
f92b160f-7f9d-4c8c-b13c-1a8b7473a3c0,sequenceID:cd9c918b-212c-4742-9500-771962b23064,cd9c918b-212c-4742-9500-771962b23064,cd9c918b-212c-4742-9500-771962b23064,1d9928c3-2540-41b0-907d-a88c0f073bf5,Myiopsitta monachus,0.52,AWC 135,Dromaius novaehollandiae,dromaius novaehollandiae,myiopsitta monachus
fb35fb42-ff63-49d8-8ddd-9c44eb6b8715,sequenceID:2114d36b-eaf3-43d9-a272-9be0e017070d,2114d36b-eaf3-43d9-a272-9be0e017070d,2114d36b-eaf3-43d9-a272-9be0e017070d,1d9928c3-2540-41b0-907d-a88c0f073bf5,Bos taurus,0.91,AWC 135,Dromaius novaehollandiae,dromaius novaehollandiae,bos taurus
b086c14e-75b4-4adb-8749-6f92717d9cf0,sequenceID:86f731ec-ee52-4f89-9d05-60855f758efe,86f731ec-ee52-4f89-9d05-60855f758efe,86f731ec-ee52-4f89-9d05-60855f758efe,1d9928c3-2540-41b0-907d-a88c0f073bf5,Climacteris rufus,0.84,AWC 135,Dromaius novaehollandiae,dromaius novaehollandiae,climacteris rufus
035fadb9-0ef2-459d-ae9c-70f96010c8ac,sequenceID:fb0d42ad-badd-4c9d-b342-98400ec8e1be,fb0d42ad-badd-4c9d-b342-98400ec8e1be,fb0d42ad-badd-4c9d-b342-98400ec8e1be,1d9928c3-2540-41b0-907d-a88c0f073bf5,,0.5,AWC 135,Dromaius novaehollandiae,dromaius novaehollandiae,nan
2daf91a9-27a8-4b77-be70-f21ec8e44304,sequenceID:9b914244-2fcb-44c2-a0bc-8b237b4bd67a,9b914244-2fcb-44c2-a0bc-8b237b4bd67a,9b914244-2fcb-44c2-a0bc-8b237b4bd67a,1d9928c3-2540-41b0-907d-a88c0f073bf5,Capra hircus,0.89,AWC 135,Dromaius novaehollandiae,dromaius novaehollandiae,capra hircus
17840492-99d1-4649-afa1-5d4ee91c95a3,sequenceID:aaba3248-a38c-4f0e-a0fa-d77a3434d808,aaba3248-a38c-4f0e-a0fa-d77a3434d808,aaba3248-a38c-4f0e-a0fa-d77a3434d808,1d9928c3-2540-41b0-907d-a88c0f073bf5,ardeotis australis,1.0,AWC 135,Dromaius novaehollandiae,dromaius novaehollandiae,ardeotis australis
b1332be0-18c7-48ea-bdf5-aca83dd62cdb,sequenceID:5bc5c975-a210-4f21-8774-f062c0ffb9b9,5bc5c975-a210-4f21-8774-f062c0ffb9b9,5bc5c975-a210-4f21-8774-f062c0ffb9b9,6c6be1fd-4f7d-4323-8e88-be427c2afae8,Lagomorpha,1.0,AWC 135,Oryctolagus cuniculus,oryctolagus cuniculus,lagomorpha
644529b9-de6a-4213-8204-546593b987d5,sequenceID:90d451bf-05f1-487a-bc6d-639285e7ad15,90d451bf-05f1-487a-bc6d-639285e7ad15,90d451bf-05f1-487a-bc6d-639285e7ad15,6c6be1fd-4f7d-4323-8e88-be427c2afae8,Lagomorpha,0.91,AWC 135,Oryctolagus cuniculus,oryctolagus cuniculus,lagomorpha
2f1ade0e-fe34-4436-b9fa-413c5cda4790,sequenceID:1d1ae457-2ae2-41f6-bc10-bf7baa17a173,1d1ae457-2ae2-41f6-bc10-bf7baa17a173,1d1ae457-2ae2-41f6-bc10-bf7baa17a173,6c6be1fd-4f7d-4323-8e88-be427c2afae8,Lagomorpha,0.99,AWC 135,Oryctolagus cuniculus,oryctolagus cuniculus,lagomorpha
6236ffe6-6e8a-4e07-8b53-38e6d79f4b48,sequenceID:94f71158-94a1-445a-af4c-676c97ed3ce7,94f71158-94a1-445a-af4c-676c97ed3ce7,94f71158-94a1-445a-af4c-676c97ed3ce7,6c6be1fd-4f7d-4323-8e88-be427c2afae8,Lagomorpha,0.88,AWC 135,Oryctolagus cuniculus,oryctolagus cuniculus,lagomorpha
09715946-320a-4924-aabb-c9c46952bd2d,sequenceID:248bae7c-a0f1-4984-9914-7dbff07226c1,248bae7c-a0f1-4984-9914-7dbff07226c1,248bae7c-a0f1-4984-9914-7dbff07226c1,6c6be1fd-4f7d-4323-8e88-be427c2afae8,Lagomorpha,1.0,AWC 135,Oryctolagus cuniculus,oryctolagus cuniculus,lagomorpha
af1a62a5-12f3-49c6-8c30-8ee157461a40,sequenceID:9ba4a170-9377-491a-a108-f72f5307dc9a,9ba4a170-9377-491a-a108-f72f5307dc9a,9ba4a170-9377-491a-a108-f72f5307dc9a,6c6be1fd-4f7d-4323-8e88-be427c2afae8,Lagomorpha,0.98,AWC 135,Oryctolagus cuniculus,oryctolagus cuniculus,lagomorpha
b42b3dd5-34c4-467a-a57c-176ed5fd9a40,sequenceID:2421f689-0cdf-47ee-ab93-a98abe05eff2,2421f689-0cdf-47ee-ab93-a98abe05eff2,2421f689-0cdf-47ee-ab93-a98abe05eff2,6c6be1fd-4f7d-4323-8e88-be427c2afae8,Lagomorpha,0.99,AWC 135,Oryctolagus cuniculus,oryctolagus cuniculus,lagomorpha
60a08cd8-e90b-43ff-9cf1-1fecca95373d,sequenceID:2421f689-0cdf-47ee-ab93-a98abe05eff2,2421f689-0cdf-47ee-ab93-a98abe05eff2,2421f689-0cdf-47ee-ab93-a98abe05eff2,6c6be1fd-4f7d-4323-8e88-be427c2afae8,Lagomorpha,0.99,AWC 135,Oryctolagus cuniculus,oryctolagus cuniculus,lagomorpha
22ef4ec6-0f1c-4799-ac02-0253f4c28feb,sequenceID:2ad64f69-a51d-471e-ad8c-52dfc1997716,2ad64f69-a51d-471e-ad8c-52dfc1997716,2ad64f69-a51d-471e-ad8c-52dfc1997716,6c6be1fd-4f7d-4323-8e88-be427c2afae8,Lagomorpha,0.99,AWC 135,Oryctolagus cuniculus,oryctolagus cuniculus,lagomorpha
6d22be60-db85-4738-9580-02927f203692,sequenceID:4799d52e-2167-40af-91dd-ca6188379fab,4799d52e-2167-40af-91dd-ca6188379fab,4799d52e-2167-40af-91dd-ca6188379fab,6c6be1fd-4f7d-4323-8e88-be427c2afae8,Lagomorpha,0.99,AWC 135,Oryctolagus cuniculus,oryctolagus cuniculus,lagomorpha
96a0cfb2-b905-456c-9116-1478b77271ae,sequenceID:2628ad67-2582-4acc-8a71-d938d133b807,2628ad67-2582-4acc-8a71-d938d133b807,2628ad67-2582-4acc-8a71-d938d133b807,6c6be1fd-4f7d-4323-8e88-be427c2afae8,Lagomorpha,0.95,AWC 135,Oryctolagus cuniculus,oryctolagus cuniculus,lagomorpha
a3ef27e9-09ce-4e5c-8723-ffe1c0c41eba,sequenceID:18a4857f-d028-408b-9e69-e815a1f6c131,18a4857f-d028-408b-9e69-e815a1f6c131,18a4857f-d028-408b-9e69-e815a1f6c131,6c6be1fd-4f7d-4323-8e88-be427c2afae8,Lagomorpha,1.0,AWC 135,Oryctolagus cuniculus,oryctolagus cuniculus,lagomorpha
bdd874f9-51ca-4ec9-aea9-2b9327f20235,sequenceID:e34b14da-428c-4e0f-b1d6-2b7dc42a8538,e34b14da-428c-4e0f-b1d6-2b7dc42a8538,e34b14da-428c-4e0f-b1d6-2b7dc42a8538,6c6be1fd-4f7d-4323-8e88-be427c2afae8,Lagomorpha,0.99,AWC 135,Oryctolagus cuniculus,oryctolagus cuniculus,lagomorpha
5a4fd502-afbd-485e-ad99-02ea16d1e2e6,sequenceID:c018487c-c690-4acf-ab42-74c664ecf1e7,c018487c-c690-4acf-ab42-74c664ecf1e7,c018487c-c690-4acf-ab42-74c664ecf1e7,6c6be1fd-4f7d-4323-8e88-be427c2afae8,Lagomorpha,0.99,AWC 135,Oryctolagus cuniculus,oryctolagus cuniculus,lagomorpha
189d32d4-7831-4421-a8b3-81b537848e8a,sequenceID:6ea7c685-5a42-4e16-84ed-4bbdac1c16df,6ea7c685-5a42-4e16-84ed-4bbdac1c16df,6ea7c685-5a42-4e16-84ed-4bbdac1c16df,6c6be1fd-4f7d-4323-8e88-be427c2afae8,Lagomorpha,1.0,AWC 135,Oryctolagus cuniculus,oryctolagus cuniculus,lagomorpha
fb7b96a1-f36a-4cad-9222-b78de8157e01,sequenceID:4ddcd8cd-dae8-44c5-a52a-9e340d742d8d,4ddcd8cd-dae8-44c5-a52a-9e340d742d8d,4ddcd8cd-dae8-44c5-a52a-9e340d742d8d,6c6be1fd-4f7d-4323-8e88-be427c2afae8,Lagomorpha,1.0,AWC 135,Oryctolagus cuniculus,oryctolagus cuniculus,lagomorpha
66b91cac-cf97-43ff-8a6c-4e66a12816e9,sequenceID:5e193e07-e103-456e-ac90-b0347936cb81,5e193e07-e103-456e-ac90-b0347936cb81,5e193e07-e103-456e-ac90-b0347936cb81,6c6be1fd-4f7d-4323-8e88-be427c2afae8,Lagomorpha,1.0,AWC 135,Oryctolagus cuniculus,oryctolagus cuniculus,lagomorpha
631c0aaf-4feb-41fc-9032-ef2e56e135a2,sequenceID:799f2ecc-ca2f-4c5f-b43c-b63db4a97355,799f2ecc-ca2f-4c5f-b43c-b63db4a97355,799f2ecc-ca2f-4c5f-b43c-b63db4a97355,6c6be1fd-4f7d-4323-8e88-be427c2afae8,Lagomorpha,1.0,AWC 135,Oryctolagus cuniculus,oryctolagus cuniculus,lagomorpha
8c796985-04b4-456b-838a-4ad181638f6a,sequenceID:619112d3-f27b-4e4a-af3f-70f5e479c0c9,619112d3-f27b-4e4a-af3f-70f5e479c0c9,619112d3-f27b-4e4a-af3f-70f5e479c0c9,6c6be1fd-4f7d-4323-8e88-be427c2afae8,Lagomorpha,0.95,AWC 135,Oryctolagus cuniculus,oryctolagus cuniculus,lagomorpha
e40cd006-7135-4358-8e61-b2686a40bd76,sequenceID:37ec4203-ee22-4da3-b61d-1aa1b48400fb,37ec4203-ee22-4da3-b61d-1aa1b48400fb,37ec4203-ee22-4da3-b61d-1aa1b48400fb,6c6be1fd-4f7d-4323-8e88-be427c2afae8,Lagomorpha,1.0,AWC 135,Oryctolagus cuniculus,oryctolagus cuniculus,lagomorpha
37db4aad-0256-43fc-a724-276743c0d0c2,sequenceID:87c62c36-a8bc-4676-aed6-986de6946f8c,87c62c36-a8bc-4676-aed6-986de6946f8c,87c62c36-a8bc-4676-aed6-986de6946f8c,6c6be1fd-4f7d-4323-8e88-be427c2afae8,Lagomorpha,0.99,AWC 135,Oryctolagus cuniculus,oryctolagus cuniculus,lagomorpha
0e6ff36d-aabb-4235-96e2-04c49b48e6a0,sequenceID:d3d4acc0-cefe-4583-8a85-b614dd978cbc,d3d4acc0-cefe-4583-8a85-b614dd978cbc,d3d4acc0-cefe-4583-8a85-b614dd978cbc,6c6be1fd-4f7d-4323-8e88-be427c2afae8,Lagomorpha,0.99,AWC 135,Oryctolagus cuniculus,oryctolagus cuniculus,lagomorpha
af05fe68-2818-4f0a-8617-0ddf16f415af,sequenceID:c9da5f82-af95-4518-bc83-754c23919a0d,c9da5f82-af95-4518-bc83-754c23919a0d,c9da5f82-af95-4518-bc83-754c23919a0d,6c6be1fd-4f7d-4323-8e88-be427c2afae8,Lagomorpha,0.99,AWC 135,Oryctolagus cuniculus,oryctolagus cuniculus,lagomorpha
af78fabd-92b2-42e1-b4de-25502bcaef1d,sequenceID:d74c0fc8-7033-4b09-8cd5-d8bf6360b524,d74c0fc8-7033-4b09-8cd5-d8bf6360b524,d74c0fc8-7033-4b09-8cd5-d8bf6360b524,6c6be1fd-4f7d-4323-8e88-be427c2afae8,Lagomorpha,0.99,AWC 135,Oryctolagus cuniculus,oryctolagus cuniculus,lagomorpha
959dcfe0-33bf-49f5-8c51-520c12d7214c,sequenceID:165d3a7e-13f7-4d2a-b2ef-9740e19d51d7,165d3a7e-13f7-4d2a-b2ef-9740e19d51d7,165d3a7e-13f7-4d2a-b2ef-9740e19d51d7,6c6be1fd-4f7d-4323-8e88-be427c2afae8,Lagomorpha,0.99,AWC 135,Oryctolagus cuniculus,oryctolagus cuniculus,lagomorpha
d0135c85-59fc-444b-b5a5-40e2fbc1b33b,sequenceID:660ec9eb-9fbd-4204-a9c7-81f7adc18c3d,660ec9eb-9fbd-4204-a9c7-81f7adc18c3d,660ec9eb-9fbd-4204-a9c7-81f7adc18c3d,6c6be1fd-4f7d-4323-8e88-be427c2afae8,Lagomorpha,0.99,AWC 135,Oryctolagus cuniculus,oryctolagus cuniculus,lagomorpha
33d53f07-d48b-4ef5-9570-f437d0c80eda,sequenceID:f88e3cd6-7076-4e7f-b7f8-b71558d7cc6c,f88e3cd6-7076-4e7f-b7f8-b71558d7cc6c,f88e3cd6-7076-4e7f-b7f8-b71558d7cc6c,6c6be1fd-4f7d-4323-8e88-be427c2afae8,Lagomorpha,1.0,AWC 135,Oryctolagus cuniculus,oryctolagus cuniculus,lagomorpha
9ffef0b2-117a-43cf-94ee-0338fd70ca43,sequenceID:5182cd40-9308-4018-bf0f-faa76d3a2960,5182cd40-9308-4018-bf0f-faa76d3a2960,5182cd40-9308-4018-bf0f-faa76d3a2960,6c6be1fd-4f7d-4323-8e88-be427c2afae8,Lagomorpha,1.0,AWC 135,Oryctolagus cuniculus,oryctolagus cuniculus,lagomorpha
a222eb45-3fba-4ed2-8256-4fade3237413,sequenceID:e0fba494-e50e-42f6-922a-d6123446da33,e0fba494-e50e-42f6-922a-d6123446da33,e0fba494-e50e-42f6-922a-d6123446da33,6c6be1fd-4f7d-4323-8e88-be427c2afae8,Lagomorpha,1.0,AWC 135,Oryctolagus cuniculus,oryctolagus cuniculus,lagomorpha
e2f76a15-d7dc-4f1a-b02a-253f9ae0fbf0,sequenceID:e0fba494-e50e-42f6-922a-d6123446da33,e0fba494-e50e-42f6-922a-d6123446da33,e0fba494-e50e-42f6-922a-d6123446da33,6c6be1fd-4f7d-4323-8e88-be427c2afae8,Lagomorpha,1.0,AWC 135,Oryctolagus cuniculus,oryctolagus cuniculus,lagomorpha
b65355fc-2c07-444c-a664-76a479129fba,sequenceID:db8ac6ec-4be2-4c86-acbc-adb2fab83e70,db8ac6ec-4be2-4c86-acbc-adb2fab83e70,db8ac6ec-4be2-4c86-acbc-adb2fab83e70,6c6be1fd-4f7d-4323-8e88-be427c2afae8,Lagomorpha,0.99,AWC 135,Oryctolagus cuniculus,oryctolagus cuniculus,lagomorpha
4a8a1355-2893-4b36-88fa-5694efeb2a83,sequenceID:db8ac6ec-4be2-4c86-acbc-adb2fab83e70,db8ac6ec-4be2-4c86-acbc-adb2fab83e70,db8ac6ec-4be2-4c86-acbc-adb2fab83e70,6c6be1fd-4f7d-4323-8e88-be427c2afae8,Lagomorpha,0.99,AWC 135,Oryctolagus cuniculus,oryctolagus cuniculus,lagomorpha
7f5066b9-b872-4d7a-a6c2-97a69a4ed09e,sequenceID:657a6919-90f4-44dc-8853-849e374dd1ae,657a6919-90f4-44dc-8853-849e374dd1ae,657a6919-90f4-44dc-8853-849e374dd1ae,6c6be1fd-4f7d-4323-8e88-be427c2afae8,Lagomorpha,0.99,AWC 135,Oryctolagus cuniculus,oryctolagus cuniculus,lagomorpha
c05c11e0-888c-40e0-9cba-f6c7064f643e,sequenceID:5690a703-7442-42f9-8428-239f6427b0d0,5690a703-7442-42f9-8428-239f6427b0d0,5690a703-7442-42f9-8428-239f6427b0d0,6c6be1fd-4f7d-4323-8e88-be427c2afae8,Lagomorpha,1.0,AWC 135,Oryctolagus cuniculus,oryctolagus cuniculus,lagomorpha
905a4ffa-ea9a-4abb-ab39-b2ab76f3e0a7,sequenceID:9517699c-c586-43b3-a3a5-69b363f2cd2e,9517699c-c586-43b3-a3a5-69b363f2cd2e,9517699c-c586-43b3-a3a5-69b363f2cd2e,6c6be1fd-4f7d-4323-8e88-be427c2afae8,Lagomorpha,1.0,AWC 135,Oryctolagus cuniculus,oryctolagus cuniculus,lagomorpha
c2272f8f-8d2e-4925-aaca-0e5595327755,sequenceID:00f2c275-115f-4b8f-b8c5-84b4fd017ec0,00f2c275-115f-4b8f-b8c5-84b4fd017ec0,00f2c275-115f-4b8f-b8c5-84b4fd017ec0,6c6be1fd-4f7d-4323-8e88-be427c2afae8,Lagomorpha,0.97,AWC 135,Oryctolagus cuniculus,oryctolagus cuniculus,lagomorpha
bdb1a72f-a129-44bd-bdc1-06d35a0ab28f,sequenceID:35cbd8ba-78f6-4dfb-9773-a10bf25fe63a,35cbd8ba-78f6-4dfb-9773-a10bf25fe63a,35cbd8ba-78f6-4dfb-9773-a10bf25fe63a,6c6be1fd-4f7d-4323-8e88-be427c2afae8,Lagomorpha,0.56,AWC 135,Oryctolagus cuniculus,oryctolagus cuniculus,lagomorpha
fa960d00-ba95-40c2-8eae-7256846ebd28,sequenceID:f20e8220-cae5-4665-b497-65faf8252fbe,f20e8220-cae5-4665-b497-65faf8252fbe,f20e8220-cae5-4665-b497-65faf8252fbe,6c6be1fd-4f7d-4323-8e88-be427c2afae8,Lagomorpha,1.0,AWC 135,Oryctolagus cuniculus,oryctolagus cuniculus,lagomorpha
8442935c-cfad-4b1d-8942-abdd1ea21346,sequenceID:b79e011a-d41c-459c-b526-0c9b127f287c,b79e011a-d41c-459c-b526-0c9b127f287c,b79e011a-d41c-459c-b526-0c9b127f287c,6c6be1fd-4f7d-4323-8e88-be427c2afae8,Lagomorpha,0.98,AWC 135,Oryctolagus cuniculus,oryctolagus cuniculus,lagomorpha
d2c3a08d-9534-49b8-b5cc-d596dd85b5e3,sequenceID:ad7a5a46-0f7c-4f61-a906-20cea69dd418,ad7a5a46-0f7c-4f61-a906-20cea69dd418,ad7a5a46-0f7c-4f61-a906-20cea69dd418,6c6be1fd-4f7d-4323-8e88-be427c2afae8,Lagomorpha,0.99,AWC 135,Oryctolagus cuniculus,oryctolagus cuniculus,lagomorpha
cf6bb02d-57ae-4bae-b2cf-2f4e050f521b,sequenceID:86870304-1d07-4dc9-864b-164d5f100705,86870304-1d07-4dc9-864b-164d5f100705,86870304-1d07-4dc9-864b-164d5f100705,6c6be1fd-4f7d-4323-8e88-be427c2afae8,Lagomorpha,1.0,AWC 135,Oryctolagus cuniculus,oryctolagus cuniculus,lagomorpha
4ff053ff-2573-4efa-b181-1d16ec03bc27,sequenceID:c556e99c-105a-4197-b6ef-79e7a0c47a51,c556e99c-105a-4197-b6ef-79e7a0c47a51,c556e99c-105a-4197-b6ef-79e7a0c47a51,6c6be1fd-4f7d-4323-8e88-be427c2afae8,Lagomorpha,1.0,AWC 135,Oryctolagus cuniculus,oryctolagus cuniculus,lagomorpha
780b6027-b3b8-4fcc-ad38-0fd3c28019d3,sequenceID:37d57fb0-54d1-4a25-acb7-0d8804489204,37d57fb0-54d1-4a25-acb7-0d8804489204,37d57fb0-54d1-4a25-acb7-0d8804489204,6c6be1fd-4f7d-4323-8e88-be427c2afae8,Lagomorpha,1.0,AWC 135,Oryctolagus cuniculus,oryctolagus cuniculus,lagomorpha
f55bf3f2-6d72-452d-ba79-bc5c895a6520,sequenceID:07602350-57e2-43e7-95a6-56a815af5734,07602350-57e2-43e7-95a6-56a815af5734,07602350-57e2-43e7-95a6-56a815af5734,6c6be1fd-4f7d-4323-8e88-be427c2afae8,Lagomorpha,1.0,AWC 135,Oryctolagus cuniculus,oryctolagus cuniculus,lagomorpha
59717751-b56d-4367-a833-81ecb0673d8c,sequenceID:07602350-57e2-43e7-95a6-56a815af5734,07602350-57e2-43e7-95a6-56a815af5734,07602350-57e2-43e7-95a6-56a815af5734,6c6be1fd-4f7d-4323-8e88-be427c2afae8,Lagomorpha,1.0,AWC 135,Oryctolagus cuniculus,oryctolagus cuniculus,lagomorpha
88da303f-3aaf-40b8-89be-a74d1922bbe9,sequenceID:cd5b430c-c7f3-40c5-82c4-e5040dafc3a3,cd5b430c-c7f3-40c5-82c4-e5040dafc3a3,cd5b430c-c7f3-40c5-82c4-e5040dafc3a3,6c6be1fd-4f7d-4323-8e88-be427c2afae8,Lagomorpha,1.0,AWC 135,Oryctolagus cuniculus,oryctolagus cuniculus,lagomorpha
6631b4de-26b3-48b4-b877-e9aa31d8aa34,sequenceID:6e825eda-d99e-43f1-9727-8667eed5c2a4,6e825eda-d99e-43f1-9727-8667eed5c2a4,6e825eda-d99e-43f1-9727-8667eed5c2a4,6c6be1fd-4f7d-4323-8e88-be427c2afae8,Lagomorpha,0.99,AWC 135,Oryctolagus cuniculus,oryctolagus cuniculus,lagomorpha
b7cd4a31-8743-460f-8eac-1fb5ffa75ad3,sequenceID:efd34fb2-fe09-466c-b49d-d7bca81ef3b6,efd34fb2-fe09-466c-b49d-d7bca81ef3b6,efd34fb2-fe09-466c-b49d-d7bca81ef3b6,6c6be1fd-4f7d-4323-8e88-be427c2afae8,Lagomorpha,0.97,AWC 135,Oryctolagus cuniculus,oryctolagus cuniculus,lagomorpha
2fc48f7e-95c1-42b1-bd4a-eb1790e2c026,sequenceID:ae7666b7-b332-4eff-bc65-0b948e36c24c,ae7666b7-b332-4eff-bc65-0b948e36c24c,ae7666b7-b332-4eff-bc65-0b948e36c24c,6c6be1fd-4f7d-4323-8e88-be427c2afae8,Lagomorpha,1.0,AWC 135,Oryctolagus cuniculus,oryctolagus cuniculus,lagomorpha
f25a7059-8bed-4419-97f8-8de6039cec4f,sequenceID:ae7666b7-b332-4eff-bc65-0b948e36c24c,ae7666b7-b332-4eff-bc65-0b948e36c24c,ae7666b7-b332-4eff-bc65-0b948e36c24c,6c6be1fd-4f7d-4323-8e88-be427c2afae8,Lagomorpha,1.0,AWC 135,Oryctolagus cuniculus,oryctolagus cuniculus,lagomorpha
f83f60ac-43c7-4e52-9b3d-436a9f5cb2bf,sequenceID:0d0122c1-6b80-4a9a-b75d-fb729ae2b13c,0d0122c1-6b80-4a9a-b75d-fb729ae2b13c,0d0122c1-6b80-4a9a-b75d-fb729ae2b13c,6c6be1fd-4f7d-4323-8e88-be427c2afae8,Lagomorpha,1.0,AWC 135,Oryctolagus cuniculus,oryctolagus cuniculus,lagomorpha
3140cdd2-09ba-43b4-835a-95e43284e424,sequenceID:4ee08b2c-92f6-4654-8450-d59760c06e8b,4ee08b2c-92f6-4654-8450-d59760c06e8b,4ee08b2c-92f6-4654-8450-d59760c06e8b,6c6be1fd-4f7d-4323-8e88-be427c2afae8,Lagomorpha,0.99,AWC 135,Oryctolagus cuniculus,oryctolagus cuniculus,lagomorpha
748ddd48-60d9-441b-a945-d06c60834da7,sequenceID:1839b172-da25-47b5-949a-2b767e8dc96d,1839b172-da25-47b5-949a-2b767e8dc96d,1839b172-da25-47b5-949a-2b767e8dc96d,6c6be1fd-4f7d-4323-8e88-be427c2afae8,Macrotis lagotis,0.88,AWC 135,Oryctolagus cuniculus,oryctolagus cuniculus,macrotis lagotis
c5984bee-7891-486e-a855-b2678e063ab3,sequenceID:31dba009-c870-496b-94ea-319881759924,31dba009-c870-496b-94ea-319881759924,31dba009-c870-496b-94ea-319881759924,6c6be1fd-4f7d-4323-8e88-be427c2afae8,Lagomorpha,0.66,AWC 135,Oryctolagus cuniculus,oryctolagus cuniculus,lagomorpha
4192c652-5425-4ac3-a470-29eb58f952fd,sequenceID:2e715aad-5657-49d5-978f-931b87c78e44,2e715aad-5657-49d5-978f-931b87c78e44,2e715aad-5657-49d5-978f-931b87c78e44,6c6be1fd-4f7d-4323-8e88-be427c2afae8,Lagomorpha,1.0,AWC 135,Oryctolagus cuniculus,oryctolagus cuniculus,lagomorpha
6e40d5a8-e15e-47db-96ba-b99a3896da28,sequenceID:2e715aad-5657-49d5-978f-931b87c78e44,2e715aad-5657-49d5-978f-931b87c78e44,2e715aad-5657-49d5-978f-931b87c78e44,6c6be1fd-4f7d-4323-8e88-be427c2afae8,Lagomorpha,1.0,AWC 135,Oryctolagus cuniculus,oryctolagus cuniculus,lagomorpha
89590f2e-3b00-41ba-b9de-93690c502a56,sequenceID:0490e743-5e2e-432c-b55b-87ad8df720c5,0490e743-5e2e-432c-b55b-87ad8df720c5,0490e743-5e2e-432c-b55b-87ad8df720c5,6c6be1fd-4f7d-4323-8e88-be427c2afae8,Lagomorpha,0.99,AWC 135,Oryctolagus cuniculus,oryctolagus cuniculus,lagomorpha
203dac5d-9f9c-4e0b-908a-6989008c2b4c,sequenceID:1aed0a5e-b844-4de8-a751-cc7f0201a9d4,1aed0a5e-b844-4de8-a751-cc7f0201a9d4,1aed0a5e-b844-4de8-a751-cc7f0201a9d4,6c6be1fd-4f7d-4323-8e88-be427c2afae8,Lagomorpha,1.0,AWC 135,Oryctolagus cuniculus,oryctolagus cuniculus,lagomorpha
907ac64d-617e-4252-aad7-fa1cbc8f7e51,sequenceID:f7b8e16a-7add-4d38-b5cb-e27fc688601c,f7b8e16a-7add-4d38-b5cb-e27fc688601c,f7b8e16a-7add-4d38-b5cb-e27fc688601c,6c6be1fd-4f7d-4323-8e88-be427c2afae8,Lagomorpha,1.0,AWC 135,Oryctolagus cuniculus,oryctolagus cuniculus,lagomorpha
87153eef-68e7-43a0-9fb9-708eaf7aa7e5,sequenceID:a1e64b9a-2a9c-427f-96bb-c7ae60d96d4f,a1e64b9a-2a9c-427f-96bb-c7ae60d96d4f,a1e64b9a-2a9c-427f-96bb-c7ae60d96d4f,6c6be1fd-4f7d-4323-8e88-be427c2afae8,Lagomorpha,1.0,AWC 135,Oryctolagus cuniculus,oryctolagus cuniculus,lagomorpha
598c0347-8622-453b-ab0f-39f9a15325b2,sequenceID:953fdcd1-cf06-472a-81ac-b2fb4ce72ff3,953fdcd1-cf06-472a-81ac-b2fb4ce72ff3,953fdcd1-cf06-472a-81ac-b2fb4ce72ff3,6c6be1fd-4f7d-4323-8e88-be427c2afae8,Lagomorpha,1.0,AWC 135,Oryctolagus cuniculus,oryctolagus cuniculus,lagomorpha
8b666a46-3287-4570-bce9-46db92449a14,sequenceID:28291778-bec9-4ff1-bdee-622136179b58,28291778-bec9-4ff1-bdee-622136179b58,28291778-bec9-4ff1-bdee-622136179b58,6c6be1fd-4f7d-4323-8e88-be427c2afae8,Lagomorpha,1.0,AWC 135,Oryctolagus cuniculus,oryctolagus cuniculus,lagomorpha
d4f5da28-53e4-4d08-bb4e-cf6ff326a8c1,sequenceID:28291778-bec9-4ff1-bdee-622136179b58,28291778-bec9-4ff1-bdee-622136179b58,28291778-bec9-4ff1-bdee-622136179b58,6c6be1fd-4f7d-4323-8e88-be427c2afae8,Lagomorpha,1.0,AWC 135,Oryctolagus cuniculus,oryctolagus cuniculus,lagomorpha
f5d674a3-6620-48d2-935f-04acdf205ef6,sequenceID:35e59e53-8fa0-4d75-808b-b5a989add3c3,35e59e53-8fa0-4d75-808b-b5a989add3c3,35e59e53-8fa0-4d75-808b-b5a989add3c3,6c6be1fd-4f7d-4323-8e88-be427c2afae8,Lagomorpha,0.98,AWC 135,Oryctolagus cuniculus,oryctolagus cuniculus,lagomorpha
73663980-5e26-4c64-b750-eff4ab4b5f02,sequenceID:1490d3b4-d387-49d7-8c93-3530124485f3,1490d3b4-d387-49d7-8c93-3530124485f3,1490d3b4-d387-49d7-8c93-3530124485f3,6c6be1fd-4f7d-4323-8e88-be427c2afae8,Lagomorpha,1.0,AWC 135,Oryctolagus cuniculus,oryctolagus cuniculus,lagomorpha
949a00d8-d608-48d5-96bd-54e53b3a555c,sequenceID:b76a80b0-c4de-4818-afc4-ae30b198c3c4,b76a80b0-c4de-4818-afc4-ae30b198c3c4,b76a80b0-c4de-4818-afc4-ae30b198c3c4,6c6be1fd-4f7d-4323-8e88-be427c2afae8,Lagomorpha,1.0,AWC 135,Oryctolagus cuniculus,oryctolagus cuniculus,lagomorpha
d572f430-97ff-44b8-801a-70b8245fe71b,sequenceID:cef6cb5e-2024-4670-b9c7-2b2d52ef83b6,cef6cb5e-2024-4670-b9c7-2b2d52ef83b6,cef6cb5e-2024-4670-b9c7-2b2d52ef83b6,6c6be1fd-4f7d-4323-8e88-be427c2afae8,Lagomorpha,1.0,AWC 135,Oryctolagus cuniculus,oryctolagus cuniculus,lagomorpha
70ea6687-c8f1-404d-a80c-56ff2535620c,sequenceID:f02d54ca-9dc4-4695-b06d-ffdf8e71d6e2,f02d54ca-9dc4-4695-b06d-ffdf8e71d6e2,f02d54ca-9dc4-4695-b06d-ffdf8e71d6e2,6c6be1fd-4f7d-4323-8e88-be427c2afae8,Lagomorpha,1.0,AWC 135,Oryctolagus cuniculus,oryctolagus cuniculus,lagomorpha
a52ea44b-45b2-4565-a96b-913b58f83570,sequenceID:f02d54ca-9dc4-4695-b06d-ffdf8e71d6e2,f02d54ca-9dc4-4695-b06d-ffdf8e71d6e2,f02d54ca-9dc4-4695-b06d-ffdf8e71d6e2,6c6be1fd-4f7d-4323-8e88-be427c2afae8,Lagomorpha,1.0,AWC 135,Oryctolagus cuniculus,oryctolagus cuniculus,lagomorpha
125c5603-e01e-4d62-8fe4-44fa3ff383eb,sequenceID:541609f1-245e-4f23-ab32-411920b755aa,541609f1-245e-4f23-ab32-411920b755aa,541609f1-245e-4f23-ab32-411920b755aa,6c6be1fd-4f7d-4323-8e88-be427c2afae8,Lagomorpha,1.0,AWC 135,Oryctolagus cuniculus,oryctolagus cuniculus,lagomorpha
4c682913-8eb7-4f4f-a854-76c014d3a279,sequenceID:beb7886c-b9aa-4ef3-820a-78ebdaca0d65,beb7886c-b9aa-4ef3-820a-78ebdaca0d65,beb7886c-b9aa-4ef3-820a-78ebdaca0d65,6c6be1fd-4f7d-4323-8e88-be427c2afae8,Lagomorpha,0.99,AWC 135,Oryctolagus cuniculus,oryctolagus cuniculus,lagomorpha
d5bf8ed9-59e9-49b1-87aa-74cc4cc17f35,sequenceID:f77bcf09-c745-473a-8493-e17be04d2a9b,f77bcf09-c745-473a-8493-e17be04d2a9b,f77bcf09-c745-473a-8493-e17be04d2a9b,6c6be1fd-4f7d-4323-8e88-be427c2afae8,Lagomorpha,1.0,AWC 135,Oryctolagus cuniculus,oryctolagus cuniculus,lagomorpha
bc109048-21f3-46a6-b8bc-419e7e81bc80,sequenceID:038dd360-a223-4fd5-bb44-0c5a1528071c,038dd360-a223-4fd5-bb44-0c5a1528071c,038dd360-a223-4fd5-bb44-0c5a1528071c,6c6be1fd-4f7d-4323-8e88-be427c2afae8,Lagomorpha,1.0,AWC 135,Oryctolagus cuniculus,oryctolagus cuniculus,lagomorpha
828d75c4-5700-4dfa-9598-dbe397167eb7,sequenceID:3d43d602-667f-4d77-a43a-0f6f0df5c80a,3d43d602-667f-4d77-a43a-0f6f0df5c80a,3d43d602-667f-4d77-a43a-0f6f0df5c80a,6c6be1fd-4f7d-4323-8e88-be427c2afae8,Lagomorpha,0.99,AWC 135,Oryctolagus cuniculus,oryctolagus cuniculus,lagomorpha
fb26a11b-2638-4b57-97ac-4c0751aa984b,sequenceID:8224adf5-1387-49eb-9a19-9b2a1d86986e,8224adf5-1387-49eb-9a19-9b2a1d86986e,8224adf5-1387-49eb-9a19-9b2a1d86986e,6c6be1fd-4f7d-4323-8e88-be427c2afae8,Lagomorpha,0.99,AWC 135,Oryctolagus cuniculus,oryctolagus cuniculus,lagomorpha
0c571b06-1790-4990-abd6-4aa3d0076d29,sequenceID:483c412a-ea4f-44fe-9dd8-0e795b4e1f51,483c412a-ea4f-44fe-9dd8-0e795b4e1f51,483c412a-ea4f-44fe-9dd8-0e795b4e1f51,6c6be1fd-4f7d-4323-8e88-be427c2afae8,Lagomorpha,1.0,AWC 135,Oryctolagus cuniculus,oryctolagus cuniculus,lagomorpha
a747d1f7-9fc5-42ff-a15a-3530f3d04982,sequenceID:fbadf0c2-112d-4a68-be5a-5d1e604f164b,fbadf0c2-112d-4a68-be5a-5d1e604f164b,fbadf0c2-112d-4a68-be5a-5d1e604f164b,6c6be1fd-4f7d-4323-8e88-be427c2afae8,Lagomorpha,1.0,AWC 135,Oryctolagus cuniculus,oryctolagus cuniculus,lagomorpha
07dd5491-388c-412b-bfaf-d867d518d463,sequenceID:be3234d7-3599-4f78-b4b7-6cfaa435404d,be3234d7-3599-4f78-b4b7-6cfaa435404d,be3234d7-3599-4f78-b4b7-6cfaa435404d,6c6be1fd-4f7d-4323-8e88-be427c2afae8,Lagomorpha,1.0,AWC 135,Oryctolagus cuniculus,oryctolagus cuniculus,lagomorpha
35883115-ffd8-46e5-9b1f-fd0fe5f0a79d,sequenceID:85e20c4d-760b-4338-b734-a47638558597,85e20c4d-760b-4338-b734-a47638558597,85e20c4d-760b-4338-b734-a47638558597,6c6be1fd-4f7d-4323-8e88-be427c2afae8,Lagomorpha,1.0,AWC 135,Oryctolagus cuniculus,oryctolagus cuniculus,lagomorpha
9084e56c-de21-47b0-94ba-8badd0b37b6f,sequenceID:77e07cfe-a526-460b-97ba-9ab9286913dd,77e07cfe-a526-460b-97ba-9ab9286913dd,77e07cfe-a526-460b-97ba-9ab9286913dd,6c6be1fd-4f7d-4323-8e88-be427c2afae8,Trichosurus caninus,0.7,AWC 135,Oryctolagus cuniculus,oryctolagus cuniculus,trichosurus caninus
ff61b02f-9558-4406-b04a-44324ef7d716,sequenceID:bb658acf-2c01-407f-a606-f3951856fad8,bb658acf-2c01-407f-a606-f3951856fad8,bb658acf-2c01-407f-a606-f3951856fad8,6c6be1fd-4f7d-4323-8e88-be427c2afae8,Lagomorpha,1.0,AWC 135,Oryctolagus cuniculus,oryctolagus cuniculus,lagomorpha
6ea11961-be41-4ee0-b927-f88df917d67c,sequenceID:bb658acf-2c01-407f-a606-f3951856fad8,bb658acf-2c01-407f-a606-f3951856fad8,bb658acf-2c01-407f-a606-f3951856fad8,6c6be1fd-4f7d-4323-8e88-be427c2afae8,Lagomorpha,1.0,AWC 135,Oryctolagus cuniculus,oryctolagus cuniculus,lagomorpha
9c00c1c5-6e63-44b1-ad62-a28dcb36db38,sequenceID:72ae6e56-ce1b-4da0-a01d-4a9ce2775044,72ae6e56-ce1b-4da0-a01d-4a9ce2775044,72ae6e56-ce1b-4da0-a01d-4a9ce2775044,6c6be1fd-4f7d-4323-8e88-be427c2afae8,Lagomorpha,1.0,AWC 135,Oryctolagus cuniculus,oryctolagus cuniculus,lagomorpha
5eba357e-3610-424e-a3e4-aa1defbebfff,sequenceID:e16a9c0a-90c4-495f-af24-5e213dc9782f,e16a9c0a-90c4-495f-af24-5e213dc9782f,e16a9c0a-90c4-495f-af24-5e213dc9782f,6c6be1fd-4f7d-4323-8e88-be427c2afae8,Lagomorpha,1.0,AWC 135,Oryctolagus cuniculus,oryctolagus cuniculus,lagomorpha
4f68673d-58b6-4c2d-8a98-78c5c57c988d,sequenceID:bbb02221-f880-4fd8-9548-dc29305c950d,bbb02221-f880-4fd8-9548-dc29305c950d,bbb02221-f880-4fd8-9548-dc29305c950d,6c6be1fd-4f7d-4323-8e88-be427c2afae8,Macrotis lagotis,0.78,AWC 135,Oryctolagus cuniculus,oryctolagus cuniculus,macrotis lagotis
ae7acf43-d5f3-46da-996c-e975b77c85ef,sequenceID:ad17f20d-9bde-418f-aa9e-d37e0424aab4,ad17f20d-9bde-418f-aa9e-d37e0424aab4,ad17f20d-9bde-418f-aa9e-d37e0424aab4,6c6be1fd-4f7d-4323-8e88-be427c2afae8,Macrotis lagotis,0.89,AWC 135,Oryctolagus cuniculus,oryctolagus cuniculus,macrotis lagotis
c0d03852-9dbd-40b4-bac3-557ce932a972,sequenceID:0e54aefa-7b5c-46ae-b0cd-34f9677269ea,0e54aefa-7b5c-46ae-b0cd-34f9677269ea,0e54aefa-7b5c-46ae-b0cd-34f9677269ea,6c6be1fd-4f7d-4323-8e88-be427c2afae8,Lagomorpha,0.99,AWC 135,Oryctolagus cuniculus,oryctolagus cuniculus,lagomorpha
631d6bc5-ba59-49ce-9bb0-054c23a1553b,sequenceID:13239e50-5d02-4efe-9a95-e67fe367e01e,13239e50-5d02-4efe-9a95-e67fe367e01e,13239e50-5d02-4efe-9a95-e67fe367e01e,6c6be1fd-4f7d-4323-8e88-be427c2afae8,Lagomorpha,1.0,AWC 135,Oryctolagus cuniculus,oryctolagus cuniculus,lagomorpha
082c7a89-544f-4bcb-84c6-74ee4a11727b,sequenceID:7fb6f959-691a-42df-9289-ee575230d71c,7fb6f959-691a-42df-9289-ee575230d71c,7fb6f959-691a-42df-9289-ee575230d71c,6c6be1fd-4f7d-4323-8e88-be427c2afae8,Lagomorpha,1.0,AWC 135,Oryctolagus cuniculus,oryctolagus cuniculus,lagomorpha
aec1717b-2510-4452-ab01-f12aed3823f9,sequenceID:f258c4e1-801f-4c4d-b4c2-af5fae441e5b,f258c4e1-801f-4c4d-b4c2-af5fae441e5b,f258c4e1-801f-4c4d-b4c2-af5fae441e5b,6c6be1fd-4f7d-4323-8e88-be427c2afae8,Lagomorpha,1.0,AWC 135,Oryctolagus cuniculus,oryctolagus cuniculus,lagomorpha
aec1717b-2510-4452-ab01-f12aed3823f9,sequenceID:f258c4e1-801f-4c4d-b4c2-af5fae441e5b,f258c4e1-801f-4c4d-b4c2-af5fae441e5b,f258c4e1-801f-4c4d-b4c2-af5fae441e5b,6c6be1fd-4f7d-4323-8e88-be427c2afae8,Aves,0.69,AWC 135,Oryctolagus cuniculus,oryctolagus cuniculus,aves
4670a09a-1545-42a8-826f-eecbc8c473f0,sequenceID:fb1f57cb-3d4c-42ef-b4f4-c1f534a760b6,fb1f57cb-3d4c-42ef-b4f4-c1f534a760b6,fb1f57cb-3d4c-42ef-b4f4-c1f534a760b6,6c6be1fd-4f7d-4323-8e88-be427c2afae8,Lagomorpha,1.0,AWC 135,Oryctolagus cuniculus,oryctolagus cuniculus,lagomorpha
8f024e03-841f-466a-9311-105728c2df64,sequenceID:9960a9c6-d06c-4d05-bef8-315ba7c70e9c,9960a9c6-d06c-4d05-bef8-315ba7c70e9c,9960a9c6-d06c-4d05-bef8-315ba7c70e9c,6c6be1fd-4f7d-4323-8e88-be427c2afae8,Lagomorpha,1.0,AWC 135,Oryctolagus cuniculus,oryctolagus cuniculus,lagomorpha
f2ee657c-631e-4d8f-bae0-7893e7a703ad,sequenceID:e37b2ae2-6554-4e4d-a05d-b6fb647ce507,e37b2ae2-6554-4e4d-a05d-b6fb647ce507,e37b2ae2-6554-4e4d-a05d-b6fb647ce507,6c6be1fd-4f7d-4323-8e88-be427c2afae8,Lagomorpha,0.99,AWC 135,Oryctolagus cuniculus,oryctolagus cuniculus,lagomorpha
8bc1ac3c-834d-4173-a234-0cc85a57717f,sequenceID:8f51a719-db76-4e28-8bf0-34bae86f1edf,8f51a719-db76-4e28-8bf0-34bae86f1edf,8f51a719-db76-4e28-8bf0-34bae86f1edf,6c6be1fd-4f7d-4323-8e88-be427c2afae8,Lagomorpha,1.0,AWC 135,Oryctolagus cuniculus,oryctolagus cuniculus,lagomorpha
afea5fa4-9cb8-4c45-9b10-f808ba2c7172,sequenceID:a432cfb6-e19b-4c21-b79b-1bb619f51484,a432cfb6-e19b-4c21-b79b-1bb619f51484,a432cfb6-e19b-4c21-b79b-1bb619f51484,6c6be1fd-4f7d-4323-8e88-be427c2afae8,Lagomorpha,0.99,AWC 135,Oryctolagus cuniculus,oryctolagus cuniculus,lagomorpha
0f914c62-78ec-4f05-9ee2-58aa4a062652,sequenceID:e8eb3c28-84ca-4c39-a966-c754b5ce8925,e8eb3c28-84ca-4c39-a966-c754b5ce8925,e8eb3c28-84ca-4c39-a966-c754b5ce8925,6c6be1fd-4f7d-4323-8e88-be427c2afae8,Lagomorpha,1.0,AWC 135,Oryctolagus cuniculus,oryctolagus cuniculus,lagomorpha
2a99ffb3-c514-4ca6-9bfb-9aff9023f92f,sequenceID:e3a7d87d-4619-40e2-9900-d7b609e9792f,e3a7d87d-4619-40e2-9900-d7b609e9792f,e3a7d87d-4619-40e2-9900-d7b609e9792f,6c6be1fd-4f7d-4323-8e88-be427c2afae8,Lagomorpha,1.0,AWC 135,Oryctolagus cuniculus,oryctolagus cuniculus,lagomorpha
4748a159-fa3c-45ca-8c90-2ed270275aa4,sequenceID:86fcd6d5-15e7-4ec6-ab22-4b3ee6139f1f,86fcd6d5-15e7-4ec6-ab22-4b3ee6139f1f,86fcd6d5-15e7-4ec6-ab22-4b3ee6139f1f,6c6be1fd-4f7d-4323-8e88-be427c2afae8,Lagomorpha,1.0,AWC 135,Oryctolagus cuniculus,oryctolagus cuniculus,lagomorpha
50f95c08-4af3-4033-9975-6164c818d9a9,sequenceID:a9b97ec5-2520-4644-b34d-5521d45f9b03,a9b97ec5-2520-4644-b34d-5521d45f9b03,a9b97ec5-2520-4644-b34d-5521d45f9b03,6c6be1fd-4f7d-4323-8e88-be427c2afae8,Lagomorpha,1.0,AWC 135,Oryctolagus cuniculus,oryctolagus cuniculus,lagomorpha
71d22588-0c84-43b2-b3c4-986d6afca090,sequenceID:b9cbcaef-08ad-40a9-a386-45266d6a9823,b9cbcaef-08ad-40a9-a386-45266d6a9823,b9cbcaef-08ad-40a9-a386-45266d6a9823,6c6be1fd-4f7d-4323-8e88-be427c2afae8,Lagomorpha,1.0,AWC 135,Oryctolagus cuniculus,oryctolagus cuniculus,lagomorpha
71e8aac5-f0e3-45ba-a192-b1d79438dfcf,sequenceID:3c45e33d-ad79-482f-bff3-8aa003c2f608,3c45e33d-ad79-482f-bff3-8aa003c2f608,3c45e33d-ad79-482f-bff3-8aa003c2f608,6c6be1fd-4f7d-4323-8e88-be427c2afae8,Lagomorpha,0.99,AWC 135,Oryctolagus cuniculus,oryctolagus cuniculus,lagomorpha
bf80873b-5244-4152-9d4c-db174a53da1d,sequenceID:9ea12d99-966a-4445-828d-ad36507125bf,9ea12d99-966a-4445-828d-ad36507125bf,9ea12d99-966a-4445-828d-ad36507125bf,6c6be1fd-4f7d-4323-8e88-be427c2afae8,Lagomorpha,1.0,AWC 135,Oryctolagus cuniculus,oryctolagus cuniculus,lagomorpha
65a8edae-415a-4b85-b5c2-39880724f0ed,sequenceID:9fffd3e6-9e63-4597-b5d9-5a96700bab3c,9fffd3e6-9e63-4597-b5d9-5a96700bab3c,9fffd3e6-9e63-4597-b5d9-5a96700bab3c,6c6be1fd-4f7d-4323-8e88-be427c2afae8,Lagomorpha,1.0,AWC 135,Oryctolagus cuniculus,oryctolagus cuniculus,lagomorpha
8d78b315-e119-4b11-b8fb-d7cbb555aedf,sequenceID:9fffd3e6-9e63-4597-b5d9-5a96700bab3c,9fffd3e6-9e63-4597-b5d9-5a96700bab3c,9fffd3e6-9e63-4597-b5d9-5a96700bab3c,6c6be1fd-4f7d-4323-8e88-be427c2afae8,Lagomorpha,1.0,AWC 135,Oryctolagus cuniculus,oryctolagus cuniculus,lagomorpha
ba80c351-cd7c-483f-bcda-dd31638a966b,sequenceID:feb0ae32-8ef8-42b3-b40b-1bd4b0fd9a6b,feb0ae32-8ef8-42b3-b40b-1bd4b0fd9a6b,feb0ae32-8ef8-42b3-b40b-1bd4b0fd9a6b,6c6be1fd-4f7d-4323-8e88-be427c2afae8,Lagomorpha,1.0,AWC 135,Oryctolagus cuniculus,oryctolagus cuniculus,lagomorpha
aed1a93d-e614-478e-9168-6af743c8ec39,sequenceID:33efdd5d-e885-474f-9f5f-fa6d2dba9b14,33efdd5d-e885-474f-9f5f-fa6d2dba9b14,33efdd5d-e885-474f-9f5f-fa6d2dba9b14,6c6be1fd-4f7d-4323-8e88-be427c2afae8,isoodon obesulus,0.57,AWC 135,Oryctolagus cuniculus,oryctolagus cuniculus,isoodon obesulus
aed1a93d-e614-478e-9168-6af743c8ec39,sequenceID:33efdd5d-e885-474f-9f5f-fa6d2dba9b14,33efdd5d-e885-474f-9f5f-fa6d2dba9b14,33efdd5d-e885-474f-9f5f-fa6d2dba9b14,6c6be1fd-4f7d-4323-8e88-be427c2afae8,Lagomorpha,1.0,AWC 135,Oryctolagus cuniculus,oryctolagus cuniculus,lagomorpha
b4f2ebf7-23dd-458d-bd2a-62f92cd51c79,sequenceID:ed53b2eb-7797-428a-96bd-f89733472e9e,ed53b2eb-7797-428a-96bd-f89733472e9e,ed53b2eb-7797-428a-96bd-f89733472e9e,6c6be1fd-4f7d-4323-8e88-be427c2afae8,Lagomorpha,1.0,AWC 135,Oryctolagus cuniculus,oryctolagus cuniculus,lagomorpha
3060ac8c-fede-498a-953e-4f0d448b906a,sequenceID:808a85ec-5548-4940-a080-a8fbe8cbb026,808a85ec-5548-4940-a080-a8fbe8cbb026,808a85ec-5548-4940-a080-a8fbe8cbb026,6c6be1fd-4f7d-4323-8e88-be427c2afae8,Macrotis lagotis,0.88,AWC 135,Oryctolagus cuniculus,oryctolagus cuniculus,macrotis lagotis
bfa40345-84cc-4d85-ba92-145d5b3ba6aa,sequenceID:57c830e1-7fdb-447c-b7a7-81cf1db5c1d4,57c830e1-7fdb-447c-b7a7-81cf1db5c1d4,57c830e1-7fdb-447c-b7a7-81cf1db5c1d4,6c6be1fd-4f7d-4323-8e88-be427c2afae8,Lagomorpha,0.99,AWC 135,Oryctolagus cuniculus,oryctolagus cuniculus,lagomorpha
ecc71935-982e-4911-a50a-e0d316989c88,sequenceID:57c830e1-7fdb-447c-b7a7-81cf1db5c1d4,57c830e1-7fdb-447c-b7a7-81cf1db5c1d4,57c830e1-7fdb-447c-b7a7-81cf1db5c1d4,6c6be1fd-4f7d-4323-8e88-be427c2afae8,Lagomorpha,0.99,AWC 135,Oryctolagus cuniculus,oryctolagus cuniculus,lagomorpha
78d22b78-53c8-4a0f-95ca-09caff65671e,sequenceID:633aba87-7d03-4623-8f96-01c132837787,633aba87-7d03-4623-8f96-01c132837787,633aba87-7d03-4623-8f96-01c132837787,6c6be1fd-4f7d-4323-8e88-be427c2afae8,isoodon obesulus,0.51,AWC 135,Oryctolagus cuniculus,oryctolagus cuniculus,isoodon obesulus
78d22b78-53c8-4a0f-95ca-09caff65671e,sequenceID:633aba87-7d03-4623-8f96-01c132837787,633aba87-7d03-4623-8f96-01c132837787,633aba87-7d03-4623-8f96-01c132837787,6c6be1fd-4f7d-4323-8e88-be427c2afae8,Lagomorpha,0.95,AWC 135,Oryctolagus cuniculus,oryctolagus cuniculus,lagomorpha
4d542ac5-e483-4dda-a3da-f7844c1b2919,sequenceID:79df731f-57ea-4995-93b6-7e6cabb79e5f,79df731f-57ea-4995-93b6-7e6cabb79e5f,79df731f-57ea-4995-93b6-7e6cabb79e5f,6c6be1fd-4f7d-4323-8e88-be427c2afae8,Lagomorpha,0.98,AWC 135,Oryctolagus cuniculus,oryctolagus cuniculus,lagomorpha
4d542ac5-e483-4dda-a3da-f7844c1b2919,sequenceID:79df731f-57ea-4995-93b6-7e6cabb79e5f,79df731f-57ea-4995-93b6-7e6cabb79e5f,79df731f-57ea-4995-93b6-7e6cabb79e5f,6c6be1fd-4f7d-4323-8e88-be427c2afae8,Felis catus,0.52,AWC 135,Oryctolagus cuniculus,oryctolagus cuniculus,felis catus
39aa28b3-1a84-4d59-8bd6-7c123df423b2,sequenceID:3e99f050-a032-49c2-8a0c-73a8e7f03a5c,3e99f050-a032-49c2-8a0c-73a8e7f03a5c,3e99f050-a032-49c2-8a0c-73a8e7f03a5c,6c6be1fd-4f7d-4323-8e88-be427c2afae8,Lagomorpha,1.0,AWC 135,Oryctolagus cuniculus,oryctolagus cuniculus,lagomorpha
12053bce-5f15-4933-ab8f-f22ea8c71f65,sequenceID:3e1f5181-3df4-4da6-b9fb-b465e399392a,3e1f5181-3df4-4da6-b9fb-b465e399392a,3e1f5181-3df4-4da6-b9fb-b465e399392a,6c6be1fd-4f7d-4323-8e88-be427c2afae8,Lagomorpha,1.0,AWC 135,Oryctolagus cuniculus,oryctolagus cuniculus,lagomorpha
12053bce-5f15-4933-ab8f-f22ea8c71f65,sequenceID:3e1f5181-3df4-4da6-b9fb-b465e399392a,3e1f5181-3df4-4da6-b9fb-b465e399392a,3e1f5181-3df4-4da6-b9fb-b465e399392a,6c6be1fd-4f7d-4323-8e88-be427c2afae8,Felis catus,0.71,AWC 135,Oryctolagus cuniculus,oryctolagus cuniculus,felis catus
ff559e15-bb01-4f7b-9e4f-ed332b273fdd,sequenceID:3e1f5181-3df4-4da6-b9fb-b465e399392a,3e1f5181-3df4-4da6-b9fb-b465e399392a,3e1f5181-3df4-4da6-b9fb-b465e399392a,6c6be1fd-4f7d-4323-8e88-be427c2afae8,Lagomorpha,1.0,AWC 135,Oryctolagus cuniculus,oryctolagus cuniculus,lagomorpha
ff559e15-bb01-4f7b-9e4f-ed332b273fdd,sequenceID:3e1f5181-3df4-4da6-b9fb-b465e399392a,3e1f5181-3df4-4da6-b9fb-b465e399392a,3e1f5181-3df4-4da6-b9fb-b465e399392a,6c6be1fd-4f7d-4323-8e88-be427c2afae8,Felis catus,0.71,AWC 135,Oryctolagus cuniculus,oryctolagus cuniculus,felis catus
0cdc1804-0193-4c93-ba78-39bc81a0b994,sequenceID:ee960435-d266-4e8d-9490-a8b376061d1d,ee960435-d266-4e8d-9490-a8b376061d1d,ee960435-d266-4e8d-9490-a8b376061d1d,6c6be1fd-4f7d-4323-8e88-be427c2afae8,Lagomorpha,0.99,AWC 135,Oryctolagus cuniculus,oryctolagus cuniculus,lagomorpha
1281a541-c333-4a28-95d3-31c269f8af7e,sequenceID:4a27f1ce-bb1e-423f-b89b-8f7310536917,4a27f1ce-bb1e-423f-b89b-8f7310536917,4a27f1ce-bb1e-423f-b89b-8f7310536917,6c6be1fd-4f7d-4323-8e88-be427c2afae8,Lagomorpha,1.0,AWC 135,Oryctolagus cuniculus,oryctolagus cuniculus,lagomorpha
d4b4cf5a-4b14-4061-b734-7cd33d263d50,sequenceID:d4eba59d-c30d-4b37-a171-09755a7551b7,d4eba59d-c30d-4b37-a171-09755a7551b7,d4eba59d-c30d-4b37-a171-09755a7551b7,6c6be1fd-4f7d-4323-8e88-be427c2afae8,Lagomorpha,0.56,AWC 135,Oryctolagus cuniculus,oryctolagus cuniculus,lagomorpha
f7d7d6f1-db15-4507-9aaf-e504b1eb00f4,sequenceID:7a316416-4771-4cb6-b6c9-4972fd52af74,7a316416-4771-4cb6-b6c9-4972fd52af74,7a316416-4771-4cb6-b6c9-4972fd52af74,6c6be1fd-4f7d-4323-8e88-be427c2afae8,Lagomorpha,1.0,AWC 135,Oryctolagus cuniculus,oryctolagus cuniculus,lagomorpha
a36394eb-4b0c-4201-8a3d-7028e1427c40,sequenceID:7a316416-4771-4cb6-b6c9-4972fd52af74,7a316416-4771-4cb6-b6c9-4972fd52af74,7a316416-4771-4cb6-b6c9-4972fd52af74,6c6be1fd-4f7d-4323-8e88-be427c2afae8,Lagomorpha,1.0,AWC 135,Oryctolagus cuniculus,oryctolagus cuniculus,lagomorpha
af7398e6-2f2b-4a58-b706-3ad938b2d27d,sequenceID:98b34687-a4dc-47ce-aabf-cb302a23adb8,98b34687-a4dc-47ce-aabf-cb302a23adb8,98b34687-a4dc-47ce-aabf-cb302a23adb8,6c6be1fd-4f7d-4323-8e88-be427c2afae8,Lagomorpha,1.0,AWC 135,Oryctolagus cuniculus,oryctolagus cuniculus,lagomorpha
dda5dd8e-5489-4279-bf48-df2e8d651307,sequenceID:98b34687-a4dc-47ce-aabf-cb302a23adb8,98b34687-a4dc-47ce-aabf-cb302a23adb8,98b34687-a4dc-47ce-aabf-cb302a23adb8,6c6be1fd-4f7d-4323-8e88-be427c2afae8,Lagomorpha,1.0,AWC 135,Oryctolagus cuniculus,oryctolagus cuniculus,lagomorpha
cbd6ff4c-2da9-4194-9edf-4b939769103e,sequenceID:5a6cf05f-f98e-4dbd-9f0f-62e929e01e23,5a6cf05f-f98e-4dbd-9f0f-62e929e01e23,5a6cf05f-f98e-4dbd-9f0f-62e929e01e23,6c6be1fd-4f7d-4323-8e88-be427c2afae8,Lagomorpha,1.0,AWC 135,Oryctolagus cuniculus,oryctolagus cuniculus,lagomorpha
82bacf4f-40fe-49e6-a2a7-253b3d865284,sequenceID:1a97a88a-a846-4bea-bb9c-1c362c6e8441,1a97a88a-a846-4bea-bb9c-1c362c6e8441,1a97a88a-a846-4bea-bb9c-1c362c6e8441,6c6be1fd-4f7d-4323-8e88-be427c2afae8,Lagomorpha,1.0,AWC 135,Oryctolagus cuniculus,oryctolagus cuniculus,lagomorpha
4b4cdad2-6872-40bf-91b8-19acf1f8c611,sequenceID:14d27ee5-777d-4b7a-b080-8773e1e442ff,14d27ee5-777d-4b7a-b080-8773e1e442ff,14d27ee5-777d-4b7a-b080-8773e1e442ff,6c6be1fd-4f7d-4323-8e88-be427c2afae8,Lagomorpha,1.0,AWC 135,Oryctolagus cuniculus,oryctolagus cuniculus,lagomorpha
1dd07df7-3726-4e69-abec-3b2f7e0f1bec,sequenceID:483878aa-ad3e-44d6-ac02-cb4667583100,483878aa-ad3e-44d6-ac02-cb4667583100,483878aa-ad3e-44d6-ac02-cb4667583100,6c6be1fd-4f7d-4323-8e88-be427c2afae8,Lagomorpha,1.0,AWC 135,Oryctolagus cuniculus,oryctolagus cuniculus,lagomorpha
5ddfefa7-e208-40e3-80dc-c798626ecfdb,sequenceID:b1d2b48d-0699-4e71-9efe-f5ad867e9361,b1d2b48d-0699-4e71-9efe-f5ad867e9361,b1d2b48d-0699-4e71-9efe-f5ad867e9361,6c6be1fd-4f7d-4323-8e88-be427c2afae8,Lagomorpha,1.0,AWC 135,Oryctolagus cuniculus,oryctolagus cuniculus,lagomorpha
6a0484ea-6a2e-4db9-aee5-b187c20d2fdd,sequenceID:620df44f-cf9a-41e3-b5ba-d5fe3a3da432,620df44f-cf9a-41e3-b5ba-d5fe3a3da432,620df44f-cf9a-41e3-b5ba-d5fe3a3da432,6c6be1fd-4f7d-4323-8e88-be427c2afae8,Lagomorpha,1.0,AWC 135,Oryctolagus cuniculus,oryctolagus cuniculus,lagomorpha
6102a1fe-554d-4d4a-a34f-532c2a4b897f,sequenceID:b2f637fb-cc01-4947-8f27-12c2bf24c0f3,b2f637fb-cc01-4947-8f27-12c2bf24c0f3,b2f637fb-cc01-4947-8f27-12c2bf24c0f3,6c6be1fd-4f7d-4323-8e88-be427c2afae8,Lagomorpha,0.99,AWC 135,Oryctolagus cuniculus,oryctolagus cuniculus,lagomorpha
94ccbdd8-9849-4497-b18f-75bd24a8c89d,sequenceID:f636d16e-3e62-47d1-a8eb-c317e5691f7d,f636d16e-3e62-47d1-a8eb-c317e5691f7d,f636d16e-3e62-47d1-a8eb-c317e5691f7d,6c6be1fd-4f7d-4323-8e88-be427c2afae8,Lagomorpha,1.0,AWC 135,Oryctolagus cuniculus,oryctolagus cuniculus,lagomorpha
ba2f2e89-17f4-492c-b9ca-45aae02469c1,sequenceID:f636d16e-3e62-47d1-a8eb-c317e5691f7d,f636d16e-3e62-47d1-a8eb-c317e5691f7d,f636d16e-3e62-47d1-a8eb-c317e5691f7d,6c6be1fd-4f7d-4323-8e88-be427c2afae8,Lagomorpha,1.0,AWC 135,Oryctolagus cuniculus,oryctolagus cuniculus,lagomorpha
7beed017-0eb0-4c98-b7f0-10e820041441,sequenceID:3762ebc3-ce3e-4a8a-950f-80bc248d8a0a,3762ebc3-ce3e-4a8a-950f-80bc248d8a0a,3762ebc3-ce3e-4a8a-950f-80bc248d8a0a,6c6be1fd-4f7d-4323-8e88-be427c2afae8,Felis catus,0.58,AWC 135,Oryctolagus cuniculus,oryctolagus cuniculus,felis catus
7beed017-0eb0-4c98-b7f0-10e820041441,sequenceID:3762ebc3-ce3e-4a8a-950f-80bc248d8a0a,3762ebc3-ce3e-4a8a-950f-80bc248d8a0a,3762ebc3-ce3e-4a8a-950f-80bc248d8a0a,6c6be1fd-4f7d-4323-8e88-be427c2afae8,Lagomorpha,0.99,AWC 135,Oryctolagus cuniculus,oryctolagus cuniculus,lagomorpha
fa147aa2-7e5c-4a85-acd1-9eb598d32b59,sequenceID:02dff70b-7399-4196-91d8-0bfb210188a8,02dff70b-7399-4196-91d8-0bfb210188a8,02dff70b-7399-4196-91d8-0bfb210188a8,6c6be1fd-4f7d-4323-8e88-be427c2afae8,Lagomorpha,1.0,AWC 135,Oryctolagus cuniculus,oryctolagus cuniculus,lagomorpha
5ac68942-361c-4592-8e23-9735961fcf83,sequenceID:bc8f64a2-a0d0-4d7f-8292-c57314e653d2,bc8f64a2-a0d0-4d7f-8292-c57314e653d2,bc8f64a2-a0d0-4d7f-8292-c57314e653d2,6c6be1fd-4f7d-4323-8e88-be427c2afae8,Lagomorpha,1.0,AWC 135,Oryctolagus cuniculus,oryctolagus cuniculus,lagomorpha
c1c35425-7087-46ed-ae10-eb280d02a328,sequenceID:97ddd242-9eba-4f78-8c09-cefe867535ed,97ddd242-9eba-4f78-8c09-cefe867535ed,97ddd242-9eba-4f78-8c09-cefe867535ed,6c6be1fd-4f7d-4323-8e88-be427c2afae8,Lagomorpha,0.99,AWC 135,Oryctolagus cuniculus,oryctolagus cuniculus,lagomorpha
a64bec20-e495-4de0-ae50-4f5d8125829d,sequenceID:163206f2-2e69-4af0-9b0b-1ef3eab754d8,163206f2-2e69-4af0-9b0b-1ef3eab754d8,163206f2-2e69-4af0-9b0b-1ef3eab754d8,6c6be1fd-4f7d-4323-8e88-be427c2afae8,Lagomorpha,1.0,AWC 135,Oryctolagus cuniculus,oryctolagus cuniculus,lagomorpha
2f68edc2-f10c-407d-9b4a-bc420b3cdc1d,sequenceID:6d1fef7e-a21a-4800-9670-867290637b7d,6d1fef7e-a21a-4800-9670-867290637b7d,6d1fef7e-a21a-4800-9670-867290637b7d,6c6be1fd-4f7d-4323-8e88-be427c2afae8,Lagomorpha,0.99,AWC 135,Oryctolagus cuniculus,oryctolagus cuniculus,lagomorpha
09bcb732-d93a-4c45-ab1b-b21ca0464dd8,sequenceID:3b941568-cca6-41a3-a56b-2e4c91597c04,3b941568-cca6-41a3-a56b-2e4c91597c04,3b941568-cca6-41a3-a56b-2e4c91597c04,6c6be1fd-4f7d-4323-8e88-be427c2afae8,Lagomorpha,1.0,AWC 135,Oryctolagus cuniculus,oryctolagus cuniculus,lagomorpha
36454e86-522f-406f-a960-7844e6a9662e,sequenceID:cbb1a951-a1fc-407f-bc81-ed6fe8340900,cbb1a951-a1fc-407f-bc81-ed6fe8340900,cbb1a951-a1fc-407f-bc81-ed6fe8340900,6c6be1fd-4f7d-4323-8e88-be427c2afae8,Lagomorpha,1.0,AWC 135,Oryctolagus cuniculus,oryctolagus cuniculus,lagomorpha
e1082e7c-a4b0-40d8-9149-24b55b946648,sequenceID:cbb1a951-a1fc-407f-bc81-ed6fe8340900,cbb1a951-a1fc-407f-bc81-ed6fe8340900,cbb1a951-a1fc-407f-bc81-ed6fe8340900,6c6be1fd-4f7d-4323-8e88-be427c2afae8,Lagomorpha,1.0,AWC 135,Oryctolagus cuniculus,oryctolagus cuniculus,lagomorpha
4628b722-3e77-4f24-b43f-c405cfb91935,sequenceID:14936567-194d-4ea3-afaf-c7f9ebe02d3e,14936567-194d-4ea3-afaf-c7f9ebe02d3e,14936567-194d-4ea3-afaf-c7f9ebe02d3e,6c6be1fd-4f7d-4323-8e88-be427c2afae8,Lagomorpha,1.0,AWC 135,Oryctolagus cuniculus,oryctolagus cuniculus,lagomorpha
f2828117-694d-40f3-80c8-e4c8052d8337,sequenceID:7c46fac5-4deb-44ac-bad2-77d272e7b37f,7c46fac5-4deb-44ac-bad2-77d272e7b37f,7c46fac5-4deb-44ac-bad2-77d272e7b37f,6c6be1fd-4f7d-4323-8e88-be427c2afae8,Lagomorpha,0.99,AWC 135,Oryctolagus cuniculus,oryctolagus cuniculus,lagomorpha
517cf991-0ffb-4656-8873-2e8aef0c669f,sequenceID:ebc39da4-fbfb-40f1-bbea-5bdd45ec0c4b,ebc39da4-fbfb-40f1-bbea-5bdd45ec0c4b,ebc39da4-fbfb-40f1-bbea-5bdd45ec0c4b,6c6be1fd-4f7d-4323-8e88-be427c2afae8,Lagomorpha,0.99,AWC 135,Oryctolagus cuniculus,oryctolagus cuniculus,lagomorpha
7daec079-b8a5-4fbf-a822-b2a76d2b588a,sequenceID:7ec70eef-b41c-4e26-8e36-62d30d48390f,7ec70eef-b41c-4e26-8e36-62d30d48390f,7ec70eef-b41c-4e26-8e36-62d30d48390f,6c6be1fd-4f7d-4323-8e88-be427c2afae8,Lagomorpha,1.0,AWC 135,Oryctolagus cuniculus,oryctolagus cuniculus,lagomorpha
cf37e683-c673-4828-b69e-243b8debc68a,sequenceID:98f4ee1b-3440-40d1-913e-cfd5ba9fbc49,98f4ee1b-3440-40d1-913e-cfd5ba9fbc49,98f4ee1b-3440-40d1-913e-cfd5ba9fbc49,6c6be1fd-4f7d-4323-8e88-be427c2afae8,Lagomorpha,1.0,AWC 135,Oryctolagus cuniculus,oryctolagus cuniculus,lagomorpha
9fa47454-bc09-4ab2-a820-0f110234da22,sequenceID:624f606f-df0b-4b74-80d9-183698c9e362,624f606f-df0b-4b74-80d9-183698c9e362,624f606f-df0b-4b74-80d9-183698c9e362,6c6be1fd-4f7d-4323-8e88-be427c2afae8,Lagomorpha,1.0,AWC 135,Oryctolagus cuniculus,oryctolagus cuniculus,lagomorpha
e4a08829-febb-42f5-8ce6-f6a437deddd6,sequenceID:1cb7f6f1-bb48-41f4-a542-92bb9b5429d2,1cb7f6f1-bb48-41f4-a542-92bb9b5429d2,1cb7f6f1-bb48-41f4-a542-92bb9b5429d2,6c6be1fd-4f7d-4323-8e88-be427c2afae8,Lagomorpha,0.99,AWC 135,Oryctolagus cuniculus,oryctolagus cuniculus,lagomorpha
7925df88-0308-439f-82f4-096cc7f3b4dc,sequenceID:1cb7f6f1-bb48-41f4-a542-92bb9b5429d2,1cb7f6f1-bb48-41f4-a542-92bb9b5429d2,1cb7f6f1-bb48-41f4-a542-92bb9b5429d2,6c6be1fd-4f7d-4323-8e88-be427c2afae8,Lagomorpha,0.99,AWC 135,Oryctolagus cuniculus,oryctolagus cuniculus,lagomorpha
d4773216-ae12-41ee-8ef5-6f79780bb49e,sequenceID:96988fff-cd27-4228-aee2-c7b024a6cf51,96988fff-cd27-4228-aee2-c7b024a6cf51,96988fff-cd27-4228-aee2-c7b024a6cf51,6c6be1fd-4f7d-4323-8e88-be427c2afae8,Lagomorpha,1.0,AWC 135,Oryctolagus cuniculus,oryctolagus cuniculus,lagomorpha
6797b8c0-e510-48b4-934c-a78ec5cfe806,sequenceID:9f6a003a-3307-4f9c-8d63-c07e2c25ec34,9f6a003a-3307-4f9c-8d63-c07e2c25ec34,9f6a003a-3307-4f9c-8d63-c07e2c25ec34,6c6be1fd-4f7d-4323-8e88-be427c2afae8,Lagomorpha,0.99,AWC 135,Oryctolagus cuniculus,oryctolagus cuniculus,lagomorpha
a48c73c5-26aa-4902-a975-1f43cf788171,sequenceID:51ac68a6-1c68-4cc3-9127-857e21f0b210,51ac68a6-1c68-4cc3-9127-857e21f0b210,51ac68a6-1c68-4cc3-9127-857e21f0b210,6c6be1fd-4f7d-4323-8e88-be427c2afae8,Lagomorpha,1.0,AWC 135,Oryctolagus cuniculus,oryctolagus cuniculus,lagomorpha
6ff66088-0586-4c70-bbd9-0b13110a1b74,sequenceID:003232bc-4e6d-4c33-b9fc-8cba98311856,003232bc-4e6d-4c33-b9fc-8cba98311856,003232bc-4e6d-4c33-b9fc-8cba98311856,6c6be1fd-4f7d-4323-8e88-be427c2afae8,Lagomorpha,0.99,AWC 135,Oryctolagus cuniculus,oryctolagus cuniculus,lagomorpha
9650c93e-ce60-42e4-b8de-afaee7b23ced,sequenceID:003232bc-4e6d-4c33-b9fc-8cba98311856,003232bc-4e6d-4c33-b9fc-8cba98311856,003232bc-4e6d-4c33-b9fc-8cba98311856,6c6be1fd-4f7d-4323-8e88-be427c2afae8,Lagomorpha,0.99,AWC 135,Oryctolagus cuniculus,oryctolagus cuniculus,lagomorpha
f6a9a5dd-61b2-4585-a9ac-b9e473a48af4,sequenceID:ddd1acc4-1b64-4dff-b02c-5e990754d917,ddd1acc4-1b64-4dff-b02c-5e990754d917,ddd1acc4-1b64-4dff-b02c-5e990754d917,6c6be1fd-4f7d-4323-8e88-be427c2afae8,Lagomorpha,1.0,AWC 135,Oryctolagus cuniculus,oryctolagus cuniculus,lagomorpha
c388e0a5-6da9-4761-84f2-3b649ee0a6ed,sequenceID:0fb6df7d-d6ea-4d85-8804-3d8fa40c24f8,0fb6df7d-d6ea-4d85-8804-3d8fa40c24f8,0fb6df7d-d6ea-4d85-8804-3d8fa40c24f8,6c6be1fd-4f7d-4323-8e88-be427c2afae8,Lagomorpha,1.0,AWC 135,Oryctolagus cuniculus,oryctolagus cuniculus,lagomorpha
208d6fd2-8a1a-4622-bd8e-aa5af14d82e2,sequenceID:0fb6df7d-d6ea-4d85-8804-3d8fa40c24f8,0fb6df7d-d6ea-4d85-8804-3d8fa40c24f8,0fb6df7d-d6ea-4d85-8804-3d8fa40c24f8,6c6be1fd-4f7d-4323-8e88-be427c2afae8,Lagomorpha,1.0,AWC 135,Oryctolagus cuniculus,oryctolagus cuniculus,lagomorpha
4ed6102f-4787-44e2-851e-c63da14fd52c,sequenceID:61adcce8-b9e9-472e-b4e6-1fcd2b9dcf68,61adcce8-b9e9-472e-b4e6-1fcd2b9dcf68,61adcce8-b9e9-472e-b4e6-1fcd2b9dcf68,6c6be1fd-4f7d-4323-8e88-be427c2afae8,Lagomorpha,1.0,AWC 135,Oryctolagus cuniculus,oryctolagus cuniculus,lagomorpha
11a5f260-93d1-4945-870f-1775cf793a00,sequenceID:bb9e8f7e-5d97-481d-94d7-435c25ae7b4f,bb9e8f7e-5d97-481d-94d7-435c25ae7b4f,bb9e8f7e-5d97-481d-94d7-435c25ae7b4f,6c6be1fd-4f7d-4323-8e88-be427c2afae8,Lagomorpha,1.0,AWC 135,Oryctolagus cuniculus,oryctolagus cuniculus,lagomorpha
f197fb28-350d-4baa-9e0f-e52658e0b171,sequenceID:d66ba8eb-bbbf-4369-bd76-05474179a43f,d66ba8eb-bbbf-4369-bd76-05474179a43f,d66ba8eb-bbbf-4369-bd76-05474179a43f,6c6be1fd-4f7d-4323-8e88-be427c2afae8,Lagomorpha,0.99,AWC 135,Oryctolagus cuniculus,oryctolagus cuniculus,lagomorpha
63e890cd-e225-45d2-8dd2-d96b9c4fb0e3,sequenceID:a9a601bd-d55f-4119-ac1c-0f9437c56045,a9a601bd-d55f-4119-ac1c-0f9437c56045,a9a601bd-d55f-4119-ac1c-0f9437c56045,6c6be1fd-4f7d-4323-8e88-be427c2afae8,Lagomorpha,0.9,AWC 135,Oryctolagus cuniculus,oryctolagus cuniculus,lagomorpha
ea1263fd-301e-4a1e-9cc2-4484f96d3674,sequenceID:ba59bd99-24d2-4e07-9510-2c6cb9b3ef8a,ba59bd99-24d2-4e07-9510-2c6cb9b3ef8a,ba59bd99-24d2-4e07-9510-2c6cb9b3ef8a,6c6be1fd-4f7d-4323-8e88-be427c2afae8,Lagomorpha,0.99,AWC 135,Oryctolagus cuniculus,oryctolagus cuniculus,lagomorpha
b0d2eca9-6fce-4a6e-9656-c383d70f2cea,sequenceID:ba59bd99-24d2-4e07-9510-2c6cb9b3ef8a,ba59bd99-24d2-4e07-9510-2c6cb9b3ef8a,ba59bd99-24d2-4e07-9510-2c6cb9b3ef8a,6c6be1fd-4f7d-4323-8e88-be427c2afae8,Lagomorpha,0.99,AWC 135,Oryctolagus cuniculus,oryctolagus cuniculus,lagomorpha
0130af92-a88d-4239-ac5b-1ae3229cf976,sequenceID:bb2dd82b-6f0f-4a06-abf4-9bed5a7d4ba2,bb2dd82b-6f0f-4a06-abf4-9bed5a7d4ba2,bb2dd82b-6f0f-4a06-abf4-9bed5a7d4ba2,6c6be1fd-4f7d-4323-8e88-be427c2afae8,Notamacropus dorsalis,0.73,AWC 135,Oryctolagus cuniculus,oryctolagus cuniculus,notamacropus dorsalis
6a2cbd1b-eb4f-4684-907f-fe5e3c25c8c1,sequenceID:88de83bd-05de-435e-9eed-17d1bc6cc8c6,88de83bd-05de-435e-9eed-17d1bc6cc8c6,88de83bd-05de-435e-9eed-17d1bc6cc8c6,6c6be1fd-4f7d-4323-8e88-be427c2afae8,Lagomorpha,0.99,AWC 135,Oryctolagus cuniculus,oryctolagus cuniculus,lagomorpha
2fa6abcd-bb50-4acc-b159-0f62e1408c37,sequenceID:2217a9d7-c5a8-44e1-8b18-80767ff92e4c,2217a9d7-c5a8-44e1-8b18-80767ff92e4c,2217a9d7-c5a8-44e1-8b18-80767ff92e4c,6c6be1fd-4f7d-4323-8e88-be427c2afae8,Lagomorpha,1.0,AWC 135,Oryctolagus cuniculus,oryctolagus cuniculus,lagomorpha
4f36294f-52ae-4008-9e1c-96b834080ad0,sequenceID:ac9adda1-83b6-4e01-bcd9-12179e2019e9,ac9adda1-83b6-4e01-bcd9-12179e2019e9,ac9adda1-83b6-4e01-bcd9-12179e2019e9,6c6be1fd-4f7d-4323-8e88-be427c2afae8,Lagomorpha,1.0,AWC 135,Oryctolagus cuniculus,oryctolagus cuniculus,lagomorpha
9b652a7b-a7ee-4fca-a6e7-be540e95f05a,sequenceID:18ec7714-b893-4614-a668-761f5440e3a1,18ec7714-b893-4614-a668-761f5440e3a1,18ec7714-b893-4614-a668-761f5440e3a1,6c6be1fd-4f7d-4323-8e88-be427c2afae8,Lagomorpha,1.0,AWC 135,Oryctolagus cuniculus,oryctolagus cuniculus,lagomorpha
0ac92426-cf5a-413e-b684-d1f8bb04c9d1,sequenceID:94f80b17-004f-4e2d-bf59-c275a72053fc,94f80b17-004f-4e2d-bf59-c275a72053fc,94f80b17-004f-4e2d-bf59-c275a72053fc,6c6be1fd-4f7d-4323-8e88-be427c2afae8,Lagomorpha,0.99,AWC 135,Oryctolagus cuniculus,oryctolagus cuniculus,lagomorpha
868d6976-531f-4772-958e-d25df933a3c5,sequenceID:0cdcb42c-9794-4412-aaac-5cacaf6c83f1,0cdcb42c-9794-4412-aaac-5cacaf6c83f1,0cdcb42c-9794-4412-aaac-5cacaf6c83f1,6c6be1fd-4f7d-4323-8e88-be427c2afae8,Lagomorpha,0.96,AWC 135,Oryctolagus cuniculus,oryctolagus cuniculus,lagomorpha
3e204a8a-0c20-4d1c-8db7-3d9131be25d5,sequenceID:cf59660f-1fd7-4873-b7ca-ff96f20fdab0,cf59660f-1fd7-4873-b7ca-ff96f20fdab0,cf59660f-1fd7-4873-b7ca-ff96f20fdab0,6c6be1fd-4f7d-4323-8e88-be427c2afae8,Lagomorpha,1.0,AWC 135,Oryctolagus cuniculus,oryctolagus cuniculus,lagomorpha
8a902cae-36ef-44d8-89b7-d635e5727037,sequenceID:8d033f74-1350-4f5f-9e30-3ee27af6b681,8d033f74-1350-4f5f-9e30-3ee27af6b681,8d033f74-1350-4f5f-9e30-3ee27af6b681,6c6be1fd-4f7d-4323-8e88-be427c2afae8,Lagomorpha,1.0,AWC 135,Oryctolagus cuniculus,oryctolagus cuniculus,lagomorpha
c7a6b1a8-30e4-4761-9d7e-2afe1cdac04d,sequenceID:8d033f74-1350-4f5f-9e30-3ee27af6b681,8d033f74-1350-4f5f-9e30-3ee27af6b681,8d033f74-1350-4f5f-9e30-3ee27af6b681,6c6be1fd-4f7d-4323-8e88-be427c2afae8,Lagomorpha,1.0,AWC 135,Oryctolagus cuniculus,oryctolagus cuniculus,lagomorpha
e4ddb03d-e20b-4d35-8e9d-12c5e2210076,sequenceID:608a32ad-f969-4935-b838-3b2f6eb75a24,608a32ad-f969-4935-b838-3b2f6eb75a24,608a32ad-f969-4935-b838-3b2f6eb75a24,6c6be1fd-4f7d-4323-8e88-be427c2afae8,Lagomorpha,0.98,AWC 135,Oryctolagus cuniculus,oryctolagus cuniculus,lagomorpha
5878b8f4-5a96-4800-87b9-27a819381356,sequenceID:748864b1-148e-4c7d-93f0-4ce56141ec26,748864b1-148e-4c7d-93f0-4ce56141ec26,748864b1-148e-4c7d-93f0-4ce56141ec26,6c6be1fd-4f7d-4323-8e88-be427c2afae8,Lagomorpha,1.0,AWC 135,Oryctolagus cuniculus,oryctolagus cuniculus,lagomorpha
50c76153-02a7-4b8b-9cdb-942a6ce0e96f,sequenceID:97380f5d-6e33-4472-9c8c-6a430974ef69,97380f5d-6e33-4472-9c8c-6a430974ef69,97380f5d-6e33-4472-9c8c-6a430974ef69,6c6be1fd-4f7d-4323-8e88-be427c2afae8,Lagomorpha,0.99,AWC 135,Oryctolagus cuniculus,oryctolagus cuniculus,lagomorpha
dee57791-016a-49f1-8c10-484bda921cca,sequenceID:25c4d502-c88f-4aec-b10b-72b26483498a,25c4d502-c88f-4aec-b10b-72b26483498a,25c4d502-c88f-4aec-b10b-72b26483498a,6c6be1fd-4f7d-4323-8e88-be427c2afae8,Lagomorpha,1.0,AWC 135,Oryctolagus cuniculus,oryctolagus cuniculus,lagomorpha
392930d7-2046-4205-97bb-6b898f1b8a02,sequenceID:80ed5c54-36c3-4313-8b2f-067d31db5c31,80ed5c54-36c3-4313-8b2f-067d31db5c31,80ed5c54-36c3-4313-8b2f-067d31db5c31,6c6be1fd-4f7d-4323-8e88-be427c2afae8,Lagomorpha,1.0,AWC 135,Oryctolagus cuniculus,oryctolagus cuniculus,lagomorpha
7f79d698-971b-45b0-9e23-408a45a8b7b1,sequenceID:9e88c473-b656-4995-9e7b-7afc703c40d8,9e88c473-b656-4995-9e7b-7afc703c40d8,9e88c473-b656-4995-9e7b-7afc703c40d8,6c6be1fd-4f7d-4323-8e88-be427c2afae8,Lagomorpha,1.0,AWC 135,Oryctolagus cuniculus,oryctolagus cuniculus,lagomorpha
87d30d63-8f80-48ea-bccb-cca5ed763bd2,sequenceID:045cbc6c-7b1a-4a91-a592-5d1949645753,045cbc6c-7b1a-4a91-a592-5d1949645753,045cbc6c-7b1a-4a91-a592-5d1949645753,6c6be1fd-4f7d-4323-8e88-be427c2afae8,Lagomorpha,1.0,AWC 135,Oryctolagus cuniculus,oryctolagus cuniculus,lagomorpha
a1126256-7e6c-4dc3-950e-f7621513155c,sequenceID:9fef40ac-f355-43d0-903d-605be202cc1b,9fef40ac-f355-43d0-903d-605be202cc1b,9fef40ac-f355-43d0-903d-605be202cc1b,6c6be1fd-4f7d-4323-8e88-be427c2afae8,Lagomorpha,1.0,AWC 135,Oryctolagus cuniculus,oryctolagus cuniculus,lagomorpha
a1126256-7e6c-4dc3-950e-f7621513155c,sequenceID:9fef40ac-f355-43d0-903d-605be202cc1b,9fef40ac-f355-43d0-903d-605be202cc1b,9fef40ac-f355-43d0-903d-605be202cc1b,6c6be1fd-4f7d-4323-8e88-be427c2afae8,Aves,0.55,AWC 135,Oryctolagus cuniculus,oryctolagus cuniculus,aves
5477ff96-9a30-49ed-8a20-238d2e6e1904,sequenceID:02193240-4507-423a-a50b-3bc363b22829,02193240-4507-423a-a50b-3bc363b22829,02193240-4507-423a-a50b-3bc363b22829,6c6be1fd-4f7d-4323-8e88-be427c2afae8,Aves,0.95,AWC 135,Oryctolagus cuniculus,oryctolagus cuniculus,aves
5477ff96-9a30-49ed-8a20-238d2e6e1904,sequenceID:02193240-4507-423a-a50b-3bc363b22829,02193240-4507-423a-a50b-3bc363b22829,02193240-4507-423a-a50b-3bc363b22829,6c6be1fd-4f7d-4323-8e88-be427c2afae8,Lagomorpha,1.0,AWC 135,Oryctolagus cuniculus,oryctolagus cuniculus,lagomorpha
3dc7b5e9-557c-47d0-8570-6befa19ff661,sequenceID:ff87fbc4-ac47-4668-a01c-202432d7f974,ff87fbc4-ac47-4668-a01c-202432d7f974,ff87fbc4-ac47-4668-a01c-202432d7f974,6c6be1fd-4f7d-4323-8e88-be427c2afae8,Lagomorpha,1.0,AWC 135,Oryctolagus cuniculus,oryctolagus cuniculus,lagomorpha
b6290bfc-359d-44f8-9f91-435bb17fa677,sequenceID:b8e06f51-0c33-46a8-8436-57af41e9d4b9,b8e06f51-0c33-46a8-8436-57af41e9d4b9,b8e06f51-0c33-46a8-8436-57af41e9d4b9,6c6be1fd-4f7d-4323-8e88-be427c2afae8,Lagomorpha,1.0,AWC 135,Oryctolagus cuniculus,oryctolagus cuniculus,lagomorpha
c6bb5ce9-0528-4169-b119-35ed1fa3b8e5,sequenceID:78dda596-feb3-4fec-8150-dc0924fca3dd,78dda596-feb3-4fec-8150-dc0924fca3dd,78dda596-feb3-4fec-8150-dc0924fca3dd,6c6be1fd-4f7d-4323-8e88-be427c2afae8,Lagomorpha,0.99,AWC 135,Oryctolagus cuniculus,oryctolagus cuniculus,lagomorpha
f3c9c1fa-06b4-4790-b954-5910f39f4cec,sequenceID:15ef56b7-8e2b-4e14-9101-be165b4f8234,15ef56b7-8e2b-4e14-9101-be165b4f8234,15ef56b7-8e2b-4e14-9101-be165b4f8234,6c6be1fd-4f7d-4323-8e88-be427c2afae8,Lagomorpha,1.0,AWC 135,Oryctolagus cuniculus,oryctolagus cuniculus,lagomorpha
84a9b020-bd60-4b0d-a8a6-70d198ab67e8,sequenceID:98f7ff9c-0d01-4c83-be1a-66e196a2ae2f,98f7ff9c-0d01-4c83-be1a-66e196a2ae2f,98f7ff9c-0d01-4c83-be1a-66e196a2ae2f,6c6be1fd-4f7d-4323-8e88-be427c2afae8,Lagomorpha,0.99,AWC 135,Oryctolagus cuniculus,oryctolagus cuniculus,lagomorpha
79be94d8-c73e-4538-a3d4-df935dd00579,sequenceID:fd1746fe-488d-45fe-b57b-866249623ee2,fd1746fe-488d-45fe-b57b-866249623ee2,fd1746fe-488d-45fe-b57b-866249623ee2,6c6be1fd-4f7d-4323-8e88-be427c2afae8,Lagomorpha,0.99,AWC 135,Oryctolagus cuniculus,oryctolagus cuniculus,lagomorpha
42cb49e1-3704-4077-9c10-84ab161c816f,sequenceID:9dcaa742-64a2-45c5-ac9b-f5f3b2d112bb,9dcaa742-64a2-45c5-ac9b-f5f3b2d112bb,9dcaa742-64a2-45c5-ac9b-f5f3b2d112bb,6c6be1fd-4f7d-4323-8e88-be427c2afae8,Lagomorpha,1.0,AWC 135,Oryctolagus cuniculus,oryctolagus cuniculus,lagomorpha
aa5d89d0-a714-48ab-9d99-0c0cb2875944,sequenceID:72f80576-730b-49d9-b069-6f86f4af8fea,72f80576-730b-49d9-b069-6f86f4af8fea,72f80576-730b-49d9-b069-6f86f4af8fea,6c6be1fd-4f7d-4323-8e88-be427c2afae8,Lagomorpha,1.0,AWC 135,Oryctolagus cuniculus,oryctolagus cuniculus,lagomorpha
e515a8f3-372a-4364-8efb-28b5ca93727c,sequenceID:d0db81ec-598b-4b56-99ba-8d9c8d96275a,d0db81ec-598b-4b56-99ba-8d9c8d96275a,d0db81ec-598b-4b56-99ba-8d9c8d96275a,6c6be1fd-4f7d-4323-8e88-be427c2afae8,Lagomorpha,1.0,AWC 135,Oryctolagus cuniculus,oryctolagus cuniculus,lagomorpha
f3e54a67-1682-439e-9439-a9a0444a2802,sequenceID:8ba4687d-3c18-4900-b733-548a77a1f4a4,8ba4687d-3c18-4900-b733-548a77a1f4a4,8ba4687d-3c18-4900-b733-548a77a1f4a4,6c6be1fd-4f7d-4323-8e88-be427c2afae8,Lagomorpha,1.0,AWC 135,Oryctolagus cuniculus,oryctolagus cuniculus,lagomorpha
ee999c4d-cfa6-4de0-a062-4c2b749a8e73,sequenceID:df53e9e6-c729-4cee-a57f-9f05d887a7f0,df53e9e6-c729-4cee-a57f-9f05d887a7f0,df53e9e6-c729-4cee-a57f-9f05d887a7f0,6c6be1fd-4f7d-4323-8e88-be427c2afae8,Lagomorpha,1.0,AWC 135,Oryctolagus cuniculus,oryctolagus cuniculus,lagomorpha
f6db3b32-2137-46f8-880f-2957451279af,sequenceID:c2307322-e0f8-4b2f-8d4d-c3808c59f630,c2307322-e0f8-4b2f-8d4d-c3808c59f630,c2307322-e0f8-4b2f-8d4d-c3808c59f630,6c6be1fd-4f7d-4323-8e88-be427c2afae8,Lagomorpha,1.0,AWC 135,Oryctolagus cuniculus,oryctolagus cuniculus,lagomorpha
77a47b02-b1a6-427d-afb5-16faa524a8cd,sequenceID:c2307322-e0f8-4b2f-8d4d-c3808c59f630,c2307322-e0f8-4b2f-8d4d-c3808c59f630,c2307322-e0f8-4b2f-8d4d-c3808c59f630,6c6be1fd-4f7d-4323-8e88-be427c2afae8,Lagomorpha,1.0,AWC 135,Oryctolagus cuniculus,oryctolagus cuniculus,lagomorpha
be4a969f-33e1-4726-9d9c-e0ab46d6847b,sequenceID:da5d0b7a-6deb-4bac-adcf-620f68e38c79,da5d0b7a-6deb-4bac-adcf-620f68e38c79,da5d0b7a-6deb-4bac-adcf-620f68e38c79,6c6be1fd-4f7d-4323-8e88-be427c2afae8,Lagomorpha,1.0,AWC 135,Oryctolagus cuniculus,oryctolagus cuniculus,lagomorpha
703cb547-6861-4fa1-8320-3196b80afaae,sequenceID:78420665-c87e-4a98-bdb5-fda6e84dab11,78420665-c87e-4a98-bdb5-fda6e84dab11,78420665-c87e-4a98-bdb5-fda6e84dab11,6c6be1fd-4f7d-4323-8e88-be427c2afae8,Lagomorpha,1.0,AWC 135,Oryctolagus cuniculus,oryctolagus cuniculus,lagomorpha
e64e3237-7594-4ccb-9bcc-9dafb1fb908a,sequenceID:25bf0c6b-1a16-49a2-83c5-105f660adec1,25bf0c6b-1a16-49a2-83c5-105f660adec1,25bf0c6b-1a16-49a2-83c5-105f660adec1,6c6be1fd-4f7d-4323-8e88-be427c2afae8,Lagomorpha,1.0,AWC 135,Oryctolagus cuniculus,oryctolagus cuniculus,lagomorpha
0240f5db-7692-411a-8519-02281701e9e5,sequenceID:c28d2083-17c3-4120-8bc0-c65642532321,c28d2083-17c3-4120-8bc0-c65642532321,c28d2083-17c3-4120-8bc0-c65642532321,6c6be1fd-4f7d-4323-8e88-be427c2afae8,Lagomorpha,0.99,AWC 135,Oryctolagus cuniculus,oryctolagus cuniculus,lagomorpha
ffcebfdf-b3f0-4569-bf36-b55aa0cfe1ef,sequenceID:0244dcef-de8c-4f2c-b710-78f9c03fe3b7,0244dcef-de8c-4f2c-b710-78f9c03fe3b7,0244dcef-de8c-4f2c-b710-78f9c03fe3b7,6c6be1fd-4f7d-4323-8e88-be427c2afae8,Lagomorpha,1.0,AWC 135,Oryctolagus cuniculus,oryctolagus cuniculus,lagomorpha
5a24101d-f45c-415c-b2e8-50a8bb641a24,sequenceID:e1cdd6c3-69a7-4e17-a679-5668ef196197,e1cdd6c3-69a7-4e17-a679-5668ef196197,e1cdd6c3-69a7-4e17-a679-5668ef196197,6c6be1fd-4f7d-4323-8e88-be427c2afae8,Lagomorpha,1.0,AWC 135,Oryctolagus cuniculus,oryctolagus cuniculus,lagomorpha
1138f4a0-d327-451a-a57a-19517f18b76b,sequenceID:bcbbd38c-7cf8-414e-8144-1ea21b179fa6,bcbbd38c-7cf8-414e-8144-1ea21b179fa6,bcbbd38c-7cf8-414e-8144-1ea21b179fa6,6c6be1fd-4f7d-4323-8e88-be427c2afae8,Lagomorpha,1.0,AWC 135,Oryctolagus cuniculus,oryctolagus cuniculus,lagomorpha
f2542576-4dc4-45cc-8bc4-a3b2dba0e44f,sequenceID:bcbbd38c-7cf8-414e-8144-1ea21b179fa6,bcbbd38c-7cf8-414e-8144-1ea21b179fa6,bcbbd38c-7cf8-414e-8144-1ea21b179fa6,6c6be1fd-4f7d-4323-8e88-be427c2afae8,Lagomorpha,1.0,AWC 135,Oryctolagus cuniculus,oryctolagus cuniculus,lagomorpha
51bfe499-e5e2-4e7a-8a14-16102abbcbf7,sequenceID:dba17a19-3a70-492f-9ec3-250fd2a4f162,dba17a19-3a70-492f-9ec3-250fd2a4f162,dba17a19-3a70-492f-9ec3-250fd2a4f162,6c6be1fd-4f7d-4323-8e88-be427c2afae8,Lagomorpha,0.99,AWC 135,Oryctolagus cuniculus,oryctolagus cuniculus,lagomorpha
c0be32b7-b8e6-4d6c-a523-b58d8f13d77d,sequenceID:76013117-3e39-483b-88cf-dd584bca9992,76013117-3e39-483b-88cf-dd584bca9992,76013117-3e39-483b-88cf-dd584bca9992,6c6be1fd-4f7d-4323-8e88-be427c2afae8,Lagomorpha,0.99,AWC 135,Oryctolagus cuniculus,oryctolagus cuniculus,lagomorpha
4965002c-406b-4a9d-b66d-6a8bffc94d33,sequenceID:d2688bd6-6b34-42af-9425-4eefed7dc23b,d2688bd6-6b34-42af-9425-4eefed7dc23b,d2688bd6-6b34-42af-9425-4eefed7dc23b,6c6be1fd-4f7d-4323-8e88-be427c2afae8,Lagomorpha,1.0,AWC 135,Oryctolagus cuniculus,oryctolagus cuniculus,lagomorpha
c51009ec-ff6f-4216-bec8-b70e348789ea,sequenceID:8701f4ec-dc3c-4591-8659-6a7045227890,8701f4ec-dc3c-4591-8659-6a7045227890,8701f4ec-dc3c-4591-8659-6a7045227890,6c6be1fd-4f7d-4323-8e88-be427c2afae8,Lagomorpha,0.99,AWC 135,Oryctolagus cuniculus,oryctolagus cuniculus,lagomorpha
100b3e01-d419-4b7c-8219-c5e58a9d624a,sequenceID:d3b7d3f0-b194-4385-b7a3-1e42d0ac02a6,d3b7d3f0-b194-4385-b7a3-1e42d0ac02a6,d3b7d3f0-b194-4385-b7a3-1e42d0ac02a6,6c6be1fd-4f7d-4323-8e88-be427c2afae8,Lagomorpha,1.0,AWC 135,Oryctolagus cuniculus,oryctolagus cuniculus,lagomorpha
461021d2-0343-48f3-af4f-73c2c095a473,sequenceID:ec8fb79b-407c-423d-83d8-77f08b88aa76,ec8fb79b-407c-423d-83d8-77f08b88aa76,ec8fb79b-407c-423d-83d8-77f08b88aa76,6c6be1fd-4f7d-4323-8e88-be427c2afae8,Lagomorpha,1.0,AWC 135,Oryctolagus cuniculus,oryctolagus cuniculus,lagomorpha
7ec6726d-e0f1-45dd-b34f-6ef0afa46c9d,sequenceID:e0f13800-54f1-4fa7-af23-db47774b2140,e0f13800-54f1-4fa7-af23-db47774b2140,e0f13800-54f1-4fa7-af23-db47774b2140,6c6be1fd-4f7d-4323-8e88-be427c2afae8,Lagomorpha,1.0,AWC 135,Oryctolagus cuniculus,oryctolagus cuniculus,lagomorpha
857de245-e0ac-4a6b-b4a0-3f5d7bfb3305,sequenceID:99b6fbf1-4688-44ef-ac9e-bb9ce4a7e289,99b6fbf1-4688-44ef-ac9e-bb9ce4a7e289,99b6fbf1-4688-44ef-ac9e-bb9ce4a7e289,6c6be1fd-4f7d-4323-8e88-be427c2afae8,Lagomorpha,1.0,AWC 135,Oryctolagus cuniculus,oryctolagus cuniculus,lagomorpha
11911398-397a-497e-9357-d64b0046362e,sequenceID:96bfc489-612c-4837-9bd4-debd3fd9ae25,96bfc489-612c-4837-9bd4-debd3fd9ae25,96bfc489-612c-4837-9bd4-debd3fd9ae25,6c6be1fd-4f7d-4323-8e88-be427c2afae8,Lagomorpha,0.99,AWC 135,Oryctolagus cuniculus,oryctolagus cuniculus,lagomorpha
5c7170d0-bde1-4730-8426-0031273c1197,sequenceID:493253ea-228f-4121-b351-d8e7ca758f3f,493253ea-228f-4121-b351-d8e7ca758f3f,493253ea-228f-4121-b351-d8e7ca758f3f,6c6be1fd-4f7d-4323-8e88-be427c2afae8,Lagomorpha,0.99,AWC 135,Oryctolagus cuniculus,oryctolagus cuniculus,lagomorpha
342e6a68-5343-4f61-b351-ecdb7f2d8897,sequenceID:0288a9d5-e7fe-43ca-abe8-dcfd7b76771d,0288a9d5-e7fe-43ca-abe8-dcfd7b76771d,0288a9d5-e7fe-43ca-abe8-dcfd7b76771d,6c6be1fd-4f7d-4323-8e88-be427c2afae8,Lagomorpha,0.99,AWC 135,Oryctolagus cuniculus,oryctolagus cuniculus,lagomorpha
a509d208-54a3-4a3b-b5e7-9d6065eea4bb,sequenceID:c6e11f3d-2f31-4968-86ab-439a57bb6523,c6e11f3d-2f31-4968-86ab-439a57bb6523,c6e11f3d-2f31-4968-86ab-439a57bb6523,6c6be1fd-4f7d-4323-8e88-be427c2afae8,Lagomorpha,1.0,AWC 135,Oryctolagus cuniculus,oryctolagus cuniculus,lagomorpha
62c795f2-9412-46ad-bd9b-3be6c018f300,sequenceID:07d943dd-8ce3-48b3-8c26-9ecad0c6580c,07d943dd-8ce3-48b3-8c26-9ecad0c6580c,07d943dd-8ce3-48b3-8c26-9ecad0c6580c,6c6be1fd-4f7d-4323-8e88-be427c2afae8,Lagomorpha,0.99,AWC 135,Oryctolagus cuniculus,oryctolagus cuniculus,lagomorpha
d63416e1-c10d-45f6-b6d6-0dad0ba40149,sequenceID:ad158705-aa6d-4774-9068-29bde56ab61d,ad158705-aa6d-4774-9068-29bde56ab61d,ad158705-aa6d-4774-9068-29bde56ab61d,6c6be1fd-4f7d-4323-8e88-be427c2afae8,Lagomorpha,0.99,AWC 135,Oryctolagus cuniculus,oryctolagus cuniculus,lagomorpha
bf678840-70d7-4018-8925-fc0dcf96fc58,sequenceID:d642222a-9623-4014-ac30-17ea4cc259af,d642222a-9623-4014-ac30-17ea4cc259af,d642222a-9623-4014-ac30-17ea4cc259af,6c6be1fd-4f7d-4323-8e88-be427c2afae8,Lagomorpha,1.0,AWC 135,Oryctolagus cuniculus,oryctolagus cuniculus,lagomorpha
b79b0b1c-f13b-412f-9a0b-37983eb3de39,sequenceID:d642222a-9623-4014-ac30-17ea4cc259af,d642222a-9623-4014-ac30-17ea4cc259af,d642222a-9623-4014-ac30-17ea4cc259af,6c6be1fd-4f7d-4323-8e88-be427c2afae8,Lagomorpha,1.0,AWC 135,Oryctolagus cuniculus,oryctolagus cuniculus,lagomorpha
c4b127ff-886c-4ca3-a7af-567afcc247c6,sequenceID:28657723-12be-42fa-b1a7-c64503da988a,28657723-12be-42fa-b1a7-c64503da988a,28657723-12be-42fa-b1a7-c64503da988a,6c6be1fd-4f7d-4323-8e88-be427c2afae8,Lagomorpha,0.98,AWC 135,Oryctolagus cuniculus,oryctolagus cuniculus,lagomorpha
c06f4363-52c0-49b5-aa54-eff93fe7ea94,sequenceID:6a73800a-2ae6-4471-9ca1-9de7df032117,6a73800a-2ae6-4471-9ca1-9de7df032117,6a73800a-2ae6-4471-9ca1-9de7df032117,6c6be1fd-4f7d-4323-8e88-be427c2afae8,Lagomorpha,1.0,AWC 135,Oryctolagus cuniculus,oryctolagus cuniculus,lagomorpha
5072080d-5551-40f4-8f56-e84169aa05d2,sequenceID:6a73800a-2ae6-4471-9ca1-9de7df032117,6a73800a-2ae6-4471-9ca1-9de7df032117,6a73800a-2ae6-4471-9ca1-9de7df032117,6c6be1fd-4f7d-4323-8e88-be427c2afae8,Lagomorpha,1.0,AWC 135,Oryctolagus cuniculus,oryctolagus cuniculus,lagomorpha
f846fa0d-e2d7-4273-9b30-af8d4afccef2,sequenceID:9455df93-2b66-4159-aca2-72ae1255782c,9455df93-2b66-4159-aca2-72ae1255782c,9455df93-2b66-4159-aca2-72ae1255782c,6c6be1fd-4f7d-4323-8e88-be427c2afae8,Lagomorpha,0.99,AWC 135,Oryctolagus cuniculus,oryctolagus cuniculus,lagomorpha
1c5c7e07-4d7b-4d06-bd54-e0e826fa7beb,sequenceID:1c686ccc-eb61-461a-bfaf-3b6ec4fa1ac6,1c686ccc-eb61-461a-bfaf-3b6ec4fa1ac6,1c686ccc-eb61-461a-bfaf-3b6ec4fa1ac6,6c6be1fd-4f7d-4323-8e88-be427c2afae8,Lagomorpha,1.0,AWC 135,Oryctolagus cuniculus,oryctolagus cuniculus,lagomorpha
5eaeb4a2-03b1-4ae6-973b-48dcb53da13f,sequenceID:d0085945-e72c-47e7-b9d8-67b8197511d3,d0085945-e72c-47e7-b9d8-67b8197511d3,d0085945-e72c-47e7-b9d8-67b8197511d3,6c6be1fd-4f7d-4323-8e88-be427c2afae8,Lagomorpha,1.0,AWC 135,Oryctolagus cuniculus,oryctolagus cuniculus,lagomorpha
18affe88-44a9-4434-bdb3-cd8f52e3b7b1,sequenceID:3efadde7-6e8a-478c-8f46-da30d6ed1f0d,3efadde7-6e8a-478c-8f46-da30d6ed1f0d,3efadde7-6e8a-478c-8f46-da30d6ed1f0d,6c6be1fd-4f7d-4323-8e88-be427c2afae8,Lagomorpha,0.99,AWC 135,Oryctolagus cuniculus,oryctolagus cuniculus,lagomorpha
56486a2f-c373-4e54-bc17-78cdc66775c5,sequenceID:44b58349-ffdf-4597-af05-de4b15f51212,44b58349-ffdf-4597-af05-de4b15f51212,44b58349-ffdf-4597-af05-de4b15f51212,6c6be1fd-4f7d-4323-8e88-be427c2afae8,Lagomorpha,1.0,AWC 135,Oryctolagus cuniculus,oryctolagus cuniculus,lagomorpha
f2148a8c-9ff1-4a2b-8fb6-9e7600338164,sequenceID:6dba8896-9724-4735-bee3-91eb988f7e8d,6dba8896-9724-4735-bee3-91eb988f7e8d,6dba8896-9724-4735-bee3-91eb988f7e8d,6c6be1fd-4f7d-4323-8e88-be427c2afae8,Lagomorpha,1.0,AWC 135,Oryctolagus cuniculus,oryctolagus cuniculus,lagomorpha
40eef0c1-ac37-4e51-8f08-fb924287dc17,sequenceID:9fc37142-4ce7-4f0e-ac15-70601286fdf8,9fc37142-4ce7-4f0e-ac15-70601286fdf8,9fc37142-4ce7-4f0e-ac15-70601286fdf8,6c6be1fd-4f7d-4323-8e88-be427c2afae8,Lagomorpha,1.0,AWC 135,Oryctolagus cuniculus,oryctolagus cuniculus,lagomorpha
fa601587-1c7e-46b3-adf5-bf2e418aa968,sequenceID:40880ddc-1994-4833-94aa-ed2a3adc4b68,40880ddc-1994-4833-94aa-ed2a3adc4b68,40880ddc-1994-4833-94aa-ed2a3adc4b68,6c6be1fd-4f7d-4323-8e88-be427c2afae8,Lagomorpha,1.0,AWC 135,Oryctolagus cuniculus,oryctolagus cuniculus,lagomorpha
34537109-049d-4c38-8c7f-8af7a4751aab,sequenceID:40880ddc-1994-4833-94aa-ed2a3adc4b68,40880ddc-1994-4833-94aa-ed2a3adc4b68,40880ddc-1994-4833-94aa-ed2a3adc4b68,6c6be1fd-4f7d-4323-8e88-be427c2afae8,Lagomorpha,1.0,AWC 135,Oryctolagus cuniculus,oryctolagus cuniculus,lagomorpha
784eb798-3234-4413-9a3d-8d46321302d5,sequenceID:fdc044a5-187c-4223-ad36-3719e884ee78,fdc044a5-187c-4223-ad36-3719e884ee78,fdc044a5-187c-4223-ad36-3719e884ee78,6c6be1fd-4f7d-4323-8e88-be427c2afae8,Lagomorpha,1.0,AWC 135,Oryctolagus cuniculus,oryctolagus cuniculus,lagomorpha
743740a6-26d1-41aa-8242-95f531a646b3,sequenceID:01ae4e87-40a4-4a82-914c-31b141b5c6be,01ae4e87-40a4-4a82-914c-31b141b5c6be,01ae4e87-40a4-4a82-914c-31b141b5c6be,6c6be1fd-4f7d-4323-8e88-be427c2afae8,Lagomorpha,0.98,AWC 135,Oryctolagus cuniculus,oryctolagus cuniculus,lagomorpha
eccf0226-bb57-49fd-b7ee-b1be0931a938,sequenceID:08188754-bae0-4461-b663-d7aab71f51d0,08188754-bae0-4461-b663-d7aab71f51d0,08188754-bae0-4461-b663-d7aab71f51d0,6c6be1fd-4f7d-4323-8e88-be427c2afae8,Lagomorpha,1.0,AWC 135,Oryctolagus cuniculus,oryctolagus cuniculus,lagomorpha
f08f82de-3a32-4b96-b193-82b0f745c40e,sequenceID:2a52ed4d-3310-440b-abfd-856b67431c6c,2a52ed4d-3310-440b-abfd-856b67431c6c,2a52ed4d-3310-440b-abfd-856b67431c6c,6c6be1fd-4f7d-4323-8e88-be427c2afae8,Lagomorpha,1.0,AWC 135,Oryctolagus cuniculus,oryctolagus cuniculus,lagomorpha
3170ecef-9bea-49c4-9b65-b358d858a71c,sequenceID:0803634c-d9ab-4a8e-a1cb-23143624daa8,0803634c-d9ab-4a8e-a1cb-23143624daa8,0803634c-d9ab-4a8e-a1cb-23143624daa8,6c6be1fd-4f7d-4323-8e88-be427c2afae8,Lagomorpha,0.99,AWC 135,Oryctolagus cuniculus,oryctolagus cuniculus,lagomorpha
d6d539b9-5492-4235-836f-54905ef820a1,sequenceID:4e47c034-cd6b-4790-aaf5-23ac41895e38,4e47c034-cd6b-4790-aaf5-23ac41895e38,4e47c034-cd6b-4790-aaf5-23ac41895e38,6c6be1fd-4f7d-4323-8e88-be427c2afae8,Lagomorpha,1.0,AWC 135,Oryctolagus cuniculus,oryctolagus cuniculus,lagomorpha
d8aa6988-4cb4-4166-8516-ed8e83a52353,sequenceID:e4a26f57-0e71-4501-b880-28ebf760b006,e4a26f57-0e71-4501-b880-28ebf760b006,e4a26f57-0e71-4501-b880-28ebf760b006,6c6be1fd-4f7d-4323-8e88-be427c2afae8,Lagomorpha,1.0,AWC 135,Oryctolagus cuniculus,oryctolagus cuniculus,lagomorpha
1356c67a-d18a-4b36-84bc-6325fcfd271d,sequenceID:fd4c563a-bc8a-4828-9de6-1a453f1d6798,fd4c563a-bc8a-4828-9de6-1a453f1d6798,fd4c563a-bc8a-4828-9de6-1a453f1d6798,6c6be1fd-4f7d-4323-8e88-be427c2afae8,Lagomorpha,1.0,AWC 135,Oryctolagus cuniculus,oryctolagus cuniculus,lagomorpha
42e2d9ba-3653-434f-8857-9ca1eb7ffa05,sequenceID:3ece7215-b19b-42dd-af87-0acf009e58c6,3ece7215-b19b-42dd-af87-0acf009e58c6,3ece7215-b19b-42dd-af87-0acf009e58c6,6c6be1fd-4f7d-4323-8e88-be427c2afae8,Lagomorpha,1.0,AWC 135,Oryctolagus cuniculus,oryctolagus cuniculus,lagomorpha
087cde5f-933d-426f-a8d3-f8fe2eec48b9,sequenceID:65fcd8c2-742b-44df-b99b-8e936303c6a9,65fcd8c2-742b-44df-b99b-8e936303c6a9,65fcd8c2-742b-44df-b99b-8e936303c6a9,6c6be1fd-4f7d-4323-8e88-be427c2afae8,Lagomorpha,1.0,AWC 135,Oryctolagus cuniculus,oryctolagus cuniculus,lagomorpha
e302b883-a42e-433b-919d-b851eac6ffed,sequenceID:4508d3e0-3acd-4b30-953c-b35b655af91b,4508d3e0-3acd-4b30-953c-b35b655af91b,4508d3e0-3acd-4b30-953c-b35b655af91b,6c6be1fd-4f7d-4323-8e88-be427c2afae8,Lagomorpha,0.97,AWC 135,Oryctolagus cuniculus,oryctolagus cuniculus,lagomorpha
576a4396-4d8b-4c64-89b6-7652f68af557,sequenceID:23894936-cc19-426f-a3ae-55638b8b8e91,23894936-cc19-426f-a3ae-55638b8b8e91,23894936-cc19-426f-a3ae-55638b8b8e91,6c6be1fd-4f7d-4323-8e88-be427c2afae8,Lagomorpha,1.0,AWC 135,Oryctolagus cuniculus,oryctolagus cuniculus,lagomorpha
a8e109f9-7e0e-45a7-8dd1-372adb039200,sequenceID:a101e5e0-2aa4-4393-b3cf-a62d34fb032e,a101e5e0-2aa4-4393-b3cf-a62d34fb032e,a101e5e0-2aa4-4393-b3cf-a62d34fb032e,6c6be1fd-4f7d-4323-8e88-be427c2afae8,Lagomorpha,1.0,AWC 135,Oryctolagus cuniculus,oryctolagus cuniculus,lagomorpha
bac39cc6-2069-455d-a4c1-238b3c23ff38,sequenceID:938a7bce-f024-4fb1-a9dc-6e4d706ade4f,938a7bce-f024-4fb1-a9dc-6e4d706ade4f,938a7bce-f024-4fb1-a9dc-6e4d706ade4f,6c6be1fd-4f7d-4323-8e88-be427c2afae8,Lagomorpha,1.0,AWC 135,Oryctolagus cuniculus,oryctolagus cuniculus,lagomorpha
70ab43d9-dcdf-4a2f-b65f-ace0bbaff45f,sequenceID:fa373d11-f906-4871-80cc-8b05028a4e39,fa373d11-f906-4871-80cc-8b05028a4e39,fa373d11-f906-4871-80cc-8b05028a4e39,6c6be1fd-4f7d-4323-8e88-be427c2afae8,Lagomorpha,1.0,AWC 135,Oryctolagus cuniculus,oryctolagus cuniculus,lagomorpha
d5f2ea2a-d3a1-4eb4-b85a-72b4b02a0df2,sequenceID:55d604a6-8c86-4183-a1fe-e59fa15a3a81,55d604a6-8c86-4183-a1fe-e59fa15a3a81,55d604a6-8c86-4183-a1fe-e59fa15a3a81,6c6be1fd-4f7d-4323-8e88-be427c2afae8,Lagomorpha,0.99,AWC 135,Oryctolagus cuniculus,oryctolagus cuniculus,lagomorpha
d824ebce-e1d1-4fae-bc11-055c30a11dbc,sequenceID:9588919d-4b52-476f-9338-c674f8efe49d,9588919d-4b52-476f-9338-c674f8efe49d,9588919d-4b52-476f-9338-c674f8efe49d,6c6be1fd-4f7d-4323-8e88-be427c2afae8,Lagomorpha,1.0,AWC 135,Oryctolagus cuniculus,oryctolagus cuniculus,lagomorpha
bc409a96-e017-4c4c-a8be-d2766b3cbeca,sequenceID:f7a6914e-31f6-4a52-a93f-5e7bdd68a025,f7a6914e-31f6-4a52-a93f-5e7bdd68a025,f7a6914e-31f6-4a52-a93f-5e7bdd68a025,6c6be1fd-4f7d-4323-8e88-be427c2afae8,Lagomorpha,0.99,AWC 135,Oryctolagus cuniculus,oryctolagus cuniculus,lagomorpha
ee120e64-5cbd-4d04-a6de-fb9421b16d03,sequenceID:f7a6914e-31f6-4a52-a93f-5e7bdd68a025,f7a6914e-31f6-4a52-a93f-5e7bdd68a025,f7a6914e-31f6-4a52-a93f-5e7bdd68a025,6c6be1fd-4f7d-4323-8e88-be427c2afae8,Lagomorpha,0.99,AWC 135,Oryctolagus cuniculus,oryctolagus cuniculus,lagomorpha
408c4091-cf21-418c-ac48-a13b1374dc0c,sequenceID:1019fd06-c7e9-443a-b6a0-db7cb29e1524,1019fd06-c7e9-443a-b6a0-db7cb29e1524,1019fd06-c7e9-443a-b6a0-db7cb29e1524,6c6be1fd-4f7d-4323-8e88-be427c2afae8,Lagomorpha,1.0,AWC 135,Oryctolagus cuniculus,oryctolagus cuniculus,lagomorpha
ac138ba2-188a-4319-93f0-48e230fe80a4,sequenceID:cf164c67-2a76-474b-859d-5943a0b38ae2,cf164c67-2a76-474b-859d-5943a0b38ae2,cf164c67-2a76-474b-859d-5943a0b38ae2,6c6be1fd-4f7d-4323-8e88-be427c2afae8,Lagomorpha,0.99,AWC 135,Oryctolagus cuniculus,oryctolagus cuniculus,lagomorpha
fc597457-a365-4861-b478-e583b0b40290,sequenceID:0c01fbce-6f5b-428f-9959-c8a58e363d06,0c01fbce-6f5b-428f-9959-c8a58e363d06,0c01fbce-6f5b-428f-9959-c8a58e363d06,6c6be1fd-4f7d-4323-8e88-be427c2afae8,Lagomorpha,1.0,AWC 135,Oryctolagus cuniculus,oryctolagus cuniculus,lagomorpha
310273b5-10d7-46aa-bfa2-f156c69f12f8,sequenceID:575abc7d-79df-47b9-b7fc-e7296f880bd0,575abc7d-79df-47b9-b7fc-e7296f880bd0,575abc7d-79df-47b9-b7fc-e7296f880bd0,6c6be1fd-4f7d-4323-8e88-be427c2afae8,Lagomorpha,1.0,AWC 135,Oryctolagus cuniculus,oryctolagus cuniculus,lagomorpha
aeb0ed7b-bd20-4c88-bfb8-33c45dec0db7,sequenceID:e3c7dc1d-ebe2-42a6-a8e9-3e29527320ad,e3c7dc1d-ebe2-42a6-a8e9-3e29527320ad,e3c7dc1d-ebe2-42a6-a8e9-3e29527320ad,6c6be1fd-4f7d-4323-8e88-be427c2afae8,Lagomorpha,1.0,AWC 135,Oryctolagus cuniculus,oryctolagus cuniculus,lagomorpha
1c119552-612c-4250-9f25-66922aac9c36,sequenceID:b29fc495-0967-4dad-8dc6-c5d8cb2ff5f9,b29fc495-0967-4dad-8dc6-c5d8cb2ff5f9,b29fc495-0967-4dad-8dc6-c5d8cb2ff5f9,6c6be1fd-4f7d-4323-8e88-be427c2afae8,Lagomorpha,1.0,AWC 135,Oryctolagus cuniculus,oryctolagus cuniculus,lagomorpha
c476d94d-c41a-4e43-8c9f-ce2f8e327ba2,sequenceID:618cdbcc-29ed-4fd3-9be4-5eac8192861b,618cdbcc-29ed-4fd3-9be4-5eac8192861b,618cdbcc-29ed-4fd3-9be4-5eac8192861b,6c6be1fd-4f7d-4323-8e88-be427c2afae8,Lagomorpha,1.0,AWC 135,Oryctolagus cuniculus,oryctolagus cuniculus,lagomorpha
0e88109a-31ad-4e67-a61e-2ee39ea7844d,sequenceID:f4818c20-00e0-4d71-8434-807d72b3a587,f4818c20-00e0-4d71-8434-807d72b3a587,f4818c20-00e0-4d71-8434-807d72b3a587,6c6be1fd-4f7d-4323-8e88-be427c2afae8,Lagomorpha,1.0,AWC 135,Oryctolagus cuniculus,oryctolagus cuniculus,lagomorpha
27f9e419-5cb1-41f9-ad17-dfb6d8859582,sequenceID:eaaadede-690c-49c0-9573-24bb53d457bd,eaaadede-690c-49c0-9573-24bb53d457bd,eaaadede-690c-49c0-9573-24bb53d457bd,6c6be1fd-4f7d-4323-8e88-be427c2afae8,Lagomorpha,1.0,AWC 135,Oryctolagus cuniculus,oryctolagus cuniculus,lagomorpha
4eb07aa9-6964-4765-90f8-0f0fa2895d67,sequenceID:eaaadede-690c-49c0-9573-24bb53d457bd,eaaadede-690c-49c0-9573-24bb53d457bd,eaaadede-690c-49c0-9573-24bb53d457bd,6c6be1fd-4f7d-4323-8e88-be427c2afae8,Lagomorpha,1.0,AWC 135,Oryctolagus cuniculus,oryctolagus cuniculus,lagomorpha
e23414a8-50a8-4f8a-aa66-85207e50b831,sequenceID:ef0aa6b3-2c50-47be-a55b-a69c040e8ed5,ef0aa6b3-2c50-47be-a55b-a69c040e8ed5,ef0aa6b3-2c50-47be-a55b-a69c040e8ed5,6c6be1fd-4f7d-4323-8e88-be427c2afae8,Lagomorpha,0.99,AWC 135,Oryctolagus cuniculus,oryctolagus cuniculus,lagomorpha
6eae261a-5b7a-4be4-9194-9f6caf2d7f47,sequenceID:166b74d9-b306-40c5-b748-2506b018ad43,166b74d9-b306-40c5-b748-2506b018ad43,166b74d9-b306-40c5-b748-2506b018ad43,6c6be1fd-4f7d-4323-8e88-be427c2afae8,Lagomorpha,0.99,AWC 135,Oryctolagus cuniculus,oryctolagus cuniculus,lagomorpha
aef7bb7a-38f2-459d-846d-21c4491f7e0c,sequenceID:e90facd4-b120-4e43-84de-20feebb0cd38,e90facd4-b120-4e43-84de-20feebb0cd38,e90facd4-b120-4e43-84de-20feebb0cd38,6c6be1fd-4f7d-4323-8e88-be427c2afae8,Lagomorpha,1.0,AWC 135,Oryctolagus cuniculus,oryctolagus cuniculus,lagomorpha
efa275ae-7767-4480-9acc-73ae71a4d7a4,sequenceID:e90facd4-b120-4e43-84de-20feebb0cd38,e90facd4-b120-4e43-84de-20feebb0cd38,e90facd4-b120-4e43-84de-20feebb0cd38,6c6be1fd-4f7d-4323-8e88-be427c2afae8,Lagomorpha,1.0,AWC 135,Oryctolagus cuniculus,oryctolagus cuniculus,lagomorpha
2b03d365-6409-4dd1-8bbc-a91679daab53,sequenceID:b8029bd0-afb0-4027-8afe-a07b6c27d57c,b8029bd0-afb0-4027-8afe-a07b6c27d57c,b8029bd0-afb0-4027-8afe-a07b6c27d57c,6c6be1fd-4f7d-4323-8e88-be427c2afae8,Lagomorpha,1.0,AWC 135,Oryctolagus cuniculus,oryctolagus cuniculus,lagomorpha
ed6df6d1-025e-47bb-a496-80d9d02f1c87,sequenceID:68336839-3aa0-4b72-9fea-c9c1820fcfb7,68336839-3aa0-4b72-9fea-c9c1820fcfb7,68336839-3aa0-4b72-9fea-c9c1820fcfb7,6c6be1fd-4f7d-4323-8e88-be427c2afae8,Lagomorpha,1.0,AWC 135,Oryctolagus cuniculus,oryctolagus cuniculus,lagomorpha
0f8760ab-cf30-4df9-b296-9667bfcd968b,sequenceID:e568cba8-bc84-4d25-99b1-ceb854992a22,e568cba8-bc84-4d25-99b1-ceb854992a22,e568cba8-bc84-4d25-99b1-ceb854992a22,6c6be1fd-4f7d-4323-8e88-be427c2afae8,Lagomorpha,1.0,AWC 135,Oryctolagus cuniculus,oryctolagus cuniculus,lagomorpha
0bc77741-e8b2-46bb-9d4f-14e84e67ad8e,sequenceID:c40ed0b6-7c50-458e-aa4a-eec0108f5197,c40ed0b6-7c50-458e-aa4a-eec0108f5197,c40ed0b6-7c50-458e-aa4a-eec0108f5197,6c6be1fd-4f7d-4323-8e88-be427c2afae8,Lagomorpha,1.0,AWC 135,Oryctolagus cuniculus,oryctolagus cuniculus,lagomorpha
ba6b89f4-1b8f-40ce-acfa-22f46f3ef8e7,sequenceID:a605b667-44b0-4696-99e6-6377e2443500,a605b667-44b0-4696-99e6-6377e2443500,a605b667-44b0-4696-99e6-6377e2443500,6c6be1fd-4f7d-4323-8e88-be427c2afae8,Lagomorpha,1.0,AWC 135,Oryctolagus cuniculus,oryctolagus cuniculus,lagomorpha
ea886b93-dc5d-455e-8d47-97ab47f229f9,sequenceID:a2d3c9df-a2b3-4caf-9695-4cffc85d4929,a2d3c9df-a2b3-4caf-9695-4cffc85d4929,a2d3c9df-a2b3-4caf-9695-4cffc85d4929,6c6be1fd-4f7d-4323-8e88-be427c2afae8,Lagomorpha,1.0,AWC 135,Oryctolagus cuniculus,oryctolagus cuniculus,lagomorpha
a438f278-11e2-4da2-8290-0928202cd7bc,sequenceID:a2d3c9df-a2b3-4caf-9695-4cffc85d4929,a2d3c9df-a2b3-4caf-9695-4cffc85d4929,a2d3c9df-a2b3-4caf-9695-4cffc85d4929,6c6be1fd-4f7d-4323-8e88-be427c2afae8,Lagomorpha,1.0,AWC 135,Oryctolagus cuniculus,oryctolagus cuniculus,lagomorpha
d2f51fdc-f983-4a1e-94b5-9a8160d60c45,sequenceID:b57fda59-1f28-4784-aac3-813a3ce58fd9,b57fda59-1f28-4784-aac3-813a3ce58fd9,b57fda59-1f28-4784-aac3-813a3ce58fd9,6c6be1fd-4f7d-4323-8e88-be427c2afae8,Lagomorpha,0.99,AWC 135,Oryctolagus cuniculus,oryctolagus cuniculus,lagomorpha
753c7bdf-b4c7-4e87-b0ef-20b287e73edc,sequenceID:b8f2a9fb-d3d9-49b7-8c91-26b4eb10b18e,b8f2a9fb-d3d9-49b7-8c91-26b4eb10b18e,b8f2a9fb-d3d9-49b7-8c91-26b4eb10b18e,6c6be1fd-4f7d-4323-8e88-be427c2afae8,Lagomorpha,1.0,AWC 135,Oryctolagus cuniculus,oryctolagus cuniculus,lagomorpha
93393b7e-9996-4c67-935c-d17b6dd7a85e,sequenceID:5bb56ddb-d360-4bdc-ae68-4d2874e94421,5bb56ddb-d360-4bdc-ae68-4d2874e94421,5bb56ddb-d360-4bdc-ae68-4d2874e94421,6c6be1fd-4f7d-4323-8e88-be427c2afae8,cercartetus nanus,0.65,AWC 135,Oryctolagus cuniculus,oryctolagus cuniculus,cercartetus nanus
9f71ff7f-6933-403f-b27a-270b5d6d76b3,sequenceID:f1dc7e06-3b9e-47a6-a64b-a78c2c011218,f1dc7e06-3b9e-47a6-a64b-a78c2c011218,f1dc7e06-3b9e-47a6-a64b-a78c2c011218,6c6be1fd-4f7d-4323-8e88-be427c2afae8,Lagomorpha,0.96,AWC 135,Oryctolagus cuniculus,oryctolagus cuniculus,lagomorpha
a9ae8564-60ab-47cc-8aef-95ab1dfbddac,sequenceID:9f7d146b-78b0-4463-b03f-1d6e7ad70422,9f7d146b-78b0-4463-b03f-1d6e7ad70422,9f7d146b-78b0-4463-b03f-1d6e7ad70422,6c6be1fd-4f7d-4323-8e88-be427c2afae8,Lagomorpha,0.99,AWC 135,Oryctolagus cuniculus,oryctolagus cuniculus,lagomorpha
bfdcebcc-7c62-4425-8447-ea20bfc88597,sequenceID:78686c9d-8c54-485a-9013-8cb52a064b52,78686c9d-8c54-485a-9013-8cb52a064b52,78686c9d-8c54-485a-9013-8cb52a064b52,6c6be1fd-4f7d-4323-8e88-be427c2afae8,Lagomorpha,1.0,AWC 135,Oryctolagus cuniculus,oryctolagus cuniculus,lagomorpha
75b5c378-fdc9-4de2-921c-0a4e88e32719,sequenceID:dc75d8a1-2701-4b4a-b3ea-decb5d42d726,dc75d8a1-2701-4b4a-b3ea-decb5d42d726,dc75d8a1-2701-4b4a-b3ea-decb5d42d726,6c6be1fd-4f7d-4323-8e88-be427c2afae8,Lagomorpha,1.0,AWC 135,Oryctolagus cuniculus,oryctolagus cuniculus,lagomorpha
8fd2a55d-d3c1-474d-a634-4f0f0e08cbc7,sequenceID:f1857baa-217e-4be5-b98e-7e0ca3dcd038,f1857baa-217e-4be5-b98e-7e0ca3dcd038,f1857baa-217e-4be5-b98e-7e0ca3dcd038,6c6be1fd-4f7d-4323-8e88-be427c2afae8,Lagomorpha,1.0,AWC 135,Oryctolagus cuniculus,oryctolagus cuniculus,lagomorpha
19e5dfe3-0b80-476a-90d4-8f6c569fbbef,sequenceID:f78f16d4-719b-471b-b133-5bcf4387087c,f78f16d4-719b-471b-b133-5bcf4387087c,f78f16d4-719b-471b-b133-5bcf4387087c,6c6be1fd-4f7d-4323-8e88-be427c2afae8,Lagomorpha,0.99,AWC 135,Oryctolagus cuniculus,oryctolagus cuniculus,lagomorpha
e7f6c310-e9fa-426d-9b1e-1a90468da012,sequenceID:527d0ee8-d064-40b6-9228-2ccfdbcd0a4a,527d0ee8-d064-40b6-9228-2ccfdbcd0a4a,527d0ee8-d064-40b6-9228-2ccfdbcd0a4a,6c6be1fd-4f7d-4323-8e88-be427c2afae8,Lagomorpha,0.98,AWC 135,Oryctolagus cuniculus,oryctolagus cuniculus,lagomorpha
b5e7e163-64cb-4149-b332-0fbc1c7ffe60,sequenceID:08e6094d-20a0-4444-a232-57b0e8137a91,08e6094d-20a0-4444-a232-57b0e8137a91,08e6094d-20a0-4444-a232-57b0e8137a91,6c6be1fd-4f7d-4323-8e88-be427c2afae8,Lagomorpha,1.0,AWC 135,Oryctolagus cuniculus,oryctolagus cuniculus,lagomorpha
daa803d5-fbc5-489d-92f5-c5b435e99800,sequenceID:e27cc615-9061-48dc-b6ef-85e874ff5898,e27cc615-9061-48dc-b6ef-85e874ff5898,e27cc615-9061-48dc-b6ef-85e874ff5898,6c6be1fd-4f7d-4323-8e88-be427c2afae8,Lagomorpha,1.0,AWC 135,Oryctolagus cuniculus,oryctolagus cuniculus,lagomorpha
3ce934c3-0177-4d8d-be94-49e6c27d22b9,sequenceID:e4ed3765-7cb9-4652-a06e-c3da3b6442fe,e4ed3765-7cb9-4652-a06e-c3da3b6442fe,e4ed3765-7cb9-4652-a06e-c3da3b6442fe,6c6be1fd-4f7d-4323-8e88-be427c2afae8,Lagomorpha,1.0,AWC 135,Oryctolagus cuniculus,oryctolagus cuniculus,lagomorpha
beb0d364-fdcf-4bb8-a660-d8db3a32eee8,sequenceID:64906fcb-bac5-4fcd-bfb7-bd2d9894fb3a,64906fcb-bac5-4fcd-bfb7-bd2d9894fb3a,64906fcb-bac5-4fcd-bfb7-bd2d9894fb3a,6c6be1fd-4f7d-4323-8e88-be427c2afae8,Lagomorpha,1.0,AWC 135,Oryctolagus cuniculus,oryctolagus cuniculus,lagomorpha
e12d1950-9e09-40b6-a865-0796eadf8bcf,sequenceID:77306abb-9c8d-44f5-b0e0-0e368a0100d8,77306abb-9c8d-44f5-b0e0-0e368a0100d8,77306abb-9c8d-44f5-b0e0-0e368a0100d8,6c6be1fd-4f7d-4323-8e88-be427c2afae8,Lagomorpha,1.0,AWC 135,Oryctolagus cuniculus,oryctolagus cuniculus,lagomorpha
35108e57-7873-475c-bdc1-940fa2029a2b,sequenceID:158c1c4b-e5d1-4c69-8a28-edf57894d91c,158c1c4b-e5d1-4c69-8a28-edf57894d91c,158c1c4b-e5d1-4c69-8a28-edf57894d91c,6c6be1fd-4f7d-4323-8e88-be427c2afae8,Lagomorpha,1.0,AWC 135,Oryctolagus cuniculus,oryctolagus cuniculus,lagomorpha
eedff317-11fe-4053-838b-f8665dfa5989,sequenceID:03783818-d25f-4beb-8dea-ca2e6e610dc8,03783818-d25f-4beb-8dea-ca2e6e610dc8,03783818-d25f-4beb-8dea-ca2e6e610dc8,6c6be1fd-4f7d-4323-8e88-be427c2afae8,Lagomorpha,1.0,AWC 135,Oryctolagus cuniculus,oryctolagus cuniculus,lagomorpha
fbc548fa-6353-42d8-88b6-3c7468ce9c06,sequenceID:2915dfa8-e167-4c49-8814-e57aaeb25d65,2915dfa8-e167-4c49-8814-e57aaeb25d65,2915dfa8-e167-4c49-8814-e57aaeb25d65,6c6be1fd-4f7d-4323-8e88-be427c2afae8,Lagomorpha,1.0,AWC 135,Oryctolagus cuniculus,oryctolagus cuniculus,lagomorpha
b18cd00e-b333-422c-8c17-34377d27c320,sequenceID:ab7a8cf5-7143-4771-876c-9de492816d5a,ab7a8cf5-7143-4771-876c-9de492816d5a,ab7a8cf5-7143-4771-876c-9de492816d5a,6c6be1fd-4f7d-4323-8e88-be427c2afae8,Lagomorpha,1.0,AWC 135,Oryctolagus cuniculus,oryctolagus cuniculus,lagomorpha
ed42d795-f571-4d1c-bec2-a03f9d65b4c4,sequenceID:2b7bde3a-7a2e-4741-a214-5a260449bf4d,2b7bde3a-7a2e-4741-a214-5a260449bf4d,2b7bde3a-7a2e-4741-a214-5a260449bf4d,6c6be1fd-4f7d-4323-8e88-be427c2afae8,Lagomorpha,0.99,AWC 135,Oryctolagus cuniculus,oryctolagus cuniculus,lagomorpha
cba81d25-f365-4e53-9e5f-15ba2a7917c4,sequenceID:6bb1b768-6f61-45d2-a424-88acceef66c8,6bb1b768-6f61-45d2-a424-88acceef66c8,6bb1b768-6f61-45d2-a424-88acceef66c8,6c6be1fd-4f7d-4323-8e88-be427c2afae8,Lagomorpha,1.0,AWC 135,Oryctolagus cuniculus,oryctolagus cuniculus,lagomorpha
d8db0f70-a5d6-41c1-9586-3e3e5fb82e36,sequenceID:094420c3-c41a-4f7d-81a4-5822ae2ea084,094420c3-c41a-4f7d-81a4-5822ae2ea084,094420c3-c41a-4f7d-81a4-5822ae2ea084,6c6be1fd-4f7d-4323-8e88-be427c2afae8,Lagomorpha,1.0,AWC 135,Oryctolagus cuniculus,oryctolagus cuniculus,lagomorpha
152c79cb-2dad-4f5a-afbe-077662d264e9,sequenceID:094420c3-c41a-4f7d-81a4-5822ae2ea084,094420c3-c41a-4f7d-81a4-5822ae2ea084,094420c3-c41a-4f7d-81a4-5822ae2ea084,6c6be1fd-4f7d-4323-8e88-be427c2afae8,Lagomorpha,1.0,AWC 135,Oryctolagus cuniculus,oryctolagus cuniculus,lagomorpha
f3e7de11-986a-474a-9b95-8c60f73b3b1d,sequenceID:57d5597f-1628-4d4e-b4b4-5850b58630df,57d5597f-1628-4d4e-b4b4-5850b58630df,57d5597f-1628-4d4e-b4b4-5850b58630df,6c6be1fd-4f7d-4323-8e88-be427c2afae8,Lagomorpha,1.0,AWC 135,Oryctolagus cuniculus,oryctolagus cuniculus,lagomorpha
4b53b5c6-60f6-491d-b3d1-0fb6370d1316,sequenceID:0b891404-a412-4afa-9bd8-99d772012dc9,0b891404-a412-4afa-9bd8-99d772012dc9,0b891404-a412-4afa-9bd8-99d772012dc9,6c6be1fd-4f7d-4323-8e88-be427c2afae8,Lagomorpha,1.0,AWC 135,Oryctolagus cuniculus,oryctolagus cuniculus,lagomorpha
eb539e96-8b2e-4396-92fe-c8743f1c6ed8,sequenceID:844d6f6b-e5b3-44fa-864a-a8aca025c2f2,844d6f6b-e5b3-44fa-864a-a8aca025c2f2,844d6f6b-e5b3-44fa-864a-a8aca025c2f2,6c6be1fd-4f7d-4323-8e88-be427c2afae8,Lagomorpha,1.0,AWC 135,Oryctolagus cuniculus,oryctolagus cuniculus,lagomorpha
cd755c3a-f71e-4f33-81a9-beb24c15526b,sequenceID:844d6f6b-e5b3-44fa-864a-a8aca025c2f2,844d6f6b-e5b3-44fa-864a-a8aca025c2f2,844d6f6b-e5b3-44fa-864a-a8aca025c2f2,6c6be1fd-4f7d-4323-8e88-be427c2afae8,Lagomorpha,1.0,AWC 135,Oryctolagus cuniculus,oryctolagus cuniculus,lagomorpha
ee36b489-c5b7-41e0-b8d0-31c561e87548,sequenceID:59f9b700-0077-4ae1-b40f-15d45f6a2469,59f9b700-0077-4ae1-b40f-15d45f6a2469,59f9b700-0077-4ae1-b40f-15d45f6a2469,6c6be1fd-4f7d-4323-8e88-be427c2afae8,Lagomorpha,1.0,AWC 135,Oryctolagus cuniculus,oryctolagus cuniculus,lagomorpha
452a0121-8574-45db-a909-b32e27c8bf6d,sequenceID:7f5b5ace-d792-438d-aa85-fd674c58abb2,7f5b5ace-d792-438d-aa85-fd674c58abb2,7f5b5ace-d792-438d-aa85-fd674c58abb2,6c6be1fd-4f7d-4323-8e88-be427c2afae8,Lagomorpha,1.0,AWC 135,Oryctolagus cuniculus,oryctolagus cuniculus,lagomorpha
b5b7c12d-7f07-4f30-bfee-fdfba44a6458,sequenceID:7f5b5ace-d792-438d-aa85-fd674c58abb2,7f5b5ace-d792-438d-aa85-fd674c58abb2,7f5b5ace-d792-438d-aa85-fd674c58abb2,6c6be1fd-4f7d-4323-8e88-be427c2afae8,Lagomorpha,1.0,AWC 135,Oryctolagus cuniculus,oryctolagus cuniculus,lagomorpha
cde244e8-b10b-4d56-b22c-2aad2ab0c0c1,sequenceID:140b4afa-321d-436e-8826-a25ecbe6f205,140b4afa-321d-436e-8826-a25ecbe6f205,140b4afa-321d-436e-8826-a25ecbe6f205,6c6be1fd-4f7d-4323-8e88-be427c2afae8,Lagomorpha,1.0,AWC 135,Oryctolagus cuniculus,oryctolagus cuniculus,lagomorpha
41d665f0-c5df-4b1f-b45b-9b16ac890a5f,sequenceID:140b4afa-321d-436e-8826-a25ecbe6f205,140b4afa-321d-436e-8826-a25ecbe6f205,140b4afa-321d-436e-8826-a25ecbe6f205,6c6be1fd-4f7d-4323-8e88-be427c2afae8,Lagomorpha,1.0,AWC 135,Oryctolagus cuniculus,oryctolagus cuniculus,lagomorpha
80ce7e20-03e7-417a-bdab-cc9ee6a7473b,sequenceID:99e964e9-adbb-440d-9807-2b9426d7bc4c,99e964e9-adbb-440d-9807-2b9426d7bc4c,99e964e9-adbb-440d-9807-2b9426d7bc4c,6c6be1fd-4f7d-4323-8e88-be427c2afae8,Lagomorpha,1.0,AWC 135,Oryctolagus cuniculus,oryctolagus cuniculus,lagomorpha
b6ed2eeb-c6f6-4f19-8ce8-a85d4f74798b,sequenceID:9f837831-a2cb-4972-ac32-1038b1bbbe63,9f837831-a2cb-4972-ac32-1038b1bbbe63,9f837831-a2cb-4972-ac32-1038b1bbbe63,6c6be1fd-4f7d-4323-8e88-be427c2afae8,Lagomorpha,0.99,AWC 135,Oryctolagus cuniculus,oryctolagus cuniculus,lagomorpha
d270c84e-532d-4f55-8188-0683b1f4a97b,sequenceID:13078d73-ddaf-44d4-a4ba-b92eb5421740,13078d73-ddaf-44d4-a4ba-b92eb5421740,13078d73-ddaf-44d4-a4ba-b92eb5421740,6c6be1fd-4f7d-4323-8e88-be427c2afae8,Lagomorpha,0.95,AWC 135,Oryctolagus cuniculus,oryctolagus cuniculus,lagomorpha
40fad129-d72a-4b16-9a03-e6faf55ee3b4,sequenceID:5b0b8ce7-5f12-41bb-8e02-23f008b08e6e,5b0b8ce7-5f12-41bb-8e02-23f008b08e6e,5b0b8ce7-5f12-41bb-8e02-23f008b08e6e,6c6be1fd-4f7d-4323-8e88-be427c2afae8,Lagomorpha,1.0,AWC 135,Oryctolagus cuniculus,oryctolagus cuniculus,lagomorpha
ac0ee0f2-291a-4e72-8773-07caaaf9a938,sequenceID:5b0b8ce7-5f12-41bb-8e02-23f008b08e6e,5b0b8ce7-5f12-41bb-8e02-23f008b08e6e,5b0b8ce7-5f12-41bb-8e02-23f008b08e6e,6c6be1fd-4f7d-4323-8e88-be427c2afae8,Lagomorpha,1.0,AWC 135,Oryctolagus cuniculus,oryctolagus cuniculus,lagomorpha
918aec25-b6eb-4d42-8504-7aeba516ae08,sequenceID:edc4876b-5053-4bec-9e65-7bb6ecf48a64,edc4876b-5053-4bec-9e65-7bb6ecf48a64,edc4876b-5053-4bec-9e65-7bb6ecf48a64,6c6be1fd-4f7d-4323-8e88-be427c2afae8,Lagomorpha,1.0,AWC 135,Oryctolagus cuniculus,oryctolagus cuniculus,lagomorpha
a0fdb0db-91a2-46bc-8751-fd3c63a08795,sequenceID:69cd3cf1-a78a-432a-aaba-1f6a10d1421e,69cd3cf1-a78a-432a-aaba-1f6a10d1421e,69cd3cf1-a78a-432a-aaba-1f6a10d1421e,6c6be1fd-4f7d-4323-8e88-be427c2afae8,Lagomorpha,1.0,AWC 135,Oryctolagus cuniculus,oryctolagus cuniculus,lagomorpha
277f3360-02e3-4431-9566-1f9f1a0150d1,sequenceID:ec5d4d3c-17c1-4b41-9940-c32412e813d0,ec5d4d3c-17c1-4b41-9940-c32412e813d0,ec5d4d3c-17c1-4b41-9940-c32412e813d0,6c6be1fd-4f7d-4323-8e88-be427c2afae8,Lagomorpha,1.0,AWC 135,Oryctolagus cuniculus,oryctolagus cuniculus,lagomorpha
af571cdf-c360-4401-9624-2e3e0aa8e594,sequenceID:0fa15154-7014-48cf-9b89-46e39f82d0a2,0fa15154-7014-48cf-9b89-46e39f82d0a2,0fa15154-7014-48cf-9b89-46e39f82d0a2,6c6be1fd-4f7d-4323-8e88-be427c2afae8,Lagomorpha,0.99,AWC 135,Oryctolagus cuniculus,oryctolagus cuniculus,lagomorpha
ab2074a2-8c57-45a4-9ffd-9dec586bf2de,sequenceID:e146b261-5c32-455a-af97-33d242d94dcb,e146b261-5c32-455a-af97-33d242d94dcb,e146b261-5c32-455a-af97-33d242d94dcb,6c6be1fd-4f7d-4323-8e88-be427c2afae8,Lagomorpha,1.0,AWC 135,Oryctolagus cuniculus,oryctolagus cuniculus,lagomorpha
2fb79b9d-5791-429b-9e18-b7ed704bc850,sequenceID:70be096b-ef3a-4fe4-9ab4-100325dc145a,70be096b-ef3a-4fe4-9ab4-100325dc145a,70be096b-ef3a-4fe4-9ab4-100325dc145a,6c6be1fd-4f7d-4323-8e88-be427c2afae8,Lagomorpha,1.0,AWC 135,Oryctolagus cuniculus,oryctolagus cuniculus,lagomorpha
d0d2d9d6-2240-4afc-9e0d-5e248f3a241a,sequenceID:d41f9091-14b9-49fc-b40f-f939ceb622bb,d41f9091-14b9-49fc-b40f-f939ceb622bb,d41f9091-14b9-49fc-b40f-f939ceb622bb,6c6be1fd-4f7d-4323-8e88-be427c2afae8,Lagomorpha,1.0,AWC 135,Oryctolagus cuniculus,oryctolagus cuniculus,lagomorpha
bc8cb796-00f3-468c-93c5-b47e2c415a41,sequenceID:835851f9-6c60-4c73-981d-27922983b99b,835851f9-6c60-4c73-981d-27922983b99b,835851f9-6c60-4c73-981d-27922983b99b,6c6be1fd-4f7d-4323-8e88-be427c2afae8,Lagomorpha,0.99,AWC 135,Oryctolagus cuniculus,oryctolagus cuniculus,lagomorpha
d05b0899-bd0f-444a-9d45-c00200bc7ab0,sequenceID:e46b5157-f024-46ae-9b28-9d8a2653327a,e46b5157-f024-46ae-9b28-9d8a2653327a,e46b5157-f024-46ae-9b28-9d8a2653327a,6c6be1fd-4f7d-4323-8e88-be427c2afae8,Lagomorpha,1.0,AWC 135,Oryctolagus cuniculus,oryctolagus cuniculus,lagomorpha
9eefc6a9-54d2-493b-bcad-4b6512ea877e,sequenceID:e46b5157-f024-46ae-9b28-9d8a2653327a,e46b5157-f024-46ae-9b28-9d8a2653327a,e46b5157-f024-46ae-9b28-9d8a2653327a,6c6be1fd-4f7d-4323-8e88-be427c2afae8,Lagomorpha,1.0,AWC 135,Oryctolagus cuniculus,oryctolagus cuniculus,lagomorpha
dfb51395-be43-434e-aa38-15d6c5c98d89,sequenceID:e0bf8e51-6474-4716-9a83-3a77b0d3a7a2,e0bf8e51-6474-4716-9a83-3a77b0d3a7a2,e0bf8e51-6474-4716-9a83-3a77b0d3a7a2,6c6be1fd-4f7d-4323-8e88-be427c2afae8,Lagomorpha,1.0,AWC 135,Oryctolagus cuniculus,oryctolagus cuniculus,lagomorpha
482e42f8-8634-4af5-ab17-f93f9f8c2ef8,sequenceID:dfa853c1-bb45-4e5f-92bc-52ee39a64166,dfa853c1-bb45-4e5f-92bc-52ee39a64166,dfa853c1-bb45-4e5f-92bc-52ee39a64166,6c6be1fd-4f7d-4323-8e88-be427c2afae8,Lagomorpha,0.99,AWC 135,Oryctolagus cuniculus,oryctolagus cuniculus,lagomorpha
8dd39a12-cb52-4cc0-8b9a-66b24dd96ce9,sequenceID:dfa853c1-bb45-4e5f-92bc-52ee39a64166,dfa853c1-bb45-4e5f-92bc-52ee39a64166,dfa853c1-bb45-4e5f-92bc-52ee39a64166,6c6be1fd-4f7d-4323-8e88-be427c2afae8,Lagomorpha,0.99,AWC 135,Oryctolagus cuniculus,oryctolagus cuniculus,lagomorpha
08a4bb22-0adb-4619-be05-b317ace673e7,sequenceID:fdbd5eac-a28a-4df4-835d-e8b83d010234,fdbd5eac-a28a-4df4-835d-e8b83d010234,fdbd5eac-a28a-4df4-835d-e8b83d010234,6c6be1fd-4f7d-4323-8e88-be427c2afae8,Lagomorpha,0.99,AWC 135,Oryctolagus cuniculus,oryctolagus cuniculus,lagomorpha
acea8ea0-448e-4133-b2f0-046e61e5baf2,sequenceID:fdbd5eac-a28a-4df4-835d-e8b83d010234,fdbd5eac-a28a-4df4-835d-e8b83d010234,fdbd5eac-a28a-4df4-835d-e8b83d010234,6c6be1fd-4f7d-4323-8e88-be427c2afae8,Lagomorpha,0.99,AWC 135,Oryctolagus cuniculus,oryctolagus cuniculus,lagomorpha
120c212b-421e-4f15-96d2-26f14b2464a1,sequenceID:ee761da9-6257-49b3-aaed-919157238c39,ee761da9-6257-49b3-aaed-919157238c39,ee761da9-6257-49b3-aaed-919157238c39,6c6be1fd-4f7d-4323-8e88-be427c2afae8,Lagomorpha,1.0,AWC 135,Oryctolagus cuniculus,oryctolagus cuniculus,lagomorpha
d9c26050-ac48-47b6-8fcd-120e64dd5d1b,sequenceID:ee761da9-6257-49b3-aaed-919157238c39,ee761da9-6257-49b3-aaed-919157238c39,ee761da9-6257-49b3-aaed-919157238c39,6c6be1fd-4f7d-4323-8e88-be427c2afae8,Lagomorpha,1.0,AWC 135,Oryctolagus cuniculus,oryctolagus cuniculus,lagomorpha
91adffc8-0c7c-4246-a9ba-fb31164bfe15,sequenceID:923d3a01-ee42-4bf7-a8cb-ef996687a067,923d3a01-ee42-4bf7-a8cb-ef996687a067,923d3a01-ee42-4bf7-a8cb-ef996687a067,6c6be1fd-4f7d-4323-8e88-be427c2afae8,Lagomorpha,1.0,AWC 135,Oryctolagus cuniculus,oryctolagus cuniculus,lagomorpha
5b34f30e-b4a6-484b-a2d0-876465d0450d,sequenceID:a961c011-67d9-471f-81c0-1eef377430ba,a961c011-67d9-471f-81c0-1eef377430ba,a961c011-67d9-471f-81c0-1eef377430ba,6c6be1fd-4f7d-4323-8e88-be427c2afae8,Lagomorpha,1.0,AWC 135,Oryctolagus cuniculus,oryctolagus cuniculus,lagomorpha
afe98281-fa07-477e-b5a8-8d65802098bd,sequenceID:a961c011-67d9-471f-81c0-1eef377430ba,a961c011-67d9-471f-81c0-1eef377430ba,a961c011-67d9-471f-81c0-1eef377430ba,6c6be1fd-4f7d-4323-8e88-be427c2afae8,Lagomorpha,1.0,AWC 135,Oryctolagus cuniculus,oryctolagus cuniculus,lagomorpha
4e8967d7-f771-4259-acf3-b0b0788a0195,sequenceID:a17f55ae-aae0-4092-9d63-38744ec5f111,a17f55ae-aae0-4092-9d63-38744ec5f111,a17f55ae-aae0-4092-9d63-38744ec5f111,6c6be1fd-4f7d-4323-8e88-be427c2afae8,Lagomorpha,0.98,AWC 135,Oryctolagus cuniculus,oryctolagus cuniculus,lagomorpha
bc65c76c-9bcd-4c2d-ad6a-e6d9db79ff14,sequenceID:e6aee4fa-7967-465a-9697-a3eb578103d1,e6aee4fa-7967-465a-9697-a3eb578103d1,e6aee4fa-7967-465a-9697-a3eb578103d1,6c6be1fd-4f7d-4323-8e88-be427c2afae8,Lagomorpha,1.0,AWC 135,Oryctolagus cuniculus,oryctolagus cuniculus,lagomorpha
b0808416-85c0-4c81-8f28-4c252c70969f,sequenceID:e6aee4fa-7967-465a-9697-a3eb578103d1,e6aee4fa-7967-465a-9697-a3eb578103d1,e6aee4fa-7967-465a-9697-a3eb578103d1,6c6be1fd-4f7d-4323-8e88-be427c2afae8,Lagomorpha,1.0,AWC 135,Oryctolagus cuniculus,oryctolagus cuniculus,lagomorpha
f18ae17e-9032-466d-aa8a-c27a84cf0731,sequenceID:8ad06e38-b932-4d99-9ef9-86f41763b66b,8ad06e38-b932-4d99-9ef9-86f41763b66b,8ad06e38-b932-4d99-9ef9-86f41763b66b,6c6be1fd-4f7d-4323-8e88-be427c2afae8,Lagomorpha,0.95,AWC 135,Oryctolagus cuniculus,oryctolagus cuniculus,lagomorpha
f8bf46d6-ba44-41f1-a704-f18a5f580eec,sequenceID:8ad06e38-b932-4d99-9ef9-86f41763b66b,8ad06e38-b932-4d99-9ef9-86f41763b66b,8ad06e38-b932-4d99-9ef9-86f41763b66b,6c6be1fd-4f7d-4323-8e88-be427c2afae8,Lagomorpha,0.95,AWC 135,Oryctolagus cuniculus,oryctolagus cuniculus,lagomorpha
b32aaac9-b0d2-4749-a56a-7e7b9013a265,sequenceID:0d4dc0fa-60a9-4a8e-9cb1-319b60ecd07c,0d4dc0fa-60a9-4a8e-9cb1-319b60ecd07c,0d4dc0fa-60a9-4a8e-9cb1-319b60ecd07c,6c6be1fd-4f7d-4323-8e88-be427c2afae8,Lagomorpha,1.0,AWC 135,Oryctolagus cuniculus,oryctolagus cuniculus,lagomorpha
03e4c6e0-8113-44f8-b07a-b3a4145ca1c4,sequenceID:be164960-bdd9-4c83-9720-812217d5d3f9,be164960-bdd9-4c83-9720-812217d5d3f9,be164960-bdd9-4c83-9720-812217d5d3f9,6c6be1fd-4f7d-4323-8e88-be427c2afae8,Lagomorpha,0.99,AWC 135,Oryctolagus cuniculus,oryctolagus cuniculus,lagomorpha
f189954d-8014-4532-8e90-5089f48f72e3,sequenceID:7306d02b-6225-4c79-a583-c6d068f0e6e6,7306d02b-6225-4c79-a583-c6d068f0e6e6,7306d02b-6225-4c79-a583-c6d068f0e6e6,6c6be1fd-4f7d-4323-8e88-be427c2afae8,Lagomorpha,0.99,AWC 135,Oryctolagus cuniculus,oryctolagus cuniculus,lagomorpha
b18f3fea-0b31-4d8f-9901-7c083256122c,sequenceID:406fb07d-584b-4aee-a036-5e2b86fcbe9c,406fb07d-584b-4aee-a036-5e2b86fcbe9c,406fb07d-584b-4aee-a036-5e2b86fcbe9c,6c6be1fd-4f7d-4323-8e88-be427c2afae8,Lagomorpha,1.0,AWC 135,Oryctolagus cuniculus,oryctolagus cuniculus,lagomorpha
2ab149a5-836c-4c63-9006-d15ec912ec70,sequenceID:2ea5e14d-bdea-4f9d-b44f-51c8198a79a6,2ea5e14d-bdea-4f9d-b44f-51c8198a79a6,2ea5e14d-bdea-4f9d-b44f-51c8198a79a6,6c6be1fd-4f7d-4323-8e88-be427c2afae8,Lagomorpha,1.0,AWC 135,Oryctolagus cuniculus,oryctolagus cuniculus,lagomorpha
7a84e1c9-8817-4df1-b63f-0a5829f23416,sequenceID:03d5b6a1-5795-42dd-b755-cc81b96641c3,03d5b6a1-5795-42dd-b755-cc81b96641c3,03d5b6a1-5795-42dd-b755-cc81b96641c3,6c6be1fd-4f7d-4323-8e88-be427c2afae8,Lagomorpha,1.0,AWC 135,Oryctolagus cuniculus,oryctolagus cuniculus,lagomorpha
d47fac1a-468f-4625-95cb-b5443ec3870f,sequenceID:6b723bb9-4e86-4103-a4cd-77a80b193a41,6b723bb9-4e86-4103-a4cd-77a80b193a41,6b723bb9-4e86-4103-a4cd-77a80b193a41,6c6be1fd-4f7d-4323-8e88-be427c2afae8,Lagomorpha,1.0,AWC 135,Oryctolagus cuniculus,oryctolagus cuniculus,lagomorpha
0f442afc-9db5-4f2b-ad3a-1213bca4adbd,sequenceID:e8352ede-2153-4edd-87aa-a155fb3fa4ea,e8352ede-2153-4edd-87aa-a155fb3fa4ea,e8352ede-2153-4edd-87aa-a155fb3fa4ea,6c6be1fd-4f7d-4323-8e88-be427c2afae8,Lagomorpha,1.0,AWC 135,Oryctolagus cuniculus,oryctolagus cuniculus,lagomorpha
8f04b861-d961-4dbe-8bad-2e78e32c27e1,sequenceID:aa9c04c6-ab85-48ee-a415-d76bfa9dd88b,aa9c04c6-ab85-48ee-a415-d76bfa9dd88b,aa9c04c6-ab85-48ee-a415-d76bfa9dd88b,6c6be1fd-4f7d-4323-8e88-be427c2afae8,Lagomorpha,1.0,AWC 135,Oryctolagus cuniculus,oryctolagus cuniculus,lagomorpha
a5419985-f11e-4557-86c7-d3614360184c,sequenceID:aa9c04c6-ab85-48ee-a415-d76bfa9dd88b,aa9c04c6-ab85-48ee-a415-d76bfa9dd88b,aa9c04c6-ab85-48ee-a415-d76bfa9dd88b,6c6be1fd-4f7d-4323-8e88-be427c2afae8,Lagomorpha,1.0,AWC 135,Oryctolagus cuniculus,oryctolagus cuniculus,lagomorpha
7a6c8627-1789-446c-8227-775fd19aada7,sequenceID:01caad18-ddb0-45e2-8d61-0b5632b64f8f,01caad18-ddb0-45e2-8d61-0b5632b64f8f,01caad18-ddb0-45e2-8d61-0b5632b64f8f,6c6be1fd-4f7d-4323-8e88-be427c2afae8,Lagomorpha,1.0,AWC 135,Oryctolagus cuniculus,oryctolagus cuniculus,lagomorpha
3b4c33ad-cf54-4215-9c4a-106c2df14de1,sequenceID:96fe22a9-044b-4eaf-bf08-3f54dc9b4610,96fe22a9-044b-4eaf-bf08-3f54dc9b4610,96fe22a9-044b-4eaf-bf08-3f54dc9b4610,6c6be1fd-4f7d-4323-8e88-be427c2afae8,Lagomorpha,0.99,AWC 135,Oryctolagus cuniculus,oryctolagus cuniculus,lagomorpha
03ab725a-e896-44aa-8e97-3693844b43ee,sequenceID:9a4ccf58-5420-4c91-bad3-42b7249962d7,9a4ccf58-5420-4c91-bad3-42b7249962d7,9a4ccf58-5420-4c91-bad3-42b7249962d7,6c6be1fd-4f7d-4323-8e88-be427c2afae8,Lagomorpha,1.0,AWC 135,Oryctolagus cuniculus,oryctolagus cuniculus,lagomorpha
73a0751f-8621-4147-b1ee-e5148ff7aac1,sequenceID:7bb77176-adad-436e-bf54-d9fbecad35ae,7bb77176-adad-436e-bf54-d9fbecad35ae,7bb77176-adad-436e-bf54-d9fbecad35ae,6c6be1fd-4f7d-4323-8e88-be427c2afae8,Lagomorpha,1.0,AWC 135,Oryctolagus cuniculus,oryctolagus cuniculus,lagomorpha
bf4f7775-929b-4db9-a94e-fc4330aa6c2c,sequenceID:47b38ead-e7a3-4bca-b22e-07ad09310f50,47b38ead-e7a3-4bca-b22e-07ad09310f50,47b38ead-e7a3-4bca-b22e-07ad09310f50,6c6be1fd-4f7d-4323-8e88-be427c2afae8,Lagomorpha,1.0,AWC 135,Oryctolagus cuniculus,oryctolagus cuniculus,lagomorpha
514f52b5-c6e9-40ae-965a-974d2d2a7fbd,sequenceID:1232a40d-2695-4d0e-8686-6baba23308fe,1232a40d-2695-4d0e-8686-6baba23308fe,1232a40d-2695-4d0e-8686-6baba23308fe,6c6be1fd-4f7d-4323-8e88-be427c2afae8,Lagomorpha,0.99,AWC 135,Oryctolagus cuniculus,oryctolagus cuniculus,lagomorpha
f30da049-42aa-4e45-a185-4496062028b3,sequenceID:3bfe32ab-9d3b-42b1-9152-c6b587b2eade,3bfe32ab-9d3b-42b1-9152-c6b587b2eade,3bfe32ab-9d3b-42b1-9152-c6b587b2eade,6c6be1fd-4f7d-4323-8e88-be427c2afae8,Lagomorpha,0.99,AWC 135,Oryctolagus cuniculus,oryctolagus cuniculus,lagomorpha
35bc79dd-da0f-4b02-9517-05db841f3112,sequenceID:76580ac0-809d-4b0e-8da5-1a7b0e881023,76580ac0-809d-4b0e-8da5-1a7b0e881023,76580ac0-809d-4b0e-8da5-1a7b0e881023,6c6be1fd-4f7d-4323-8e88-be427c2afae8,Lagomorpha,1.0,AWC 135,Oryctolagus cuniculus,oryctolagus cuniculus,lagomorpha
9bc9cec3-17c0-4d8c-847a-4302a86eb3d7,sequenceID:e2cc7a2b-0532-403a-9e51-18849811e454,e2cc7a2b-0532-403a-9e51-18849811e454,e2cc7a2b-0532-403a-9e51-18849811e454,6c6be1fd-4f7d-4323-8e88-be427c2afae8,Lagomorpha,1.0,AWC 135,Oryctolagus cuniculus,oryctolagus cuniculus,lagomorpha
a4a9d66b-ce7d-4f5d-87a3-aefdb7573329,sequenceID:94b6a4db-4f92-478a-9aa5-ac07262f78c5,94b6a4db-4f92-478a-9aa5-ac07262f78c5,94b6a4db-4f92-478a-9aa5-ac07262f78c5,6c6be1fd-4f7d-4323-8e88-be427c2afae8,Lagomorpha,1.0,AWC 135,Oryctolagus cuniculus,oryctolagus cuniculus,lagomorpha
870cb147-64ae-4943-976c-da6c7fa4791f,sequenceID:2e7645b7-362b-4ab1-a62b-7f146b932dd2,2e7645b7-362b-4ab1-a62b-7f146b932dd2,2e7645b7-362b-4ab1-a62b-7f146b932dd2,6c6be1fd-4f7d-4323-8e88-be427c2afae8,Lagomorpha,0.99,AWC 135,Oryctolagus cuniculus,oryctolagus cuniculus,lagomorpha
583de439-e35f-4be8-ac06-b5e8c293869e,sequenceID:f255dc83-633d-498a-b82e-91191cd074b6,f255dc83-633d-498a-b82e-91191cd074b6,f255dc83-633d-498a-b82e-91191cd074b6,6c6be1fd-4f7d-4323-8e88-be427c2afae8,Lagomorpha,1.0,AWC 135,Oryctolagus cuniculus,oryctolagus cuniculus,lagomorpha
5914e4a7-933d-4829-a112-17eac1dee857,sequenceID:78810aa5-8429-4b7e-bb5f-b22cebdf2000,78810aa5-8429-4b7e-bb5f-b22cebdf2000,78810aa5-8429-4b7e-bb5f-b22cebdf2000,6c6be1fd-4f7d-4323-8e88-be427c2afae8,Lagomorpha,0.99,AWC 135,Oryctolagus cuniculus,oryctolagus cuniculus,lagomorpha
9b6fa6cb-0a51-4739-8109-1b62848d56c1,sequenceID:59273f15-be0a-46fa-8acf-5ff0a16f63f9,59273f15-be0a-46fa-8acf-5ff0a16f63f9,59273f15-be0a-46fa-8acf-5ff0a16f63f9,6c6be1fd-4f7d-4323-8e88-be427c2afae8,Lagomorpha,0.99,AWC 135,Oryctolagus cuniculus,oryctolagus cuniculus,lagomorpha
f8d0a259-42f1-46a5-846a-9b0118a91e69,sequenceID:ef71e299-9b1f-41d6-982c-18d827a35469,ef71e299-9b1f-41d6-982c-18d827a35469,ef71e299-9b1f-41d6-982c-18d827a35469,6c6be1fd-4f7d-4323-8e88-be427c2afae8,Lagomorpha,0.99,AWC 135,Oryctolagus cuniculus,oryctolagus cuniculus,lagomorpha
51435447-f360-4315-ad77-450ae80b718e,sequenceID:1eeecf71-48db-488e-b302-522b820ebfc3,1eeecf71-48db-488e-b302-522b820ebfc3,1eeecf71-48db-488e-b302-522b820ebfc3,6c6be1fd-4f7d-4323-8e88-be427c2afae8,Lagomorpha,0.98,AWC 135,Oryctolagus cuniculus,oryctolagus cuniculus,lagomorpha
22c6b46e-4345-4483-928f-726d4c6e4b71,sequenceID:4678e1fe-a0be-4acc-a99c-cd4411c343b2,4678e1fe-a0be-4acc-a99c-cd4411c343b2,4678e1fe-a0be-4acc-a99c-cd4411c343b2,6c6be1fd-4f7d-4323-8e88-be427c2afae8,Lagomorpha,1.0,AWC 135,Oryctolagus cuniculus,oryctolagus cuniculus,lagomorpha
629d5c10-c871-451e-a773-fd0a8cda5e82,sequenceID:6a40c2cc-8046-437a-b055-4ab959d99445,6a40c2cc-8046-437a-b055-4ab959d99445,6a40c2cc-8046-437a-b055-4ab959d99445,6c6be1fd-4f7d-4323-8e88-be427c2afae8,Lagomorpha,0.99,AWC 135,Oryctolagus cuniculus,oryctolagus cuniculus,lagomorpha
170de08a-d7e0-4231-ad27-7f53c5a585ac,sequenceID:9990d61d-d266-4264-a438-4db2f82484ff,9990d61d-d266-4264-a438-4db2f82484ff,9990d61d-d266-4264-a438-4db2f82484ff,6c6be1fd-4f7d-4323-8e88-be427c2afae8,Lagomorpha,0.99,AWC 135,Oryctolagus cuniculus,oryctolagus cuniculus,lagomorpha
147cebb8-d644-4e0d-af2e-854e58a71fdb,sequenceID:8a222d2d-1290-4ac8-9489-b85b9b7e993d,8a222d2d-1290-4ac8-9489-b85b9b7e993d,8a222d2d-1290-4ac8-9489-b85b9b7e993d,6c6be1fd-4f7d-4323-8e88-be427c2afae8,Lagomorpha,1.0,AWC 135,Oryctolagus cuniculus,oryctolagus cuniculus,lagomorpha
b0d62f0d-405e-48b3-ac5d-4b1fbb07cc87,sequenceID:d444b9ad-d768-4fc3-92da-5376bcc0abaa,d444b9ad-d768-4fc3-92da-5376bcc0abaa,d444b9ad-d768-4fc3-92da-5376bcc0abaa,6c6be1fd-4f7d-4323-8e88-be427c2afae8,Lagomorpha,1.0,AWC 135,Oryctolagus cuniculus,oryctolagus cuniculus,lagomorpha
b91e671a-967d-424f-b666-701facc662e3,sequenceID:d444b9ad-d768-4fc3-92da-5376bcc0abaa,d444b9ad-d768-4fc3-92da-5376bcc0abaa,d444b9ad-d768-4fc3-92da-5376bcc0abaa,6c6be1fd-4f7d-4323-8e88-be427c2afae8,Lagomorpha,1.0,AWC 135,Oryctolagus cuniculus,oryctolagus cuniculus,lagomorpha
3df7a039-cf38-4f29-a603-91de6f1182d7,sequenceID:bbeb2c98-72a9-497c-bde6-48ffab5ce154,bbeb2c98-72a9-497c-bde6-48ffab5ce154,bbeb2c98-72a9-497c-bde6-48ffab5ce154,6c6be1fd-4f7d-4323-8e88-be427c2afae8,Lagomorpha,1.0,AWC 135,Oryctolagus cuniculus,oryctolagus cuniculus,lagomorpha
d40b77d9-fff9-451d-b689-021e6c7b9c38,sequenceID:93b763a4-9e52-4be9-ac1f-6988884c65cb,93b763a4-9e52-4be9-ac1f-6988884c65cb,93b763a4-9e52-4be9-ac1f-6988884c65cb,6c6be1fd-4f7d-4323-8e88-be427c2afae8,Lagomorpha,1.0,AWC 135,Oryctolagus cuniculus,oryctolagus cuniculus,lagomorpha
62253130-fe26-4e0b-9abc-22a47d86e624,sequenceID:93b763a4-9e52-4be9-ac1f-6988884c65cb,93b763a4-9e52-4be9-ac1f-6988884c65cb,93b763a4-9e52-4be9-ac1f-6988884c65cb,6c6be1fd-4f7d-4323-8e88-be427c2afae8,Lagomorpha,1.0,AWC 135,Oryctolagus cuniculus,oryctolagus cuniculus,lagomorpha
b7395144-b882-4803-a430-496f857e595f,sequenceID:ec5d018a-10bc-4c7b-848d-8868eb93dd55,ec5d018a-10bc-4c7b-848d-8868eb93dd55,ec5d018a-10bc-4c7b-848d-8868eb93dd55,6c6be1fd-4f7d-4323-8e88-be427c2afae8,Lagomorpha,0.98,AWC 135,Oryctolagus cuniculus,oryctolagus cuniculus,lagomorpha
b9491ad6-b04c-407d-a5e5-dc86e0cc80f6,sequenceID:bc5d3333-33c0-49b8-b8a0-092193507e7f,bc5d3333-33c0-49b8-b8a0-092193507e7f,bc5d3333-33c0-49b8-b8a0-092193507e7f,6c6be1fd-4f7d-4323-8e88-be427c2afae8,Lagomorpha,0.97,AWC 135,Oryctolagus cuniculus,oryctolagus cuniculus,lagomorpha
88ee86b5-c1bf-4ec7-a968-06a722fb27d3,sequenceID:eaed9395-8245-47e9-bab5-ff986b617e02,eaed9395-8245-47e9-bab5-ff986b617e02,eaed9395-8245-47e9-bab5-ff986b617e02,6c6be1fd-4f7d-4323-8e88-be427c2afae8,Lagomorpha,0.99,AWC 135,Oryctolagus cuniculus,oryctolagus cuniculus,lagomorpha
34077d65-ed8b-4f4b-b8ff-505011daa083,sequenceID:e45bec09-0d54-4f60-a6c8-4749552f26d1,e45bec09-0d54-4f60-a6c8-4749552f26d1,e45bec09-0d54-4f60-a6c8-4749552f26d1,6c6be1fd-4f7d-4323-8e88-be427c2afae8,Lagomorpha,1.0,AWC 135,Oryctolagus cuniculus,oryctolagus cuniculus,lagomorpha
6e521cc2-5c89-4d50-9f61-dce3774020af,sequenceID:b8dd8885-cff7-4f64-a6b3-e08b0d1d3a18,b8dd8885-cff7-4f64-a6b3-e08b0d1d3a18,b8dd8885-cff7-4f64-a6b3-e08b0d1d3a18,6c6be1fd-4f7d-4323-8e88-be427c2afae8,Lagomorpha,0.99,AWC 135,Oryctolagus cuniculus,oryctolagus cuniculus,lagomorpha
06943486-5b20-479c-af91-b19f015d633c,sequenceID:95918477-e759-454a-b9ea-64b9ae0f5144,95918477-e759-454a-b9ea-64b9ae0f5144,95918477-e759-454a-b9ea-64b9ae0f5144,6c6be1fd-4f7d-4323-8e88-be427c2afae8,Lagomorpha,0.99,AWC 135,Oryctolagus cuniculus,oryctolagus cuniculus,lagomorpha
48346f9f-0123-462d-8d2e-86e6c738d8ac,sequenceID:06f14811-4c8c-4610-adc2-bbdabb3f782d,06f14811-4c8c-4610-adc2-bbdabb3f782d,06f14811-4c8c-4610-adc2-bbdabb3f782d,6c6be1fd-4f7d-4323-8e88-be427c2afae8,Lagomorpha,1.0,AWC 135,Oryctolagus cuniculus,oryctolagus cuniculus,lagomorpha
e82ab482-819e-472e-ac0f-21ee3f7221b0,sequenceID:6247b91e-6dc7-45b7-9031-d442c6ac0ed2,6247b91e-6dc7-45b7-9031-d442c6ac0ed2,6247b91e-6dc7-45b7-9031-d442c6ac0ed2,6c6be1fd-4f7d-4323-8e88-be427c2afae8,Lagomorpha,0.99,AWC 135,Oryctolagus cuniculus,oryctolagus cuniculus,lagomorpha
d15f8b14-0ad8-4a94-b512-ff2a5cc97957,sequenceID:834fe423-3d60-4066-9512-175602f56265,834fe423-3d60-4066-9512-175602f56265,834fe423-3d60-4066-9512-175602f56265,6c6be1fd-4f7d-4323-8e88-be427c2afae8,Lagomorpha,1.0,AWC 135,Oryctolagus cuniculus,oryctolagus cuniculus,lagomorpha
41c50238-92d2-4502-8e17-bffcdec37437,sequenceID:9a21ca10-2f4a-43b1-8f59-d469f6b33892,9a21ca10-2f4a-43b1-8f59-d469f6b33892,9a21ca10-2f4a-43b1-8f59-d469f6b33892,6c6be1fd-4f7d-4323-8e88-be427c2afae8,Lagomorpha,0.99,AWC 135,Oryctolagus cuniculus,oryctolagus cuniculus,lagomorpha
f6148470-2d0d-4a59-a5f0-ad9a8762e3ad,sequenceID:4587465a-51c7-4cfa-968c-27a9f2479140,4587465a-51c7-4cfa-968c-27a9f2479140,4587465a-51c7-4cfa-968c-27a9f2479140,6c6be1fd-4f7d-4323-8e88-be427c2afae8,Lagomorpha,1.0,AWC 135,Oryctolagus cuniculus,oryctolagus cuniculus,lagomorpha
513d604f-13c3-438f-ab5b-5b07eaffe910,sequenceID:4587465a-51c7-4cfa-968c-27a9f2479140,4587465a-51c7-4cfa-968c-27a9f2479140,4587465a-51c7-4cfa-968c-27a9f2479140,6c6be1fd-4f7d-4323-8e88-be427c2afae8,Lagomorpha,1.0,AWC 135,Oryctolagus cuniculus,oryctolagus cuniculus,lagomorpha
fd6e8e4e-948b-4081-8227-bb640ba5b891,sequenceID:b1dbbed5-fa1c-4c22-8a47-8e7242fc57d7,b1dbbed5-fa1c-4c22-8a47-8e7242fc57d7,b1dbbed5-fa1c-4c22-8a47-8e7242fc57d7,6c6be1fd-4f7d-4323-8e88-be427c2afae8,Lagomorpha,0.99,AWC 135,Oryctolagus cuniculus,oryctolagus cuniculus,lagomorpha
85c28cd1-a5de-4757-9e04-02cbcfe80935,sequenceID:7aa6258c-ae6b-4f09-92e4-aa27a77a6d73,7aa6258c-ae6b-4f09-92e4-aa27a77a6d73,7aa6258c-ae6b-4f09-92e4-aa27a77a6d73,6c6be1fd-4f7d-4323-8e88-be427c2afae8,Lagomorpha,1.0,AWC 135,Oryctolagus cuniculus,oryctolagus cuniculus,lagomorpha
37b10ce2-6281-405a-bf0a-f4d1815bdd8d,sequenceID:92987694-5a1b-4c4c-a918-87d7473b4d1a,92987694-5a1b-4c4c-a918-87d7473b4d1a,92987694-5a1b-4c4c-a918-87d7473b4d1a,6c6be1fd-4f7d-4323-8e88-be427c2afae8,Lagomorpha,0.99,AWC 135,Oryctolagus cuniculus,oryctolagus cuniculus,lagomorpha
e453e6e5-5750-45fa-869e-0ef59970f22d,sequenceID:182f66da-2da1-4898-a7af-aaf844bc73f0,182f66da-2da1-4898-a7af-aaf844bc73f0,182f66da-2da1-4898-a7af-aaf844bc73f0,6c6be1fd-4f7d-4323-8e88-be427c2afae8,Lagomorpha,1.0,AWC 135,Oryctolagus cuniculus,oryctolagus cuniculus,lagomorpha
22876bb8-7446-401d-80a8-3452c8b02709,sequenceID:037f29d4-4c1a-4e60-9a9a-19a2859c7795,037f29d4-4c1a-4e60-9a9a-19a2859c7795,037f29d4-4c1a-4e60-9a9a-19a2859c7795,6c6be1fd-4f7d-4323-8e88-be427c2afae8,Lagomorpha,0.99,AWC 135,Oryctolagus cuniculus,oryctolagus cuniculus,lagomorpha
9125d298-fce2-4034-80f0-b1e63aabcd3d,sequenceID:6dda9241-c595-48ae-9f11-553c35113c38,6dda9241-c595-48ae-9f11-553c35113c38,6dda9241-c595-48ae-9f11-553c35113c38,6c6be1fd-4f7d-4323-8e88-be427c2afae8,Lagomorpha,1.0,AWC 135,Oryctolagus cuniculus,oryctolagus cuniculus,lagomorpha
1547c2c5-74c7-429c-a2fe-fe0a46a4c543,sequenceID:6dda9241-c595-48ae-9f11-553c35113c38,6dda9241-c595-48ae-9f11-553c35113c38,6dda9241-c595-48ae-9f11-553c35113c38,6c6be1fd-4f7d-4323-8e88-be427c2afae8,Lagomorpha,1.0,AWC 135,Oryctolagus cuniculus,oryctolagus cuniculus,lagomorpha
61a5ed31-b1d8-4a29-840b-4b1ba3580af3,sequenceID:676bb9a6-843b-4b43-b2e3-5a78501c4afb,676bb9a6-843b-4b43-b2e3-5a78501c4afb,676bb9a6-843b-4b43-b2e3-5a78501c4afb,6c6be1fd-4f7d-4323-8e88-be427c2afae8,Lagomorpha,1.0,AWC 135,Oryctolagus cuniculus,oryctolagus cuniculus,lagomorpha
296c619b-e5d8-421a-baf9-21af5f3b19b8,sequenceID:0a011343-c40a-44ee-ba2b-ed3588bb4d69,0a011343-c40a-44ee-ba2b-ed3588bb4d69,0a011343-c40a-44ee-ba2b-ed3588bb4d69,6c6be1fd-4f7d-4323-8e88-be427c2afae8,Lagomorpha,1.0,AWC 135,Oryctolagus cuniculus,oryctolagus cuniculus,lagomorpha
88bd8f27-c574-4fb4-aa97-dfb86761b4ad,sequenceID:285a09dc-a8ea-4c99-9c4b-73723141debe,285a09dc-a8ea-4c99-9c4b-73723141debe,285a09dc-a8ea-4c99-9c4b-73723141debe,6c6be1fd-4f7d-4323-8e88-be427c2afae8,Lagomorpha,1.0,AWC 135,Oryctolagus cuniculus,oryctolagus cuniculus,lagomorpha
8e9534f1-7a1e-41ca-a943-343be2da6746,sequenceID:55fd71bc-425e-4a8c-b0bb-b09324298b7a,55fd71bc-425e-4a8c-b0bb-b09324298b7a,55fd71bc-425e-4a8c-b0bb-b09324298b7a,6c6be1fd-4f7d-4323-8e88-be427c2afae8,Lagomorpha,1.0,AWC 135,Oryctolagus cuniculus,oryctolagus cuniculus,lagomorpha
0f7adc00-cddb-47b6-bfaf-6dfca0f34d05,sequenceID:8ad1ca8b-ef50-4571-bee4-79c3f6b9b676,8ad1ca8b-ef50-4571-bee4-79c3f6b9b676,8ad1ca8b-ef50-4571-bee4-79c3f6b9b676,6c6be1fd-4f7d-4323-8e88-be427c2afae8,Lagomorpha,1.0,AWC 135,Oryctolagus cuniculus,oryctolagus cuniculus,lagomorpha
71849c51-6550-48c9-a117-438531961fc7,sequenceID:2be27c7b-909e-47bb-870b-5523a1e69855,2be27c7b-909e-47bb-870b-5523a1e69855,2be27c7b-909e-47bb-870b-5523a1e69855,6c6be1fd-4f7d-4323-8e88-be427c2afae8,Lagomorpha,1.0,AWC 135,Oryctolagus cuniculus,oryctolagus cuniculus,lagomorpha
f6c6418b-c648-4447-bc71-5116731a9c13,sequenceID:e46b8874-d636-4ea3-91f9-77fbe2673fea,e46b8874-d636-4ea3-91f9-77fbe2673fea,e46b8874-d636-4ea3-91f9-77fbe2673fea,6c6be1fd-4f7d-4323-8e88-be427c2afae8,Lagomorpha,1.0,AWC 135,Oryctolagus cuniculus,oryctolagus cuniculus,lagomorpha
8b5be6a7-9065-444f-9438-1e061b0c52b0,sequenceID:3cf2ca23-b8f5-4a6a-9314-b1215f8dbccc,3cf2ca23-b8f5-4a6a-9314-b1215f8dbccc,3cf2ca23-b8f5-4a6a-9314-b1215f8dbccc,6c6be1fd-4f7d-4323-8e88-be427c2afae8,Lagomorpha,0.99,AWC 135,Oryctolagus cuniculus,oryctolagus cuniculus,lagomorpha
0fca3332-81d3-4d80-875a-a0b8ff004e8e,sequenceID:ac730d18-6a81-4fa5-a693-b1b446d049a8,ac730d18-6a81-4fa5-a693-b1b446d049a8,ac730d18-6a81-4fa5-a693-b1b446d049a8,6c6be1fd-4f7d-4323-8e88-be427c2afae8,Lagomorpha,1.0,AWC 135,Oryctolagus cuniculus,oryctolagus cuniculus,lagomorpha
a7738ec3-9828-454d-bbb1-0c7d727a9b78,sequenceID:b9d6820b-3dc4-4e3a-b821-65b66cda7802,b9d6820b-3dc4-4e3a-b821-65b66cda7802,b9d6820b-3dc4-4e3a-b821-65b66cda7802,6c6be1fd-4f7d-4323-8e88-be427c2afae8,Lagomorpha,0.99,AWC 135,Oryctolagus cuniculus,oryctolagus cuniculus,lagomorpha
eaf66e39-fb04-4997-ac1b-5f9843929bec,sequenceID:a60d4ed8-25d9-4f08-b148-6503050507eb,a60d4ed8-25d9-4f08-b148-6503050507eb,a60d4ed8-25d9-4f08-b148-6503050507eb,6c6be1fd-4f7d-4323-8e88-be427c2afae8,Lagomorpha,1.0,AWC 135,Oryctolagus cuniculus,oryctolagus cuniculus,lagomorpha
702972fd-2323-4bab-ad34-91a616911aee,sequenceID:a60d4ed8-25d9-4f08-b148-6503050507eb,a60d4ed8-25d9-4f08-b148-6503050507eb,a60d4ed8-25d9-4f08-b148-6503050507eb,6c6be1fd-4f7d-4323-8e88-be427c2afae8,Lagomorpha,1.0,AWC 135,Oryctolagus cuniculus,oryctolagus cuniculus,lagomorpha
1581c793-16e9-4919-88dc-72d55edc561b,sequenceID:71ff1bb2-fc78-4278-87a6-de76b3282857,71ff1bb2-fc78-4278-87a6-de76b3282857,71ff1bb2-fc78-4278-87a6-de76b3282857,6c6be1fd-4f7d-4323-8e88-be427c2afae8,Lagomorpha,1.0,AWC 135,Oryctolagus cuniculus,oryctolagus cuniculus,lagomorpha
a7690d7e-2ec3-456b-99ab-bbad70826119,sequenceID:b9eb6657-3426-4b21-b65f-875a8bca0f11,b9eb6657-3426-4b21-b65f-875a8bca0f11,b9eb6657-3426-4b21-b65f-875a8bca0f11,6c6be1fd-4f7d-4323-8e88-be427c2afae8,Lagomorpha,0.95,AWC 135,Oryctolagus cuniculus,oryctolagus cuniculus,lagomorpha
945117ff-88fb-48cb-bf74-d2fa26ccf9a6,sequenceID:30c48925-fee9-4eed-84ba-b9c4fda229a8,30c48925-fee9-4eed-84ba-b9c4fda229a8,30c48925-fee9-4eed-84ba-b9c4fda229a8,6c6be1fd-4f7d-4323-8e88-be427c2afae8,Lagomorpha,1.0,AWC 135,Oryctolagus cuniculus,oryctolagus cuniculus,lagomorpha
5765b6e7-f26a-4a72-ac71-5650a5fde957,sequenceID:a72a162b-1cf0-4f7d-8bda-29a964f145a2,a72a162b-1cf0-4f7d-8bda-29a964f145a2,a72a162b-1cf0-4f7d-8bda-29a964f145a2,6c6be1fd-4f7d-4323-8e88-be427c2afae8,Lagomorpha,1.0,AWC 135,Oryctolagus cuniculus,oryctolagus cuniculus,lagomorpha
9fa602b2-981e-46c1-a218-1d546361b69b,sequenceID:aa5c3f2e-f65f-41cf-b9e9-d8d13e0929c6,aa5c3f2e-f65f-41cf-b9e9-d8d13e0929c6,aa5c3f2e-f65f-41cf-b9e9-d8d13e0929c6,6c6be1fd-4f7d-4323-8e88-be427c2afae8,Lagomorpha,1.0,AWC 135,Oryctolagus cuniculus,oryctolagus cuniculus,lagomorpha
95a4bb2a-c40d-46d7-aa19-ff9542083374,sequenceID:cf25038d-2716-4bdd-a443-e337ae91c75e,cf25038d-2716-4bdd-a443-e337ae91c75e,cf25038d-2716-4bdd-a443-e337ae91c75e,6c6be1fd-4f7d-4323-8e88-be427c2afae8,Lagomorpha,1.0,AWC 135,Oryctolagus cuniculus,oryctolagus cuniculus,lagomorpha
8c0c8577-3c80-41fc-a940-2ada4ad7b749,sequenceID:3323c434-3f02-4c12-a660-dbea224ef673,3323c434-3f02-4c12-a660-dbea224ef673,3323c434-3f02-4c12-a660-dbea224ef673,6c6be1fd-4f7d-4323-8e88-be427c2afae8,Lagomorpha,1.0,AWC 135,Oryctolagus cuniculus,oryctolagus cuniculus,lagomorpha
518260d9-41f6-4ac2-859d-ca751965632a,sequenceID:9f7d9052-55a5-4dae-ab9a-28401bb732bc,9f7d9052-55a5-4dae-ab9a-28401bb732bc,9f7d9052-55a5-4dae-ab9a-28401bb732bc,6c6be1fd-4f7d-4323-8e88-be427c2afae8,Lagomorpha,1.0,AWC 135,Oryctolagus cuniculus,oryctolagus cuniculus,lagomorpha
76487aad-38ad-45c5-960e-93e5dbe32140,sequenceID:d9239cce-814a-4ea4-9866-f70f82fa6973,d9239cce-814a-4ea4-9866-f70f82fa6973,d9239cce-814a-4ea4-9866-f70f82fa6973,6c6be1fd-4f7d-4323-8e88-be427c2afae8,Lagomorpha,0.91,AWC 135,Oryctolagus cuniculus,oryctolagus cuniculus,lagomorpha
71882952-443a-443a-8cac-460dff64ae7e,sequenceID:74a71f67-e2dd-485b-b8f7-7990c2e7cac0,74a71f67-e2dd-485b-b8f7-7990c2e7cac0,74a71f67-e2dd-485b-b8f7-7990c2e7cac0,6c6be1fd-4f7d-4323-8e88-be427c2afae8,Lagomorpha,0.98,AWC 135,Oryctolagus cuniculus,oryctolagus cuniculus,lagomorpha
4f0194f4-995d-4844-b39f-2eef9b984dff,sequenceID:a2abf45f-9462-48f7-b8d3-c16f79a0bcdb,a2abf45f-9462-48f7-b8d3-c16f79a0bcdb,a2abf45f-9462-48f7-b8d3-c16f79a0bcdb,6c6be1fd-4f7d-4323-8e88-be427c2afae8,Lagomorpha,1.0,AWC 135,Oryctolagus cuniculus,oryctolagus cuniculus,lagomorpha
18d9c282-0e2a-4c54-8553-37d3967042aa,sequenceID:12ad5a47-6a07-4864-b9a6-509af5d6556e,12ad5a47-6a07-4864-b9a6-509af5d6556e,12ad5a47-6a07-4864-b9a6-509af5d6556e,6c6be1fd-4f7d-4323-8e88-be427c2afae8,Lagomorpha,0.99,AWC 135,Oryctolagus cuniculus,oryctolagus cuniculus,lagomorpha
0fc9f804-dddb-41be-bc47-4d9142ca97d4,sequenceID:54394544-d499-4e4c-99ba-c7ff432f3585,54394544-d499-4e4c-99ba-c7ff432f3585,54394544-d499-4e4c-99ba-c7ff432f3585,6c6be1fd-4f7d-4323-8e88-be427c2afae8,Lagomorpha,1.0,AWC 135,Oryctolagus cuniculus,oryctolagus cuniculus,lagomorpha
a3787c1c-8384-4652-b47b-2d1b5ac10b70,sequenceID:3c9a7c6b-22e9-4194-9ed1-3abbfa1e3ee5,3c9a7c6b-22e9-4194-9ed1-3abbfa1e3ee5,3c9a7c6b-22e9-4194-9ed1-3abbfa1e3ee5,6c6be1fd-4f7d-4323-8e88-be427c2afae8,Lagomorpha,1.0,AWC 135,Oryctolagus cuniculus,oryctolagus cuniculus,lagomorpha
33afd7fb-6732-4fd6-bbc3-6b55c0ae4354,sequenceID:0bdfd5ac-9d82-4d90-b5c3-a2e0df26c3ee,0bdfd5ac-9d82-4d90-b5c3-a2e0df26c3ee,0bdfd5ac-9d82-4d90-b5c3-a2e0df26c3ee,6c6be1fd-4f7d-4323-8e88-be427c2afae8,Lagomorpha,0.98,AWC 135,Oryctolagus cuniculus,oryctolagus cuniculus,lagomorpha
886ca08a-38fb-4e56-8dfb-c1f6c93e7c18,sequenceID:2a22d8e0-a546-40b2-87b7-870e7cb57b78,2a22d8e0-a546-40b2-87b7-870e7cb57b78,2a22d8e0-a546-40b2-87b7-870e7cb57b78,6c6be1fd-4f7d-4323-8e88-be427c2afae8,Lagomorpha,0.99,AWC 135,Oryctolagus cuniculus,oryctolagus cuniculus,lagomorpha
acc88815-4449-4117-aae9-d2a644891844,sequenceID:ee83d225-c05a-481d-9f2a-08a4bff0f2bf,ee83d225-c05a-481d-9f2a-08a4bff0f2bf,ee83d225-c05a-481d-9f2a-08a4bff0f2bf,6c6be1fd-4f7d-4323-8e88-be427c2afae8,Lagomorpha,1.0,AWC 135,Oryctolagus cuniculus,oryctolagus cuniculus,lagomorpha
8a1415dc-64c8-4428-ab7a-d4be3ff0e3fd,sequenceID:ed230d4d-507b-468c-a328-c99d9836f0ba,ed230d4d-507b-468c-a328-c99d9836f0ba,ed230d4d-507b-468c-a328-c99d9836f0ba,6c6be1fd-4f7d-4323-8e88-be427c2afae8,Lagomorpha,1.0,AWC 135,Oryctolagus cuniculus,oryctolagus cuniculus,lagomorpha
1497bcaf-cfd2-466e-ac9b-3db1881699b3,sequenceID:9af2b8fa-e554-4659-84d8-b01845fc6d93,9af2b8fa-e554-4659-84d8-b01845fc6d93,9af2b8fa-e554-4659-84d8-b01845fc6d93,6c6be1fd-4f7d-4323-8e88-be427c2afae8,Lagomorpha,1.0,AWC 135,Oryctolagus cuniculus,oryctolagus cuniculus,lagomorpha
1179798c-dca9-43e0-b237-2b8e3bd38b64,sequenceID:00d62649-26c0-42e9-986c-85409782ba31,00d62649-26c0-42e9-986c-85409782ba31,00d62649-26c0-42e9-986c-85409782ba31,6c6be1fd-4f7d-4323-8e88-be427c2afae8,Lagomorpha,1.0,AWC 135,Oryctolagus cuniculus,oryctolagus cuniculus,lagomorpha
acecfec7-a112-426d-9346-d716e70008a4,sequenceID:646ab651-bf25-438e-97e4-58b7de51106b,646ab651-bf25-438e-97e4-58b7de51106b,646ab651-bf25-438e-97e4-58b7de51106b,6c6be1fd-4f7d-4323-8e88-be427c2afae8,Lagomorpha,1.0,AWC 135,Oryctolagus cuniculus,oryctolagus cuniculus,lagomorpha
cfa37dcc-e1b5-4bc4-b6f6-85d54dc64e3b,sequenceID:b806b49a-f633-4e1e-811f-859f0932e6b6,b806b49a-f633-4e1e-811f-859f0932e6b6,b806b49a-f633-4e1e-811f-859f0932e6b6,6c6be1fd-4f7d-4323-8e88-be427c2afae8,Lagomorpha,1.0,AWC 135,Oryctolagus cuniculus,oryctolagus cuniculus,lagomorpha
1ab0a27d-c518-4768-8360-1b21c5cbcd9d,sequenceID:1f64ca19-77bd-49f6-9252-d4f8eb6eed9b,1f64ca19-77bd-49f6-9252-d4f8eb6eed9b,1f64ca19-77bd-49f6-9252-d4f8eb6eed9b,6c6be1fd-4f7d-4323-8e88-be427c2afae8,Lagomorpha,1.0,AWC 135,Oryctolagus cuniculus,oryctolagus cuniculus,lagomorpha
d9b57748-3891-410d-8554-11f1b01e8c8d,sequenceID:222f01f1-3d7d-441b-be17-cbc102cd708e,222f01f1-3d7d-441b-be17-cbc102cd708e,222f01f1-3d7d-441b-be17-cbc102cd708e,6c6be1fd-4f7d-4323-8e88-be427c2afae8,Lagomorpha,0.99,AWC 135,Oryctolagus cuniculus,oryctolagus cuniculus,lagomorpha
7dfabd07-d001-4a52-b29c-4e714fa8e95d,sequenceID:c5ef5d10-2a43-4faf-997e-4f8f6383eb8a,c5ef5d10-2a43-4faf-997e-4f8f6383eb8a,c5ef5d10-2a43-4faf-997e-4f8f6383eb8a,6c6be1fd-4f7d-4323-8e88-be427c2afae8,Lagomorpha,0.99,AWC 135,Oryctolagus cuniculus,oryctolagus cuniculus,lagomorpha
1f529a6d-a0b8-4182-83d1-73e2792e0a64,sequenceID:a5b5e755-eac4-4627-b894-012af4d8f13b,a5b5e755-eac4-4627-b894-012af4d8f13b,a5b5e755-eac4-4627-b894-012af4d8f13b,6c6be1fd-4f7d-4323-8e88-be427c2afae8,Lagomorpha,0.99,AWC 135,Oryctolagus cuniculus,oryctolagus cuniculus,lagomorpha
7cbca169-f60e-4bd1-ab16-bb475c21424b,sequenceID:a5b5e755-eac4-4627-b894-012af4d8f13b,a5b5e755-eac4-4627-b894-012af4d8f13b,a5b5e755-eac4-4627-b894-012af4d8f13b,6c6be1fd-4f7d-4323-8e88-be427c2afae8,Lagomorpha,0.99,AWC 135,Oryctolagus cuniculus,oryctolagus cuniculus,lagomorpha
8d0c9f74-3b0a-4d3e-8dfd-165f314bb572,sequenceID:62dc9053-a48a-4b36-92d9-7cf11c0f3ae5,62dc9053-a48a-4b36-92d9-7cf11c0f3ae5,62dc9053-a48a-4b36-92d9-7cf11c0f3ae5,6c6be1fd-4f7d-4323-8e88-be427c2afae8,Lagomorpha,0.99,AWC 135,Oryctolagus cuniculus,oryctolagus cuniculus,lagomorpha
8597d321-bc78-43d3-8cf8-7f1a65cf0ee0,sequenceID:16a111ec-cf70-4c06-ba35-63fd5cf207b4,16a111ec-cf70-4c06-ba35-63fd5cf207b4,16a111ec-cf70-4c06-ba35-63fd5cf207b4,6c6be1fd-4f7d-4323-8e88-be427c2afae8,Lagomorpha,1.0,AWC 135,Oryctolagus cuniculus,oryctolagus cuniculus,lagomorpha
24e06e6e-63e6-48a8-a634-d42d312500fa,sequenceID:72f5d856-c9fb-48c6-913c-46ac2ef57240,72f5d856-c9fb-48c6-913c-46ac2ef57240,72f5d856-c9fb-48c6-913c-46ac2ef57240,6c6be1fd-4f7d-4323-8e88-be427c2afae8,Lagomorpha,1.0,AWC 135,Oryctolagus cuniculus,oryctolagus cuniculus,lagomorpha
732910bd-516b-4b52-8469-fce5b229208e,sequenceID:468e195e-892d-4583-8473-75ed656ddd15,468e195e-892d-4583-8473-75ed656ddd15,468e195e-892d-4583-8473-75ed656ddd15,6c6be1fd-4f7d-4323-8e88-be427c2afae8,Lagomorpha,1.0,AWC 135,Oryctolagus cuniculus,oryctolagus cuniculus,lagomorpha
e0891ae3-66f2-42f2-b259-e819f179c225,sequenceID:e92f0532-c316-480e-a70f-309863262a23,e92f0532-c316-480e-a70f-309863262a23,e92f0532-c316-480e-a70f-309863262a23,6c6be1fd-4f7d-4323-8e88-be427c2afae8,Lagomorpha,1.0,AWC 135,Oryctolagus cuniculus,oryctolagus cuniculus,lagomorpha
0c1f05fc-2ddd-4c02-9bf5-c45e6ecdc554,sequenceID:630157e6-19b9-4c9c-93da-38f3f94b862f,630157e6-19b9-4c9c-93da-38f3f94b862f,630157e6-19b9-4c9c-93da-38f3f94b862f,6c6be1fd-4f7d-4323-8e88-be427c2afae8,Lagomorpha,1.0,AWC 135,Oryctolagus cuniculus,oryctolagus cuniculus,lagomorpha
d41e5770-e074-4919-953c-f5f6a3cae7b3,sequenceID:823db54e-4e78-4f3c-8ef2-dbf0902a1683,823db54e-4e78-4f3c-8ef2-dbf0902a1683,823db54e-4e78-4f3c-8ef2-dbf0902a1683,6c6be1fd-4f7d-4323-8e88-be427c2afae8,Lagomorpha,1.0,AWC 135,Oryctolagus cuniculus,oryctolagus cuniculus,lagomorpha
90b43e59-7890-4519-bf24-137f371330bc,sequenceID:0fef1eaf-f24a-4534-9594-a261d596d210,0fef1eaf-f24a-4534-9594-a261d596d210,0fef1eaf-f24a-4534-9594-a261d596d210,6c6be1fd-4f7d-4323-8e88-be427c2afae8,Lagomorpha,1.0,AWC 135,Oryctolagus cuniculus,oryctolagus cuniculus,lagomorpha
c491f365-ad0d-437e-a084-d657217baa3c,sequenceID:a576654c-0a31-4b2a-a970-27394cfe0128,a576654c-0a31-4b2a-a970-27394cfe0128,a576654c-0a31-4b2a-a970-27394cfe0128,6c6be1fd-4f7d-4323-8e88-be427c2afae8,Lagomorpha,1.0,AWC 135,Oryctolagus cuniculus,oryctolagus cuniculus,lagomorpha
89c9d05e-3724-4575-bbd3-e3b286dbbbf5,sequenceID:1ebce376-f130-4ba2-a596-d7ca2639a02c,1ebce376-f130-4ba2-a596-d7ca2639a02c,1ebce376-f130-4ba2-a596-d7ca2639a02c,6c6be1fd-4f7d-4323-8e88-be427c2afae8,Lagomorpha,0.99,AWC 135,Oryctolagus cuniculus,oryctolagus cuniculus,lagomorpha
19bfd01a-2d83-4e84-8a25-42579964ad37,sequenceID:2f68f79c-676e-4163-be8f-aea0fcfd1007,2f68f79c-676e-4163-be8f-aea0fcfd1007,2f68f79c-676e-4163-be8f-aea0fcfd1007,6c6be1fd-4f7d-4323-8e88-be427c2afae8,Lagomorpha,0.98,AWC 135,Oryctolagus cuniculus,oryctolagus cuniculus,lagomorpha
d534dabb-a008-4fa2-a3c0-e0862a69415d,sequenceID:2a1491a2-c4e9-4baf-83ff-212e734bcb5b,2a1491a2-c4e9-4baf-83ff-212e734bcb5b,2a1491a2-c4e9-4baf-83ff-212e734bcb5b,6c6be1fd-4f7d-4323-8e88-be427c2afae8,Lagomorpha,1.0,AWC 135,Oryctolagus cuniculus,oryctolagus cuniculus,lagomorpha
4ee8d78e-12b1-4565-b345-a3398a8d7fb7,sequenceID:ffbf6f2c-d994-4932-a6c9-2cd7540d2dea,ffbf6f2c-d994-4932-a6c9-2cd7540d2dea,ffbf6f2c-d994-4932-a6c9-2cd7540d2dea,6c6be1fd-4f7d-4323-8e88-be427c2afae8,Lagomorpha,0.99,AWC 135,Oryctolagus cuniculus,oryctolagus cuniculus,lagomorpha
5be5d344-81b8-42f3-826c-ba05c26d5d51,sequenceID:3b45525d-c5cf-4002-9d95-a3876c7cb476,3b45525d-c5cf-4002-9d95-a3876c7cb476,3b45525d-c5cf-4002-9d95-a3876c7cb476,6c6be1fd-4f7d-4323-8e88-be427c2afae8,Lagomorpha,1.0,AWC 135,Oryctolagus cuniculus,oryctolagus cuniculus,lagomorpha
3a7e4bb0-1236-4a16-94c8-290169f1e783,sequenceID:78cd8913-9517-4098-a137-e702c3fca95a,78cd8913-9517-4098-a137-e702c3fca95a,78cd8913-9517-4098-a137-e702c3fca95a,6c6be1fd-4f7d-4323-8e88-be427c2afae8,Lagomorpha,1.0,AWC 135,Oryctolagus cuniculus,oryctolagus cuniculus,lagomorpha
fbecf24a-b1bc-4977-acf0-028079af2748,sequenceID:fc337d5a-8be1-4109-b9a8-5506f4189851,fc337d5a-8be1-4109-b9a8-5506f4189851,fc337d5a-8be1-4109-b9a8-5506f4189851,6c6be1fd-4f7d-4323-8e88-be427c2afae8,Lagomorpha,1.0,AWC 135,Oryctolagus cuniculus,oryctolagus cuniculus,lagomorpha
486d5187-0ecc-4762-aad3-6e87b755fe8b,sequenceID:bbffa6ec-ac51-42db-a132-3e9673fc2f90,bbffa6ec-ac51-42db-a132-3e9673fc2f90,bbffa6ec-ac51-42db-a132-3e9673fc2f90,6c6be1fd-4f7d-4323-8e88-be427c2afae8,wallabia bicolor,0.68,AWC 135,Oryctolagus cuniculus,oryctolagus cuniculus,wallabia bicolor
dcd5cc1d-2429-494c-8a80-0a8f836f0ac6,sequenceID:fda8155c-c2af-475a-b7a3-c2bf580d9dfa,fda8155c-c2af-475a-b7a3-c2bf580d9dfa,fda8155c-c2af-475a-b7a3-c2bf580d9dfa,6c6be1fd-4f7d-4323-8e88-be427c2afae8,Lagomorpha,0.98,AWC 135,Oryctolagus cuniculus,oryctolagus cuniculus,lagomorpha
b5e9e967-d594-423a-8044-c4904976beb8,sequenceID:d4143dcb-ceb3-4bbd-9c31-36a15a5a4152,d4143dcb-ceb3-4bbd-9c31-36a15a5a4152,d4143dcb-ceb3-4bbd-9c31-36a15a5a4152,6c6be1fd-4f7d-4323-8e88-be427c2afae8,Lagomorpha,1.0,AWC 135,Oryctolagus cuniculus,oryctolagus cuniculus,lagomorpha
f99ce2c0-fc80-49a6-842a-647dd2e97e9b,sequenceID:da39a505-5d7d-4401-8fb3-3f34c1b23f9d,da39a505-5d7d-4401-8fb3-3f34c1b23f9d,da39a505-5d7d-4401-8fb3-3f34c1b23f9d,6c6be1fd-4f7d-4323-8e88-be427c2afae8,Lagomorpha,1.0,AWC 135,Oryctolagus cuniculus,oryctolagus cuniculus,lagomorpha
c444e212-bcf4-4436-8069-ddc05fbfa161,sequenceID:6fa5b212-efed-4079-b888-84219defa757,6fa5b212-efed-4079-b888-84219defa757,6fa5b212-efed-4079-b888-84219defa757,6c6be1fd-4f7d-4323-8e88-be427c2afae8,Lagomorpha,1.0,AWC 135,Oryctolagus cuniculus,oryctolagus cuniculus,lagomorpha
bba74873-18e0-4ac6-b8d8-e646b0def892,sequenceID:2d2480d4-2973-418d-8696-8cb576fd137e,2d2480d4-2973-418d-8696-8cb576fd137e,2d2480d4-2973-418d-8696-8cb576fd137e,6c6be1fd-4f7d-4323-8e88-be427c2afae8,Lagomorpha,0.98,AWC 135,Oryctolagus cuniculus,oryctolagus cuniculus,lagomorpha
28cc3a63-29e8-4467-95d0-df1d12fa51ba,sequenceID:a216c692-c14f-414a-b162-d20a89c502f0,a216c692-c14f-414a-b162-d20a89c502f0,a216c692-c14f-414a-b162-d20a89c502f0,6c6be1fd-4f7d-4323-8e88-be427c2afae8,Lagomorpha,0.94,AWC 135,Oryctolagus cuniculus,oryctolagus cuniculus,lagomorpha
3e885a85-9ae1-4102-a993-3824d7eea35c,sequenceID:d03d4508-be32-45fb-a303-e11d1924cb2b,d03d4508-be32-45fb-a303-e11d1924cb2b,d03d4508-be32-45fb-a303-e11d1924cb2b,6c6be1fd-4f7d-4323-8e88-be427c2afae8,Lagomorpha,1.0,AWC 135,Oryctolagus cuniculus,oryctolagus cuniculus,lagomorpha
6a69428c-709d-420d-8a5e-ff0d433b30a7,sequenceID:c9d8028a-eccf-487a-bd73-22f2ba0edd27,c9d8028a-eccf-487a-bd73-22f2ba0edd27,c9d8028a-eccf-487a-bd73-22f2ba0edd27,6c6be1fd-4f7d-4323-8e88-be427c2afae8,Lagomorpha,1.0,AWC 135,Oryctolagus cuniculus,oryctolagus cuniculus,lagomorpha
03a68d49-7ed2-43d2-b849-4e4ff779f850,sequenceID:c7b5b1d7-c0ce-4459-aecd-db194aaab49b,c7b5b1d7-c0ce-4459-aecd-db194aaab49b,c7b5b1d7-c0ce-4459-aecd-db194aaab49b,6c6be1fd-4f7d-4323-8e88-be427c2afae8,Lagomorpha,0.99,AWC 135,Oryctolagus cuniculus,oryctolagus cuniculus,lagomorpha
65e97493-3bca-4895-a742-ad101a283b10,sequenceID:f0be25ce-6668-41cb-b3fe-b4a8c3ba169b,f0be25ce-6668-41cb-b3fe-b4a8c3ba169b,f0be25ce-6668-41cb-b3fe-b4a8c3ba169b,6c6be1fd-4f7d-4323-8e88-be427c2afae8,Lagomorpha,0.99,AWC 135,Oryctolagus cuniculus,oryctolagus cuniculus,lagomorpha
e0ddc8c7-43f4-4560-9509-4f2ad8c1b1b8,sequenceID:ccb51508-d09c-421c-9f28-4e1edae4b669,ccb51508-d09c-421c-9f28-4e1edae4b669,ccb51508-d09c-421c-9f28-4e1edae4b669,6c6be1fd-4f7d-4323-8e88-be427c2afae8,Lagomorpha,1.0,AWC 135,Oryctolagus cuniculus,oryctolagus cuniculus,lagomorpha
948e56b3-164f-4ab5-bd94-e6a88c53f29f,sequenceID:58192fe1-2556-49b9-b420-f78ce333722b,58192fe1-2556-49b9-b420-f78ce333722b,58192fe1-2556-49b9-b420-f78ce333722b,6c6be1fd-4f7d-4323-8e88-be427c2afae8,Lagomorpha,1.0,AWC 135,Oryctolagus cuniculus,oryctolagus cuniculus,lagomorpha
6ca5a58e-dc8f-4cbd-8c1a-28a6d5e9e145,sequenceID:c6ba5cb5-1d6b-4ca4-abf2-eccd5b43171b,c6ba5cb5-1d6b-4ca4-abf2-eccd5b43171b,c6ba5cb5-1d6b-4ca4-abf2-eccd5b43171b,6c6be1fd-4f7d-4323-8e88-be427c2afae8,Lagomorpha,1.0,AWC 135,Oryctolagus cuniculus,oryctolagus cuniculus,lagomorpha
231202a8-99d0-43c7-b98a-8cfd4244690f,sequenceID:ecbd9cb9-de53-4840-b2f1-7b8b6e206dc3,ecbd9cb9-de53-4840-b2f1-7b8b6e206dc3,ecbd9cb9-de53-4840-b2f1-7b8b6e206dc3,6c6be1fd-4f7d-4323-8e88-be427c2afae8,Lagomorpha,1.0,AWC 135,Oryctolagus cuniculus,oryctolagus cuniculus,lagomorpha
0f835411-c06c-4af2-acad-1d5dd2f9b0a3,sequenceID:b3c0e91c-b360-4933-b956-99d0b76b0f50,b3c0e91c-b360-4933-b956-99d0b76b0f50,b3c0e91c-b360-4933-b956-99d0b76b0f50,6c6be1fd-4f7d-4323-8e88-be427c2afae8,Lagomorpha,1.0,AWC 135,Oryctolagus cuniculus,oryctolagus cuniculus,lagomorpha
ca058620-6ab5-4f4f-970c-44e67bd6e7e9,sequenceID:7ee6fe31-c02a-4c97-9111-d6b11ab08002,7ee6fe31-c02a-4c97-9111-d6b11ab08002,7ee6fe31-c02a-4c97-9111-d6b11ab08002,6c6be1fd-4f7d-4323-8e88-be427c2afae8,Lagomorpha,0.99,AWC 135,Oryctolagus cuniculus,oryctolagus cuniculus,lagomorpha
6e4f4b23-7b83-4654-93ef-40ac88f1d521,sequenceID:26575605-4117-4e82-921e-b6a2689dec21,26575605-4117-4e82-921e-b6a2689dec21,26575605-4117-4e82-921e-b6a2689dec21,6c6be1fd-4f7d-4323-8e88-be427c2afae8,Lagomorpha,0.99,AWC 135,Oryctolagus cuniculus,oryctolagus cuniculus,lagomorpha
346ce456-c887-4d4c-9196-a6e4eb12fe1c,sequenceID:4b1eb901-8b62-431e-90a0-a7608ec4605c,4b1eb901-8b62-431e-90a0-a7608ec4605c,4b1eb901-8b62-431e-90a0-a7608ec4605c,6c6be1fd-4f7d-4323-8e88-be427c2afae8,Lagomorpha,1.0,AWC 135,Oryctolagus cuniculus,oryctolagus cuniculus,lagomorpha
3749cdf4-0489-4117-b88e-c1d15524df5b,sequenceID:74b5445c-7cd1-4150-a5da-b0169b42d07e,74b5445c-7cd1-4150-a5da-b0169b42d07e,74b5445c-7cd1-4150-a5da-b0169b42d07e,6c6be1fd-4f7d-4323-8e88-be427c2afae8,Lagomorpha,0.98,AWC 135,Oryctolagus cuniculus,oryctolagus cuniculus,lagomorpha
c9c1fb67-7e6a-463b-99b4-3068f6ccf871,sequenceID:8b8a89db-a48d-4a6e-b2d5-cea5a3647f81,8b8a89db-a48d-4a6e-b2d5-cea5a3647f81,8b8a89db-a48d-4a6e-b2d5-cea5a3647f81,6c6be1fd-4f7d-4323-8e88-be427c2afae8,Lagomorpha,0.99,AWC 135,Oryctolagus cuniculus,oryctolagus cuniculus,lagomorpha
24fc9f04-a0a8-4af4-9a1c-607e372f3d21,sequenceID:66b2aea0-062c-47a2-b8bb-d7002f2900db,66b2aea0-062c-47a2-b8bb-d7002f2900db,66b2aea0-062c-47a2-b8bb-d7002f2900db,6c6be1fd-4f7d-4323-8e88-be427c2afae8,Lagomorpha,0.99,AWC 135,Oryctolagus cuniculus,oryctolagus cuniculus,lagomorpha
aa4649e7-5921-4648-a295-01ea674aa9b2,sequenceID:e88dceb6-1d93-4ea5-9395-08ecb9c563e4,e88dceb6-1d93-4ea5-9395-08ecb9c563e4,e88dceb6-1d93-4ea5-9395-08ecb9c563e4,6c6be1fd-4f7d-4323-8e88-be427c2afae8,Lagomorpha,1.0,AWC 135,Oryctolagus cuniculus,oryctolagus cuniculus,lagomorpha
812cabae-193d-4b16-967a-d38c2b24a18b,sequenceID:efc21677-3bf2-4e80-84ef-79d28223f5c5,efc21677-3bf2-4e80-84ef-79d28223f5c5,efc21677-3bf2-4e80-84ef-79d28223f5c5,6c6be1fd-4f7d-4323-8e88-be427c2afae8,Lagomorpha,1.0,AWC 135,Oryctolagus cuniculus,oryctolagus cuniculus,lagomorpha
89d91e64-f53e-4378-ab45-a0bd9ff6c6ca,sequenceID:7ceebadd-d712-4e64-b6a9-bdcfd6852d4c,7ceebadd-d712-4e64-b6a9-bdcfd6852d4c,7ceebadd-d712-4e64-b6a9-bdcfd6852d4c,6c6be1fd-4f7d-4323-8e88-be427c2afae8,Lagomorpha,1.0,AWC 135,Oryctolagus cuniculus,oryctolagus cuniculus,lagomorpha
d4a328eb-aadd-45c8-bda0-a7595386fd92,sequenceID:671b4a7b-5e75-48ed-888f-11c532f30cfb,671b4a7b-5e75-48ed-888f-11c532f30cfb,671b4a7b-5e75-48ed-888f-11c532f30cfb,6c6be1fd-4f7d-4323-8e88-be427c2afae8,Lagomorpha,1.0,AWC 135,Oryctolagus cuniculus,oryctolagus cuniculus,lagomorpha
df7662ba-ccb6-4561-9be3-631f06e22f37,sequenceID:5d7e9084-ea01-48be-872a-7254f8f2a1cf,5d7e9084-ea01-48be-872a-7254f8f2a1cf,5d7e9084-ea01-48be-872a-7254f8f2a1cf,6c6be1fd-4f7d-4323-8e88-be427c2afae8,Lagomorpha,0.99,AWC 135,Oryctolagus cuniculus,oryctolagus cuniculus,lagomorpha
b28fa3fa-a3ef-4a62-afc8-b357734cf289,sequenceID:5838a869-cef5-465a-86a8-dc6fc763ef4d,5838a869-cef5-465a-86a8-dc6fc763ef4d,5838a869-cef5-465a-86a8-dc6fc763ef4d,6c6be1fd-4f7d-4323-8e88-be427c2afae8,Lagomorpha,0.95,AWC 135,Oryctolagus cuniculus,oryctolagus cuniculus,lagomorpha
3283bf02-acc7-4eb0-ae04-103a88da6538,sequenceID:51bf4965-cf1f-434f-913c-9cdaec2df290,51bf4965-cf1f-434f-913c-9cdaec2df290,51bf4965-cf1f-434f-913c-9cdaec2df290,6c6be1fd-4f7d-4323-8e88-be427c2afae8,Lagomorpha,1.0,AWC 135,Oryctolagus cuniculus,oryctolagus cuniculus,lagomorpha
df947d98-01db-42f8-a448-e416f05554a1,sequenceID:70a22ed5-8445-4a3e-b47b-4a9982252fd9,70a22ed5-8445-4a3e-b47b-4a9982252fd9,70a22ed5-8445-4a3e-b47b-4a9982252fd9,6c6be1fd-4f7d-4323-8e88-be427c2afae8,Lagomorpha,1.0,AWC 135,Oryctolagus cuniculus,oryctolagus cuniculus,lagomorpha
bfc317c1-9856-48d8-b7d9-0dc05aafc333,sequenceID:70a22ed5-8445-4a3e-b47b-4a9982252fd9,70a22ed5-8445-4a3e-b47b-4a9982252fd9,70a22ed5-8445-4a3e-b47b-4a9982252fd9,6c6be1fd-4f7d-4323-8e88-be427c2afae8,Lagomorpha,1.0,AWC 135,Oryctolagus cuniculus,oryctolagus cuniculus,lagomorpha
8cf8baf8-c3ac-4601-a3d1-74be8d8e0c37,sequenceID:47ecaa61-cf76-4e94-be38-b15c9eb70c50,47ecaa61-cf76-4e94-be38-b15c9eb70c50,47ecaa61-cf76-4e94-be38-b15c9eb70c50,6c6be1fd-4f7d-4323-8e88-be427c2afae8,Lagomorpha,1.0,AWC 135,Oryctolagus cuniculus,oryctolagus cuniculus,lagomorpha
c285e8e9-216d-4f73-a2e0-552777d2982d,sequenceID:9cdeb26c-1663-46ab-9a36-b1e889503fea,9cdeb26c-1663-46ab-9a36-b1e889503fea,9cdeb26c-1663-46ab-9a36-b1e889503fea,6c6be1fd-4f7d-4323-8e88-be427c2afae8,Lagomorpha,0.99,AWC 135,Oryctolagus cuniculus,oryctolagus cuniculus,lagomorpha
7c342b5d-ce05-4b7b-a56f-c0b0a68e9eee,sequenceID:a9f99f01-b300-451c-99e9-64e6802fb958,a9f99f01-b300-451c-99e9-64e6802fb958,a9f99f01-b300-451c-99e9-64e6802fb958,6c6be1fd-4f7d-4323-8e88-be427c2afae8,Lagomorpha,1.0,AWC 135,Oryctolagus cuniculus,oryctolagus cuniculus,lagomorpha
45fad9ab-6bd1-42dc-80cb-0fe9cfa1234c,sequenceID:2bb44e66-42ac-48a2-868c-c4c11ef0e5a8,2bb44e66-42ac-48a2-868c-c4c11ef0e5a8,2bb44e66-42ac-48a2-868c-c4c11ef0e5a8,6c6be1fd-4f7d-4323-8e88-be427c2afae8,Lagomorpha,1.0,AWC 135,Oryctolagus cuniculus,oryctolagus cuniculus,lagomorpha
5df95887-6d5a-4ab4-b6f2-0c3398097fd6,sequenceID:6627271b-64e1-4f27-9a84-d8f7f3c565ca,6627271b-64e1-4f27-9a84-d8f7f3c565ca,6627271b-64e1-4f27-9a84-d8f7f3c565ca,6c6be1fd-4f7d-4323-8e88-be427c2afae8,Lagomorpha,0.98,AWC 135,Oryctolagus cuniculus,oryctolagus cuniculus,lagomorpha
991c316f-8dfa-4d6b-a847-2e648db0c609,sequenceID:c9957b24-7930-401c-a27d-60911bf719b2,c9957b24-7930-401c-a27d-60911bf719b2,c9957b24-7930-401c-a27d-60911bf719b2,6c6be1fd-4f7d-4323-8e88-be427c2afae8,Lagomorpha,1.0,AWC 135,Oryctolagus cuniculus,oryctolagus cuniculus,lagomorpha
015e064e-32cd-4a8e-a81e-08baa243aebe,sequenceID:23921eaa-ddce-4a80-80a2-bf4d60059364,23921eaa-ddce-4a80-80a2-bf4d60059364,23921eaa-ddce-4a80-80a2-bf4d60059364,6c6be1fd-4f7d-4323-8e88-be427c2afae8,Lagomorpha,1.0,AWC 135,Oryctolagus cuniculus,oryctolagus cuniculus,lagomorpha
1103aaca-4984-4f33-90ba-92f097d75a55,sequenceID:8f28419d-71d8-455e-a883-ce5c2bcd647b,8f28419d-71d8-455e-a883-ce5c2bcd647b,8f28419d-71d8-455e-a883-ce5c2bcd647b,6c6be1fd-4f7d-4323-8e88-be427c2afae8,Lagomorpha,1.0,AWC 135,Oryctolagus cuniculus,oryctolagus cuniculus,lagomorpha
3db02f86-7a05-4e91-b737-cb7c7dc2b255,sequenceID:00bfa0bc-cb1a-43d6-a110-a41e3452c39c,00bfa0bc-cb1a-43d6-a110-a41e3452c39c,00bfa0bc-cb1a-43d6-a110-a41e3452c39c,6c6be1fd-4f7d-4323-8e88-be427c2afae8,Lagomorpha,1.0,AWC 135,Oryctolagus cuniculus,oryctolagus cuniculus,lagomorpha
26cce18a-22ba-403b-bbc4-c032d557951d,sequenceID:1f5725bc-238c-49e8-a2ab-0d3b48776254,1f5725bc-238c-49e8-a2ab-0d3b48776254,1f5725bc-238c-49e8-a2ab-0d3b48776254,6c6be1fd-4f7d-4323-8e88-be427c2afae8,Lagomorpha,1.0,AWC 135,Oryctolagus cuniculus,oryctolagus cuniculus,lagomorpha
1fd0ecee-4fb1-4e42-9f44-aac2fe7c814b,sequenceID:cfb79fa2-7648-4113-91a3-bdb755f3c887,cfb79fa2-7648-4113-91a3-bdb755f3c887,cfb79fa2-7648-4113-91a3-bdb755f3c887,6c6be1fd-4f7d-4323-8e88-be427c2afae8,Lagomorpha,1.0,AWC 135,Oryctolagus cuniculus,oryctolagus cuniculus,lagomorpha
661b9e2f-61a1-4b36-a019-6fa3b8fdd82a,sequenceID:edb941f1-1561-4933-a787-9a0f013a8d65,edb941f1-1561-4933-a787-9a0f013a8d65,edb941f1-1561-4933-a787-9a0f013a8d65,6c6be1fd-4f7d-4323-8e88-be427c2afae8,Lagomorpha,0.99,AWC 135,Oryctolagus cuniculus,oryctolagus cuniculus,lagomorpha
9b3ad206-8006-49bd-9f1f-811982e4afef,sequenceID:777fe616-2366-45e2-a4e2-c1bfb5bc264e,777fe616-2366-45e2-a4e2-c1bfb5bc264e,777fe616-2366-45e2-a4e2-c1bfb5bc264e,6c6be1fd-4f7d-4323-8e88-be427c2afae8,Lagomorpha,0.99,AWC 135,Oryctolagus cuniculus,oryctolagus cuniculus,lagomorpha
26a7b774-d4e7-418c-b6a8-f45df14ea736,sequenceID:02902cd6-689e-4008-aeaf-44bc9b9dcb69,02902cd6-689e-4008-aeaf-44bc9b9dcb69,02902cd6-689e-4008-aeaf-44bc9b9dcb69,6c6be1fd-4f7d-4323-8e88-be427c2afae8,Lagomorpha,1.0,AWC 135,Oryctolagus cuniculus,oryctolagus cuniculus,lagomorpha
db8263b8-2a28-4f61-b717-25e238511ffa,sequenceID:01e4ca1b-11e3-472a-8982-d1515c563369,01e4ca1b-11e3-472a-8982-d1515c563369,01e4ca1b-11e3-472a-8982-d1515c563369,6c6be1fd-4f7d-4323-8e88-be427c2afae8,Lagomorpha,1.0,AWC 135,Oryctolagus cuniculus,oryctolagus cuniculus,lagomorpha
da093d13-8bac-4767-acdf-dabd63012045,sequenceID:b46cde52-9c47-4cd8-bf64-b621e7faca80,b46cde52-9c47-4cd8-bf64-b621e7faca80,b46cde52-9c47-4cd8-bf64-b621e7faca80,6c6be1fd-4f7d-4323-8e88-be427c2afae8,Lagomorpha,1.0,AWC 135,Oryctolagus cuniculus,oryctolagus cuniculus,lagomorpha
f3b14472-9258-4c41-b987-d316bbd35fca,sequenceID:b46cde52-9c47-4cd8-bf64-b621e7faca80,b46cde52-9c47-4cd8-bf64-b621e7faca80,b46cde52-9c47-4cd8-bf64-b621e7faca80,6c6be1fd-4f7d-4323-8e88-be427c2afae8,Lagomorpha,1.0,AWC 135,Oryctolagus cuniculus,oryctolagus cuniculus,lagomorpha
186267a6-0370-4ad8-8d9e-067fd3a0e2d3,sequenceID:f96ba7cb-c35b-4543-9c7d-1f1bd3024b33,f96ba7cb-c35b-4543-9c7d-1f1bd3024b33,f96ba7cb-c35b-4543-9c7d-1f1bd3024b33,6c6be1fd-4f7d-4323-8e88-be427c2afae8,Lagomorpha,0.99,AWC 135,Oryctolagus cuniculus,oryctolagus cuniculus,lagomorpha
7f988edd-b356-4cbd-a047-3172103fb6da,sequenceID:560a6539-4b4c-4585-b4d5-deef5d068dfa,560a6539-4b4c-4585-b4d5-deef5d068dfa,560a6539-4b4c-4585-b4d5-deef5d068dfa,6c6be1fd-4f7d-4323-8e88-be427c2afae8,Lagomorpha,1.0,AWC 135,Oryctolagus cuniculus,oryctolagus cuniculus,lagomorpha
da2640ef-18a3-4e92-a1ec-47c6f87939d8,sequenceID:560a6539-4b4c-4585-b4d5-deef5d068dfa,560a6539-4b4c-4585-b4d5-deef5d068dfa,560a6539-4b4c-4585-b4d5-deef5d068dfa,6c6be1fd-4f7d-4323-8e88-be427c2afae8,Lagomorpha,1.0,AWC 135,Oryctolagus cuniculus,oryctolagus cuniculus,lagomorpha
949ea63e-f142-4b69-a4d3-cea12c19e78f,sequenceID:f0633ce1-a8b8-4ae1-b788-98a0c710c222,f0633ce1-a8b8-4ae1-b788-98a0c710c222,f0633ce1-a8b8-4ae1-b788-98a0c710c222,6c6be1fd-4f7d-4323-8e88-be427c2afae8,Lagomorpha,1.0,AWC 135,Oryctolagus cuniculus,oryctolagus cuniculus,lagomorpha
0c2380cf-2533-4921-b2b6-edbe8ebfb5b1,sequenceID:a5c41ac0-3835-4696-a254-17eeda6a9f11,a5c41ac0-3835-4696-a254-17eeda6a9f11,a5c41ac0-3835-4696-a254-17eeda6a9f11,6c6be1fd-4f7d-4323-8e88-be427c2afae8,Lagomorpha,1.0,AWC 135,Oryctolagus cuniculus,oryctolagus cuniculus,lagomorpha
ec9467fc-28b9-4a4a-9a89-310f3d62fb47,sequenceID:2e4e25a6-5b28-4c01-ba8c-a80925469eac,2e4e25a6-5b28-4c01-ba8c-a80925469eac,2e4e25a6-5b28-4c01-ba8c-a80925469eac,6c6be1fd-4f7d-4323-8e88-be427c2afae8,Lagomorpha,0.84,AWC 135,Oryctolagus cuniculus,oryctolagus cuniculus,lagomorpha
ada3d8bb-975b-4883-9678-bf33ec2a13d6,sequenceID:590cba39-8603-4776-8d42-aa1b53030a32,590cba39-8603-4776-8d42-aa1b53030a32,590cba39-8603-4776-8d42-aa1b53030a32,6c6be1fd-4f7d-4323-8e88-be427c2afae8,Lagomorpha,1.0,AWC 135,Oryctolagus cuniculus,oryctolagus cuniculus,lagomorpha
61826e1d-4644-48c1-ac3e-5925b78e49e8,sequenceID:6478da5c-741c-4bb9-ae43-ed1e6547335e,6478da5c-741c-4bb9-ae43-ed1e6547335e,6478da5c-741c-4bb9-ae43-ed1e6547335e,6c6be1fd-4f7d-4323-8e88-be427c2afae8,Lagomorpha,0.99,AWC 135,Oryctolagus cuniculus,oryctolagus cuniculus,lagomorpha
64825bd9-99df-4761-bb39-c4d313459ecc,sequenceID:90456a03-902f-49aa-b355-00f8d3f95e55,90456a03-902f-49aa-b355-00f8d3f95e55,90456a03-902f-49aa-b355-00f8d3f95e55,6c6be1fd-4f7d-4323-8e88-be427c2afae8,Lagomorpha,1.0,AWC 135,Oryctolagus cuniculus,oryctolagus cuniculus,lagomorpha
6fe413a7-0227-4a34-9f32-6ca7495759d0,sequenceID:a784e23a-f2b3-49ca-a5b3-4027ab50a8ca,a784e23a-f2b3-49ca-a5b3-4027ab50a8ca,a784e23a-f2b3-49ca-a5b3-4027ab50a8ca,6c6be1fd-4f7d-4323-8e88-be427c2afae8,Lagomorpha,1.0,AWC 135,Oryctolagus cuniculus,oryctolagus cuniculus,lagomorpha
c44dfeb3-745f-407f-b7d9-d60134aa9bad,sequenceID:6dac263c-40f3-48dc-9077-35dff7134f99,6dac263c-40f3-48dc-9077-35dff7134f99,6dac263c-40f3-48dc-9077-35dff7134f99,6c6be1fd-4f7d-4323-8e88-be427c2afae8,Lagomorpha,1.0,AWC 135,Oryctolagus cuniculus,oryctolagus cuniculus,lagomorpha
ec6f57f3-54b2-4778-a987-103c312ce97c,sequenceID:6e6c5405-ac8d-4147-b736-2b0ef053938c,6e6c5405-ac8d-4147-b736-2b0ef053938c,6e6c5405-ac8d-4147-b736-2b0ef053938c,6c6be1fd-4f7d-4323-8e88-be427c2afae8,Lagomorpha,0.99,AWC 135,Oryctolagus cuniculus,oryctolagus cuniculus,lagomorpha
cf6e7c5b-233f-488d-a458-48611325b225,sequenceID:fd8fdac2-3979-48d6-afe2-fff175689f8b,fd8fdac2-3979-48d6-afe2-fff175689f8b,fd8fdac2-3979-48d6-afe2-fff175689f8b,6c6be1fd-4f7d-4323-8e88-be427c2afae8,Lagomorpha,1.0,AWC 135,Oryctolagus cuniculus,oryctolagus cuniculus,lagomorpha
3ccfdbb5-0814-4649-9f78-2cd387cc266f,sequenceID:56e3927a-05eb-4484-83e9-65797c15eb2f,56e3927a-05eb-4484-83e9-65797c15eb2f,56e3927a-05eb-4484-83e9-65797c15eb2f,6c6be1fd-4f7d-4323-8e88-be427c2afae8,Lagomorpha,1.0,AWC 135,Oryctolagus cuniculus,oryctolagus cuniculus,lagomorpha
863bb540-72ef-44b9-a957-6e84adcbc428,sequenceID:a5a21f42-7e57-44de-8bb0-8a144e817ec5,a5a21f42-7e57-44de-8bb0-8a144e817ec5,a5a21f42-7e57-44de-8bb0-8a144e817ec5,6c6be1fd-4f7d-4323-8e88-be427c2afae8,Lagomorpha,1.0,AWC 135,Oryctolagus cuniculus,oryctolagus cuniculus,lagomorpha
45823bd6-96d8-43cb-b31f-648d36e34bab,sequenceID:80bb5607-6bd6-4ec8-8e56-bc60669f1207,80bb5607-6bd6-4ec8-8e56-bc60669f1207,80bb5607-6bd6-4ec8-8e56-bc60669f1207,6c6be1fd-4f7d-4323-8e88-be427c2afae8,Lagomorpha,0.99,AWC 135,Oryctolagus cuniculus,oryctolagus cuniculus,lagomorpha
99ff1efa-ef30-4bc2-a67a-0f67dc78ff3e,sequenceID:b24c3561-2c05-4e84-b4aa-c594c531dfc4,b24c3561-2c05-4e84-b4aa-c594c531dfc4,b24c3561-2c05-4e84-b4aa-c594c531dfc4,6c6be1fd-4f7d-4323-8e88-be427c2afae8,Lagomorpha,1.0,AWC 135,Oryctolagus cuniculus,oryctolagus cuniculus,lagomorpha
57ffad91-4c4c-4297-b584-d0ae8e8a6d0f,sequenceID:72f2b64a-0c21-4ab1-8de7-c0f638a9bf7d,72f2b64a-0c21-4ab1-8de7-c0f638a9bf7d,72f2b64a-0c21-4ab1-8de7-c0f638a9bf7d,6c6be1fd-4f7d-4323-8e88-be427c2afae8,Lagomorpha,1.0,AWC 135,Oryctolagus cuniculus,oryctolagus cuniculus,lagomorpha
d902684f-a330-47b3-a120-56812ccfaaf0,sequenceID:661271d3-c924-46a1-8877-c0e8f280f2d9,661271d3-c924-46a1-8877-c0e8f280f2d9,661271d3-c924-46a1-8877-c0e8f280f2d9,6c6be1fd-4f7d-4323-8e88-be427c2afae8,Macrotis lagotis,0.98,AWC 135,Oryctolagus cuniculus,oryctolagus cuniculus,macrotis lagotis
7ee13e03-c106-4eb9-adbb-fbc74435b5e3,sequenceID:a02da8f6-c2fb-4e5b-9afe-f1a1945fe6ba,a02da8f6-c2fb-4e5b-9afe-f1a1945fe6ba,a02da8f6-c2fb-4e5b-9afe-f1a1945fe6ba,6c6be1fd-4f7d-4323-8e88-be427c2afae8,Lagomorpha,1.0,AWC 135,Oryctolagus cuniculus,oryctolagus cuniculus,lagomorpha
23c776b7-185b-42b4-9d4a-7cbe2c2bd772,sequenceID:70571d23-f371-44aa-9f80-ee29195c6fc1,70571d23-f371-44aa-9f80-ee29195c6fc1,70571d23-f371-44aa-9f80-ee29195c6fc1,6c6be1fd-4f7d-4323-8e88-be427c2afae8,Lagomorpha,0.99,AWC 135,Oryctolagus cuniculus,oryctolagus cuniculus,lagomorpha
1664eda0-ee65-404f-b3db-3459c6767d4f,sequenceID:5958b43d-8712-4fca-bd1a-f86e69bafac3,5958b43d-8712-4fca-bd1a-f86e69bafac3,5958b43d-8712-4fca-bd1a-f86e69bafac3,6c6be1fd-4f7d-4323-8e88-be427c2afae8,Lagomorpha,1.0,AWC 135,Oryctolagus cuniculus,oryctolagus cuniculus,lagomorpha
45216257-6e77-4ef4-9ca1-60467c75e8b3,sequenceID:a8bb9539-58ea-4516-9944-521a161a9088,a8bb9539-58ea-4516-9944-521a161a9088,a8bb9539-58ea-4516-9944-521a161a9088,6c6be1fd-4f7d-4323-8e88-be427c2afae8,Lagomorpha,1.0,AWC 135,Oryctolagus cuniculus,oryctolagus cuniculus,lagomorpha
db9722c0-791a-42d4-ba1d-8928704d182d,sequenceID:1cc55896-cf29-47d6-a2b4-06494896f804,1cc55896-cf29-47d6-a2b4-06494896f804,1cc55896-cf29-47d6-a2b4-06494896f804,6c6be1fd-4f7d-4323-8e88-be427c2afae8,Lagomorpha,1.0,AWC 135,Oryctolagus cuniculus,oryctolagus cuniculus,lagomorpha
0c2c26f0-9eab-48c0-a361-6f0a1d66160e,sequenceID:1d57243c-c979-4750-b8b5-43551d9f296f,1d57243c-c979-4750-b8b5-43551d9f296f,1d57243c-c979-4750-b8b5-43551d9f296f,6c6be1fd-4f7d-4323-8e88-be427c2afae8,Lagomorpha,1.0,AWC 135,Oryctolagus cuniculus,oryctolagus cuniculus,lagomorpha
f775dafe-1cd7-4456-a3d4-346494220fd8,sequenceID:1d57243c-c979-4750-b8b5-43551d9f296f,1d57243c-c979-4750-b8b5-43551d9f296f,1d57243c-c979-4750-b8b5-43551d9f296f,6c6be1fd-4f7d-4323-8e88-be427c2afae8,Lagomorpha,1.0,AWC 135,Oryctolagus cuniculus,oryctolagus cuniculus,lagomorpha
5d6c475b-44c5-404a-94cf-e7f4c7a6aa60,sequenceID:38e54ec3-6fe4-4ce0-ad35-1bb526ebff25,38e54ec3-6fe4-4ce0-ad35-1bb526ebff25,38e54ec3-6fe4-4ce0-ad35-1bb526ebff25,6c6be1fd-4f7d-4323-8e88-be427c2afae8,Lagomorpha,0.99,AWC 135,Oryctolagus cuniculus,oryctolagus cuniculus,lagomorpha
dd91854d-3987-476c-a8ce-e4d433f6a765,sequenceID:41d3be90-a38a-483e-908b-7496d02d9468,41d3be90-a38a-483e-908b-7496d02d9468,41d3be90-a38a-483e-908b-7496d02d9468,6c6be1fd-4f7d-4323-8e88-be427c2afae8,Lagomorpha,0.99,AWC 135,Oryctolagus cuniculus,oryctolagus cuniculus,lagomorpha
3059376e-d952-496b-b12d-dd857af6ad84,sequenceID:2a4e88fd-080a-480b-a86c-85867e75573f,2a4e88fd-080a-480b-a86c-85867e75573f,2a4e88fd-080a-480b-a86c-85867e75573f,6c6be1fd-4f7d-4323-8e88-be427c2afae8,Lagomorpha,1.0,AWC 135,Oryctolagus cuniculus,oryctolagus cuniculus,lagomorpha
e47f5497-f311-4b14-9d36-65c24c30bea7,sequenceID:3e0bb50a-f4b9-490c-bfdd-4d428463c3fa,3e0bb50a-f4b9-490c-bfdd-4d428463c3fa,3e0bb50a-f4b9-490c-bfdd-4d428463c3fa,6c6be1fd-4f7d-4323-8e88-be427c2afae8,Lagomorpha,1.0,AWC 135,Oryctolagus cuniculus,oryctolagus cuniculus,lagomorpha
458079fd-2a17-431b-b9c3-f7d52199b6fe,sequenceID:06c42614-90e5-49ee-942a-476cca0a4f7a,06c42614-90e5-49ee-942a-476cca0a4f7a,06c42614-90e5-49ee-942a-476cca0a4f7a,6c6be1fd-4f7d-4323-8e88-be427c2afae8,Lagomorpha,1.0,AWC 135,Oryctolagus cuniculus,oryctolagus cuniculus,lagomorpha
c18b029d-f868-49e1-8504-c7ae2bc61d68,sequenceID:06c42614-90e5-49ee-942a-476cca0a4f7a,06c42614-90e5-49ee-942a-476cca0a4f7a,06c42614-90e5-49ee-942a-476cca0a4f7a,6c6be1fd-4f7d-4323-8e88-be427c2afae8,Lagomorpha,1.0,AWC 135,Oryctolagus cuniculus,oryctolagus cuniculus,lagomorpha
53e6dea0-8615-41b9-a422-b2d72400e75f,sequenceID:212a6633-99c7-47b9-b35f-68f7ff928ff3,212a6633-99c7-47b9-b35f-68f7ff928ff3,212a6633-99c7-47b9-b35f-68f7ff928ff3,6c6be1fd-4f7d-4323-8e88-be427c2afae8,Lagomorpha,1.0,AWC 135,Oryctolagus cuniculus,oryctolagus cuniculus,lagomorpha
d08e0e8d-248e-4a1a-aeea-e3865d201c6d,sequenceID:0f32d802-486b-4d33-b171-2d72870692f0,0f32d802-486b-4d33-b171-2d72870692f0,0f32d802-486b-4d33-b171-2d72870692f0,6c6be1fd-4f7d-4323-8e88-be427c2afae8,Lagomorpha,1.0,AWC 135,Oryctolagus cuniculus,oryctolagus cuniculus,lagomorpha
1b1c9c53-0b4f-47c7-b217-de4663b372de,sequenceID:11fa1259-3e7e-4fe0-88c7-cd6bd8afce2f,11fa1259-3e7e-4fe0-88c7-cd6bd8afce2f,11fa1259-3e7e-4fe0-88c7-cd6bd8afce2f,6c6be1fd-4f7d-4323-8e88-be427c2afae8,Lagomorpha,0.94,AWC 135,Oryctolagus cuniculus,oryctolagus cuniculus,lagomorpha
2ca2ac3b-f2dc-47ca-ae9c-6e8a801378e6,sequenceID:2cc7f3ed-ef13-46e2-9e92-282ef3f35d42,2cc7f3ed-ef13-46e2-9e92-282ef3f35d42,2cc7f3ed-ef13-46e2-9e92-282ef3f35d42,6c6be1fd-4f7d-4323-8e88-be427c2afae8,Lagomorpha,1.0,AWC 135,Oryctolagus cuniculus,oryctolagus cuniculus,lagomorpha
e19832bc-1578-4bea-a76a-0360bb453be4,sequenceID:cac97075-708c-45cb-a623-621fbccd7f10,cac97075-708c-45cb-a623-621fbccd7f10,cac97075-708c-45cb-a623-621fbccd7f10,6c6be1fd-4f7d-4323-8e88-be427c2afae8,Lagomorpha,1.0,AWC 135,Oryctolagus cuniculus,oryctolagus cuniculus,lagomorpha
ffdfa19c-5ef1-4e75-a19a-892b22a4a729,sequenceID:4c0d40b6-2195-4a3f-a1a4-d218635e6341,4c0d40b6-2195-4a3f-a1a4-d218635e6341,4c0d40b6-2195-4a3f-a1a4-d218635e6341,6c6be1fd-4f7d-4323-8e88-be427c2afae8,Lagomorpha,0.99,AWC 135,Oryctolagus cuniculus,oryctolagus cuniculus,lagomorpha
caf7dffa-2faf-4c77-abd3-9bbe2f8a2ecb,sequenceID:626969e0-da4d-4188-bc87-97341c507c86,626969e0-da4d-4188-bc87-97341c507c86,626969e0-da4d-4188-bc87-97341c507c86,6c6be1fd-4f7d-4323-8e88-be427c2afae8,Lagomorpha,1.0,AWC 135,Oryctolagus cuniculus,oryctolagus cuniculus,lagomorpha
e3ab2c74-2a7b-4b01-ba73-b8818ce29966,sequenceID:86d9348f-3ef8-4d2f-ab2d-998d9f2d4c94,86d9348f-3ef8-4d2f-ab2d-998d9f2d4c94,86d9348f-3ef8-4d2f-ab2d-998d9f2d4c94,6c6be1fd-4f7d-4323-8e88-be427c2afae8,Lagomorpha,0.99,AWC 135,Oryctolagus cuniculus,oryctolagus cuniculus,lagomorpha
ec090ddd-9e27-4678-9261-0cb6eb4be3e5,sequenceID:1ea2b5d3-bf90-40e2-b386-4583948f7571,1ea2b5d3-bf90-40e2-b386-4583948f7571,1ea2b5d3-bf90-40e2-b386-4583948f7571,6c6be1fd-4f7d-4323-8e88-be427c2afae8,Lagomorpha,0.99,AWC 135,Oryctolagus cuniculus,oryctolagus cuniculus,lagomorpha
8fc31e7e-deb3-4644-9042-bbbde02a041c,sequenceID:764cfcfc-dcfd-4111-aaf1-6e89077a18b8,764cfcfc-dcfd-4111-aaf1-6e89077a18b8,764cfcfc-dcfd-4111-aaf1-6e89077a18b8,6c6be1fd-4f7d-4323-8e88-be427c2afae8,Lagomorpha,1.0,AWC 135,Oryctolagus cuniculus,oryctolagus cuniculus,lagomorpha
09cbead7-064c-485f-865f-e28d96c69aaf,sequenceID:ffa305be-6384-49b9-822e-c458955da871,ffa305be-6384-49b9-822e-c458955da871,ffa305be-6384-49b9-822e-c458955da871,6c6be1fd-4f7d-4323-8e88-be427c2afae8,Lagomorpha,1.0,AWC 135,Oryctolagus cuniculus,oryctolagus cuniculus,lagomorpha
3ecf353a-7448-405a-83a7-af813ea07d9f,sequenceID:ffa305be-6384-49b9-822e-c458955da871,ffa305be-6384-49b9-822e-c458955da871,ffa305be-6384-49b9-822e-c458955da871,6c6be1fd-4f7d-4323-8e88-be427c2afae8,Lagomorpha,1.0,AWC 135,Oryctolagus cuniculus,oryctolagus cuniculus,lagomorpha
d694d045-a236-4e44-8201-c5df6d7dd45f,sequenceID:4e578e2b-51cb-49b6-95f4-3e6e73646f01,4e578e2b-51cb-49b6-95f4-3e6e73646f01,4e578e2b-51cb-49b6-95f4-3e6e73646f01,6c6be1fd-4f7d-4323-8e88-be427c2afae8,Lagomorpha,1.0,AWC 135,Oryctolagus cuniculus,oryctolagus cuniculus,lagomorpha
f9ec7ecf-259d-40ae-8687-6d3f1d73e74d,sequenceID:d25977b0-3426-4999-9576-a880f45a6bd5,d25977b0-3426-4999-9576-a880f45a6bd5,d25977b0-3426-4999-9576-a880f45a6bd5,6c6be1fd-4f7d-4323-8e88-be427c2afae8,Lagomorpha,1.0,AWC 135,Oryctolagus cuniculus,oryctolagus cuniculus,lagomorpha
7608317f-a0a3-4bac-80ae-8271ce82c4ed,sequenceID:0a975346-cae5-4fcc-9582-ffac62daa2dd,0a975346-cae5-4fcc-9582-ffac62daa2dd,0a975346-cae5-4fcc-9582-ffac62daa2dd,6c6be1fd-4f7d-4323-8e88-be427c2afae8,Lagomorpha,1.0,AWC 135,Oryctolagus cuniculus,oryctolagus cuniculus,lagomorpha
86709e8e-29c0-43fd-a93a-299a0ea49230,sequenceID:0a975346-cae5-4fcc-9582-ffac62daa2dd,0a975346-cae5-4fcc-9582-ffac62daa2dd,0a975346-cae5-4fcc-9582-ffac62daa2dd,6c6be1fd-4f7d-4323-8e88-be427c2afae8,Lagomorpha,1.0,AWC 135,Oryctolagus cuniculus,oryctolagus cuniculus,lagomorpha
75b83e5f-0701-45b3-8cf7-9b5d28584a49,sequenceID:0cb7f346-a551-4e43-914e-24578ed03b51,0cb7f346-a551-4e43-914e-24578ed03b51,0cb7f346-a551-4e43-914e-24578ed03b51,6c6be1fd-4f7d-4323-8e88-be427c2afae8,Lagomorpha,0.99,AWC 135,Oryctolagus cuniculus,oryctolagus cuniculus,lagomorpha
23ad518f-fe10-430d-a60c-5977639fc454,sequenceID:44ec0779-f39b-42eb-80fc-4309f6916e63,44ec0779-f39b-42eb-80fc-4309f6916e63,44ec0779-f39b-42eb-80fc-4309f6916e63,6c6be1fd-4f7d-4323-8e88-be427c2afae8,Lagomorpha,1.0,AWC 135,Oryctolagus cuniculus,oryctolagus cuniculus,lagomorpha
6efaf51a-0f6e-4ca8-b494-3b725866fa70,sequenceID:4dcbdfc4-6d74-46c4-af4f-0e4b880d7695,4dcbdfc4-6d74-46c4-af4f-0e4b880d7695,4dcbdfc4-6d74-46c4-af4f-0e4b880d7695,6c6be1fd-4f7d-4323-8e88-be427c2afae8,Lagomorpha,0.99,AWC 135,Oryctolagus cuniculus,oryctolagus cuniculus,lagomorpha
efef7aa4-7518-4c00-bfa6-c1fce818c580,sequenceID:44d80b9f-db2e-4b90-b1c5-4977c0dbc46c,44d80b9f-db2e-4b90-b1c5-4977c0dbc46c,44d80b9f-db2e-4b90-b1c5-4977c0dbc46c,6c6be1fd-4f7d-4323-8e88-be427c2afae8,Lagomorpha,1.0,AWC 135,Oryctolagus cuniculus,oryctolagus cuniculus,lagomorpha
f52ade87-b975-4f28-804b-b21717f4283f,sequenceID:1f05edf2-26aa-4874-b002-f7c895714cb2,1f05edf2-26aa-4874-b002-f7c895714cb2,1f05edf2-26aa-4874-b002-f7c895714cb2,6c6be1fd-4f7d-4323-8e88-be427c2afae8,Lagomorpha,1.0,AWC 135,Oryctolagus cuniculus,oryctolagus cuniculus,lagomorpha
3f000d62-75cd-4115-a681-57af5acec382,sequenceID:f512f462-a28a-40cd-8a4b-3356c4082e20,f512f462-a28a-40cd-8a4b-3356c4082e20,f512f462-a28a-40cd-8a4b-3356c4082e20,6c6be1fd-4f7d-4323-8e88-be427c2afae8,Lagomorpha,1.0,AWC 135,Oryctolagus cuniculus,oryctolagus cuniculus,lagomorpha
460b0281-eee5-4f45-87a6-bdfc4f481430,sequenceID:393ee940-021a-4784-9ca5-fab108000ab5,393ee940-021a-4784-9ca5-fab108000ab5,393ee940-021a-4784-9ca5-fab108000ab5,6c6be1fd-4f7d-4323-8e88-be427c2afae8,Lagomorpha,1.0,AWC 135,Oryctolagus cuniculus,oryctolagus cuniculus,lagomorpha
5ff00d05-0b32-4daf-a0b8-a629ad347adb,sequenceID:40e22080-07bc-4382-9af7-a64ff6618b17,40e22080-07bc-4382-9af7-a64ff6618b17,40e22080-07bc-4382-9af7-a64ff6618b17,6c6be1fd-4f7d-4323-8e88-be427c2afae8,Lagomorpha,1.0,AWC 135,Oryctolagus cuniculus,oryctolagus cuniculus,lagomorpha
89dd7133-1cb8-4be0-9279-3cad49b6236b,sequenceID:0d90c6ae-6f85-42b6-8fb4-6786bf867f87,0d90c6ae-6f85-42b6-8fb4-6786bf867f87,0d90c6ae-6f85-42b6-8fb4-6786bf867f87,6c6be1fd-4f7d-4323-8e88-be427c2afae8,Lagomorpha,0.99,AWC 135,Oryctolagus cuniculus,oryctolagus cuniculus,lagomorpha
66718f39-4a4c-4da3-a410-31ceadb7c7bb,sequenceID:d0a1894b-1e98-4468-944e-eedc4d11b370,d0a1894b-1e98-4468-944e-eedc4d11b370,d0a1894b-1e98-4468-944e-eedc4d11b370,6c6be1fd-4f7d-4323-8e88-be427c2afae8,Lagomorpha,1.0,AWC 135,Oryctolagus cuniculus,oryctolagus cuniculus,lagomorpha
f1011d6c-7006-4f25-af51-7cc7d1919cb1,sequenceID:f1cdfb3a-6227-40a9-8382-cf27b06faa7b,f1cdfb3a-6227-40a9-8382-cf27b06faa7b,f1cdfb3a-6227-40a9-8382-cf27b06faa7b,6c6be1fd-4f7d-4323-8e88-be427c2afae8,Lagomorpha,0.99,AWC 135,Oryctolagus cuniculus,oryctolagus cuniculus,lagomorpha
d89b295d-91b9-4a26-9f96-995f64a45c53,sequenceID:92421361-a107-463c-b239-991e9062854e,92421361-a107-463c-b239-991e9062854e,92421361-a107-463c-b239-991e9062854e,6c6be1fd-4f7d-4323-8e88-be427c2afae8,Lagomorpha,1.0,AWC 135,Oryctolagus cuniculus,oryctolagus cuniculus,lagomorpha
941fcf6c-35e1-41e7-9a78-2dce78f671da,sequenceID:92421361-a107-463c-b239-991e9062854e,92421361-a107-463c-b239-991e9062854e,92421361-a107-463c-b239-991e9062854e,6c6be1fd-4f7d-4323-8e88-be427c2afae8,Lagomorpha,1.0,AWC 135,Oryctolagus cuniculus,oryctolagus cuniculus,lagomorpha
e4ed7a93-7017-491b-80fa-79b8149933a4,sequenceID:cb5f6019-a88b-49db-9d5c-d672a16d1728,cb5f6019-a88b-49db-9d5c-d672a16d1728,cb5f6019-a88b-49db-9d5c-d672a16d1728,6c6be1fd-4f7d-4323-8e88-be427c2afae8,Lagomorpha,1.0,AWC 135,Oryctolagus cuniculus,oryctolagus cuniculus,lagomorpha
763924e1-a0fb-48cd-a022-295f308e2e73,sequenceID:97d442fc-1d34-4d86-85f2-b1900de3f8d8,97d442fc-1d34-4d86-85f2-b1900de3f8d8,97d442fc-1d34-4d86-85f2-b1900de3f8d8,6c6be1fd-4f7d-4323-8e88-be427c2afae8,Lagomorpha,0.99,AWC 135,Oryctolagus cuniculus,oryctolagus cuniculus,lagomorpha
0135658b-572b-4381-89b8-0a8c0e02af53,sequenceID:d115aede-3179-4859-aad2-d31cc8ca93f0,d115aede-3179-4859-aad2-d31cc8ca93f0,d115aede-3179-4859-aad2-d31cc8ca93f0,6c6be1fd-4f7d-4323-8e88-be427c2afae8,Lagomorpha,0.92,AWC 135,Oryctolagus cuniculus,oryctolagus cuniculus,lagomorpha
e0f97b85-edf2-405c-8f91-6f52377890c3,sequenceID:4f2ac1f7-d9eb-4963-95e3-d2385dbf6e5f,4f2ac1f7-d9eb-4963-95e3-d2385dbf6e5f,4f2ac1f7-d9eb-4963-95e3-d2385dbf6e5f,6c6be1fd-4f7d-4323-8e88-be427c2afae8,Lagomorpha,0.99,AWC 135,Oryctolagus cuniculus,oryctolagus cuniculus,lagomorpha
4e660487-583e-4ea6-92e7-b89b34ed8425,sequenceID:ecb4a62f-724d-449f-8c9d-0a762bc355d4,ecb4a62f-724d-449f-8c9d-0a762bc355d4,ecb4a62f-724d-449f-8c9d-0a762bc355d4,6c6be1fd-4f7d-4323-8e88-be427c2afae8,Lagomorpha,1.0,AWC 135,Oryctolagus cuniculus,oryctolagus cuniculus,lagomorpha
707fcfc5-9d7e-479f-b313-8f0fd8150f88,sequenceID:0918582d-30c6-4e6e-8a9f-60bee4c25dbc,0918582d-30c6-4e6e-8a9f-60bee4c25dbc,0918582d-30c6-4e6e-8a9f-60bee4c25dbc,6c6be1fd-4f7d-4323-8e88-be427c2afae8,Lagomorpha,1.0,AWC 135,Oryctolagus cuniculus,oryctolagus cuniculus,lagomorpha
9f23978e-80b8-40db-8d4b-4e6eacd12f89,sequenceID:343a5d02-d1ca-42ee-8697-ed876d77faf7,343a5d02-d1ca-42ee-8697-ed876d77faf7,343a5d02-d1ca-42ee-8697-ed876d77faf7,6c6be1fd-4f7d-4323-8e88-be427c2afae8,Lagomorpha,0.99,AWC 135,Oryctolagus cuniculus,oryctolagus cuniculus,lagomorpha
248a5703-7ae8-41a8-91e8-7a7dc68f1e51,sequenceID:84f95602-a875-4db6-8b8d-b858e1818f90,84f95602-a875-4db6-8b8d-b858e1818f90,84f95602-a875-4db6-8b8d-b858e1818f90,6c6be1fd-4f7d-4323-8e88-be427c2afae8,Lagomorpha,1.0,AWC 135,Oryctolagus cuniculus,oryctolagus cuniculus,lagomorpha
ee078e58-cee1-4f84-85b4-b2f649dd580b,sequenceID:6e063bb0-73ea-49f4-9cd0-a1a86ab9e1e8,6e063bb0-73ea-49f4-9cd0-a1a86ab9e1e8,6e063bb0-73ea-49f4-9cd0-a1a86ab9e1e8,6c6be1fd-4f7d-4323-8e88-be427c2afae8,Lagomorpha,0.99,AWC 135,Oryctolagus cuniculus,oryctolagus cuniculus,lagomorpha
20b901ce-4044-4078-9d6b-f9a8799ce672,sequenceID:bf4499a8-662a-4219-be56-05ec4a30ed06,bf4499a8-662a-4219-be56-05ec4a30ed06,bf4499a8-662a-4219-be56-05ec4a30ed06,6c6be1fd-4f7d-4323-8e88-be427c2afae8,Lagomorpha,1.0,AWC 135,Oryctolagus cuniculus,oryctolagus cuniculus,lagomorpha
0d543804-f565-4988-b7a8-788509b5102f,sequenceID:f4237b8b-bbd0-4fac-8529-32dc4d860a98,f4237b8b-bbd0-4fac-8529-32dc4d860a98,f4237b8b-bbd0-4fac-8529-32dc4d860a98,6c6be1fd-4f7d-4323-8e88-be427c2afae8,Lagomorpha,1.0,AWC 135,Oryctolagus cuniculus,oryctolagus cuniculus,lagomorpha
6277baf9-479e-4992-9b35-3376488c4dea,sequenceID:559d7afb-d7bf-4cd9-a197-cdd3a54f5636,559d7afb-d7bf-4cd9-a197-cdd3a54f5636,559d7afb-d7bf-4cd9-a197-cdd3a54f5636,6c6be1fd-4f7d-4323-8e88-be427c2afae8,Lagomorpha,1.0,AWC 135,Oryctolagus cuniculus,oryctolagus cuniculus,lagomorpha
55239da5-56bb-44f1-8f85-3788275d94cf,sequenceID:e223e0e1-223c-4f9d-893b-f7862c06e179,e223e0e1-223c-4f9d-893b-f7862c06e179,e223e0e1-223c-4f9d-893b-f7862c06e179,6c6be1fd-4f7d-4323-8e88-be427c2afae8,Lagomorpha,1.0,AWC 135,Oryctolagus cuniculus,oryctolagus cuniculus,lagomorpha
c9752141-9e0d-46e0-9997-ace616ebd9f1,sequenceID:562a74f9-af2a-4a2b-b147-69ad5e82829d,562a74f9-af2a-4a2b-b147-69ad5e82829d,562a74f9-af2a-4a2b-b147-69ad5e82829d,6c6be1fd-4f7d-4323-8e88-be427c2afae8,Lagomorpha,0.99,AWC 135,Oryctolagus cuniculus,oryctolagus cuniculus,lagomorpha
a9d0506d-7416-4ebb-9bac-5d89ef51be9b,sequenceID:562a74f9-af2a-4a2b-b147-69ad5e82829d,562a74f9-af2a-4a2b-b147-69ad5e82829d,562a74f9-af2a-4a2b-b147-69ad5e82829d,6c6be1fd-4f7d-4323-8e88-be427c2afae8,Lagomorpha,0.99,AWC 135,Oryctolagus cuniculus,oryctolagus cuniculus,lagomorpha
9804bde6-56b2-433b-bb83-327b28034034,sequenceID:98aaa29a-6854-4dec-aa36-d05255c959fa,98aaa29a-6854-4dec-aa36-d05255c959fa,98aaa29a-6854-4dec-aa36-d05255c959fa,6c6be1fd-4f7d-4323-8e88-be427c2afae8,Lagomorpha,0.99,AWC 135,Oryctolagus cuniculus,oryctolagus cuniculus,lagomorpha
4c249c60-29fa-4a5d-8441-1669c8ee44ef,sequenceID:393a21f6-a019-4d8f-9c88-154b29a93d32,393a21f6-a019-4d8f-9c88-154b29a93d32,393a21f6-a019-4d8f-9c88-154b29a93d32,6c6be1fd-4f7d-4323-8e88-be427c2afae8,Lagomorpha,0.98,AWC 135,Oryctolagus cuniculus,oryctolagus cuniculus,lagomorpha
5d523f9c-8156-4d7e-8ebd-6338ee2ae635,sequenceID:fe186f73-b6da-4b8d-8e22-ef42254ad6f7,fe186f73-b6da-4b8d-8e22-ef42254ad6f7,fe186f73-b6da-4b8d-8e22-ef42254ad6f7,6c6be1fd-4f7d-4323-8e88-be427c2afae8,Lagomorpha,0.99,AWC 135,Oryctolagus cuniculus,oryctolagus cuniculus,lagomorpha
329a4920-be91-4846-8af6-f8873d2d99a9,sequenceID:62b48cdc-7d6d-452b-b8be-f705020b5976,62b48cdc-7d6d-452b-b8be-f705020b5976,62b48cdc-7d6d-452b-b8be-f705020b5976,6c6be1fd-4f7d-4323-8e88-be427c2afae8,Lagomorpha,1.0,AWC 135,Oryctolagus cuniculus,oryctolagus cuniculus,lagomorpha
5235b922-1580-4296-94a3-18a0a3e7ae80,sequenceID:ad32c5a7-bbed-4bc2-aeb4-cfa5d68e22e1,ad32c5a7-bbed-4bc2-aeb4-cfa5d68e22e1,ad32c5a7-bbed-4bc2-aeb4-cfa5d68e22e1,6c6be1fd-4f7d-4323-8e88-be427c2afae8,Lagomorpha,0.99,AWC 135,Oryctolagus cuniculus,oryctolagus cuniculus,lagomorpha
9d43ea0a-84f6-4c77-b1d6-16b9860fade7,sequenceID:67a48b15-3dca-40ef-a79b-1a2ce6d6185b,67a48b15-3dca-40ef-a79b-1a2ce6d6185b,67a48b15-3dca-40ef-a79b-1a2ce6d6185b,6c6be1fd-4f7d-4323-8e88-be427c2afae8,Lagomorpha,1.0,AWC 135,Oryctolagus cuniculus,oryctolagus cuniculus,lagomorpha
d6c4377c-22e1-4f0f-bb33-3357010a4789,sequenceID:d2842251-d949-4f9f-bf15-d5b18673059f,d2842251-d949-4f9f-bf15-d5b18673059f,d2842251-d949-4f9f-bf15-d5b18673059f,6c6be1fd-4f7d-4323-8e88-be427c2afae8,Lagomorpha,1.0,AWC 135,Oryctolagus cuniculus,oryctolagus cuniculus,lagomorpha
14e1779f-8e34-456a-b915-4a2f4a3f86e5,sequenceID:181b2d62-7732-4175-b6cf-2d99864769d5,181b2d62-7732-4175-b6cf-2d99864769d5,181b2d62-7732-4175-b6cf-2d99864769d5,6c6be1fd-4f7d-4323-8e88-be427c2afae8,Lagomorpha,1.0,AWC 135,Oryctolagus cuniculus,oryctolagus cuniculus,lagomorpha
7b95ff2d-01cd-413a-9729-234de30d32ef,sequenceID:a290e03f-6ba8-45ce-b332-647c83c36438,a290e03f-6ba8-45ce-b332-647c83c36438,a290e03f-6ba8-45ce-b332-647c83c36438,6c6be1fd-4f7d-4323-8e88-be427c2afae8,Lagomorpha,1.0,AWC 135,Oryctolagus cuniculus,oryctolagus cuniculus,lagomorpha
7edab416-70b5-4e9f-a0da-99f3eddb48a2,sequenceID:ce9db469-70e6-4d6e-a5da-8eaa0504182a,ce9db469-70e6-4d6e-a5da-8eaa0504182a,ce9db469-70e6-4d6e-a5da-8eaa0504182a,6c6be1fd-4f7d-4323-8e88-be427c2afae8,Lagomorpha,1.0,AWC 135,Oryctolagus cuniculus,oryctolagus cuniculus,lagomorpha
a27b88f6-4203-43d6-a29b-fa63b19777df,sequenceID:74282304-ee1e-46b4-927f-9d5ae98e27c0,74282304-ee1e-46b4-927f-9d5ae98e27c0,74282304-ee1e-46b4-927f-9d5ae98e27c0,6c6be1fd-4f7d-4323-8e88-be427c2afae8,Felis catus,0.58,AWC 135,Oryctolagus cuniculus,oryctolagus cuniculus,felis catus
c71247b2-8add-491d-ad55-43811d464614,sequenceID:65513dd6-299c-414e-b77e-2a383a2c40de,65513dd6-299c-414e-b77e-2a383a2c40de,65513dd6-299c-414e-b77e-2a383a2c40de,6c6be1fd-4f7d-4323-8e88-be427c2afae8,,0.0,,Oryctolagus cuniculus,oryctolagus cuniculus,nan
1831190a-66ea-4c97-ac5b-c367a3ce740a,sequenceID:1ce7bb65-46e4-473c-860e-6a8df5e2c54a,1ce7bb65-46e4-473c-860e-6a8df5e2c54a,1ce7bb65-46e4-473c-860e-6a8df5e2c54a,6c6be1fd-4f7d-4323-8e88-be427c2afae8,wallabia bicolor,0.97,AWC 135,Oryctolagus cuniculus,oryctolagus cuniculus,wallabia bicolor
ae975cd1-e7f1-45b3-b461-b913814a557f,sequenceID:e5ca7f69-ad05-4ed6-a608-a95b7366749e,e5ca7f69-ad05-4ed6-a608-a95b7366749e,e5ca7f69-ad05-4ed6-a608-a95b7366749e,6c6be1fd-4f7d-4323-8e88-be427c2afae8,Lagomorpha,0.98,AWC 135,Oryctolagus cuniculus,oryctolagus cuniculus,lagomorpha
bc482537-ab50-4b24-be9e-da8fa0c639a6,sequenceID:e5ca7f69-ad05-4ed6-a608-a95b7366749e,e5ca7f69-ad05-4ed6-a608-a95b7366749e,e5ca7f69-ad05-4ed6-a608-a95b7366749e,6c6be1fd-4f7d-4323-8e88-be427c2afae8,Lagomorpha,0.98,AWC 135,Oryctolagus cuniculus,oryctolagus cuniculus,lagomorpha
fbe7ab71-cd2b-4661-8d0c-85e6c7c190d2,sequenceID:b35fb895-1955-4bcd-bb82-3f15ba498414,b35fb895-1955-4bcd-bb82-3f15ba498414,b35fb895-1955-4bcd-bb82-3f15ba498414,6c6be1fd-4f7d-4323-8e88-be427c2afae8,Lagomorpha,0.98,AWC 135,Oryctolagus cuniculus,oryctolagus cuniculus,lagomorpha
09b72506-3ecf-4fc2-a8b6-678420604373,sequenceID:e66b81d3-36d6-4fc2-b352-bab4db4ebe04,e66b81d3-36d6-4fc2-b352-bab4db4ebe04,e66b81d3-36d6-4fc2-b352-bab4db4ebe04,6c6be1fd-4f7d-4323-8e88-be427c2afae8,wallabia bicolor,0.72,AWC 135,Oryctolagus cuniculus,oryctolagus cuniculus,wallabia bicolor
b54cc3a4-1bea-483d-b35d-f423a3d1bc75,sequenceID:0095f833-212d-47a2-b7f5-2798f9d96cd9,0095f833-212d-47a2-b7f5-2798f9d96cd9,0095f833-212d-47a2-b7f5-2798f9d96cd9,6c6be1fd-4f7d-4323-8e88-be427c2afae8,,0.0,,Oryctolagus cuniculus,oryctolagus cuniculus,nan
46a49203-607a-4e08-b12f-faccf4531835,sequenceID:68f01f09-52ce-422b-be1f-937a3acd25b0,68f01f09-52ce-422b-be1f-937a3acd25b0,68f01f09-52ce-422b-be1f-937a3acd25b0,6c6be1fd-4f7d-4323-8e88-be427c2afae8,Lagomorpha,0.96,AWC 135,Oryctolagus cuniculus,oryctolagus cuniculus,lagomorpha
2fe0ec23-8550-4633-8f0a-de1d4ff6bcbb,sequenceID:67775d58-2c11-4acc-a5ba-71f5e5f378a6,67775d58-2c11-4acc-a5ba-71f5e5f378a6,67775d58-2c11-4acc-a5ba-71f5e5f378a6,6c6be1fd-4f7d-4323-8e88-be427c2afae8,Lagomorpha,0.95,AWC 135,Oryctolagus cuniculus,oryctolagus cuniculus,lagomorpha
7a6c83df-2d88-4270-bc04-4398f5aa3d8c,sequenceID:67775d58-2c11-4acc-a5ba-71f5e5f378a6,67775d58-2c11-4acc-a5ba-71f5e5f378a6,67775d58-2c11-4acc-a5ba-71f5e5f378a6,6c6be1fd-4f7d-4323-8e88-be427c2afae8,Lagomorpha,0.95,AWC 135,Oryctolagus cuniculus,oryctolagus cuniculus,lagomorpha
14a513ff-ecd4-4588-9520-4c41e345329b,sequenceID:69d5e8f6-e5bd-4eb8-9f43-4d96146094f4,69d5e8f6-e5bd-4eb8-9f43-4d96146094f4,69d5e8f6-e5bd-4eb8-9f43-4d96146094f4,6c6be1fd-4f7d-4323-8e88-be427c2afae8,Lagomorpha,0.57,AWC 135,Oryctolagus cuniculus,oryctolagus cuniculus,lagomorpha
a901eaa3-d8a7-40c1-8814-736e3f72fa98,sequenceID:169d98ff-ee08-491d-9b56-a877f7100097,169d98ff-ee08-491d-9b56-a877f7100097,169d98ff-ee08-491d-9b56-a877f7100097,6c6be1fd-4f7d-4323-8e88-be427c2afae8,Lagomorpha,0.96,AWC 135,Oryctolagus cuniculus,oryctolagus cuniculus,lagomorpha
a00279e0-0d4e-4cb7-bc36-60fd68a18090,sequenceID:a638f4d1-5f46-412e-a7e6-0c10b586dfbd,a638f4d1-5f46-412e-a7e6-0c10b586dfbd,a638f4d1-5f46-412e-a7e6-0c10b586dfbd,6c6be1fd-4f7d-4323-8e88-be427c2afae8,,0.0,,Oryctolagus cuniculus,oryctolagus cuniculus,nan
177d9663-6be4-4985-a2f3-b19928a0e1b3,sequenceID:a638f4d1-5f46-412e-a7e6-0c10b586dfbd,a638f4d1-5f46-412e-a7e6-0c10b586dfbd,a638f4d1-5f46-412e-a7e6-0c10b586dfbd,6c6be1fd-4f7d-4323-8e88-be427c2afae8,,0.0,,Oryctolagus cuniculus,oryctolagus cuniculus,nan
14458936-a404-481d-875f-cd619c0f9f58,sequenceID:25adf5d2-5a18-49e4-9ecf-48046933efcd,25adf5d2-5a18-49e4-9ecf-48046933efcd,25adf5d2-5a18-49e4-9ecf-48046933efcd,6c6be1fd-4f7d-4323-8e88-be427c2afae8,Macrotis lagotis,1.0,AWC 135,Oryctolagus cuniculus,oryctolagus cuniculus,macrotis lagotis
986a7745-e20a-4e2b-b982-3c47dbdae382,sequenceID:48912c98-cfb3-42fe-8f13-3ceadd871197,48912c98-cfb3-42fe-8f13-3ceadd871197,48912c98-cfb3-42fe-8f13-3ceadd871197,6c6be1fd-4f7d-4323-8e88-be427c2afae8,Lagomorpha,0.97,AWC 135,Oryctolagus cuniculus,oryctolagus cuniculus,lagomorpha
3579b61f-3947-444b-83c1-ded71668ab80,sequenceID:1b8d62db-0189-4630-90d2-aa402811689c,1b8d62db-0189-4630-90d2-aa402811689c,1b8d62db-0189-4630-90d2-aa402811689c,6c6be1fd-4f7d-4323-8e88-be427c2afae8,Lagomorpha,1.0,AWC 135,Oryctolagus cuniculus,oryctolagus cuniculus,lagomorpha
8526d3fb-0e73-488c-88bf-b2616630dc11,sequenceID:93eb058d-86df-43d5-a7be-b073b41ca164,93eb058d-86df-43d5-a7be-b073b41ca164,93eb058d-86df-43d5-a7be-b073b41ca164,6c6be1fd-4f7d-4323-8e88-be427c2afae8,Lagomorpha,1.0,AWC 135,Oryctolagus cuniculus,oryctolagus cuniculus,lagomorpha
8e627796-508a-49f4-acfa-05ba626ea5ba,sequenceID:24588921-3818-460f-92a3-ebb5ac8bccea,24588921-3818-460f-92a3-ebb5ac8bccea,24588921-3818-460f-92a3-ebb5ac8bccea,6c6be1fd-4f7d-4323-8e88-be427c2afae8,Lagomorpha,0.99,AWC 135,Oryctolagus cuniculus,oryctolagus cuniculus,lagomorpha
a195d339-dec2-440c-bb04-272576b90b7a,sequenceID:b0e4b46d-1f09-45b4-b09b-29dbac4c1bec,b0e4b46d-1f09-45b4-b09b-29dbac4c1bec,b0e4b46d-1f09-45b4-b09b-29dbac4c1bec,6c6be1fd-4f7d-4323-8e88-be427c2afae8,Lagomorpha,0.99,AWC 135,Oryctolagus cuniculus,oryctolagus cuniculus,lagomorpha
e9b916cd-4362-4eb0-9fec-222b942395d9,sequenceID:ceea77dd-d07e-492e-8fae-d6f441fc0c79,ceea77dd-d07e-492e-8fae-d6f441fc0c79,ceea77dd-d07e-492e-8fae-d6f441fc0c79,6c6be1fd-4f7d-4323-8e88-be427c2afae8,Lagomorpha,1.0,AWC 135,Oryctolagus cuniculus,oryctolagus cuniculus,lagomorpha
9f6b4d37-bfa2-4c91-b83b-d662e46e7e9c,sequenceID:eadcd6cf-4c28-452e-ad64-bc13b53a6c31,eadcd6cf-4c28-452e-ad64-bc13b53a6c31,eadcd6cf-4c28-452e-ad64-bc13b53a6c31,6c6be1fd-4f7d-4323-8e88-be427c2afae8,Lagomorpha,1.0,AWC 135,Oryctolagus cuniculus,oryctolagus cuniculus,lagomorpha
36c3cba2-bda9-448a-8be6-748eef564ba7,sequenceID:a8043f1f-5828-496e-8b54-2134391d3750,a8043f1f-5828-496e-8b54-2134391d3750,a8043f1f-5828-496e-8b54-2134391d3750,6c6be1fd-4f7d-4323-8e88-be427c2afae8,Lagomorpha,1.0,AWC 135,Oryctolagus cuniculus,oryctolagus cuniculus,lagomorpha
375e5e3f-32d0-4e36-89a5-745191ea3ed3,sequenceID:253b84e4-f526-4c75-b2c8-846aaab29fbd,253b84e4-f526-4c75-b2c8-846aaab29fbd,253b84e4-f526-4c75-b2c8-846aaab29fbd,6c6be1fd-4f7d-4323-8e88-be427c2afae8,Lagomorpha,0.99,AWC 135,Oryctolagus cuniculus,oryctolagus cuniculus,lagomorpha
f62dadd4-a984-4271-a8e9-e25f6435bdc1,sequenceID:8f5a4be8-aa6b-439f-824d-d22734d0881e,8f5a4be8-aa6b-439f-824d-d22734d0881e,8f5a4be8-aa6b-439f-824d-d22734d0881e,6c6be1fd-4f7d-4323-8e88-be427c2afae8,Lagomorpha,0.99,AWC 135,Oryctolagus cuniculus,oryctolagus cuniculus,lagomorpha
0547dd7e-6e02-4039-bd93-3183f3d74452,sequenceID:b40c1003-3fb8-4182-9263-9a4547476c29,b40c1003-3fb8-4182-9263-9a4547476c29,b40c1003-3fb8-4182-9263-9a4547476c29,6c6be1fd-4f7d-4323-8e88-be427c2afae8,Lagomorpha,1.0,AWC 135,Oryctolagus cuniculus,oryctolagus cuniculus,lagomorpha
bdc08b3c-50a6-411e-aacd-5b42c368adf2,sequenceID:b91b71d4-9de8-4caa-b6cf-70588982f043,b91b71d4-9de8-4caa-b6cf-70588982f043,b91b71d4-9de8-4caa-b6cf-70588982f043,6c6be1fd-4f7d-4323-8e88-be427c2afae8,,0.0,,Oryctolagus cuniculus,oryctolagus cuniculus,nan
bc4bcb83-3829-4e81-9c66-0cc865d6b147,sequenceID:06a1ac06-c6a1-4ac6-b4eb-bbe328981b0f,06a1ac06-c6a1-4ac6-b4eb-bbe328981b0f,06a1ac06-c6a1-4ac6-b4eb-bbe328981b0f,6c6be1fd-4f7d-4323-8e88-be427c2afae8,Lagomorpha,0.99,AWC 135,Oryctolagus cuniculus,oryctolagus cuniculus,lagomorpha
a2a23cbf-831e-4ba0-aa1c-f4a4401671d8,sequenceID:06a1ac06-c6a1-4ac6-b4eb-bbe328981b0f,06a1ac06-c6a1-4ac6-b4eb-bbe328981b0f,06a1ac06-c6a1-4ac6-b4eb-bbe328981b0f,6c6be1fd-4f7d-4323-8e88-be427c2afae8,Lagomorpha,0.99,AWC 135,Oryctolagus cuniculus,oryctolagus cuniculus,lagomorpha
d56246e5-b7bc-43e1-8aa9-f7204c08b60f,sequenceID:e676e47b-d298-48cd-9cb6-8f18da87d297,e676e47b-d298-48cd-9cb6-8f18da87d297,e676e47b-d298-48cd-9cb6-8f18da87d297,6c6be1fd-4f7d-4323-8e88-be427c2afae8,Lagomorpha,1.0,AWC 135,Oryctolagus cuniculus,oryctolagus cuniculus,lagomorpha
2ea80bc0-5e2a-4644-ae73-deb372a27959,sequenceID:14641734-4ee1-4e13-9603-171ac51d898c,14641734-4ee1-4e13-9603-171ac51d898c,14641734-4ee1-4e13-9603-171ac51d898c,6c6be1fd-4f7d-4323-8e88-be427c2afae8,Lagomorpha,0.99,AWC 135,Oryctolagus cuniculus,oryctolagus cuniculus,lagomorpha
21f6c7fd-7a0e-451f-9bc1-860e290ae336,sequenceID:3714bcfc-2dcc-4370-8b70-59ba70b00e50,3714bcfc-2dcc-4370-8b70-59ba70b00e50,3714bcfc-2dcc-4370-8b70-59ba70b00e50,6c6be1fd-4f7d-4323-8e88-be427c2afae8,Lagomorpha,1.0,AWC 135,Oryctolagus cuniculus,oryctolagus cuniculus,lagomorpha
9e216422-2b92-4d7e-a645-cf83afcdf25c,sequenceID:54eb8d98-3593-41cd-97f2-8b753390f689,54eb8d98-3593-41cd-97f2-8b753390f689,54eb8d98-3593-41cd-97f2-8b753390f689,6c6be1fd-4f7d-4323-8e88-be427c2afae8,Lagomorpha,0.99,AWC 135,Oryctolagus cuniculus,oryctolagus cuniculus,lagomorpha
eb38d3a6-3b88-4f09-831d-86dd3e9118ef,sequenceID:54eb8d98-3593-41cd-97f2-8b753390f689,54eb8d98-3593-41cd-97f2-8b753390f689,54eb8d98-3593-41cd-97f2-8b753390f689,6c6be1fd-4f7d-4323-8e88-be427c2afae8,Lagomorpha,0.99,AWC 135,Oryctolagus cuniculus,oryctolagus cuniculus,lagomorpha
2ce5869a-6f17-4429-a0d4-7248adfa1616,sequenceID:75fc0cb1-35a4-4dd2-bc55-92ed74c72af6,75fc0cb1-35a4-4dd2-bc55-92ed74c72af6,75fc0cb1-35a4-4dd2-bc55-92ed74c72af6,6c6be1fd-4f7d-4323-8e88-be427c2afae8,Lagomorpha,0.99,AWC 135,Oryctolagus cuniculus,oryctolagus cuniculus,lagomorpha
5f0d2ade-d572-4d09-bde6-2b0b4f44d478,sequenceID:f62a4d33-05d9-49f9-9f6c-a4742b81b9c9,f62a4d33-05d9-49f9-9f6c-a4742b81b9c9,f62a4d33-05d9-49f9-9f6c-a4742b81b9c9,6c6be1fd-4f7d-4323-8e88-be427c2afae8,Lagomorpha,1.0,AWC 135,Oryctolagus cuniculus,oryctolagus cuniculus,lagomorpha
b9d1c67d-e9b6-4c9b-95b5-e3e87cf4919c,sequenceID:4372d82b-5af0-45b3-bc19-2973c0ea67ac,4372d82b-5af0-45b3-bc19-2973c0ea67ac,4372d82b-5af0-45b3-bc19-2973c0ea67ac,6c6be1fd-4f7d-4323-8e88-be427c2afae8,Lagomorpha,0.98,AWC 135,Oryctolagus cuniculus,oryctolagus cuniculus,lagomorpha
c89093fd-a0d8-4332-8013-430b5140d817,sequenceID:22f0c9b6-10b1-4a97-949a-cd6f18b19d36,22f0c9b6-10b1-4a97-949a-cd6f18b19d36,22f0c9b6-10b1-4a97-949a-cd6f18b19d36,6c6be1fd-4f7d-4323-8e88-be427c2afae8,Lagomorpha,1.0,AWC 135,Oryctolagus cuniculus,oryctolagus cuniculus,lagomorpha
25701db0-b24d-49d7-b18b-b6413951d8b6,sequenceID:7d9d7925-ebbd-4c8e-ac9d-f69b4490dd2e,7d9d7925-ebbd-4c8e-ac9d-f69b4490dd2e,7d9d7925-ebbd-4c8e-ac9d-f69b4490dd2e,6c6be1fd-4f7d-4323-8e88-be427c2afae8,Lagomorpha,0.99,AWC 135,Oryctolagus cuniculus,oryctolagus cuniculus,lagomorpha
cd931c9e-26ae-4cd2-bc2c-dd98b1f5d87b,sequenceID:7d9d7925-ebbd-4c8e-ac9d-f69b4490dd2e,7d9d7925-ebbd-4c8e-ac9d-f69b4490dd2e,7d9d7925-ebbd-4c8e-ac9d-f69b4490dd2e,6c6be1fd-4f7d-4323-8e88-be427c2afae8,Lagomorpha,0.99,AWC 135,Oryctolagus cuniculus,oryctolagus cuniculus,lagomorpha
ad7cb68c-e174-4a63-beff-aeecb7c3efe6,sequenceID:91258fce-c5da-474c-b615-32b934454fd9,91258fce-c5da-474c-b615-32b934454fd9,91258fce-c5da-474c-b615-32b934454fd9,6c6be1fd-4f7d-4323-8e88-be427c2afae8,Lagomorpha,0.81,AWC 135,Oryctolagus cuniculus,oryctolagus cuniculus,lagomorpha
60d74445-a6da-4ba3-81d7-ac199b94de77,sequenceID:12df74a0-78a0-4e10-9f2a-1bf43f576bb0,12df74a0-78a0-4e10-9f2a-1bf43f576bb0,12df74a0-78a0-4e10-9f2a-1bf43f576bb0,6c6be1fd-4f7d-4323-8e88-be427c2afae8,Lagomorpha,1.0,AWC 135,Oryctolagus cuniculus,oryctolagus cuniculus,lagomorpha
7a657c76-6fa5-4a61-909c-ccf54a4aabd2,sequenceID:f50a31b3-e359-418a-8d80-c064991f98a5,f50a31b3-e359-418a-8d80-c064991f98a5,f50a31b3-e359-418a-8d80-c064991f98a5,6c6be1fd-4f7d-4323-8e88-be427c2afae8,Lagomorpha,1.0,AWC 135,Oryctolagus cuniculus,oryctolagus cuniculus,lagomorpha
7b10bddc-3527-4eb3-8b06-f0123bf52165,sequenceID:1e5117ee-cf6f-401a-9e30-71b7b83239fa,1e5117ee-cf6f-401a-9e30-71b7b83239fa,1e5117ee-cf6f-401a-9e30-71b7b83239fa,6c6be1fd-4f7d-4323-8e88-be427c2afae8,Lagomorpha,1.0,AWC 135,Oryctolagus cuniculus,oryctolagus cuniculus,lagomorpha
67ea77e2-dfbc-4511-9aaf-0c9a115837d2,sequenceID:11db3bd2-aa49-41f7-81c4-ae280fa50af0,11db3bd2-aa49-41f7-81c4-ae280fa50af0,11db3bd2-aa49-41f7-81c4-ae280fa50af0,6c6be1fd-4f7d-4323-8e88-be427c2afae8,Lagomorpha,0.99,AWC 135,Oryctolagus cuniculus,oryctolagus cuniculus,lagomorpha
fd9ca485-6d8b-4c25-b7c7-d5ac27fc5633,sequenceID:d94f619b-bd21-4e8c-86fb-89710c3f9aac,d94f619b-bd21-4e8c-86fb-89710c3f9aac,d94f619b-bd21-4e8c-86fb-89710c3f9aac,6c6be1fd-4f7d-4323-8e88-be427c2afae8,,0.0,,Oryctolagus cuniculus,oryctolagus cuniculus,nan
40fddc57-9e8b-454a-9a90-6818278080e6,sequenceID:ed3d203c-5b25-44fe-a131-a78cb3af7184,ed3d203c-5b25-44fe-a131-a78cb3af7184,ed3d203c-5b25-44fe-a131-a78cb3af7184,6c6be1fd-4f7d-4323-8e88-be427c2afae8,Lagomorpha,1.0,AWC 135,Oryctolagus cuniculus,oryctolagus cuniculus,lagomorpha
cad6b82b-aea3-4236-9027-6f6619d8618a,sequenceID:99cb2588-0122-4a73-b1f8-9d432ee2f116,99cb2588-0122-4a73-b1f8-9d432ee2f116,99cb2588-0122-4a73-b1f8-9d432ee2f116,6c6be1fd-4f7d-4323-8e88-be427c2afae8,Lagomorpha,0.99,AWC 135,Oryctolagus cuniculus,oryctolagus cuniculus,lagomorpha
4a5233f5-7f03-4bdf-8719-60fd4b580d96,sequenceID:3331409f-c609-4ec4-9e9c-e0ecec915769,3331409f-c609-4ec4-9e9c-e0ecec915769,3331409f-c609-4ec4-9e9c-e0ecec915769,6c6be1fd-4f7d-4323-8e88-be427c2afae8,Felis catus,0.85,AWC 135,Oryctolagus cuniculus,oryctolagus cuniculus,felis catus
8297cd3e-1749-4ff1-9d15-9e88f1fdaad4,sequenceID:23081b6b-6292-41b6-ad7d-a05f5e432c3d,23081b6b-6292-41b6-ad7d-a05f5e432c3d,23081b6b-6292-41b6-ad7d-a05f5e432c3d,6c6be1fd-4f7d-4323-8e88-be427c2afae8,Macrotis lagotis,0.83,AWC 135,Oryctolagus cuniculus,oryctolagus cuniculus,macrotis lagotis
68eedb07-0091-4f2a-9a86-d8bcb0c69f06,sequenceID:2d96d546-e224-4b58-9267-057c35bbb2a3,2d96d546-e224-4b58-9267-057c35bbb2a3,2d96d546-e224-4b58-9267-057c35bbb2a3,6c6be1fd-4f7d-4323-8e88-be427c2afae8,Lagomorpha,0.91,AWC 135,Oryctolagus cuniculus,oryctolagus cuniculus,lagomorpha
94d268f5-7265-4752-a5f1-eba8e520f4eb,sequenceID:2d96d546-e224-4b58-9267-057c35bbb2a3,2d96d546-e224-4b58-9267-057c35bbb2a3,2d96d546-e224-4b58-9267-057c35bbb2a3,6c6be1fd-4f7d-4323-8e88-be427c2afae8,Lagomorpha,0.91,AWC 135,Oryctolagus cuniculus,oryctolagus cuniculus,lagomorpha
53460159-446f-4071-8a6b-fc07e943f6ff,sequenceID:e134b0f4-e858-466a-9d8b-470854c06079,e134b0f4-e858-466a-9d8b-470854c06079,e134b0f4-e858-466a-9d8b-470854c06079,6c6be1fd-4f7d-4323-8e88-be427c2afae8,Lagomorpha,0.99,AWC 135,Oryctolagus cuniculus,oryctolagus cuniculus,lagomorpha
f5598e61-ecc4-4201-98ef-935607be935c,sequenceID:e134b0f4-e858-466a-9d8b-470854c06079,e134b0f4-e858-466a-9d8b-470854c06079,e134b0f4-e858-466a-9d8b-470854c06079,6c6be1fd-4f7d-4323-8e88-be427c2afae8,Lagomorpha,0.99,AWC 135,Oryctolagus cuniculus,oryctolagus cuniculus,lagomorpha
e31151e0-1062-4d41-b362-3a943f7de91c,sequenceID:4dba2f44-0041-49b9-88e3-82eb92076901,4dba2f44-0041-49b9-88e3-82eb92076901,4dba2f44-0041-49b9-88e3-82eb92076901,6c6be1fd-4f7d-4323-8e88-be427c2afae8,Lagomorpha,1.0,AWC 135,Oryctolagus cuniculus,oryctolagus cuniculus,lagomorpha
c12cb60a-3e79-4332-9b5d-5cbc7bc87fdb,sequenceID:7eff27b7-4a30-42cc-9013-76454f3b5109,7eff27b7-4a30-42cc-9013-76454f3b5109,7eff27b7-4a30-42cc-9013-76454f3b5109,6c6be1fd-4f7d-4323-8e88-be427c2afae8,Lagomorpha,1.0,AWC 135,Oryctolagus cuniculus,oryctolagus cuniculus,lagomorpha
bfe5e291-b33a-4dec-8a54-fec09441fa2e,sequenceID:966710dd-c954-4cad-8ba4-1bbed714f07c,966710dd-c954-4cad-8ba4-1bbed714f07c,966710dd-c954-4cad-8ba4-1bbed714f07c,6c6be1fd-4f7d-4323-8e88-be427c2afae8,Lagomorpha,1.0,AWC 135,Oryctolagus cuniculus,oryctolagus cuniculus,lagomorpha
28fdb4bd-eef5-4619-b86a-a0f18875fe89,sequenceID:3068ec55-f8ce-4773-8aa1-0c6d02b918b1,3068ec55-f8ce-4773-8aa1-0c6d02b918b1,3068ec55-f8ce-4773-8aa1-0c6d02b918b1,6c6be1fd-4f7d-4323-8e88-be427c2afae8,Lagomorpha,1.0,AWC 135,Oryctolagus cuniculus,oryctolagus cuniculus,lagomorpha
f2347ae8-2fb4-4513-ac24-c14ccd3f3da8,sequenceID:d4322920-2eb5-45f2-81b0-b1a350cd5dc4,d4322920-2eb5-45f2-81b0-b1a350cd5dc4,d4322920-2eb5-45f2-81b0-b1a350cd5dc4,6c6be1fd-4f7d-4323-8e88-be427c2afae8,Lagomorpha,1.0,AWC 135,Oryctolagus cuniculus,oryctolagus cuniculus,lagomorpha
edc62378-0977-4cba-8bd5-08d2a9145104,sequenceID:347fe248-12fd-4ff9-8ba8-966b566c96b5,347fe248-12fd-4ff9-8ba8-966b566c96b5,347fe248-12fd-4ff9-8ba8-966b566c96b5,6c6be1fd-4f7d-4323-8e88-be427c2afae8,Lagomorpha,1.0,AWC 135,Oryctolagus cuniculus,oryctolagus cuniculus,lagomorpha
827dc70d-ad35-469f-84c3-bb1d8c9dc0a9,sequenceID:347fe248-12fd-4ff9-8ba8-966b566c96b5,347fe248-12fd-4ff9-8ba8-966b566c96b5,347fe248-12fd-4ff9-8ba8-966b566c96b5,6c6be1fd-4f7d-4323-8e88-be427c2afae8,Lagomorpha,1.0,AWC 135,Oryctolagus cuniculus,oryctolagus cuniculus,lagomorpha
0909ef76-d459-483e-8b34-ac05e5047158,sequenceID:506a1d2e-0a58-4023-a25d-361bc898c5ef,506a1d2e-0a58-4023-a25d-361bc898c5ef,506a1d2e-0a58-4023-a25d-361bc898c5ef,6c6be1fd-4f7d-4323-8e88-be427c2afae8,Lagomorpha,1.0,AWC 135,Oryctolagus cuniculus,oryctolagus cuniculus,lagomorpha
4e44696c-71e1-4708-b4ba-d5803128c8b5,sequenceID:99fb5370-b8ab-4074-8b43-b519bf85c6e2,99fb5370-b8ab-4074-8b43-b519bf85c6e2,99fb5370-b8ab-4074-8b43-b519bf85c6e2,6c6be1fd-4f7d-4323-8e88-be427c2afae8,Lagomorpha,1.0,AWC 135,Oryctolagus cuniculus,oryctolagus cuniculus,lagomorpha
daf711fa-4633-4e3f-9c1e-89094540d988,sequenceID:99fb5370-b8ab-4074-8b43-b519bf85c6e2,99fb5370-b8ab-4074-8b43-b519bf85c6e2,99fb5370-b8ab-4074-8b43-b519bf85c6e2,6c6be1fd-4f7d-4323-8e88-be427c2afae8,Lagomorpha,1.0,AWC 135,Oryctolagus cuniculus,oryctolagus cuniculus,lagomorpha
2f759d99-be0d-41a8-9ad0-99e32e50eb26,sequenceID:78d06ad8-54d0-49df-8c5c-2db9ae26b783,78d06ad8-54d0-49df-8c5c-2db9ae26b783,78d06ad8-54d0-49df-8c5c-2db9ae26b783,6c6be1fd-4f7d-4323-8e88-be427c2afae8,Lagomorpha,1.0,AWC 135,Oryctolagus cuniculus,oryctolagus cuniculus,lagomorpha
99b9389b-48be-4add-b764-f3674bd1997c,sequenceID:3d14825a-7104-4cce-a53e-75113334837d,3d14825a-7104-4cce-a53e-75113334837d,3d14825a-7104-4cce-a53e-75113334837d,6c6be1fd-4f7d-4323-8e88-be427c2afae8,Lagomorpha,1.0,AWC 135,Oryctolagus cuniculus,oryctolagus cuniculus,lagomorpha
15ef12f1-ed3f-4e7b-99e1-b581d9ecf6a5,sequenceID:ef70a7f3-8b85-4085-87c3-c88e26570aee,ef70a7f3-8b85-4085-87c3-c88e26570aee,ef70a7f3-8b85-4085-87c3-c88e26570aee,6c6be1fd-4f7d-4323-8e88-be427c2afae8,Lagomorpha,1.0,AWC 135,Oryctolagus cuniculus,oryctolagus cuniculus,lagomorpha
b6b9512a-9786-4cca-8810-c55748f2dfd9,sequenceID:ef70a7f3-8b85-4085-87c3-c88e26570aee,ef70a7f3-8b85-4085-87c3-c88e26570aee,ef70a7f3-8b85-4085-87c3-c88e26570aee,6c6be1fd-4f7d-4323-8e88-be427c2afae8,Lagomorpha,1.0,AWC 135,Oryctolagus cuniculus,oryctolagus cuniculus,lagomorpha
6e3cb51f-37e1-475d-99df-e609d709f01e,sequenceID:3478ec6d-499f-4dcd-8c9f-239c6802604f,3478ec6d-499f-4dcd-8c9f-239c6802604f,3478ec6d-499f-4dcd-8c9f-239c6802604f,6c6be1fd-4f7d-4323-8e88-be427c2afae8,Lagomorpha,1.0,AWC 135,Oryctolagus cuniculus,oryctolagus cuniculus,lagomorpha
a1acfcfa-ab10-456a-9442-246913e2fb63,sequenceID:ae445bbd-7fb2-44ed-b3fa-6a1c0582708e,ae445bbd-7fb2-44ed-b3fa-6a1c0582708e,ae445bbd-7fb2-44ed-b3fa-6a1c0582708e,6c6be1fd-4f7d-4323-8e88-be427c2afae8,Lagomorpha,1.0,AWC 135,Oryctolagus cuniculus,oryctolagus cuniculus,lagomorpha
ca484fc0-2f59-41e5-98bc-d27926c8462c,sequenceID:ae445bbd-7fb2-44ed-b3fa-6a1c0582708e,ae445bbd-7fb2-44ed-b3fa-6a1c0582708e,ae445bbd-7fb2-44ed-b3fa-6a1c0582708e,6c6be1fd-4f7d-4323-8e88-be427c2afae8,Lagomorpha,1.0,AWC 135,Oryctolagus cuniculus,oryctolagus cuniculus,lagomorpha
fcbff799-9863-48ac-b83c-25a9aad3da52,sequenceID:c583cf22-0db0-49a1-b4a5-a482d5d3c481,c583cf22-0db0-49a1-b4a5-a482d5d3c481,c583cf22-0db0-49a1-b4a5-a482d5d3c481,6c6be1fd-4f7d-4323-8e88-be427c2afae8,,0.0,,Oryctolagus cuniculus,oryctolagus cuniculus,nan
7ce21353-ac40-436f-b031-e2ae6505a044,sequenceID:07c28f95-20c8-4016-8fb8-d01916afa88d,07c28f95-20c8-4016-8fb8-d01916afa88d,07c28f95-20c8-4016-8fb8-d01916afa88d,6c6be1fd-4f7d-4323-8e88-be427c2afae8,Lagomorpha,0.99,AWC 135,Oryctolagus cuniculus,oryctolagus cuniculus,lagomorpha
9854e771-0199-43f3-aa82-c433f6b47511,sequenceID:b4fa4863-2911-41cf-85a6-59541b989cfa,b4fa4863-2911-41cf-85a6-59541b989cfa,b4fa4863-2911-41cf-85a6-59541b989cfa,6c6be1fd-4f7d-4323-8e88-be427c2afae8,Felis catus,0.75,AWC 135,Oryctolagus cuniculus,oryctolagus cuniculus,felis catus
770a90ca-9b0a-43b4-95a2-420a54bd4d7d,sequenceID:ccc1d8b0-08e9-453e-b8cc-0f8a6d4f28b6,ccc1d8b0-08e9-453e-b8cc-0f8a6d4f28b6,ccc1d8b0-08e9-453e-b8cc-0f8a6d4f28b6,6c6be1fd-4f7d-4323-8e88-be427c2afae8,Lagomorpha,1.0,AWC 135,Oryctolagus cuniculus,oryctolagus cuniculus,lagomorpha
dcbbe661-322a-4fa8-9d3b-80773071a0bf,sequenceID:f0ec7d7f-40e8-4cf8-8d8d-8202ce4b27de,f0ec7d7f-40e8-4cf8-8d8d-8202ce4b27de,f0ec7d7f-40e8-4cf8-8d8d-8202ce4b27de,6c6be1fd-4f7d-4323-8e88-be427c2afae8,Lagomorpha,0.99,AWC 135,Oryctolagus cuniculus,oryctolagus cuniculus,lagomorpha
4c85a55e-f312-459c-a3a9-2d9242d7aa01,sequenceID:9efd348a-516e-4ad8-91d4-36b39a317c9b,9efd348a-516e-4ad8-91d4-36b39a317c9b,9efd348a-516e-4ad8-91d4-36b39a317c9b,6c6be1fd-4f7d-4323-8e88-be427c2afae8,Lagomorpha,1.0,AWC 135,Oryctolagus cuniculus,oryctolagus cuniculus,lagomorpha
1142d5d7-c00e-477e-a2f8-22893a8c46fb,sequenceID:26c5b002-c151-4073-8635-f733cde6d416,26c5b002-c151-4073-8635-f733cde6d416,26c5b002-c151-4073-8635-f733cde6d416,6c6be1fd-4f7d-4323-8e88-be427c2afae8,Lagomorpha,0.99,AWC 135,Oryctolagus cuniculus,oryctolagus cuniculus,lagomorpha
18a8e17b-0599-4511-9946-1aea5ac91b12,sequenceID:ca727248-bbca-4738-ad02-8a69817cd648,ca727248-bbca-4738-ad02-8a69817cd648,ca727248-bbca-4738-ad02-8a69817cd648,6c6be1fd-4f7d-4323-8e88-be427c2afae8,Lagomorpha,1.0,AWC 135,Oryctolagus cuniculus,oryctolagus cuniculus,lagomorpha
3e639bff-ee5c-4a6d-9f09-20864677b0e6,sequenceID:47d9fd14-4546-4adc-8952-6effa7c363f3,47d9fd14-4546-4adc-8952-6effa7c363f3,47d9fd14-4546-4adc-8952-6effa7c363f3,6c6be1fd-4f7d-4323-8e88-be427c2afae8,Lagomorpha,1.0,AWC 135,Oryctolagus cuniculus,oryctolagus cuniculus,lagomorpha
6f3d05e3-a297-4c92-ba32-b88b403cb801,sequenceID:47d9fd14-4546-4adc-8952-6effa7c363f3,47d9fd14-4546-4adc-8952-6effa7c363f3,47d9fd14-4546-4adc-8952-6effa7c363f3,6c6be1fd-4f7d-4323-8e88-be427c2afae8,Lagomorpha,1.0,AWC 135,Oryctolagus cuniculus,oryctolagus cuniculus,lagomorpha
9f631f94-18a5-425e-95bf-e95bd569bab8,sequenceID:ff8d7213-269d-42cc-9528-5a9cd76bc795,ff8d7213-269d-42cc-9528-5a9cd76bc795,ff8d7213-269d-42cc-9528-5a9cd76bc795,6c6be1fd-4f7d-4323-8e88-be427c2afae8,Lagomorpha,0.99,AWC 135,Oryctolagus cuniculus,oryctolagus cuniculus,lagomorpha
bdf6b1eb-b26f-4d25-becf-db8474b77ddd,sequenceID:52afb233-5115-4021-b920-4c6a367c5872,52afb233-5115-4021-b920-4c6a367c5872,52afb233-5115-4021-b920-4c6a367c5872,6c6be1fd-4f7d-4323-8e88-be427c2afae8,Bettongia lesueur,0.77,AWC 135,Oryctolagus cuniculus,oryctolagus cuniculus,bettongia lesueur
53e7aefe-24fb-4e31-affa-1884187bf118,sequenceID:af5db960-4135-492e-995e-b161e83fdfb1,af5db960-4135-492e-995e-b161e83fdfb1,af5db960-4135-492e-995e-b161e83fdfb1,6c6be1fd-4f7d-4323-8e88-be427c2afae8,Lagomorpha,0.93,AWC 135,Oryctolagus cuniculus,oryctolagus cuniculus,lagomorpha
9c754072-4c06-47b2-82f8-830c8f8ff5e2,sequenceID:552294f9-e230-4888-86c0-ee72640f2109,552294f9-e230-4888-86c0-ee72640f2109,552294f9-e230-4888-86c0-ee72640f2109,6c6be1fd-4f7d-4323-8e88-be427c2afae8,Vulpes vulpes,0.61,AWC 135,Oryctolagus cuniculus,oryctolagus cuniculus,vulpes vulpes
62c70043-b929-4dca-ad5a-00b2ba481141,sequenceID:91ae1fbf-6c34-4611-a36f-4e94459e51ad,91ae1fbf-6c34-4611-a36f-4e94459e51ad,91ae1fbf-6c34-4611-a36f-4e94459e51ad,6c6be1fd-4f7d-4323-8e88-be427c2afae8,Lagomorpha,1.0,AWC 135,Oryctolagus cuniculus,oryctolagus cuniculus,lagomorpha
93984c25-fb69-4da3-99cf-b92d41f7bb10,sequenceID:253c4529-2916-4df5-bb36-f5a71c8e64f2,253c4529-2916-4df5-bb36-f5a71c8e64f2,253c4529-2916-4df5-bb36-f5a71c8e64f2,6c6be1fd-4f7d-4323-8e88-be427c2afae8,Lagomorpha,1.0,AWC 135,Oryctolagus cuniculus,oryctolagus cuniculus,lagomorpha
94d3c8b0-445c-4173-9250-26efe56935c1,sequenceID:253c4529-2916-4df5-bb36-f5a71c8e64f2,253c4529-2916-4df5-bb36-f5a71c8e64f2,253c4529-2916-4df5-bb36-f5a71c8e64f2,6c6be1fd-4f7d-4323-8e88-be427c2afae8,Lagomorpha,1.0,AWC 135,Oryctolagus cuniculus,oryctolagus cuniculus,lagomorpha
56763dbe-bde8-417a-b115-5b35292e1b53,sequenceID:b18aefbe-ff21-4bf9-acb6-60655f2d5404,b18aefbe-ff21-4bf9-acb6-60655f2d5404,b18aefbe-ff21-4bf9-acb6-60655f2d5404,6c6be1fd-4f7d-4323-8e88-be427c2afae8,Lagomorpha,0.99,AWC 135,Oryctolagus cuniculus,oryctolagus cuniculus,lagomorpha
b134bbe7-0928-4721-a0e0-ff45b327d47d,sequenceID:e2b2df4d-366b-41e6-a6dc-0f325c89f72d,e2b2df4d-366b-41e6-a6dc-0f325c89f72d,e2b2df4d-366b-41e6-a6dc-0f325c89f72d,6c6be1fd-4f7d-4323-8e88-be427c2afae8,,0.5,AWC 135,Oryctolagus cuniculus,oryctolagus cuniculus,nan
fc363128-08aa-4539-9d06-e83998a0733e,sequenceID:b3a3871e-3a14-4545-b3e1-efb387fe3dde,b3a3871e-3a14-4545-b3e1-efb387fe3dde,b3a3871e-3a14-4545-b3e1-efb387fe3dde,6c6be1fd-4f7d-4323-8e88-be427c2afae8,Lagomorpha,1.0,AWC 135,Oryctolagus cuniculus,oryctolagus cuniculus,lagomorpha
9726433e-e1a4-4686-81de-e32782aedc47,sequenceID:7b35fb7c-281f-4608-b9d6-03700d23afaa,7b35fb7c-281f-4608-b9d6-03700d23afaa,7b35fb7c-281f-4608-b9d6-03700d23afaa,6c6be1fd-4f7d-4323-8e88-be427c2afae8,Lagomorpha,1.0,AWC 135,Oryctolagus cuniculus,oryctolagus cuniculus,lagomorpha
89a2826a-abf3-49b2-93b9-ca5072261171,sequenceID:5e55878f-e4e4-4482-8cfb-fb1315cfeffc,5e55878f-e4e4-4482-8cfb-fb1315cfeffc,5e55878f-e4e4-4482-8cfb-fb1315cfeffc,6c6be1fd-4f7d-4323-8e88-be427c2afae8,Lagomorpha,0.99,AWC 135,Oryctolagus cuniculus,oryctolagus cuniculus,lagomorpha
85ff3be3-1282-4c17-9795-1dca9c9b40f7,sequenceID:ccffeb65-cb3f-4792-b5eb-65200e918941,ccffeb65-cb3f-4792-b5eb-65200e918941,ccffeb65-cb3f-4792-b5eb-65200e918941,6c6be1fd-4f7d-4323-8e88-be427c2afae8,Lagomorpha,1.0,AWC 135,Oryctolagus cuniculus,oryctolagus cuniculus,lagomorpha
f0f8eff5-9246-460e-8fb1-b9a06b7d524d,sequenceID:c096e02a-4774-4ac0-b9ea-937f11819d08,c096e02a-4774-4ac0-b9ea-937f11819d08,c096e02a-4774-4ac0-b9ea-937f11819d08,6c6be1fd-4f7d-4323-8e88-be427c2afae8,Lagomorpha,1.0,AWC 135,Oryctolagus cuniculus,oryctolagus cuniculus,lagomorpha
76272639-7f55-4c49-9c71-92f29ff0a291,sequenceID:31619c69-c9ed-4523-8d54-cdfdeee61568,31619c69-c9ed-4523-8d54-cdfdeee61568,31619c69-c9ed-4523-8d54-cdfdeee61568,6c6be1fd-4f7d-4323-8e88-be427c2afae8,Lagomorpha,1.0,AWC 135,Oryctolagus cuniculus,oryctolagus cuniculus,lagomorpha
cfa2f47a-6896-4683-a302-5fe434c3d491,sequenceID:72f0a910-501b-4e48-bd34-ac8e39e38ddc,72f0a910-501b-4e48-bd34-ac8e39e38ddc,72f0a910-501b-4e48-bd34-ac8e39e38ddc,6c6be1fd-4f7d-4323-8e88-be427c2afae8,Lagomorpha,1.0,AWC 135,Oryctolagus cuniculus,oryctolagus cuniculus,lagomorpha
2cd87cab-75d3-4a2d-9e32-79628b150dec,sequenceID:a197b3e5-12b3-44b3-8cb1-fb7d2245b474,a197b3e5-12b3-44b3-8cb1-fb7d2245b474,a197b3e5-12b3-44b3-8cb1-fb7d2245b474,6c6be1fd-4f7d-4323-8e88-be427c2afae8,Lagomorpha,1.0,AWC 135,Oryctolagus cuniculus,oryctolagus cuniculus,lagomorpha
0ebef5c2-d3f8-4105-8563-25803cf1244f,sequenceID:09420be7-ce71-4374-bf47-e76b0d116f57,09420be7-ce71-4374-bf47-e76b0d116f57,09420be7-ce71-4374-bf47-e76b0d116f57,6c6be1fd-4f7d-4323-8e88-be427c2afae8,Lagomorpha,1.0,AWC 135,Oryctolagus cuniculus,oryctolagus cuniculus,lagomorpha
4c881fe9-fa50-4198-a63a-75780441a070,sequenceID:4e88c0bf-dce8-4a49-a878-2c240769d8e2,4e88c0bf-dce8-4a49-a878-2c240769d8e2,4e88c0bf-dce8-4a49-a878-2c240769d8e2,6c6be1fd-4f7d-4323-8e88-be427c2afae8,Macrotis lagotis,0.59,AWC 135,Oryctolagus cuniculus,oryctolagus cuniculus,macrotis lagotis
4c881fe9-fa50-4198-a63a-75780441a070,sequenceID:4e88c0bf-dce8-4a49-a878-2c240769d8e2,4e88c0bf-dce8-4a49-a878-2c240769d8e2,4e88c0bf-dce8-4a49-a878-2c240769d8e2,6c6be1fd-4f7d-4323-8e88-be427c2afae8,Lagomorpha,0.97,AWC 135,Oryctolagus cuniculus,oryctolagus cuniculus,lagomorpha
efa06307-5999-44ce-9d21-fbe66e535876,sequenceID:133c1ac3-458a-4efc-ad7b-5f61f3225c6a,133c1ac3-458a-4efc-ad7b-5f61f3225c6a,133c1ac3-458a-4efc-ad7b-5f61f3225c6a,6c6be1fd-4f7d-4323-8e88-be427c2afae8,Lagomorpha,0.96,AWC 135,Oryctolagus cuniculus,oryctolagus cuniculus,lagomorpha
00ce2ffe-a646-4952-873e-e981c37464a9,sequenceID:e9a0ccf9-ba42-4f03-8f82-dfab1eb66b88,e9a0ccf9-ba42-4f03-8f82-dfab1eb66b88,e9a0ccf9-ba42-4f03-8f82-dfab1eb66b88,6c6be1fd-4f7d-4323-8e88-be427c2afae8,Lagomorpha,1.0,AWC 135,Oryctolagus cuniculus,oryctolagus cuniculus,lagomorpha
8525c3fd-a1b6-4785-be69-b6381fcecbe3,sequenceID:6c75cb60-0725-40ad-b275-2a1740001cc4,6c75cb60-0725-40ad-b275-2a1740001cc4,6c75cb60-0725-40ad-b275-2a1740001cc4,6c6be1fd-4f7d-4323-8e88-be427c2afae8,Lagomorpha,0.99,AWC 135,Oryctolagus cuniculus,oryctolagus cuniculus,lagomorpha
cc3acd33-1d58-480f-b0e7-868c9d9ff584,sequenceID:42121974-d206-452c-8c13-f6875b2cd9dc,42121974-d206-452c-8c13-f6875b2cd9dc,42121974-d206-452c-8c13-f6875b2cd9dc,6c6be1fd-4f7d-4323-8e88-be427c2afae8,Lagomorpha,1.0,AWC 135,Oryctolagus cuniculus,oryctolagus cuniculus,lagomorpha
ed4827fd-f51f-4418-b6db-8b6252c9afe1,sequenceID:42121974-d206-452c-8c13-f6875b2cd9dc,42121974-d206-452c-8c13-f6875b2cd9dc,42121974-d206-452c-8c13-f6875b2cd9dc,6c6be1fd-4f7d-4323-8e88-be427c2afae8,Lagomorpha,1.0,AWC 135,Oryctolagus cuniculus,oryctolagus cuniculus,lagomorpha
a7287ce8-52ff-42e2-95c6-f68fc0c038b8,sequenceID:6d292729-7996-4ec5-93be-8cde31b89e57,6d292729-7996-4ec5-93be-8cde31b89e57,6d292729-7996-4ec5-93be-8cde31b89e57,6c6be1fd-4f7d-4323-8e88-be427c2afae8,Lagomorpha,1.0,AWC 135,Oryctolagus cuniculus,oryctolagus cuniculus,lagomorpha
790f7b5c-bc66-42fa-bc88-d18092216c82,sequenceID:3726f286-441d-406d-9f26-d6691323ab59,3726f286-441d-406d-9f26-d6691323ab59,3726f286-441d-406d-9f26-d6691323ab59,6c6be1fd-4f7d-4323-8e88-be427c2afae8,Lagomorpha,1.0,AWC 135,Oryctolagus cuniculus,oryctolagus cuniculus,lagomorpha
c9f533bc-d362-45ff-9a38-98960652fb87,sequenceID:3726f286-441d-406d-9f26-d6691323ab59,3726f286-441d-406d-9f26-d6691323ab59,3726f286-441d-406d-9f26-d6691323ab59,6c6be1fd-4f7d-4323-8e88-be427c2afae8,Lagomorpha,1.0,AWC 135,Oryctolagus cuniculus,oryctolagus cuniculus,lagomorpha
cb86f2a2-bd0d-4284-9485-5339fc41a848,sequenceID:108bc2ca-8c98-49c7-8c7b-8da692f2b21d,108bc2ca-8c98-49c7-8c7b-8da692f2b21d,108bc2ca-8c98-49c7-8c7b-8da692f2b21d,6c6be1fd-4f7d-4323-8e88-be427c2afae8,Lagomorpha,1.0,AWC 135,Oryctolagus cuniculus,oryctolagus cuniculus,lagomorpha
6cc75834-cea6-4ab0-b743-1ba4fd26bfde,sequenceID:1b714525-3b19-419f-9f7f-fd4405f2e99d,1b714525-3b19-419f-9f7f-fd4405f2e99d,1b714525-3b19-419f-9f7f-fd4405f2e99d,6c6be1fd-4f7d-4323-8e88-be427c2afae8,Lagomorpha,1.0,AWC 135,Oryctolagus cuniculus,oryctolagus cuniculus,lagomorpha
96a48f01-6528-4d82-aae2-14cecd1af908,sequenceID:75d05340-f20b-476c-9782-739e45d8377d,75d05340-f20b-476c-9782-739e45d8377d,75d05340-f20b-476c-9782-739e45d8377d,6c6be1fd-4f7d-4323-8e88-be427c2afae8,Lagomorpha,1.0,AWC 135,Oryctolagus cuniculus,oryctolagus cuniculus,lagomorpha
01c7718d-c56f-46df-b6b9-e88cabc760ee,sequenceID:35de7bc3-797b-4676-9ad7-dd94fbc12f35,35de7bc3-797b-4676-9ad7-dd94fbc12f35,35de7bc3-797b-4676-9ad7-dd94fbc12f35,6c6be1fd-4f7d-4323-8e88-be427c2afae8,Lagomorpha,1.0,AWC 135,Oryctolagus cuniculus,oryctolagus cuniculus,lagomorpha
7117fd84-61fb-4ffe-a9c3-a2020e9efc56,sequenceID:3517fafe-a8dc-4e24-854f-744c3ad27849,3517fafe-a8dc-4e24-854f-744c3ad27849,3517fafe-a8dc-4e24-854f-744c3ad27849,6c6be1fd-4f7d-4323-8e88-be427c2afae8,Lagomorpha,1.0,AWC 135,Oryctolagus cuniculus,oryctolagus cuniculus,lagomorpha
522ab4c1-d9e9-4d55-93ac-0b86391e14d5,sequenceID:3517fafe-a8dc-4e24-854f-744c3ad27849,3517fafe-a8dc-4e24-854f-744c3ad27849,3517fafe-a8dc-4e24-854f-744c3ad27849,6c6be1fd-4f7d-4323-8e88-be427c2afae8,Lagomorpha,1.0,AWC 135,Oryctolagus cuniculus,oryctolagus cuniculus,lagomorpha
7df84b07-141e-466d-8b5b-023246f14a81,sequenceID:a66ceca9-2ad3-4048-946c-51cb7ffcffb9,a66ceca9-2ad3-4048-946c-51cb7ffcffb9,a66ceca9-2ad3-4048-946c-51cb7ffcffb9,6c6be1fd-4f7d-4323-8e88-be427c2afae8,Lagomorpha,1.0,AWC 135,Oryctolagus cuniculus,oryctolagus cuniculus,lagomorpha
0b07fa58-a9fb-40b7-8248-a37e75bc7adf,sequenceID:680862e9-e036-496f-9f84-54c62786efc4,680862e9-e036-496f-9f84-54c62786efc4,680862e9-e036-496f-9f84-54c62786efc4,6c6be1fd-4f7d-4323-8e88-be427c2afae8,Lagomorpha,1.0,AWC 135,Oryctolagus cuniculus,oryctolagus cuniculus,lagomorpha
cc7c5cdb-76ba-460e-8a62-8ccc128c026e,sequenceID:399a686b-2369-446a-a1df-4b2b7aa11063,399a686b-2369-446a-a1df-4b2b7aa11063,399a686b-2369-446a-a1df-4b2b7aa11063,6c6be1fd-4f7d-4323-8e88-be427c2afae8,Lagomorpha,0.99,AWC 135,Oryctolagus cuniculus,oryctolagus cuniculus,lagomorpha
d3f4d978-f970-4fb7-9929-7f5effa07c6d,sequenceID:2c413af6-be77-4524-96e6-e0033b32e53f,2c413af6-be77-4524-96e6-e0033b32e53f,2c413af6-be77-4524-96e6-e0033b32e53f,6c6be1fd-4f7d-4323-8e88-be427c2afae8,Lagomorpha,1.0,AWC 135,Oryctolagus cuniculus,oryctolagus cuniculus,lagomorpha
14153d7d-f506-415c-b12d-c06e94432ff3,sequenceID:5083ff34-097e-40d4-8ca2-1236fe10be37,5083ff34-097e-40d4-8ca2-1236fe10be37,5083ff34-097e-40d4-8ca2-1236fe10be37,6c6be1fd-4f7d-4323-8e88-be427c2afae8,Lagomorpha,1.0,AWC 135,Oryctolagus cuniculus,oryctolagus cuniculus,lagomorpha
99932f5c-70ca-49df-ad89-e3270bcc3968,sequenceID:7fab914e-d346-40bc-b832-a0f9db775abf,7fab914e-d346-40bc-b832-a0f9db775abf,7fab914e-d346-40bc-b832-a0f9db775abf,6c6be1fd-4f7d-4323-8e88-be427c2afae8,Lagomorpha,0.96,AWC 135,Oryctolagus cuniculus,oryctolagus cuniculus,lagomorpha
675e97b4-d0f0-4213-8fa9-259a0c1c565b,sequenceID:a1155ee5-5c6d-498d-b5b5-1a40dfb73304,a1155ee5-5c6d-498d-b5b5-1a40dfb73304,a1155ee5-5c6d-498d-b5b5-1a40dfb73304,6c6be1fd-4f7d-4323-8e88-be427c2afae8,Lagomorpha,0.99,AWC 135,Oryctolagus cuniculus,oryctolagus cuniculus,lagomorpha
b0b50a9c-cff2-4fda-969c-6a4438fe212d,sequenceID:d25a72a3-acb3-4ce1-84ea-fd91b90059ff,d25a72a3-acb3-4ce1-84ea-fd91b90059ff,d25a72a3-acb3-4ce1-84ea-fd91b90059ff,6c6be1fd-4f7d-4323-8e88-be427c2afae8,Lagomorpha,1.0,AWC 135,Oryctolagus cuniculus,oryctolagus cuniculus,lagomorpha
2d953d36-3aa1-4826-9586-87254f843103,sequenceID:17e52435-2234-4577-8035-55f8f8db9bbf,17e52435-2234-4577-8035-55f8f8db9bbf,17e52435-2234-4577-8035-55f8f8db9bbf,6c6be1fd-4f7d-4323-8e88-be427c2afae8,Lagomorpha,0.99,AWC 135,Oryctolagus cuniculus,oryctolagus cuniculus,lagomorpha
4321c52b-fcd4-423e-a47e-f41f64a99982,sequenceID:bfb238b3-8673-435f-a1b6-c559f04b1445,bfb238b3-8673-435f-a1b6-c559f04b1445,bfb238b3-8673-435f-a1b6-c559f04b1445,6c6be1fd-4f7d-4323-8e88-be427c2afae8,Lagomorpha,1.0,AWC 135,Oryctolagus cuniculus,oryctolagus cuniculus,lagomorpha
2082b6b8-458b-4af4-a8af-afe1276b9e05,sequenceID:bfb238b3-8673-435f-a1b6-c559f04b1445,bfb238b3-8673-435f-a1b6-c559f04b1445,bfb238b3-8673-435f-a1b6-c559f04b1445,6c6be1fd-4f7d-4323-8e88-be427c2afae8,Lagomorpha,1.0,AWC 135,Oryctolagus cuniculus,oryctolagus cuniculus,lagomorpha
39a36eae-4961-4fc4-83c8-9796df2a826c,sequenceID:59a53611-f181-4b90-a6d3-917a8852a134,59a53611-f181-4b90-a6d3-917a8852a134,59a53611-f181-4b90-a6d3-917a8852a134,6c6be1fd-4f7d-4323-8e88-be427c2afae8,Lagomorpha,1.0,AWC 135,Oryctolagus cuniculus,oryctolagus cuniculus,lagomorpha
1906b76f-fac4-492e-9afa-fd1b8afdcfce,sequenceID:bb667704-f90f-4346-bda0-fbfa77af6cfd,bb667704-f90f-4346-bda0-fbfa77af6cfd,bb667704-f90f-4346-bda0-fbfa77af6cfd,6c6be1fd-4f7d-4323-8e88-be427c2afae8,Lagomorpha,1.0,AWC 135,Oryctolagus cuniculus,oryctolagus cuniculus,lagomorpha
f41dac13-06ab-4c3c-a52d-abc1908a9dec,sequenceID:4d2334db-a413-4919-91c1-c2a352ebc2a9,4d2334db-a413-4919-91c1-c2a352ebc2a9,4d2334db-a413-4919-91c1-c2a352ebc2a9,6c6be1fd-4f7d-4323-8e88-be427c2afae8,Lagomorpha,1.0,AWC 135,Oryctolagus cuniculus,oryctolagus cuniculus,lagomorpha
e96f985c-d90f-4071-b290-313499ff2232,sequenceID:8ce613ed-22ce-40a5-8a79-d010c8c66a76,8ce613ed-22ce-40a5-8a79-d010c8c66a76,8ce613ed-22ce-40a5-8a79-d010c8c66a76,6c6be1fd-4f7d-4323-8e88-be427c2afae8,Lagomorpha,1.0,AWC 135,Oryctolagus cuniculus,oryctolagus cuniculus,lagomorpha
3e117698-01a8-4a9e-8475-d52edbd5b803,sequenceID:d41b46b1-7748-4d8a-bedb-5de03ca63276,d41b46b1-7748-4d8a-bedb-5de03ca63276,d41b46b1-7748-4d8a-bedb-5de03ca63276,6c6be1fd-4f7d-4323-8e88-be427c2afae8,Lagomorpha,1.0,AWC 135,Oryctolagus cuniculus,oryctolagus cuniculus,lagomorpha
8b48f626-92df-48b4-98ec-3509411e8436,sequenceID:6f55dc6b-72a9-483c-9f4a-29c6e06f5f46,6f55dc6b-72a9-483c-9f4a-29c6e06f5f46,6f55dc6b-72a9-483c-9f4a-29c6e06f5f46,6c6be1fd-4f7d-4323-8e88-be427c2afae8,Lagomorpha,1.0,AWC 135,Oryctolagus cuniculus,oryctolagus cuniculus,lagomorpha
b758be90-628e-4b6c-8fcf-be39eb48f663,sequenceID:dc86a428-2261-4a78-b0ad-0b619719a279,dc86a428-2261-4a78-b0ad-0b619719a279,dc86a428-2261-4a78-b0ad-0b619719a279,6c6be1fd-4f7d-4323-8e88-be427c2afae8,Lagomorpha,1.0,AWC 135,Oryctolagus cuniculus,oryctolagus cuniculus,lagomorpha
f125b6c9-bfcd-4906-84a4-2a0aba229830,sequenceID:ebae3b7d-a536-42b2-8388-58684ff841a4,ebae3b7d-a536-42b2-8388-58684ff841a4,ebae3b7d-a536-42b2-8388-58684ff841a4,6c6be1fd-4f7d-4323-8e88-be427c2afae8,Lagomorpha,0.99,AWC 135,Oryctolagus cuniculus,oryctolagus cuniculus,lagomorpha
96dcd8e5-67f1-44d7-ad76-0ef8ac539d86,sequenceID:445f654d-a0e5-4e51-a467-95abd06f6b4f,445f654d-a0e5-4e51-a467-95abd06f6b4f,445f654d-a0e5-4e51-a467-95abd06f6b4f,6c6be1fd-4f7d-4323-8e88-be427c2afae8,Lagomorpha,0.99,AWC 135,Oryctolagus cuniculus,oryctolagus cuniculus,lagomorpha
a6e1c555-5b92-4295-b96c-aa13dbbc13b1,sequenceID:445f654d-a0e5-4e51-a467-95abd06f6b4f,445f654d-a0e5-4e51-a467-95abd06f6b4f,445f654d-a0e5-4e51-a467-95abd06f6b4f,6c6be1fd-4f7d-4323-8e88-be427c2afae8,Lagomorpha,0.99,AWC 135,Oryctolagus cuniculus,oryctolagus cuniculus,lagomorpha
7d14a457-c161-46f5-9879-1ab9c83f1694,sequenceID:d7f4819f-c4c3-47af-aadd-b630505cbb77,d7f4819f-c4c3-47af-aadd-b630505cbb77,d7f4819f-c4c3-47af-aadd-b630505cbb77,6c6be1fd-4f7d-4323-8e88-be427c2afae8,Lagomorpha,0.98,AWC 135,Oryctolagus cuniculus,oryctolagus cuniculus,lagomorpha
3cc3cca4-ab52-44e3-8a03-f81251fcdf64,sequenceID:1000ce3e-bfaf-4119-8e4f-2cc91fb55c1d,1000ce3e-bfaf-4119-8e4f-2cc91fb55c1d,1000ce3e-bfaf-4119-8e4f-2cc91fb55c1d,6c6be1fd-4f7d-4323-8e88-be427c2afae8,Lagomorpha,1.0,AWC 135,Oryctolagus cuniculus,oryctolagus cuniculus,lagomorpha
3cbd4bc7-e1dc-4e8a-8235-5526cf93bc51,sequenceID:e377b7d5-e67b-4d41-93f9-bd519d00b25e,e377b7d5-e67b-4d41-93f9-bd519d00b25e,e377b7d5-e67b-4d41-93f9-bd519d00b25e,6c6be1fd-4f7d-4323-8e88-be427c2afae8,Lagomorpha,1.0,AWC 135,Oryctolagus cuniculus,oryctolagus cuniculus,lagomorpha
0f08c043-1b01-479c-8990-421b7e994687,sequenceID:1d455996-2bd0-45e1-b022-37bcf73c0d42,1d455996-2bd0-45e1-b022-37bcf73c0d42,1d455996-2bd0-45e1-b022-37bcf73c0d42,6c6be1fd-4f7d-4323-8e88-be427c2afae8,Lagomorpha,1.0,AWC 135,Oryctolagus cuniculus,oryctolagus cuniculus,lagomorpha
e7a96537-6e70-487e-a620-c3a8edd9804d,sequenceID:a917802b-bcda-41e1-9115-da698429b592,a917802b-bcda-41e1-9115-da698429b592,a917802b-bcda-41e1-9115-da698429b592,6c6be1fd-4f7d-4323-8e88-be427c2afae8,Lagomorpha,1.0,AWC 135,Oryctolagus cuniculus,oryctolagus cuniculus,lagomorpha
d648e6d9-2ac2-45ed-9bef-5d760526d073,sequenceID:009c932a-a3cd-4c3c-8e3e-0eeb4f2fe95c,009c932a-a3cd-4c3c-8e3e-0eeb4f2fe95c,009c932a-a3cd-4c3c-8e3e-0eeb4f2fe95c,6c6be1fd-4f7d-4323-8e88-be427c2afae8,Lagomorpha,1.0,AWC 135,Oryctolagus cuniculus,oryctolagus cuniculus,lagomorpha
7b593e78-ad19-4fc3-92a4-d4b44e528b27,sequenceID:32ed3d87-2147-4383-a6af-6b0b10217585,32ed3d87-2147-4383-a6af-6b0b10217585,32ed3d87-2147-4383-a6af-6b0b10217585,6c6be1fd-4f7d-4323-8e88-be427c2afae8,Lagomorpha,0.97,AWC 135,Oryctolagus cuniculus,oryctolagus cuniculus,lagomorpha
9a8232ac-272a-49e2-9bd7-bb26572c884a,sequenceID:884d2885-4b6b-4376-a478-834f94afa1ad,884d2885-4b6b-4376-a478-834f94afa1ad,884d2885-4b6b-4376-a478-834f94afa1ad,6c6be1fd-4f7d-4323-8e88-be427c2afae8,Lagomorpha,0.98,AWC 135,Oryctolagus cuniculus,oryctolagus cuniculus,lagomorpha
ed6fd9dd-1551-4107-978a-bded163fbf4f,sequenceID:e8aeea56-efec-4590-959e-a16087ae90d1,e8aeea56-efec-4590-959e-a16087ae90d1,e8aeea56-efec-4590-959e-a16087ae90d1,6c6be1fd-4f7d-4323-8e88-be427c2afae8,Lagomorpha,0.99,AWC 135,Oryctolagus cuniculus,oryctolagus cuniculus,lagomorpha
25f707f5-20bf-47b3-be4b-a61880c9c969,sequenceID:e8aeea56-efec-4590-959e-a16087ae90d1,e8aeea56-efec-4590-959e-a16087ae90d1,e8aeea56-efec-4590-959e-a16087ae90d1,6c6be1fd-4f7d-4323-8e88-be427c2afae8,Lagomorpha,0.99,AWC 135,Oryctolagus cuniculus,oryctolagus cuniculus,lagomorpha
a5978d41-aaea-482c-96ee-535b2862a582,sequenceID:4eca1098-7bb1-4c37-8e0e-6173ad61f414,4eca1098-7bb1-4c37-8e0e-6173ad61f414,4eca1098-7bb1-4c37-8e0e-6173ad61f414,6c6be1fd-4f7d-4323-8e88-be427c2afae8,Lagomorpha,0.99,AWC 135,Oryctolagus cuniculus,oryctolagus cuniculus,lagomorpha
92d565f4-a2a9-412a-804d-bc034ca73da7,sequenceID:dfbdb072-75da-482e-b6c4-cedcc07e23c0,dfbdb072-75da-482e-b6c4-cedcc07e23c0,dfbdb072-75da-482e-b6c4-cedcc07e23c0,6c6be1fd-4f7d-4323-8e88-be427c2afae8,Lagomorpha,1.0,AWC 135,Oryctolagus cuniculus,oryctolagus cuniculus,lagomorpha
fcde6c85-f309-4b3b-9c84-bbbffc7ff7c9,sequenceID:a59e156d-6841-4558-aa0d-93cf1c4cf58d,a59e156d-6841-4558-aa0d-93cf1c4cf58d,a59e156d-6841-4558-aa0d-93cf1c4cf58d,6c6be1fd-4f7d-4323-8e88-be427c2afae8,Lagomorpha,1.0,AWC 135,Oryctolagus cuniculus,oryctolagus cuniculus,lagomorpha
5b05eb24-7356-4041-9b9f-56bd98c2f940,sequenceID:e659d754-08e3-49b9-9387-de7c483114c3,e659d754-08e3-49b9-9387-de7c483114c3,e659d754-08e3-49b9-9387-de7c483114c3,6c6be1fd-4f7d-4323-8e88-be427c2afae8,Lagomorpha,1.0,AWC 135,Oryctolagus cuniculus,oryctolagus cuniculus,lagomorpha
6e83e019-1e46-4df6-86cd-e8752863c000,sequenceID:e659d754-08e3-49b9-9387-de7c483114c3,e659d754-08e3-49b9-9387-de7c483114c3,e659d754-08e3-49b9-9387-de7c483114c3,6c6be1fd-4f7d-4323-8e88-be427c2afae8,Lagomorpha,1.0,AWC 135,Oryctolagus cuniculus,oryctolagus cuniculus,lagomorpha
cfea4949-3dca-4e4e-b8da-13f1124b4ea3,sequenceID:2e62cf09-4cee-433b-a7eb-74644914f21d,2e62cf09-4cee-433b-a7eb-74644914f21d,2e62cf09-4cee-433b-a7eb-74644914f21d,6c6be1fd-4f7d-4323-8e88-be427c2afae8,Lagomorpha,1.0,AWC 135,Oryctolagus cuniculus,oryctolagus cuniculus,lagomorpha
97330464-1a36-4fcd-86f3-d5ae5ce38aef,sequenceID:1968ac58-abdd-4528-80ed-2b4f75b28b53,1968ac58-abdd-4528-80ed-2b4f75b28b53,1968ac58-abdd-4528-80ed-2b4f75b28b53,6c6be1fd-4f7d-4323-8e88-be427c2afae8,Lagomorpha,1.0,AWC 135,Oryctolagus cuniculus,oryctolagus cuniculus,lagomorpha
158a8fe7-e510-43d7-81d2-59ed7b85818b,sequenceID:1968ac58-abdd-4528-80ed-2b4f75b28b53,1968ac58-abdd-4528-80ed-2b4f75b28b53,1968ac58-abdd-4528-80ed-2b4f75b28b53,6c6be1fd-4f7d-4323-8e88-be427c2afae8,Lagomorpha,1.0,AWC 135,Oryctolagus cuniculus,oryctolagus cuniculus,lagomorpha
73ab34ca-c3d0-490a-8b49-34fd69368410,sequenceID:b1d7c525-e404-4029-8313-1323727c04ac,b1d7c525-e404-4029-8313-1323727c04ac,b1d7c525-e404-4029-8313-1323727c04ac,6c6be1fd-4f7d-4323-8e88-be427c2afae8,Lagomorpha,1.0,AWC 135,Oryctolagus cuniculus,oryctolagus cuniculus,lagomorpha
16547211-c8c7-44fe-960f-e3ae9bad6e9e,sequenceID:04ba62c0-7244-4cae-883a-88876ecc73d1,04ba62c0-7244-4cae-883a-88876ecc73d1,04ba62c0-7244-4cae-883a-88876ecc73d1,6c6be1fd-4f7d-4323-8e88-be427c2afae8,Bettongia lesueur,0.67,AWC 135,Oryctolagus cuniculus,oryctolagus cuniculus,bettongia lesueur
88e48dff-6eb3-477d-b26d-21bc6a25ba3c,sequenceID:1b68db88-68bf-445e-b242-c3de5b52d950,1b68db88-68bf-445e-b242-c3de5b52d950,1b68db88-68bf-445e-b242-c3de5b52d950,6c6be1fd-4f7d-4323-8e88-be427c2afae8,Lagomorpha,1.0,AWC 135,Oryctolagus cuniculus,oryctolagus cuniculus,lagomorpha
77d90082-65c6-43e9-a349-ca3cb8b87e8d,sequenceID:0aa0b62b-d5f1-4508-821b-a0aceb82d2b7,0aa0b62b-d5f1-4508-821b-a0aceb82d2b7,0aa0b62b-d5f1-4508-821b-a0aceb82d2b7,6c6be1fd-4f7d-4323-8e88-be427c2afae8,Lagomorpha,1.0,AWC 135,Oryctolagus cuniculus,oryctolagus cuniculus,lagomorpha
79794035-7104-45a7-8ab8-c36b91860cf2,sequenceID:80fcce34-4f7e-417b-be86-dea10e0ce58f,80fcce34-4f7e-417b-be86-dea10e0ce58f,80fcce34-4f7e-417b-be86-dea10e0ce58f,6c6be1fd-4f7d-4323-8e88-be427c2afae8,Lagomorpha,1.0,AWC 135,Oryctolagus cuniculus,oryctolagus cuniculus,lagomorpha
3430755b-08f6-4f2e-83ad-593b3fad62d6,sequenceID:a1cbb552-cd3f-4b77-bf4b-71afd7c5a05a,a1cbb552-cd3f-4b77-bf4b-71afd7c5a05a,a1cbb552-cd3f-4b77-bf4b-71afd7c5a05a,6c6be1fd-4f7d-4323-8e88-be427c2afae8,Lagomorpha,1.0,AWC 135,Oryctolagus cuniculus,oryctolagus cuniculus,lagomorpha
fe919b00-0535-43b8-ac4b-8246150ba576,sequenceID:f87d28f7-00dc-4087-bed7-2d780676403e,f87d28f7-00dc-4087-bed7-2d780676403e,f87d28f7-00dc-4087-bed7-2d780676403e,6c6be1fd-4f7d-4323-8e88-be427c2afae8,Lagomorpha,0.99,AWC 135,Oryctolagus cuniculus,oryctolagus cuniculus,lagomorpha
f857733f-304a-4a44-9c3b-37b88ae367cf,sequenceID:add0b14b-f3ef-4c73-a96b-df0ea55140a6,add0b14b-f3ef-4c73-a96b-df0ea55140a6,add0b14b-f3ef-4c73-a96b-df0ea55140a6,6c6be1fd-4f7d-4323-8e88-be427c2afae8,Lagomorpha,0.99,AWC 135,Oryctolagus cuniculus,oryctolagus cuniculus,lagomorpha
797fc28c-30f4-4c4c-8eed-53f21e1b8302,sequenceID:8b0e270a-3217-4bab-8b14-c51dbc23bb64,8b0e270a-3217-4bab-8b14-c51dbc23bb64,8b0e270a-3217-4bab-8b14-c51dbc23bb64,6c6be1fd-4f7d-4323-8e88-be427c2afae8,Lagomorpha,0.99,AWC 135,Oryctolagus cuniculus,oryctolagus cuniculus,lagomorpha
702c1b3c-3dcb-4aad-aa4a-a8544e8818ca,sequenceID:ad5fb4bf-38fa-4432-b9ca-36dce9f169fc,ad5fb4bf-38fa-4432-b9ca-36dce9f169fc,ad5fb4bf-38fa-4432-b9ca-36dce9f169fc,6c6be1fd-4f7d-4323-8e88-be427c2afae8,Lagomorpha,1.0,AWC 135,Oryctolagus cuniculus,oryctolagus cuniculus,lagomorpha
aefa3faf-05b6-4255-a38e-ccc750c6585d,sequenceID:351637f3-f13b-4413-8d8f-30e7c54d00fe,351637f3-f13b-4413-8d8f-30e7c54d00fe,351637f3-f13b-4413-8d8f-30e7c54d00fe,6c6be1fd-4f7d-4323-8e88-be427c2afae8,Lagomorpha,1.0,AWC 135,Oryctolagus cuniculus,oryctolagus cuniculus,lagomorpha
eef1e2cd-ed29-466b-b1b5-865b66bd517c,sequenceID:e3ddb4ad-890f-47ee-9c4a-cb03c05e6003,e3ddb4ad-890f-47ee-9c4a-cb03c05e6003,e3ddb4ad-890f-47ee-9c4a-cb03c05e6003,6c6be1fd-4f7d-4323-8e88-be427c2afae8,,0.0,,Oryctolagus cuniculus,oryctolagus cuniculus,nan
b995f62d-3c1f-45a7-bc95-21de176af42e,sequenceID:7d55d9f5-911c-48f8-9112-b20263845711,7d55d9f5-911c-48f8-9112-b20263845711,7d55d9f5-911c-48f8-9112-b20263845711,6c6be1fd-4f7d-4323-8e88-be427c2afae8,Lagomorpha,1.0,AWC 135,Oryctolagus cuniculus,oryctolagus cuniculus,lagomorpha
46f7fc1a-4995-43e6-b120-2ce4d45fe0b9,sequenceID:73171825-8573-4303-b720-9efb7a694b77,73171825-8573-4303-b720-9efb7a694b77,73171825-8573-4303-b720-9efb7a694b77,6c6be1fd-4f7d-4323-8e88-be427c2afae8,Lagomorpha,1.0,AWC 135,Oryctolagus cuniculus,oryctolagus cuniculus,lagomorpha
db142fb9-c9a7-4701-b764-63e4bf8bdc29,sequenceID:73171825-8573-4303-b720-9efb7a694b77,73171825-8573-4303-b720-9efb7a694b77,73171825-8573-4303-b720-9efb7a694b77,6c6be1fd-4f7d-4323-8e88-be427c2afae8,Lagomorpha,1.0,AWC 135,Oryctolagus cuniculus,oryctolagus cuniculus,lagomorpha
653c0130-eea6-4d8a-817a-7b73c940650d,sequenceID:042c5deb-887e-43e6-ba7f-49b77692bed4,042c5deb-887e-43e6-ba7f-49b77692bed4,042c5deb-887e-43e6-ba7f-49b77692bed4,6c6be1fd-4f7d-4323-8e88-be427c2afae8,Lagomorpha,1.0,AWC 135,Oryctolagus cuniculus,oryctolagus cuniculus,lagomorpha
444a8fe5-8c2b-4cda-b9a1-47db0214f37a,sequenceID:bc9c9401-33a1-4ccc-8914-83e86c77118a,bc9c9401-33a1-4ccc-8914-83e86c77118a,bc9c9401-33a1-4ccc-8914-83e86c77118a,6c6be1fd-4f7d-4323-8e88-be427c2afae8,Lagomorpha,1.0,AWC 135,Oryctolagus cuniculus,oryctolagus cuniculus,lagomorpha
1651bdac-c13d-41fd-a671-b2c402b88bf8,sequenceID:03672467-81ee-477d-b5c3-0aa0fb75517a,03672467-81ee-477d-b5c3-0aa0fb75517a,03672467-81ee-477d-b5c3-0aa0fb75517a,6c6be1fd-4f7d-4323-8e88-be427c2afae8,Lagomorpha,1.0,AWC 135,Oryctolagus cuniculus,oryctolagus cuniculus,lagomorpha
73203b08-9691-4201-aff2-ad3d424b1116,sequenceID:04589236-8515-477c-a2e5-36f9af8f0b2e,04589236-8515-477c-a2e5-36f9af8f0b2e,04589236-8515-477c-a2e5-36f9af8f0b2e,6c6be1fd-4f7d-4323-8e88-be427c2afae8,Lagomorpha,1.0,AWC 135,Oryctolagus cuniculus,oryctolagus cuniculus,lagomorpha
767aeb75-1170-4a4a-a16e-570d24304aee,sequenceID:e4e45526-083e-4abe-8e2f-c323acbca6b7,e4e45526-083e-4abe-8e2f-c323acbca6b7,e4e45526-083e-4abe-8e2f-c323acbca6b7,6c6be1fd-4f7d-4323-8e88-be427c2afae8,Lagomorpha,0.99,AWC 135,Oryctolagus cuniculus,oryctolagus cuniculus,lagomorpha
2657b074-3b15-4a17-a3f5-ee0b66ba592f,sequenceID:eeea0017-4716-45d4-a87c-df9c90a4ed0c,eeea0017-4716-45d4-a87c-df9c90a4ed0c,eeea0017-4716-45d4-a87c-df9c90a4ed0c,6c6be1fd-4f7d-4323-8e88-be427c2afae8,Lagomorpha,1.0,AWC 135,Oryctolagus cuniculus,oryctolagus cuniculus,lagomorpha
e49375ac-02d4-41bd-ad93-96c8d7af2b7c,sequenceID:1889be3f-3ab6-45b2-aa99-7b5997dff969,1889be3f-3ab6-45b2-aa99-7b5997dff969,1889be3f-3ab6-45b2-aa99-7b5997dff969,6c6be1fd-4f7d-4323-8e88-be427c2afae8,Lagomorpha,1.0,AWC 135,Oryctolagus cuniculus,oryctolagus cuniculus,lagomorpha
3ce6c653-cd9f-45c3-9dd7-38214afcf263,sequenceID:3436687e-2018-4877-8155-1438426caf2e,3436687e-2018-4877-8155-1438426caf2e,3436687e-2018-4877-8155-1438426caf2e,6c6be1fd-4f7d-4323-8e88-be427c2afae8,Lagomorpha,0.99,AWC 135,Oryctolagus cuniculus,oryctolagus cuniculus,lagomorpha
3942ba27-4ad9-4155-9129-453b5bbacd9c,sequenceID:5960ae6d-4af9-4e8a-aa82-9cb2501f32f6,5960ae6d-4af9-4e8a-aa82-9cb2501f32f6,5960ae6d-4af9-4e8a-aa82-9cb2501f32f6,6c6be1fd-4f7d-4323-8e88-be427c2afae8,Lagomorpha,1.0,AWC 135,Oryctolagus cuniculus,oryctolagus cuniculus,lagomorpha
2a7980d1-91e6-4b2d-8ffe-d1c0d92d2854,sequenceID:419a19d1-bc66-4022-b4c4-da616cd0a3d0,419a19d1-bc66-4022-b4c4-da616cd0a3d0,419a19d1-bc66-4022-b4c4-da616cd0a3d0,6c6be1fd-4f7d-4323-8e88-be427c2afae8,Lagomorpha,1.0,AWC 135,Oryctolagus cuniculus,oryctolagus cuniculus,lagomorpha
3f488e07-a727-41d7-a913-8f7656a004cc,sequenceID:c9aff681-6e5d-4a24-95bb-f536db2d6f0b,c9aff681-6e5d-4a24-95bb-f536db2d6f0b,c9aff681-6e5d-4a24-95bb-f536db2d6f0b,6c6be1fd-4f7d-4323-8e88-be427c2afae8,Lagomorpha,0.99,AWC 135,Oryctolagus cuniculus,oryctolagus cuniculus,lagomorpha
7dd3080e-7f59-4100-bf6b-6d4586f76dcb,sequenceID:6813e7e6-83a1-425a-846e-4e681e025c40,6813e7e6-83a1-425a-846e-4e681e025c40,6813e7e6-83a1-425a-846e-4e681e025c40,6c6be1fd-4f7d-4323-8e88-be427c2afae8,Lagomorpha,1.0,AWC 135,Oryctolagus cuniculus,oryctolagus cuniculus,lagomorpha
7db36560-42ae-4dd9-950b-d0373eb4f90b,sequenceID:1f1eb3fc-961d-4c2f-9199-45ab2f0f1b3a,1f1eb3fc-961d-4c2f-9199-45ab2f0f1b3a,1f1eb3fc-961d-4c2f-9199-45ab2f0f1b3a,6c6be1fd-4f7d-4323-8e88-be427c2afae8,Lagomorpha,1.0,AWC 135,Oryctolagus cuniculus,oryctolagus cuniculus,lagomorpha
6f60e275-c300-47cf-8746-9387bb9149dc,sequenceID:d1c17204-d4c5-411d-b125-a9413a73ab64,d1c17204-d4c5-411d-b125-a9413a73ab64,d1c17204-d4c5-411d-b125-a9413a73ab64,6c6be1fd-4f7d-4323-8e88-be427c2afae8,Lagomorpha,1.0,AWC 135,Oryctolagus cuniculus,oryctolagus cuniculus,lagomorpha
84d64640-a170-4a0c-8a35-e26f1bab8fd6,sequenceID:d1c17204-d4c5-411d-b125-a9413a73ab64,d1c17204-d4c5-411d-b125-a9413a73ab64,d1c17204-d4c5-411d-b125-a9413a73ab64,6c6be1fd-4f7d-4323-8e88-be427c2afae8,Lagomorpha,1.0,AWC 135,Oryctolagus cuniculus,oryctolagus cuniculus,lagomorpha
465b560b-abbc-4a5a-84f8-f2b1ccd87b0e,sequenceID:bc8ef14e-e832-408e-aa11-9f0031085b84,bc8ef14e-e832-408e-aa11-9f0031085b84,bc8ef14e-e832-408e-aa11-9f0031085b84,6c6be1fd-4f7d-4323-8e88-be427c2afae8,Lagomorpha,1.0,AWC 135,Oryctolagus cuniculus,oryctolagus cuniculus,lagomorpha
841e0790-2e0a-485c-b8e1-cad4355169c8,sequenceID:ba823bd9-49ec-40bc-ba1d-ce35b78b3284,ba823bd9-49ec-40bc-ba1d-ce35b78b3284,ba823bd9-49ec-40bc-ba1d-ce35b78b3284,6c6be1fd-4f7d-4323-8e88-be427c2afae8,Lagomorpha,0.99,AWC 135,Oryctolagus cuniculus,oryctolagus cuniculus,lagomorpha
55029670-e431-41a9-abb2-2d42716b6d19,sequenceID:24c18948-30da-4bd6-b272-f4bbab9c29cd,24c18948-30da-4bd6-b272-f4bbab9c29cd,24c18948-30da-4bd6-b272-f4bbab9c29cd,6c6be1fd-4f7d-4323-8e88-be427c2afae8,Lagomorpha,0.99,AWC 135,Oryctolagus cuniculus,oryctolagus cuniculus,lagomorpha
0177f12d-848a-48f5-932c-90447d451792,sequenceID:09bcb16e-14db-4de5-a981-f877f0d637f9,09bcb16e-14db-4de5-a981-f877f0d637f9,09bcb16e-14db-4de5-a981-f877f0d637f9,6c6be1fd-4f7d-4323-8e88-be427c2afae8,,0.0,,Oryctolagus cuniculus,oryctolagus cuniculus,nan
f0e79130-e016-489c-9e21-69e03ed0e763,sequenceID:2d151ef7-30fa-4e81-ae7b-3ffb0131b453,2d151ef7-30fa-4e81-ae7b-3ffb0131b453,2d151ef7-30fa-4e81-ae7b-3ffb0131b453,6c6be1fd-4f7d-4323-8e88-be427c2afae8,Lagomorpha,1.0,AWC 135,Oryctolagus cuniculus,oryctolagus cuniculus,lagomorpha
35575c0e-9a1e-4b4f-8f49-5702f18fa4f0,sequenceID:2d151ef7-30fa-4e81-ae7b-3ffb0131b453,2d151ef7-30fa-4e81-ae7b-3ffb0131b453,2d151ef7-30fa-4e81-ae7b-3ffb0131b453,6c6be1fd-4f7d-4323-8e88-be427c2afae8,Lagomorpha,1.0,AWC 135,Oryctolagus cuniculus,oryctolagus cuniculus,lagomorpha
6333bd63-c16f-4f91-8db9-5b4c774be02b,sequenceID:6c3f1b86-7adc-4b97-9eae-3948d6e20c7b,6c3f1b86-7adc-4b97-9eae-3948d6e20c7b,6c3f1b86-7adc-4b97-9eae-3948d6e20c7b,6c6be1fd-4f7d-4323-8e88-be427c2afae8,Lagomorpha,0.99,AWC 135,Oryctolagus cuniculus,oryctolagus cuniculus,lagomorpha
a4006d3d-59af-4d9d-ac08-985102703894,sequenceID:50e6e197-7a4b-4189-bf08-03fcabf33e32,50e6e197-7a4b-4189-bf08-03fcabf33e32,50e6e197-7a4b-4189-bf08-03fcabf33e32,6c6be1fd-4f7d-4323-8e88-be427c2afae8,Lagomorpha,0.99,AWC 135,Oryctolagus cuniculus,oryctolagus cuniculus,lagomorpha
01bd7d55-fc1b-4f1d-9dc5-9c06f3344f13,sequenceID:15e1e5bd-2f54-4528-a19c-d721c286e0ca,15e1e5bd-2f54-4528-a19c-d721c286e0ca,15e1e5bd-2f54-4528-a19c-d721c286e0ca,6c6be1fd-4f7d-4323-8e88-be427c2afae8,Lagomorpha,0.99,AWC 135,Oryctolagus cuniculus,oryctolagus cuniculus,lagomorpha
54a26ab8-a1ed-4c18-8a90-9ab279839507,sequenceID:40451235-5c25-4d32-b672-9775fe0f7dc6,40451235-5c25-4d32-b672-9775fe0f7dc6,40451235-5c25-4d32-b672-9775fe0f7dc6,6c6be1fd-4f7d-4323-8e88-be427c2afae8,Lagomorpha,0.99,AWC 135,Oryctolagus cuniculus,oryctolagus cuniculus,lagomorpha
935a25e2-7ddd-4730-a1ee-d2275bdf7769,sequenceID:a075d8fd-e4a9-4eb9-b19f-3dfc5f1040f9,a075d8fd-e4a9-4eb9-b19f-3dfc5f1040f9,a075d8fd-e4a9-4eb9-b19f-3dfc5f1040f9,6c6be1fd-4f7d-4323-8e88-be427c2afae8,Lagomorpha,0.99,AWC 135,Oryctolagus cuniculus,oryctolagus cuniculus,lagomorpha
cd51beb3-43ea-4b29-8eca-46a403589a3d,sequenceID:3c6fac2a-140d-4c4b-960e-98fea3cc27e4,3c6fac2a-140d-4c4b-960e-98fea3cc27e4,3c6fac2a-140d-4c4b-960e-98fea3cc27e4,6c6be1fd-4f7d-4323-8e88-be427c2afae8,Lagomorpha,0.99,AWC 135,Oryctolagus cuniculus,oryctolagus cuniculus,lagomorpha
dbed3e33-0e44-4715-b8a3-a2a728e7dcb3,sequenceID:fbd9ecf7-9ceb-40a9-a8bf-179b45967d7c,fbd9ecf7-9ceb-40a9-a8bf-179b45967d7c,fbd9ecf7-9ceb-40a9-a8bf-179b45967d7c,6c6be1fd-4f7d-4323-8e88-be427c2afae8,Lagomorpha,0.99,AWC 135,Oryctolagus cuniculus,oryctolagus cuniculus,lagomorpha
037744f0-a076-407e-bb38-75de17461849,sequenceID:fbd9ecf7-9ceb-40a9-a8bf-179b45967d7c,fbd9ecf7-9ceb-40a9-a8bf-179b45967d7c,fbd9ecf7-9ceb-40a9-a8bf-179b45967d7c,6c6be1fd-4f7d-4323-8e88-be427c2afae8,Lagomorpha,0.99,AWC 135,Oryctolagus cuniculus,oryctolagus cuniculus,lagomorpha
9cb54d4f-9fc3-463f-8229-b9ede09fd033,sequenceID:e9fd48f2-8c4d-42c4-a8a9-656a7d6f1844,e9fd48f2-8c4d-42c4-a8a9-656a7d6f1844,e9fd48f2-8c4d-42c4-a8a9-656a7d6f1844,6c6be1fd-4f7d-4323-8e88-be427c2afae8,Lagomorpha,0.97,AWC 135,Oryctolagus cuniculus,oryctolagus cuniculus,lagomorpha
3387ac4c-b3aa-410a-83ce-df8c78b0cc7d,sequenceID:76c8565a-d170-4ee3-b1f4-044b475517e1,76c8565a-d170-4ee3-b1f4-044b475517e1,76c8565a-d170-4ee3-b1f4-044b475517e1,6c6be1fd-4f7d-4323-8e88-be427c2afae8,Lagomorpha,1.0,AWC 135,Oryctolagus cuniculus,oryctolagus cuniculus,lagomorpha
fd574119-8606-48ae-9b56-f0c1310fd323,sequenceID:13c849b0-34cd-4eca-99e7-8c3fe57cfe79,13c849b0-34cd-4eca-99e7-8c3fe57cfe79,13c849b0-34cd-4eca-99e7-8c3fe57cfe79,6c6be1fd-4f7d-4323-8e88-be427c2afae8,Lagomorpha,0.87,AWC 135,Oryctolagus cuniculus,oryctolagus cuniculus,lagomorpha
f3702546-4bc3-4b0f-a6b8-8dddc876a27a,sequenceID:a165f572-ec57-493b-be8f-7f061bfb38bc,a165f572-ec57-493b-be8f-7f061bfb38bc,a165f572-ec57-493b-be8f-7f061bfb38bc,6c6be1fd-4f7d-4323-8e88-be427c2afae8,Lagomorpha,0.99,AWC 135,Oryctolagus cuniculus,oryctolagus cuniculus,lagomorpha
83596de4-b257-4a2e-a1ac-51fe7803293b,sequenceID:303d4057-37d9-4dfb-9e46-22b78bb99c91,303d4057-37d9-4dfb-9e46-22b78bb99c91,303d4057-37d9-4dfb-9e46-22b78bb99c91,6c6be1fd-4f7d-4323-8e88-be427c2afae8,Lagomorpha,0.99,AWC 135,Oryctolagus cuniculus,oryctolagus cuniculus,lagomorpha
834f968a-984d-475b-a6a0-54ecf224e862,sequenceID:794878ed-1580-40ab-ba73-2ef03ec46bdc,794878ed-1580-40ab-ba73-2ef03ec46bdc,794878ed-1580-40ab-ba73-2ef03ec46bdc,6c6be1fd-4f7d-4323-8e88-be427c2afae8,Lagomorpha,0.98,AWC 135,Oryctolagus cuniculus,oryctolagus cuniculus,lagomorpha
3bc41455-def9-4183-a537-5489aa0cfe47,sequenceID:68c2b0ee-6ebf-4919-a90b-d8418b3cd972,68c2b0ee-6ebf-4919-a90b-d8418b3cd972,68c2b0ee-6ebf-4919-a90b-d8418b3cd972,6c6be1fd-4f7d-4323-8e88-be427c2afae8,Lagomorpha,1.0,AWC 135,Oryctolagus cuniculus,oryctolagus cuniculus,lagomorpha
f5745af1-b9e5-4566-b42e-1b0a6b6a549d,sequenceID:fe9b6c10-6605-475b-851f-d8dfe5e2a628,fe9b6c10-6605-475b-851f-d8dfe5e2a628,fe9b6c10-6605-475b-851f-d8dfe5e2a628,6c6be1fd-4f7d-4323-8e88-be427c2afae8,Lagomorpha,1.0,AWC 135,Oryctolagus cuniculus,oryctolagus cuniculus,lagomorpha
27c48244-edfc-4736-b653-ac9da2e304d1,sequenceID:0b2c35b3-3490-4f61-8d96-02331b7aae1a,0b2c35b3-3490-4f61-8d96-02331b7aae1a,0b2c35b3-3490-4f61-8d96-02331b7aae1a,6c6be1fd-4f7d-4323-8e88-be427c2afae8,Lagomorpha,1.0,AWC 135,Oryctolagus cuniculus,oryctolagus cuniculus,lagomorpha
68726dd8-6ce6-418a-87c8-4c2cc36ba1b5,sequenceID:0b2c35b3-3490-4f61-8d96-02331b7aae1a,0b2c35b3-3490-4f61-8d96-02331b7aae1a,0b2c35b3-3490-4f61-8d96-02331b7aae1a,6c6be1fd-4f7d-4323-8e88-be427c2afae8,Lagomorpha,1.0,AWC 135,Oryctolagus cuniculus,oryctolagus cuniculus,lagomorpha
39a26ad1-c7ed-4b1b-b6d7-a12f663f38eb,sequenceID:ec8f30bb-3bc9-4033-9bab-21ae73068d4d,ec8f30bb-3bc9-4033-9bab-21ae73068d4d,ec8f30bb-3bc9-4033-9bab-21ae73068d4d,6c6be1fd-4f7d-4323-8e88-be427c2afae8,Lagomorpha,0.86,AWC 135,Oryctolagus cuniculus,oryctolagus cuniculus,lagomorpha
69b43b8c-0e91-412a-8219-298a7c0627f5,sequenceID:5f417bc5-ea38-4130-a1c7-c5edcffd9ed8,5f417bc5-ea38-4130-a1c7-c5edcffd9ed8,5f417bc5-ea38-4130-a1c7-c5edcffd9ed8,6c6be1fd-4f7d-4323-8e88-be427c2afae8,Lagomorpha,1.0,AWC 135,Oryctolagus cuniculus,oryctolagus cuniculus,lagomorpha
8aa61371-3a66-4500-bc73-aec2e6e84ad8,sequenceID:1d748174-b6b4-4195-ac69-7e3eb8484287,1d748174-b6b4-4195-ac69-7e3eb8484287,1d748174-b6b4-4195-ac69-7e3eb8484287,6c6be1fd-4f7d-4323-8e88-be427c2afae8,Lagomorpha,1.0,AWC 135,Oryctolagus cuniculus,oryctolagus cuniculus,lagomorpha
4556e3f0-d248-48f2-9e3e-7ea667a44b7c,sequenceID:faec24c7-be26-4b1f-992f-bc42fe753f4e,faec24c7-be26-4b1f-992f-bc42fe753f4e,faec24c7-be26-4b1f-992f-bc42fe753f4e,6c6be1fd-4f7d-4323-8e88-be427c2afae8,Lagomorpha,0.99,AWC 135,Oryctolagus cuniculus,oryctolagus cuniculus,lagomorpha
ff9b8a09-1cc6-467a-99bf-24b763adf29d,sequenceID:0fea3c91-b288-4110-b2aa-9289c9e35b4b,0fea3c91-b288-4110-b2aa-9289c9e35b4b,0fea3c91-b288-4110-b2aa-9289c9e35b4b,6c6be1fd-4f7d-4323-8e88-be427c2afae8,Lagomorpha,0.99,AWC 135,Oryctolagus cuniculus,oryctolagus cuniculus,lagomorpha
3db98476-481c-4e30-9ba3-063dbc9680a2,sequenceID:895f085d-4b80-4169-af4c-d2b6e20d176a,895f085d-4b80-4169-af4c-d2b6e20d176a,895f085d-4b80-4169-af4c-d2b6e20d176a,6c6be1fd-4f7d-4323-8e88-be427c2afae8,Lagomorpha,1.0,AWC 135,Oryctolagus cuniculus,oryctolagus cuniculus,lagomorpha
6d2b7a15-af5e-4426-a0dd-ad1267afd302,sequenceID:4b87e43d-f50b-429f-8c92-ca05f51e089d,4b87e43d-f50b-429f-8c92-ca05f51e089d,4b87e43d-f50b-429f-8c92-ca05f51e089d,6c6be1fd-4f7d-4323-8e88-be427c2afae8,Lagomorpha,1.0,AWC 135,Oryctolagus cuniculus,oryctolagus cuniculus,lagomorpha
b8d7592e-e479-476d-bbf0-f25bf27c8b66,sequenceID:4b87e43d-f50b-429f-8c92-ca05f51e089d,4b87e43d-f50b-429f-8c92-ca05f51e089d,4b87e43d-f50b-429f-8c92-ca05f51e089d,6c6be1fd-4f7d-4323-8e88-be427c2afae8,Lagomorpha,1.0,AWC 135,Oryctolagus cuniculus,oryctolagus cuniculus,lagomorpha
97140b11-97e5-4463-8373-0bd87e5132de,sequenceID:8fc106c8-affb-4668-bd37-c6e00a7590a4,8fc106c8-affb-4668-bd37-c6e00a7590a4,8fc106c8-affb-4668-bd37-c6e00a7590a4,6c6be1fd-4f7d-4323-8e88-be427c2afae8,Lagomorpha,0.95,AWC 135,Oryctolagus cuniculus,oryctolagus cuniculus,lagomorpha
5763d9c6-e152-4c10-a183-6807a328db30,sequenceID:b2187912-714b-4c6f-ab66-a171f9a30c10,b2187912-714b-4c6f-ab66-a171f9a30c10,b2187912-714b-4c6f-ab66-a171f9a30c10,6c6be1fd-4f7d-4323-8e88-be427c2afae8,Lagomorpha,0.99,AWC 135,Oryctolagus cuniculus,oryctolagus cuniculus,lagomorpha
dc27baab-2b1f-4a55-9391-5f837ff84f66,sequenceID:53730e93-cfaa-4255-97f8-30d5c7a3be62,53730e93-cfaa-4255-97f8-30d5c7a3be62,53730e93-cfaa-4255-97f8-30d5c7a3be62,6c6be1fd-4f7d-4323-8e88-be427c2afae8,Aves,0.63,AWC 135,Oryctolagus cuniculus,oryctolagus cuniculus,aves
9d603adb-307c-4773-830e-7e0c8d9d06da,sequenceID:0863e07a-4d7c-4ec5-9e17-09ccc3dea489,0863e07a-4d7c-4ec5-9e17-09ccc3dea489,0863e07a-4d7c-4ec5-9e17-09ccc3dea489,6c6be1fd-4f7d-4323-8e88-be427c2afae8,Lagomorpha,0.99,AWC 135,Oryctolagus cuniculus,oryctolagus cuniculus,lagomorpha
e25377f6-7c88-43bf-b523-91027a6f5133,sequenceID:e5529171-b2a8-46ae-90d1-73cf76279611,e5529171-b2a8-46ae-90d1-73cf76279611,e5529171-b2a8-46ae-90d1-73cf76279611,6c6be1fd-4f7d-4323-8e88-be427c2afae8,Lagomorpha,1.0,AWC 135,Oryctolagus cuniculus,oryctolagus cuniculus,lagomorpha
06207682-647a-4050-a41c-bb6ad2e41675,sequenceID:6fe4047a-68a7-4766-8f1c-e78ca07d1ad4,6fe4047a-68a7-4766-8f1c-e78ca07d1ad4,6fe4047a-68a7-4766-8f1c-e78ca07d1ad4,6c6be1fd-4f7d-4323-8e88-be427c2afae8,,0.0,,Oryctolagus cuniculus,oryctolagus cuniculus,nan
4f2153e8-1dc1-415f-9e6e-969a26b8769b,sequenceID:b12d8b81-ecdb-44de-b6dd-92cd77956db1,b12d8b81-ecdb-44de-b6dd-92cd77956db1,b12d8b81-ecdb-44de-b6dd-92cd77956db1,6c6be1fd-4f7d-4323-8e88-be427c2afae8,Lagomorpha,1.0,AWC 135,Oryctolagus cuniculus,oryctolagus cuniculus,lagomorpha
bf0e0348-6413-4cc2-9591-de658c689ae6,sequenceID:b12d8b81-ecdb-44de-b6dd-92cd77956db1,b12d8b81-ecdb-44de-b6dd-92cd77956db1,b12d8b81-ecdb-44de-b6dd-92cd77956db1,6c6be1fd-4f7d-4323-8e88-be427c2afae8,Lagomorpha,1.0,AWC 135,Oryctolagus cuniculus,oryctolagus cuniculus,lagomorpha
f36f1cc9-b212-4b54-a855-2b8686969066,sequenceID:4e10e986-47b1-4dae-a535-4954fceb314a,4e10e986-47b1-4dae-a535-4954fceb314a,4e10e986-47b1-4dae-a535-4954fceb314a,6c6be1fd-4f7d-4323-8e88-be427c2afae8,Lagomorpha,1.0,AWC 135,Oryctolagus cuniculus,oryctolagus cuniculus,lagomorpha
a75dac37-619e-424b-b767-d25b63b1d359,sequenceID:839496f1-7650-405e-b1f7-fd2e82d707af,839496f1-7650-405e-b1f7-fd2e82d707af,839496f1-7650-405e-b1f7-fd2e82d707af,6c6be1fd-4f7d-4323-8e88-be427c2afae8,isoodon obesulus,0.88,AWC 135,Oryctolagus cuniculus,oryctolagus cuniculus,isoodon obesulus
6a6119ba-1df7-42b9-9716-8b9d34b3914b,sequenceID:5552f1ef-0bc5-499f-8e93-3ad1037360d7,5552f1ef-0bc5-499f-8e93-3ad1037360d7,5552f1ef-0bc5-499f-8e93-3ad1037360d7,6c6be1fd-4f7d-4323-8e88-be427c2afae8,Lagomorpha,1.0,AWC 135,Oryctolagus cuniculus,oryctolagus cuniculus,lagomorpha
8392410d-4203-4edf-a7d5-10b0c7d5b8a3,sequenceID:5552f1ef-0bc5-499f-8e93-3ad1037360d7,5552f1ef-0bc5-499f-8e93-3ad1037360d7,5552f1ef-0bc5-499f-8e93-3ad1037360d7,6c6be1fd-4f7d-4323-8e88-be427c2afae8,Lagomorpha,1.0,AWC 135,Oryctolagus cuniculus,oryctolagus cuniculus,lagomorpha
016c6150-529e-4d88-a0a6-b03119a6a86a,sequenceID:6d0d65e1-0192-42aa-9cf7-f0fa77048740,6d0d65e1-0192-42aa-9cf7-f0fa77048740,6d0d65e1-0192-42aa-9cf7-f0fa77048740,6c6be1fd-4f7d-4323-8e88-be427c2afae8,Lagomorpha,1.0,AWC 135,Oryctolagus cuniculus,oryctolagus cuniculus,lagomorpha
5e989e66-f7dc-4e08-a90a-7b43addeef9e,sequenceID:85830b5b-6af1-4c9e-8567-6da70ebf9c22,85830b5b-6af1-4c9e-8567-6da70ebf9c22,85830b5b-6af1-4c9e-8567-6da70ebf9c22,6c6be1fd-4f7d-4323-8e88-be427c2afae8,Lagomorpha,0.99,AWC 135,Oryctolagus cuniculus,oryctolagus cuniculus,lagomorpha
33b1c1c5-ef9a-4d52-be49-ac7beefe16ea,sequenceID:85830b5b-6af1-4c9e-8567-6da70ebf9c22,85830b5b-6af1-4c9e-8567-6da70ebf9c22,85830b5b-6af1-4c9e-8567-6da70ebf9c22,6c6be1fd-4f7d-4323-8e88-be427c2afae8,Lagomorpha,0.99,AWC 135,Oryctolagus cuniculus,oryctolagus cuniculus,lagomorpha
7fc63ff7-ce01-4b26-83e7-4315c2672956,sequenceID:12f59514-761a-4369-8eb1-c665645ac13d,12f59514-761a-4369-8eb1-c665645ac13d,12f59514-761a-4369-8eb1-c665645ac13d,6c6be1fd-4f7d-4323-8e88-be427c2afae8,Lagomorpha,0.99,AWC 135,Oryctolagus cuniculus,oryctolagus cuniculus,lagomorpha
b82ba68c-6ead-40fe-86ae-8f17d0e735fa,sequenceID:65b29523-ce5b-4be6-a6f8-cd0e907340d0,65b29523-ce5b-4be6-a6f8-cd0e907340d0,65b29523-ce5b-4be6-a6f8-cd0e907340d0,6c6be1fd-4f7d-4323-8e88-be427c2afae8,Lagomorpha,0.89,AWC 135,Oryctolagus cuniculus,oryctolagus cuniculus,lagomorpha
951b6100-32f1-45a8-9f67-1d95955a5fe7,sequenceID:8f174e80-312b-480f-8ee6-b8b733ea6397,8f174e80-312b-480f-8ee6-b8b733ea6397,8f174e80-312b-480f-8ee6-b8b733ea6397,6c6be1fd-4f7d-4323-8e88-be427c2afae8,Lagomorpha,0.99,AWC 135,Oryctolagus cuniculus,oryctolagus cuniculus,lagomorpha
1dab11b1-8b0d-4101-9fe1-1cf40120b490,sequenceID:880ad96f-7d86-49ad-a037-2739a5854d5e,880ad96f-7d86-49ad-a037-2739a5854d5e,880ad96f-7d86-49ad-a037-2739a5854d5e,6c6be1fd-4f7d-4323-8e88-be427c2afae8,Lagomorpha,0.99,AWC 135,Oryctolagus cuniculus,oryctolagus cuniculus,lagomorpha
f7dcdbaa-9314-4be5-b6b4-32ec047032e2,sequenceID:cbb2b8be-e283-4eda-990f-d3effc7e4f81,cbb2b8be-e283-4eda-990f-d3effc7e4f81,cbb2b8be-e283-4eda-990f-d3effc7e4f81,6c6be1fd-4f7d-4323-8e88-be427c2afae8,Lagomorpha,1.0,AWC 135,Oryctolagus cuniculus,oryctolagus cuniculus,lagomorpha
6419f5b4-f7ae-4fdf-b131-9a3c358b4aef,sequenceID:e17ad1e4-8b4f-4bb7-8b5e-4953a446c169,e17ad1e4-8b4f-4bb7-8b5e-4953a446c169,e17ad1e4-8b4f-4bb7-8b5e-4953a446c169,6c6be1fd-4f7d-4323-8e88-be427c2afae8,Lagomorpha,1.0,AWC 135,Oryctolagus cuniculus,oryctolagus cuniculus,lagomorpha
e8b4510d-b02f-4a60-84bd-86b6a860bf8d,sequenceID:e8d866bb-9340-4840-b094-77b9644ce9a8,e8d866bb-9340-4840-b094-77b9644ce9a8,e8d866bb-9340-4840-b094-77b9644ce9a8,6c6be1fd-4f7d-4323-8e88-be427c2afae8,Lagomorpha,1.0,AWC 135,Oryctolagus cuniculus,oryctolagus cuniculus,lagomorpha
b6b25029-dce8-4a4b-a0c5-93f2a8530b29,sequenceID:b306b1e2-67da-4024-af2f-7e9c0cd20451,b306b1e2-67da-4024-af2f-7e9c0cd20451,b306b1e2-67da-4024-af2f-7e9c0cd20451,6c6be1fd-4f7d-4323-8e88-be427c2afae8,Lagomorpha,0.99,AWC 135,Oryctolagus cuniculus,oryctolagus cuniculus,lagomorpha
b9d33595-f248-45d1-8820-06ad9a6533f9,sequenceID:a7014281-1949-4c26-9414-574d37b32f9a,a7014281-1949-4c26-9414-574d37b32f9a,a7014281-1949-4c26-9414-574d37b32f9a,6c6be1fd-4f7d-4323-8e88-be427c2afae8,Lagomorpha,1.0,AWC 135,Oryctolagus cuniculus,oryctolagus cuniculus,lagomorpha
fd618a7a-db4d-482c-9bf2-6346b7929817,sequenceID:15ff1612-53bb-4bff-9c14-e40dd9dfbbf4,15ff1612-53bb-4bff-9c14-e40dd9dfbbf4,15ff1612-53bb-4bff-9c14-e40dd9dfbbf4,6c6be1fd-4f7d-4323-8e88-be427c2afae8,Lagomorpha,1.0,AWC 135,Oryctolagus cuniculus,oryctolagus cuniculus,lagomorpha
47a91f37-cde9-4a95-b2bd-b1969ada659e,sequenceID:7976cb65-9a7d-4213-9548-9be857db0a49,7976cb65-9a7d-4213-9548-9be857db0a49,7976cb65-9a7d-4213-9548-9be857db0a49,6c6be1fd-4f7d-4323-8e88-be427c2afae8,Lagomorpha,0.97,AWC 135,Oryctolagus cuniculus,oryctolagus cuniculus,lagomorpha
5c291c80-b690-4139-9e91-a9f0a698f2a4,sequenceID:5fbcf905-6004-4f9c-b6b0-cb9fcdd20421,5fbcf905-6004-4f9c-b6b0-cb9fcdd20421,5fbcf905-6004-4f9c-b6b0-cb9fcdd20421,6c6be1fd-4f7d-4323-8e88-be427c2afae8,Lagomorpha,1.0,AWC 135,Oryctolagus cuniculus,oryctolagus cuniculus,lagomorpha
18fa5ff5-27a1-4d1a-b79d-8d8663867016,sequenceID:573153d4-035d-427a-891e-5313fe3916bd,573153d4-035d-427a-891e-5313fe3916bd,573153d4-035d-427a-891e-5313fe3916bd,6c6be1fd-4f7d-4323-8e88-be427c2afae8,Lagomorpha,1.0,AWC 135,Oryctolagus cuniculus,oryctolagus cuniculus,lagomorpha
1feeb55c-1239-45ae-bfcd-1e8bf6841e8c,sequenceID:b5f47081-d467-4d72-bede-29aba4ba89d6,b5f47081-d467-4d72-bede-29aba4ba89d6,b5f47081-d467-4d72-bede-29aba4ba89d6,6c6be1fd-4f7d-4323-8e88-be427c2afae8,Lagomorpha,1.0,AWC 135,Oryctolagus cuniculus,oryctolagus cuniculus,lagomorpha
5dc2fbf2-4a15-4835-b4c5-a43f2dd666a3,sequenceID:3d1a0ea7-f87f-4102-8e32-2d0beda38f83,3d1a0ea7-f87f-4102-8e32-2d0beda38f83,3d1a0ea7-f87f-4102-8e32-2d0beda38f83,6c6be1fd-4f7d-4323-8e88-be427c2afae8,Lagomorpha,1.0,AWC 135,Oryctolagus cuniculus,oryctolagus cuniculus,lagomorpha
b4a5943d-4ba8-4dcd-844b-32215ab47815,sequenceID:9ad1dc9b-59ea-441e-8324-57b878a4b34d,9ad1dc9b-59ea-441e-8324-57b878a4b34d,9ad1dc9b-59ea-441e-8324-57b878a4b34d,6c6be1fd-4f7d-4323-8e88-be427c2afae8,Lagomorpha,0.99,AWC 135,Oryctolagus cuniculus,oryctolagus cuniculus,lagomorpha
ec611cfb-5de6-452d-aff4-3f87ef6c1075,sequenceID:bf54ec5b-1f63-4a6f-9765-6d44e8f8aaee,bf54ec5b-1f63-4a6f-9765-6d44e8f8aaee,bf54ec5b-1f63-4a6f-9765-6d44e8f8aaee,6c6be1fd-4f7d-4323-8e88-be427c2afae8,Lagomorpha,1.0,AWC 135,Oryctolagus cuniculus,oryctolagus cuniculus,lagomorpha
053c7f16-7f9a-4f32-889b-37c9ab02a1dd,sequenceID:b7bb241f-36fb-475c-a649-6dc5491cd158,b7bb241f-36fb-475c-a649-6dc5491cd158,b7bb241f-36fb-475c-a649-6dc5491cd158,6c6be1fd-4f7d-4323-8e88-be427c2afae8,Lagomorpha,0.99,AWC 135,Oryctolagus cuniculus,oryctolagus cuniculus,lagomorpha
d3b445be-aca5-463a-b6b7-da636492ea08,sequenceID:b99c5964-4a97-43c1-96b1-4eb92ef95985,b99c5964-4a97-43c1-96b1-4eb92ef95985,b99c5964-4a97-43c1-96b1-4eb92ef95985,6c6be1fd-4f7d-4323-8e88-be427c2afae8,Lagomorpha,1.0,AWC 135,Oryctolagus cuniculus,oryctolagus cuniculus,lagomorpha
c06b962e-e4b5-4603-84ee-9ce0dfc4315d,sequenceID:6e272933-8a8e-45f4-b62a-8d7f9f53f670,6e272933-8a8e-45f4-b62a-8d7f9f53f670,6e272933-8a8e-45f4-b62a-8d7f9f53f670,6c6be1fd-4f7d-4323-8e88-be427c2afae8,Lagomorpha,1.0,AWC 135,Oryctolagus cuniculus,oryctolagus cuniculus,lagomorpha
35138a00-21e9-4e5e-867a-34b9baeab608,sequenceID:edf4b8af-e3dc-4f26-a06e-08a1b830e39c,edf4b8af-e3dc-4f26-a06e-08a1b830e39c,edf4b8af-e3dc-4f26-a06e-08a1b830e39c,6c6be1fd-4f7d-4323-8e88-be427c2afae8,Lagomorpha,1.0,AWC 135,Oryctolagus cuniculus,oryctolagus cuniculus,lagomorpha
eb76645d-0e42-4894-81dc-e9c7f1889aa4,sequenceID:caea74b0-2f48-4605-81c2-697b8dc19c2e,caea74b0-2f48-4605-81c2-697b8dc19c2e,caea74b0-2f48-4605-81c2-697b8dc19c2e,6c6be1fd-4f7d-4323-8e88-be427c2afae8,Lagomorpha,1.0,AWC 135,Oryctolagus cuniculus,oryctolagus cuniculus,lagomorpha
a80fb525-01a2-4a9b-a979-97ea354c13ed,sequenceID:aaf77346-4444-41a0-93d8-377ae96fb74d,aaf77346-4444-41a0-93d8-377ae96fb74d,aaf77346-4444-41a0-93d8-377ae96fb74d,6c6be1fd-4f7d-4323-8e88-be427c2afae8,Lagomorpha,0.99,AWC 135,Oryctolagus cuniculus,oryctolagus cuniculus,lagomorpha
deb1e4b7-a09a-4798-8edb-38534786e98d,sequenceID:aaf77346-4444-41a0-93d8-377ae96fb74d,aaf77346-4444-41a0-93d8-377ae96fb74d,aaf77346-4444-41a0-93d8-377ae96fb74d,6c6be1fd-4f7d-4323-8e88-be427c2afae8,Lagomorpha,0.99,AWC 135,Oryctolagus cuniculus,oryctolagus cuniculus,lagomorpha
2be84ffc-ce4a-4cef-8d8e-0483a5d1dc38,sequenceID:fba56381-097b-4399-ad31-86f1569cab9e,fba56381-097b-4399-ad31-86f1569cab9e,fba56381-097b-4399-ad31-86f1569cab9e,6c6be1fd-4f7d-4323-8e88-be427c2afae8,Lagomorpha,1.0,AWC 135,Oryctolagus cuniculus,oryctolagus cuniculus,lagomorpha
0a9e1cad-9c26-4892-81ca-5133c62d997f,sequenceID:795027fe-c6a0-488f-acd9-4f3f0f698c56,795027fe-c6a0-488f-acd9-4f3f0f698c56,795027fe-c6a0-488f-acd9-4f3f0f698c56,6c6be1fd-4f7d-4323-8e88-be427c2afae8,,0.0,,Oryctolagus cuniculus,oryctolagus cuniculus,nan
62fc68c1-8c14-4e52-9a04-cdd6b394c4c7,sequenceID:795027fe-c6a0-488f-acd9-4f3f0f698c56,795027fe-c6a0-488f-acd9-4f3f0f698c56,795027fe-c6a0-488f-acd9-4f3f0f698c56,6c6be1fd-4f7d-4323-8e88-be427c2afae8,,0.0,,Oryctolagus cuniculus,oryctolagus cuniculus,nan
954eefa4-ad0d-451b-9939-8afdcadebdbd,sequenceID:55c93bae-d6da-4251-bfbe-65d4da008a2b,55c93bae-d6da-4251-bfbe-65d4da008a2b,55c93bae-d6da-4251-bfbe-65d4da008a2b,6c6be1fd-4f7d-4323-8e88-be427c2afae8,Lagostrophus fasciatus,0.73,AWC 135,Oryctolagus cuniculus,oryctolagus cuniculus,lagostrophus fasciatus
8c50577f-2557-47a2-b771-974adac6f80e,sequenceID:b7b61d16-383c-49c4-b6a7-a185361b4b6c,b7b61d16-383c-49c4-b6a7-a185361b4b6c,b7b61d16-383c-49c4-b6a7-a185361b4b6c,6c6be1fd-4f7d-4323-8e88-be427c2afae8,Lagomorpha,1.0,AWC 135,Oryctolagus cuniculus,oryctolagus cuniculus,lagomorpha
bc7caba1-55d8-480d-b0ea-51ea06f193a2,sequenceID:b7b61d16-383c-49c4-b6a7-a185361b4b6c,b7b61d16-383c-49c4-b6a7-a185361b4b6c,b7b61d16-383c-49c4-b6a7-a185361b4b6c,6c6be1fd-4f7d-4323-8e88-be427c2afae8,Lagomorpha,1.0,AWC 135,Oryctolagus cuniculus,oryctolagus cuniculus,lagomorpha
3db775e5-47d8-452f-959d-cda325b90a90,sequenceID:5df4fabc-b81b-448c-a291-039dffc09a94,5df4fabc-b81b-448c-a291-039dffc09a94,5df4fabc-b81b-448c-a291-039dffc09a94,6c6be1fd-4f7d-4323-8e88-be427c2afae8,Lagomorpha,1.0,AWC 135,Oryctolagus cuniculus,oryctolagus cuniculus,lagomorpha
75aa08b4-303a-47de-8667-46b9dedbad00,sequenceID:c60bd9f4-f9b0-42ac-ae35-ca6e4e111822,c60bd9f4-f9b0-42ac-ae35-ca6e4e111822,c60bd9f4-f9b0-42ac-ae35-ca6e4e111822,6c6be1fd-4f7d-4323-8e88-be427c2afae8,Lagomorpha,1.0,AWC 135,Oryctolagus cuniculus,oryctolagus cuniculus,lagomorpha
c26a61b6-8045-4403-aece-04682e6742b5,sequenceID:c60bd9f4-f9b0-42ac-ae35-ca6e4e111822,c60bd9f4-f9b0-42ac-ae35-ca6e4e111822,c60bd9f4-f9b0-42ac-ae35-ca6e4e111822,6c6be1fd-4f7d-4323-8e88-be427c2afae8,Lagomorpha,1.0,AWC 135,Oryctolagus cuniculus,oryctolagus cuniculus,lagomorpha
919386aa-0bab-4af0-a74f-0dcab0f861bf,sequenceID:016e90d9-41b6-4a31-b8ce-f80d1dbd631d,016e90d9-41b6-4a31-b8ce-f80d1dbd631d,016e90d9-41b6-4a31-b8ce-f80d1dbd631d,6c6be1fd-4f7d-4323-8e88-be427c2afae8,Lagomorpha,1.0,AWC 135,Oryctolagus cuniculus,oryctolagus cuniculus,lagomorpha
b95eb45b-375b-40e5-a3ed-b0c4c0fe5749,sequenceID:4531b558-72c9-4ca0-85ac-786339022a66,4531b558-72c9-4ca0-85ac-786339022a66,4531b558-72c9-4ca0-85ac-786339022a66,6c6be1fd-4f7d-4323-8e88-be427c2afae8,Lagomorpha,0.99,AWC 135,Oryctolagus cuniculus,oryctolagus cuniculus,lagomorpha
81b62600-3bc4-4bdf-bc46-260d2b0280a1,sequenceID:25e02366-3e42-4ccd-aeec-f238aa68246c,25e02366-3e42-4ccd-aeec-f238aa68246c,25e02366-3e42-4ccd-aeec-f238aa68246c,6c6be1fd-4f7d-4323-8e88-be427c2afae8,Lagomorpha,1.0,AWC 135,Oryctolagus cuniculus,oryctolagus cuniculus,lagomorpha
382fb567-9a89-4e92-860c-ed9716e22eed,sequenceID:25e02366-3e42-4ccd-aeec-f238aa68246c,25e02366-3e42-4ccd-aeec-f238aa68246c,25e02366-3e42-4ccd-aeec-f238aa68246c,6c6be1fd-4f7d-4323-8e88-be427c2afae8,Lagomorpha,1.0,AWC 135,Oryctolagus cuniculus,oryctolagus cuniculus,lagomorpha
3364b341-06c2-4083-8cb2-555bfcb6fd1d,sequenceID:587f3c0d-2725-40c0-8583-b8420e89a47f,587f3c0d-2725-40c0-8583-b8420e89a47f,587f3c0d-2725-40c0-8583-b8420e89a47f,6c6be1fd-4f7d-4323-8e88-be427c2afae8,Lagomorpha,1.0,AWC 135,Oryctolagus cuniculus,oryctolagus cuniculus,lagomorpha
8b427419-efbd-4bd3-8392-3bed309e63b7,sequenceID:5b96e6a9-e084-4d32-8886-00d898eeb71f,5b96e6a9-e084-4d32-8886-00d898eeb71f,5b96e6a9-e084-4d32-8886-00d898eeb71f,6c6be1fd-4f7d-4323-8e88-be427c2afae8,Lagomorpha,0.99,AWC 135,Oryctolagus cuniculus,oryctolagus cuniculus,lagomorpha
e175795c-3e97-4646-a604-0faeed30efbe,sequenceID:697a8bde-d43b-485c-b00d-c33c4e9b0799,697a8bde-d43b-485c-b00d-c33c4e9b0799,697a8bde-d43b-485c-b00d-c33c4e9b0799,6c6be1fd-4f7d-4323-8e88-be427c2afae8,Lagomorpha,1.0,AWC 135,Oryctolagus cuniculus,oryctolagus cuniculus,lagomorpha
9b78bf35-c24e-430e-87af-1182e0ae85aa,sequenceID:8f855115-1db7-4a1c-b669-2e8e3da75a20,8f855115-1db7-4a1c-b669-2e8e3da75a20,8f855115-1db7-4a1c-b669-2e8e3da75a20,6c6be1fd-4f7d-4323-8e88-be427c2afae8,Lagomorpha,0.98,AWC 135,Oryctolagus cuniculus,oryctolagus cuniculus,lagomorpha
b310a280-97e0-4c80-ba30-21596ec5ceed,sequenceID:5f0605b5-4a94-42f1-b8b2-031314630150,5f0605b5-4a94-42f1-b8b2-031314630150,5f0605b5-4a94-42f1-b8b2-031314630150,6c6be1fd-4f7d-4323-8e88-be427c2afae8,Lagomorpha,1.0,AWC 135,Oryctolagus cuniculus,oryctolagus cuniculus,lagomorpha
b9b2b38e-6546-473f-9b40-8f1c7caec2be,sequenceID:e4d59123-6af9-4b9c-be03-605bd1150add,e4d59123-6af9-4b9c-be03-605bd1150add,e4d59123-6af9-4b9c-be03-605bd1150add,6c6be1fd-4f7d-4323-8e88-be427c2afae8,Lagomorpha,1.0,AWC 135,Oryctolagus cuniculus,oryctolagus cuniculus,lagomorpha
2c647d61-b7b7-4812-9ad5-8cae2819c28f,sequenceID:fa0455d1-d74f-4fd2-8784-547edb8f264d,fa0455d1-d74f-4fd2-8784-547edb8f264d,fa0455d1-d74f-4fd2-8784-547edb8f264d,6c6be1fd-4f7d-4323-8e88-be427c2afae8,Lagomorpha,1.0,AWC 135,Oryctolagus cuniculus,oryctolagus cuniculus,lagomorpha
e889e312-4ddc-4ef0-b6e0-ea58be07226e,sequenceID:84fa80b8-f2cb-4cf9-9461-3e6a980ef580,84fa80b8-f2cb-4cf9-9461-3e6a980ef580,84fa80b8-f2cb-4cf9-9461-3e6a980ef580,6c6be1fd-4f7d-4323-8e88-be427c2afae8,Lagomorpha,1.0,AWC 135,Oryctolagus cuniculus,oryctolagus cuniculus,lagomorpha
1050f591-02a2-4fe8-9edf-4f51f8ce67f6,sequenceID:ea42d73b-15ee-4f06-a120-e611cc0686a2,ea42d73b-15ee-4f06-a120-e611cc0686a2,ea42d73b-15ee-4f06-a120-e611cc0686a2,6c6be1fd-4f7d-4323-8e88-be427c2afae8,Lagomorpha,1.0,AWC 135,Oryctolagus cuniculus,oryctolagus cuniculus,lagomorpha
2fd69f8b-d90e-40fe-86de-551e727618b2,sequenceID:ea42d73b-15ee-4f06-a120-e611cc0686a2,ea42d73b-15ee-4f06-a120-e611cc0686a2,ea42d73b-15ee-4f06-a120-e611cc0686a2,6c6be1fd-4f7d-4323-8e88-be427c2afae8,Lagomorpha,1.0,AWC 135,Oryctolagus cuniculus,oryctolagus cuniculus,lagomorpha
4c9d1e1d-17a7-44c8-bd88-97b81a9d1409,sequenceID:8e7c6488-1027-4185-b870-086b9bae3331,8e7c6488-1027-4185-b870-086b9bae3331,8e7c6488-1027-4185-b870-086b9bae3331,6c6be1fd-4f7d-4323-8e88-be427c2afae8,Lagomorpha,1.0,AWC 135,Oryctolagus cuniculus,oryctolagus cuniculus,lagomorpha
6fa79f3f-edca-4cbc-81d2-30476560d679,sequenceID:18755c89-f143-45f5-a0f8-355e554f08e5,18755c89-f143-45f5-a0f8-355e554f08e5,18755c89-f143-45f5-a0f8-355e554f08e5,6c6be1fd-4f7d-4323-8e88-be427c2afae8,Lagomorpha,1.0,AWC 135,Oryctolagus cuniculus,oryctolagus cuniculus,lagomorpha
48f9c969-77ce-4bdc-925f-627ea1a0ecca,sequenceID:6ea8f64c-42dd-40d3-9530-cde79fc3c01c,6ea8f64c-42dd-40d3-9530-cde79fc3c01c,6ea8f64c-42dd-40d3-9530-cde79fc3c01c,6c6be1fd-4f7d-4323-8e88-be427c2afae8,Lagomorpha,1.0,AWC 135,Oryctolagus cuniculus,oryctolagus cuniculus,lagomorpha
f7616ea6-d2c4-47b2-90e8-660de1ba3c0b,sequenceID:3b18aee4-46f6-46f3-a8a4-a7c6334e753c,3b18aee4-46f6-46f3-a8a4-a7c6334e753c,3b18aee4-46f6-46f3-a8a4-a7c6334e753c,6c6be1fd-4f7d-4323-8e88-be427c2afae8,Lagomorpha,1.0,AWC 135,Oryctolagus cuniculus,oryctolagus cuniculus,lagomorpha
4f7db728-ab56-4703-a3fb-503008d67299,sequenceID:3b18aee4-46f6-46f3-a8a4-a7c6334e753c,3b18aee4-46f6-46f3-a8a4-a7c6334e753c,3b18aee4-46f6-46f3-a8a4-a7c6334e753c,6c6be1fd-4f7d-4323-8e88-be427c2afae8,Lagomorpha,1.0,AWC 135,Oryctolagus cuniculus,oryctolagus cuniculus,lagomorpha
dfb271f1-0d5b-4600-9008-a834a47d0dd5,sequenceID:b833a237-b72d-4218-bd98-d95c31121ab9,b833a237-b72d-4218-bd98-d95c31121ab9,b833a237-b72d-4218-bd98-d95c31121ab9,6c6be1fd-4f7d-4323-8e88-be427c2afae8,Lagomorpha,1.0,AWC 135,Oryctolagus cuniculus,oryctolagus cuniculus,lagomorpha
846afade-1706-44bc-b36a-9d1faa2e3ff8,sequenceID:0e359eea-9de4-43d1-9f23-fed5dbb80342,0e359eea-9de4-43d1-9f23-fed5dbb80342,0e359eea-9de4-43d1-9f23-fed5dbb80342,6c6be1fd-4f7d-4323-8e88-be427c2afae8,Lagomorpha,1.0,AWC 135,Oryctolagus cuniculus,oryctolagus cuniculus,lagomorpha
2bc3a0fc-6992-4032-8a8b-79db8ba33f63,sequenceID:22d97fba-2b66-479b-a553-98afc0d3181c,22d97fba-2b66-479b-a553-98afc0d3181c,22d97fba-2b66-479b-a553-98afc0d3181c,6c6be1fd-4f7d-4323-8e88-be427c2afae8,Lagomorpha,1.0,AWC 135,Oryctolagus cuniculus,oryctolagus cuniculus,lagomorpha
70760c28-71a7-4705-b5fc-9244e0f32489,sequenceID:22d97fba-2b66-479b-a553-98afc0d3181c,22d97fba-2b66-479b-a553-98afc0d3181c,22d97fba-2b66-479b-a553-98afc0d3181c,6c6be1fd-4f7d-4323-8e88-be427c2afae8,Lagomorpha,1.0,AWC 135,Oryctolagus cuniculus,oryctolagus cuniculus,lagomorpha
25912048-f95c-43eb-8095-eb142672e89a,sequenceID:8e05322b-651f-44fe-a6e0-18c46efc54eb,8e05322b-651f-44fe-a6e0-18c46efc54eb,8e05322b-651f-44fe-a6e0-18c46efc54eb,6c6be1fd-4f7d-4323-8e88-be427c2afae8,Lagomorpha,0.98,AWC 135,Oryctolagus cuniculus,oryctolagus cuniculus,lagomorpha
c6af2d5a-8943-4de5-9458-2cd15f64b8e2,sequenceID:dea40dcc-9c77-4a5d-a1e8-4551f404c04e,dea40dcc-9c77-4a5d-a1e8-4551f404c04e,dea40dcc-9c77-4a5d-a1e8-4551f404c04e,6c6be1fd-4f7d-4323-8e88-be427c2afae8,Lagomorpha,1.0,AWC 135,Oryctolagus cuniculus,oryctolagus cuniculus,lagomorpha
24cc1fc1-c11f-435e-a7f2-b54f4acab504,sequenceID:dea40dcc-9c77-4a5d-a1e8-4551f404c04e,dea40dcc-9c77-4a5d-a1e8-4551f404c04e,dea40dcc-9c77-4a5d-a1e8-4551f404c04e,6c6be1fd-4f7d-4323-8e88-be427c2afae8,Lagomorpha,1.0,AWC 135,Oryctolagus cuniculus,oryctolagus cuniculus,lagomorpha
5c497409-a323-4c17-aa23-90a104ba65c0,sequenceID:6b4cfe24-370d-4dab-896f-f4c43092743e,6b4cfe24-370d-4dab-896f-f4c43092743e,6b4cfe24-370d-4dab-896f-f4c43092743e,6c6be1fd-4f7d-4323-8e88-be427c2afae8,Lagomorpha,1.0,AWC 135,Oryctolagus cuniculus,oryctolagus cuniculus,lagomorpha
2adca1f9-d50f-472a-b4eb-2d98733f4907,sequenceID:df7cc90a-5e8f-4605-84eb-a4dd08318a8f,df7cc90a-5e8f-4605-84eb-a4dd08318a8f,df7cc90a-5e8f-4605-84eb-a4dd08318a8f,6c6be1fd-4f7d-4323-8e88-be427c2afae8,Lagomorpha,0.98,AWC 135,Oryctolagus cuniculus,oryctolagus cuniculus,lagomorpha
b89af5f7-c918-47a7-b1fc-1d2e4ccd1aac,sequenceID:8f784116-616f-4a22-8559-328c5ca274b4,8f784116-616f-4a22-8559-328c5ca274b4,8f784116-616f-4a22-8559-328c5ca274b4,6c6be1fd-4f7d-4323-8e88-be427c2afae8,Lagomorpha,1.0,AWC 135,Oryctolagus cuniculus,oryctolagus cuniculus,lagomorpha
3d49a1f9-abb4-4b30-a7d5-701719ccdca5,sequenceID:8f784116-616f-4a22-8559-328c5ca274b4,8f784116-616f-4a22-8559-328c5ca274b4,8f784116-616f-4a22-8559-328c5ca274b4,6c6be1fd-4f7d-4323-8e88-be427c2afae8,Lagomorpha,1.0,AWC 135,Oryctolagus cuniculus,oryctolagus cuniculus,lagomorpha
00478bb8-7fa5-4479-af7d-a2431a40d52b,sequenceID:7370a501-9c0f-45ad-913e-f7c60441e5b5,7370a501-9c0f-45ad-913e-f7c60441e5b5,7370a501-9c0f-45ad-913e-f7c60441e5b5,6c6be1fd-4f7d-4323-8e88-be427c2afae8,Lagomorpha,1.0,AWC 135,Oryctolagus cuniculus,oryctolagus cuniculus,lagomorpha
6b211497-d1e3-4c5d-af36-1ce210b05a37,sequenceID:c741d2ab-edf0-4dd7-9d48-c9db33768d88,c741d2ab-edf0-4dd7-9d48-c9db33768d88,c741d2ab-edf0-4dd7-9d48-c9db33768d88,6c6be1fd-4f7d-4323-8e88-be427c2afae8,Lagomorpha,1.0,AWC 135,Oryctolagus cuniculus,oryctolagus cuniculus,lagomorpha
3005360b-e806-4409-9af5-ad5b3dbeefb0,sequenceID:57d09f1a-ca0f-4fb4-a43c-7db4dd069190,57d09f1a-ca0f-4fb4-a43c-7db4dd069190,57d09f1a-ca0f-4fb4-a43c-7db4dd069190,6c6be1fd-4f7d-4323-8e88-be427c2afae8,Lagomorpha,1.0,AWC 135,Oryctolagus cuniculus,oryctolagus cuniculus,lagomorpha
9ec01e30-c861-464d-bab8-1989c616e3f8,sequenceID:c3dced9e-b11f-4046-9474-a8ef2509bec8,c3dced9e-b11f-4046-9474-a8ef2509bec8,c3dced9e-b11f-4046-9474-a8ef2509bec8,6c6be1fd-4f7d-4323-8e88-be427c2afae8,Lagomorpha,0.99,AWC 135,Oryctolagus cuniculus,oryctolagus cuniculus,lagomorpha
8132a59f-80ab-4d05-9614-0d24e6719a69,sequenceID:0b49ef3d-9241-4482-bf8a-705c61f32d33,0b49ef3d-9241-4482-bf8a-705c61f32d33,0b49ef3d-9241-4482-bf8a-705c61f32d33,6c6be1fd-4f7d-4323-8e88-be427c2afae8,Lagomorpha,0.99,AWC 135,Oryctolagus cuniculus,oryctolagus cuniculus,lagomorpha
3af025b1-298e-4a44-83b0-9a533a18f10e,sequenceID:6733cbff-5c89-4e2a-9f00-07ac5fdfa870,6733cbff-5c89-4e2a-9f00-07ac5fdfa870,6733cbff-5c89-4e2a-9f00-07ac5fdfa870,6c6be1fd-4f7d-4323-8e88-be427c2afae8,Lagomorpha,1.0,AWC 135,Oryctolagus cuniculus,oryctolagus cuniculus,lagomorpha
7a574f06-b1f0-432b-be6d-c0a405a155b2,sequenceID:d6f35f9b-91b0-47b9-90f2-85ce04a11ae6,d6f35f9b-91b0-47b9-90f2-85ce04a11ae6,d6f35f9b-91b0-47b9-90f2-85ce04a11ae6,6c6be1fd-4f7d-4323-8e88-be427c2afae8,Lagomorpha,1.0,AWC 135,Oryctolagus cuniculus,oryctolagus cuniculus,lagomorpha
d0c1417c-9b22-45df-8d0d-333f0fa408f2,sequenceID:52cc3fad-2c77-4315-bf76-c9ac02e06ac8,52cc3fad-2c77-4315-bf76-c9ac02e06ac8,52cc3fad-2c77-4315-bf76-c9ac02e06ac8,6c6be1fd-4f7d-4323-8e88-be427c2afae8,Lagomorpha,1.0,AWC 135,Oryctolagus cuniculus,oryctolagus cuniculus,lagomorpha
ef29d75b-9ce4-41d9-aa34-7c2d9af63799,sequenceID:80377cb8-07e8-4c52-a434-75323e7e7790,80377cb8-07e8-4c52-a434-75323e7e7790,80377cb8-07e8-4c52-a434-75323e7e7790,6c6be1fd-4f7d-4323-8e88-be427c2afae8,Lagomorpha,1.0,AWC 135,Oryctolagus cuniculus,oryctolagus cuniculus,lagomorpha
0b14c694-6cf1-44ed-9989-f5d29a1e7eaa,sequenceID:4a94cb32-e42b-43d7-b7c5-e4c3a61a47ca,4a94cb32-e42b-43d7-b7c5-e4c3a61a47ca,4a94cb32-e42b-43d7-b7c5-e4c3a61a47ca,6c6be1fd-4f7d-4323-8e88-be427c2afae8,Lagomorpha,0.99,AWC 135,Oryctolagus cuniculus,oryctolagus cuniculus,lagomorpha
d8713c53-ea76-441c-a102-17dbee4a9412,sequenceID:ac4e147d-4434-42a7-a9f7-ba95070f4a51,ac4e147d-4434-42a7-a9f7-ba95070f4a51,ac4e147d-4434-42a7-a9f7-ba95070f4a51,6c6be1fd-4f7d-4323-8e88-be427c2afae8,Lagomorpha,1.0,AWC 135,Oryctolagus cuniculus,oryctolagus cuniculus,lagomorpha
08bf9488-a772-4d10-bdd2-d1a7459b1a85,sequenceID:7aa06882-4e3a-46cd-a8a4-54a8f51e9791,7aa06882-4e3a-46cd-a8a4-54a8f51e9791,7aa06882-4e3a-46cd-a8a4-54a8f51e9791,6c6be1fd-4f7d-4323-8e88-be427c2afae8,Lagomorpha,1.0,AWC 135,Oryctolagus cuniculus,oryctolagus cuniculus,lagomorpha
ee2a5d08-9e8f-4faf-9eac-2548e19987a4,sequenceID:20cdff58-1afa-4791-bd89-0552f9024483,20cdff58-1afa-4791-bd89-0552f9024483,20cdff58-1afa-4791-bd89-0552f9024483,6c6be1fd-4f7d-4323-8e88-be427c2afae8,Lagomorpha,1.0,AWC 135,Oryctolagus cuniculus,oryctolagus cuniculus,lagomorpha
6f7f8fc0-ba34-46bc-80a1-4f5dfccc8d5c,sequenceID:a806d9f1-3c01-4558-95cf-2ffa646e475b,a806d9f1-3c01-4558-95cf-2ffa646e475b,a806d9f1-3c01-4558-95cf-2ffa646e475b,6c6be1fd-4f7d-4323-8e88-be427c2afae8,Lagomorpha,1.0,AWC 135,Oryctolagus cuniculus,oryctolagus cuniculus,lagomorpha
42df3b5f-2f59-4156-98d7-ae860f5a030c,sequenceID:d8e3da5b-9bf9-458b-a6ce-1c957c951a66,d8e3da5b-9bf9-458b-a6ce-1c957c951a66,d8e3da5b-9bf9-458b-a6ce-1c957c951a66,6c6be1fd-4f7d-4323-8e88-be427c2afae8,Lagomorpha,1.0,AWC 135,Oryctolagus cuniculus,oryctolagus cuniculus,lagomorpha
825aad5f-d2fc-41e6-8919-3bb7698c0a11,sequenceID:38873c04-7c5d-45c4-84be-3fd23f2cf085,38873c04-7c5d-45c4-84be-3fd23f2cf085,38873c04-7c5d-45c4-84be-3fd23f2cf085,6c6be1fd-4f7d-4323-8e88-be427c2afae8,Lagomorpha,1.0,AWC 135,Oryctolagus cuniculus,oryctolagus cuniculus,lagomorpha
fad5a742-72a6-4c78-9f25-ff0445756f7f,sequenceID:72cf55d8-845b-4caa-bb52-214b7965336b,72cf55d8-845b-4caa-bb52-214b7965336b,72cf55d8-845b-4caa-bb52-214b7965336b,6c6be1fd-4f7d-4323-8e88-be427c2afae8,Lagomorpha,0.99,AWC 135,Oryctolagus cuniculus,oryctolagus cuniculus,lagomorpha
a8afeaec-a130-4124-bfd8-8a4360d501b0,sequenceID:e26fb3d4-ac72-489f-8498-baee7949e3cb,e26fb3d4-ac72-489f-8498-baee7949e3cb,e26fb3d4-ac72-489f-8498-baee7949e3cb,6c6be1fd-4f7d-4323-8e88-be427c2afae8,Lagomorpha,1.0,AWC 135,Oryctolagus cuniculus,oryctolagus cuniculus,lagomorpha
b5228b44-b55e-4ea5-9d59-e3885189aba8,sequenceID:575515cd-9aa2-425c-876b-3b4237fe9914,575515cd-9aa2-425c-876b-3b4237fe9914,575515cd-9aa2-425c-876b-3b4237fe9914,6c6be1fd-4f7d-4323-8e88-be427c2afae8,Lagomorpha,1.0,AWC 135,Oryctolagus cuniculus,oryctolagus cuniculus,lagomorpha
78d560f1-6a45-4633-8821-0bf7f7d1746c,sequenceID:575515cd-9aa2-425c-876b-3b4237fe9914,575515cd-9aa2-425c-876b-3b4237fe9914,575515cd-9aa2-425c-876b-3b4237fe9914,6c6be1fd-4f7d-4323-8e88-be427c2afae8,Lagomorpha,1.0,AWC 135,Oryctolagus cuniculus,oryctolagus cuniculus,lagomorpha
0113a160-47c9-4669-af37-24bc1d288c10,sequenceID:47080010-4888-44c6-b54a-b758b3d26f57,47080010-4888-44c6-b54a-b758b3d26f57,47080010-4888-44c6-b54a-b758b3d26f57,6c6be1fd-4f7d-4323-8e88-be427c2afae8,Lagomorpha,1.0,AWC 135,Oryctolagus cuniculus,oryctolagus cuniculus,lagomorpha
13191913-bafd-4983-a766-730114666c38,sequenceID:77b3e366-c73b-43c9-ade1-1349635c0f36,77b3e366-c73b-43c9-ade1-1349635c0f36,77b3e366-c73b-43c9-ade1-1349635c0f36,6c6be1fd-4f7d-4323-8e88-be427c2afae8,Lagomorpha,1.0,AWC 135,Oryctolagus cuniculus,oryctolagus cuniculus,lagomorpha
03acb081-f29c-4759-a04d-b7cccc922f21,sequenceID:0fe260e8-f727-4304-962e-faa565fced07,0fe260e8-f727-4304-962e-faa565fced07,0fe260e8-f727-4304-962e-faa565fced07,6c6be1fd-4f7d-4323-8e88-be427c2afae8,Lagomorpha,1.0,AWC 135,Oryctolagus cuniculus,oryctolagus cuniculus,lagomorpha
3e45a907-591b-4265-8db0-8a9280f66717,sequenceID:733bc8f7-32e6-4667-a422-2c30ca533c7b,733bc8f7-32e6-4667-a422-2c30ca533c7b,733bc8f7-32e6-4667-a422-2c30ca533c7b,6c6be1fd-4f7d-4323-8e88-be427c2afae8,Lagomorpha,1.0,AWC 135,Oryctolagus cuniculus,oryctolagus cuniculus,lagomorpha
0ef4183f-ef87-4d8b-a1cf-1da4baee9dfd,sequenceID:f6f8eeae-c0ae-4ae6-ad58-750ccb0a4f81,f6f8eeae-c0ae-4ae6-ad58-750ccb0a4f81,f6f8eeae-c0ae-4ae6-ad58-750ccb0a4f81,6c6be1fd-4f7d-4323-8e88-be427c2afae8,Lagomorpha,0.99,AWC 135,Oryctolagus cuniculus,oryctolagus cuniculus,lagomorpha
8b344958-1a55-444a-977e-5865008c0cca,sequenceID:e505c98b-019f-4c7c-8511-f53e4b2bdbc9,e505c98b-019f-4c7c-8511-f53e4b2bdbc9,e505c98b-019f-4c7c-8511-f53e4b2bdbc9,6c6be1fd-4f7d-4323-8e88-be427c2afae8,Lagomorpha,0.99,AWC 135,Oryctolagus cuniculus,oryctolagus cuniculus,lagomorpha
8a1f0d95-c448-4f99-8dc7-123439a6739e,sequenceID:dc56d7c9-d709-499e-ac1c-5d8e41c76234,dc56d7c9-d709-499e-ac1c-5d8e41c76234,dc56d7c9-d709-499e-ac1c-5d8e41c76234,6c6be1fd-4f7d-4323-8e88-be427c2afae8,Lagomorpha,0.99,AWC 135,Oryctolagus cuniculus,oryctolagus cuniculus,lagomorpha
f78b59bd-001f-4713-b89f-3a0e567761e2,sequenceID:b7402cdc-f66c-4772-8c8b-600332ace28e,b7402cdc-f66c-4772-8c8b-600332ace28e,b7402cdc-f66c-4772-8c8b-600332ace28e,6c6be1fd-4f7d-4323-8e88-be427c2afae8,Lagomorpha,1.0,AWC 135,Oryctolagus cuniculus,oryctolagus cuniculus,lagomorpha
ae571712-dbc3-4360-955a-2fbe69bbd472,sequenceID:ba0e71cd-9b45-4800-a4fe-59fe5d713741,ba0e71cd-9b45-4800-a4fe-59fe5d713741,ba0e71cd-9b45-4800-a4fe-59fe5d713741,6c6be1fd-4f7d-4323-8e88-be427c2afae8,Lagomorpha,1.0,AWC 135,Oryctolagus cuniculus,oryctolagus cuniculus,lagomorpha
f2f8de2f-1da4-4b3c-a69a-7aadf969c9b1,sequenceID:d4abc5f2-ca52-47b0-a623-ca9c841f3ac2,d4abc5f2-ca52-47b0-a623-ca9c841f3ac2,d4abc5f2-ca52-47b0-a623-ca9c841f3ac2,6c6be1fd-4f7d-4323-8e88-be427c2afae8,Lagomorpha,1.0,AWC 135,Oryctolagus cuniculus,oryctolagus cuniculus,lagomorpha
76f69b7f-cf19-4672-8ce6-741e15ce82c9,sequenceID:cb7151ae-39e7-4ac7-a270-83d4dac6ab2d,cb7151ae-39e7-4ac7-a270-83d4dac6ab2d,cb7151ae-39e7-4ac7-a270-83d4dac6ab2d,6c6be1fd-4f7d-4323-8e88-be427c2afae8,Lagomorpha,1.0,AWC 135,Oryctolagus cuniculus,oryctolagus cuniculus,lagomorpha
9c11e2d7-1912-41b3-8885-743f7e11d15a,sequenceID:b26aa994-2f72-4463-87fd-59573cebf019,b26aa994-2f72-4463-87fd-59573cebf019,b26aa994-2f72-4463-87fd-59573cebf019,6c6be1fd-4f7d-4323-8e88-be427c2afae8,Lagomorpha,1.0,AWC 135,Oryctolagus cuniculus,oryctolagus cuniculus,lagomorpha
54556923-9b23-46da-bf80-7060a1b456c5,sequenceID:f53680d6-8cb5-4a15-8f90-9bfac165e540,f53680d6-8cb5-4a15-8f90-9bfac165e540,f53680d6-8cb5-4a15-8f90-9bfac165e540,6c6be1fd-4f7d-4323-8e88-be427c2afae8,Lagomorpha,1.0,AWC 135,Oryctolagus cuniculus,oryctolagus cuniculus,lagomorpha
f229916d-cc1d-4aac-9416-a23282d2bdca,sequenceID:4805234e-6ed5-4afd-85ab-26f6c6cb0a36,4805234e-6ed5-4afd-85ab-26f6c6cb0a36,4805234e-6ed5-4afd-85ab-26f6c6cb0a36,6c6be1fd-4f7d-4323-8e88-be427c2afae8,Lagomorpha,1.0,AWC 135,Oryctolagus cuniculus,oryctolagus cuniculus,lagomorpha
f57fe1b2-8842-4f73-9d7d-6f8ff989f329,sequenceID:c800fa76-80bb-4437-852c-a65a88ac47c5,c800fa76-80bb-4437-852c-a65a88ac47c5,c800fa76-80bb-4437-852c-a65a88ac47c5,6c6be1fd-4f7d-4323-8e88-be427c2afae8,Lagomorpha,1.0,AWC 135,Oryctolagus cuniculus,oryctolagus cuniculus,lagomorpha
ef474c6e-f0de-47d7-9b21-3033e5f814ac,sequenceID:68b9ebbc-7a6c-45eb-a484-f977f640161c,68b9ebbc-7a6c-45eb-a484-f977f640161c,68b9ebbc-7a6c-45eb-a484-f977f640161c,6c6be1fd-4f7d-4323-8e88-be427c2afae8,Lagomorpha,1.0,AWC 135,Oryctolagus cuniculus,oryctolagus cuniculus,lagomorpha
93873634-ca73-4a59-b841-8fb561004e09,sequenceID:68b9ebbc-7a6c-45eb-a484-f977f640161c,68b9ebbc-7a6c-45eb-a484-f977f640161c,68b9ebbc-7a6c-45eb-a484-f977f640161c,6c6be1fd-4f7d-4323-8e88-be427c2afae8,Lagomorpha,1.0,AWC 135,Oryctolagus cuniculus,oryctolagus cuniculus,lagomorpha
86859124-298f-47bd-9049-8bdb7d4f8dc7,sequenceID:55474208-c7b4-43b3-a253-2fe1686cd94c,55474208-c7b4-43b3-a253-2fe1686cd94c,55474208-c7b4-43b3-a253-2fe1686cd94c,6c6be1fd-4f7d-4323-8e88-be427c2afae8,Lagomorpha,1.0,AWC 135,Oryctolagus cuniculus,oryctolagus cuniculus,lagomorpha
ebc351c6-b165-4c88-8105-0b1b9e7700c2,sequenceID:3a9ed805-a5cb-46ed-9bf8-9a34a9af4b01,3a9ed805-a5cb-46ed-9bf8-9a34a9af4b01,3a9ed805-a5cb-46ed-9bf8-9a34a9af4b01,6c6be1fd-4f7d-4323-8e88-be427c2afae8,Lagomorpha,1.0,AWC 135,Oryctolagus cuniculus,oryctolagus cuniculus,lagomorpha
4cd390b8-e617-46ca-80f9-c6efb016a086,sequenceID:691b2412-242e-4cca-9395-e518e1afd796,691b2412-242e-4cca-9395-e518e1afd796,691b2412-242e-4cca-9395-e518e1afd796,6c6be1fd-4f7d-4323-8e88-be427c2afae8,Lagomorpha,1.0,AWC 135,Oryctolagus cuniculus,oryctolagus cuniculus,lagomorpha
3cfc27b1-90e1-4e26-8135-97aef622d175,sequenceID:691b2412-242e-4cca-9395-e518e1afd796,691b2412-242e-4cca-9395-e518e1afd796,691b2412-242e-4cca-9395-e518e1afd796,6c6be1fd-4f7d-4323-8e88-be427c2afae8,Lagomorpha,1.0,AWC 135,Oryctolagus cuniculus,oryctolagus cuniculus,lagomorpha
cf80d57b-6e76-47bb-b526-88998eff2625,sequenceID:d4ca536f-19fb-4ed9-8021-ab6209fd31f2,d4ca536f-19fb-4ed9-8021-ab6209fd31f2,d4ca536f-19fb-4ed9-8021-ab6209fd31f2,6c6be1fd-4f7d-4323-8e88-be427c2afae8,Lagomorpha,0.99,AWC 135,Oryctolagus cuniculus,oryctolagus cuniculus,lagomorpha
39cf2735-0224-497c-bbbf-8588e8e83f83,sequenceID:1bd2846a-6702-4150-b0cf-f8a9c636d43a,1bd2846a-6702-4150-b0cf-f8a9c636d43a,1bd2846a-6702-4150-b0cf-f8a9c636d43a,6c6be1fd-4f7d-4323-8e88-be427c2afae8,Lagomorpha,0.99,AWC 135,Oryctolagus cuniculus,oryctolagus cuniculus,lagomorpha
9564fff7-e7af-49b6-bf3e-a94ac1e84064,sequenceID:1bd2846a-6702-4150-b0cf-f8a9c636d43a,1bd2846a-6702-4150-b0cf-f8a9c636d43a,1bd2846a-6702-4150-b0cf-f8a9c636d43a,6c6be1fd-4f7d-4323-8e88-be427c2afae8,Lagomorpha,0.99,AWC 135,Oryctolagus cuniculus,oryctolagus cuniculus,lagomorpha
136d806b-20fa-4a37-bb9d-8f738e1b5e6f,sequenceID:9a5074da-775d-4d88-8867-b61de187c3fc,9a5074da-775d-4d88-8867-b61de187c3fc,9a5074da-775d-4d88-8867-b61de187c3fc,6c6be1fd-4f7d-4323-8e88-be427c2afae8,Lagomorpha,1.0,AWC 135,Oryctolagus cuniculus,oryctolagus cuniculus,lagomorpha
a17bb9da-dbdf-4eb5-9183-1a2849205027,sequenceID:0487a86f-7a07-4c6c-89a9-50438fc962d9,0487a86f-7a07-4c6c-89a9-50438fc962d9,0487a86f-7a07-4c6c-89a9-50438fc962d9,6c6be1fd-4f7d-4323-8e88-be427c2afae8,Lagomorpha,1.0,AWC 135,Oryctolagus cuniculus,oryctolagus cuniculus,lagomorpha
34390caf-7c6c-4eae-8ff2-0f0989d8d36f,sequenceID:39275957-c089-44e8-9959-81e21ebb3a80,39275957-c089-44e8-9959-81e21ebb3a80,39275957-c089-44e8-9959-81e21ebb3a80,6c6be1fd-4f7d-4323-8e88-be427c2afae8,Lagomorpha,1.0,AWC 135,Oryctolagus cuniculus,oryctolagus cuniculus,lagomorpha
41e09281-2d0f-46d7-b12f-b226b01e766c,sequenceID:c5b695fc-81cf-433b-8802-7eb83182e9d6,c5b695fc-81cf-433b-8802-7eb83182e9d6,c5b695fc-81cf-433b-8802-7eb83182e9d6,6c6be1fd-4f7d-4323-8e88-be427c2afae8,Lagomorpha,0.98,AWC 135,Oryctolagus cuniculus,oryctolagus cuniculus,lagomorpha
cc098a88-c819-4dbf-8bd5-09ecc31efed3,sequenceID:22bad793-4fec-4f32-863e-b0ba58fbc402,22bad793-4fec-4f32-863e-b0ba58fbc402,22bad793-4fec-4f32-863e-b0ba58fbc402,6c6be1fd-4f7d-4323-8e88-be427c2afae8,Lagomorpha,1.0,AWC 135,Oryctolagus cuniculus,oryctolagus cuniculus,lagomorpha
4f2221e0-3854-48c2-ac13-e2382fb6015b,sequenceID:a1d38002-1f05-4193-98b8-bf2205b8af34,a1d38002-1f05-4193-98b8-bf2205b8af34,a1d38002-1f05-4193-98b8-bf2205b8af34,6c6be1fd-4f7d-4323-8e88-be427c2afae8,Lagomorpha,0.99,AWC 135,Oryctolagus cuniculus,oryctolagus cuniculus,lagomorpha
ed00a016-4863-4d59-aa28-52d744daef4a,sequenceID:c587c928-df2f-44d2-a4a8-ba62485a645b,c587c928-df2f-44d2-a4a8-ba62485a645b,c587c928-df2f-44d2-a4a8-ba62485a645b,6c6be1fd-4f7d-4323-8e88-be427c2afae8,Lagomorpha,0.99,AWC 135,Oryctolagus cuniculus,oryctolagus cuniculus,lagomorpha
46097389-2976-4b01-bd7e-764bea3ee521,sequenceID:0bcffc49-4a10-4589-826d-14d109523c9d,0bcffc49-4a10-4589-826d-14d109523c9d,0bcffc49-4a10-4589-826d-14d109523c9d,6c6be1fd-4f7d-4323-8e88-be427c2afae8,Lagomorpha,0.99,AWC 135,Oryctolagus cuniculus,oryctolagus cuniculus,lagomorpha
2b72add7-0f97-43a3-819d-5bf2529195f1,sequenceID:b3628a5d-b559-4bf6-ace7-a9b7350336f7,b3628a5d-b559-4bf6-ace7-a9b7350336f7,b3628a5d-b559-4bf6-ace7-a9b7350336f7,6c6be1fd-4f7d-4323-8e88-be427c2afae8,,0.0,,Oryctolagus cuniculus,oryctolagus cuniculus,nan
0e2b07fc-7c0a-4c72-b335-2aa6f947a5f0,sequenceID:81da7cc8-8145-4fe3-8d5f-94429091b09e,81da7cc8-8145-4fe3-8d5f-94429091b09e,81da7cc8-8145-4fe3-8d5f-94429091b09e,6c6be1fd-4f7d-4323-8e88-be427c2afae8,Lagomorpha,0.99,AWC 135,Oryctolagus cuniculus,oryctolagus cuniculus,lagomorpha
d118233e-dfe7-4ce5-9e75-4038a6dbdd71,sequenceID:5441f455-5b21-48cd-a98c-2f41eb0b3e24,5441f455-5b21-48cd-a98c-2f41eb0b3e24,5441f455-5b21-48cd-a98c-2f41eb0b3e24,6c6be1fd-4f7d-4323-8e88-be427c2afae8,wallabia bicolor,0.8,AWC 135,Oryctolagus cuniculus,oryctolagus cuniculus,wallabia bicolor
71ad6f73-a84a-4663-986c-af9bf12a938b,sequenceID:19d959c5-70d9-43ad-b39c-27c6f0409f92,19d959c5-70d9-43ad-b39c-27c6f0409f92,19d959c5-70d9-43ad-b39c-27c6f0409f92,6c6be1fd-4f7d-4323-8e88-be427c2afae8,,0.0,,Oryctolagus cuniculus,oryctolagus cuniculus,nan
9c2a1555-a711-4da2-a098-cdebaee1fcb3,sequenceID:e83b4a48-077b-45bf-a384-119896832485,e83b4a48-077b-45bf-a384-119896832485,e83b4a48-077b-45bf-a384-119896832485,6c6be1fd-4f7d-4323-8e88-be427c2afae8,Lagomorpha,0.58,AWC 135,Oryctolagus cuniculus,oryctolagus cuniculus,lagomorpha
9c2a1555-a711-4da2-a098-cdebaee1fcb3,sequenceID:e83b4a48-077b-45bf-a384-119896832485,e83b4a48-077b-45bf-a384-119896832485,e83b4a48-077b-45bf-a384-119896832485,6c6be1fd-4f7d-4323-8e88-be427c2afae8,Macropus dorsalis,0.74,AWC 135,Oryctolagus cuniculus,oryctolagus cuniculus,macropus dorsalis
d101076f-91f8-4cad-b0bc-5dc8b9224f5e,sequenceID:2ae44e75-ca6f-47e8-ad54-868011fa3c2a,2ae44e75-ca6f-47e8-ad54-868011fa3c2a,2ae44e75-ca6f-47e8-ad54-868011fa3c2a,6c6be1fd-4f7d-4323-8e88-be427c2afae8,Lagomorpha,0.58,AWC 135,Oryctolagus cuniculus,oryctolagus cuniculus,lagomorpha
26bf3249-68cb-44d3-95f5-47f2826b6224,sequenceID:27af94ed-1d81-4847-88be-fa372e277c5a,27af94ed-1d81-4847-88be-fa372e277c5a,27af94ed-1d81-4847-88be-fa372e277c5a,6c6be1fd-4f7d-4323-8e88-be427c2afae8,Lagomorpha,1.0,AWC 135,Oryctolagus cuniculus,oryctolagus cuniculus,lagomorpha
229e9a9a-bf40-4968-9ab3-f1a302cdae4a,sequenceID:5d3f4459-1525-4257-929c-cb299c0b8fe8,5d3f4459-1525-4257-929c-cb299c0b8fe8,5d3f4459-1525-4257-929c-cb299c0b8fe8,6c6be1fd-4f7d-4323-8e88-be427c2afae8,Lagomorpha,0.99,AWC 135,Oryctolagus cuniculus,oryctolagus cuniculus,lagomorpha
41994f95-42b2-4bdc-ab40-03cf0f6a2a73,sequenceID:697a48e7-ddc1-4c40-aac8-5b0386caccc5,697a48e7-ddc1-4c40-aac8-5b0386caccc5,697a48e7-ddc1-4c40-aac8-5b0386caccc5,6c6be1fd-4f7d-4323-8e88-be427c2afae8,Lagomorpha,0.99,AWC 135,Oryctolagus cuniculus,oryctolagus cuniculus,lagomorpha
63ece584-76ca-41f9-be97-65ec26449c02,sequenceID:e2dbd962-4ff2-4090-8506-263811c2651b,e2dbd962-4ff2-4090-8506-263811c2651b,e2dbd962-4ff2-4090-8506-263811c2651b,6c6be1fd-4f7d-4323-8e88-be427c2afae8,Macrotis lagotis,0.85,AWC 135,Oryctolagus cuniculus,oryctolagus cuniculus,macrotis lagotis
5b621737-27dd-4b58-919b-45580f3cd4a5,sequenceID:5c1e8969-d461-4afa-b43f-1477bb2659d1,5c1e8969-d461-4afa-b43f-1477bb2659d1,5c1e8969-d461-4afa-b43f-1477bb2659d1,6c6be1fd-4f7d-4323-8e88-be427c2afae8,Lagomorpha,1.0,AWC 135,Oryctolagus cuniculus,oryctolagus cuniculus,lagomorpha
678e880c-8dc5-49be-92d7-e2fdcc0415d3,sequenceID:a771eab5-2c57-422d-ac82-40e046d87656,a771eab5-2c57-422d-ac82-40e046d87656,a771eab5-2c57-422d-ac82-40e046d87656,6c6be1fd-4f7d-4323-8e88-be427c2afae8,Lagomorpha,1.0,AWC 135,Oryctolagus cuniculus,oryctolagus cuniculus,lagomorpha
cc93c3ed-1757-4bd1-a11f-7cf8270f3ee3,sequenceID:a771eab5-2c57-422d-ac82-40e046d87656,a771eab5-2c57-422d-ac82-40e046d87656,a771eab5-2c57-422d-ac82-40e046d87656,6c6be1fd-4f7d-4323-8e88-be427c2afae8,Lagomorpha,1.0,AWC 135,Oryctolagus cuniculus,oryctolagus cuniculus,lagomorpha
6373a531-ffc6-4402-9c71-582101038539,sequenceID:dce159fa-fb93-47a4-a139-f7e0e7881e00,dce159fa-fb93-47a4-a139-f7e0e7881e00,dce159fa-fb93-47a4-a139-f7e0e7881e00,6c6be1fd-4f7d-4323-8e88-be427c2afae8,Lagomorpha,0.99,AWC 135,Oryctolagus cuniculus,oryctolagus cuniculus,lagomorpha
1ffcabf4-df7d-4ebf-8f07-368922921a33,sequenceID:5ecde6b7-f4ba-45e3-8008-6621413acb19,5ecde6b7-f4ba-45e3-8008-6621413acb19,5ecde6b7-f4ba-45e3-8008-6621413acb19,6c6be1fd-4f7d-4323-8e88-be427c2afae8,Lagomorpha,0.99,AWC 135,Oryctolagus cuniculus,oryctolagus cuniculus,lagomorpha
c12078d4-7a3a-44c2-a724-7bcee9979709,sequenceID:cc6124f2-eabb-437a-a82e-03243efe1952,cc6124f2-eabb-437a-a82e-03243efe1952,cc6124f2-eabb-437a-a82e-03243efe1952,6c6be1fd-4f7d-4323-8e88-be427c2afae8,Macrotis lagotis,0.98,AWC 135,Oryctolagus cuniculus,oryctolagus cuniculus,macrotis lagotis
f7fc96a7-8b7e-490e-98d7-dc10955ffdcd,sequenceID:febdd5f3-2dfc-4062-909d-08ebff6363f5,febdd5f3-2dfc-4062-909d-08ebff6363f5,febdd5f3-2dfc-4062-909d-08ebff6363f5,6c6be1fd-4f7d-4323-8e88-be427c2afae8,Lagomorpha,1.0,AWC 135,Oryctolagus cuniculus,oryctolagus cuniculus,lagomorpha
3d8c7be0-3002-4de8-aafc-6748942c551e,sequenceID:a6286c90-cd6f-4118-a2b5-1f101dbb909a,a6286c90-cd6f-4118-a2b5-1f101dbb909a,a6286c90-cd6f-4118-a2b5-1f101dbb909a,6c6be1fd-4f7d-4323-8e88-be427c2afae8,Lagomorpha,0.99,AWC 135,Oryctolagus cuniculus,oryctolagus cuniculus,lagomorpha
45d98cdb-a42c-401f-a672-c65ae0b684cc,sequenceID:ab0fb1e6-f511-419d-a3ee-a28ab5f87181,ab0fb1e6-f511-419d-a3ee-a28ab5f87181,ab0fb1e6-f511-419d-a3ee-a28ab5f87181,6c6be1fd-4f7d-4323-8e88-be427c2afae8,Lagomorpha,0.73,AWC 135,Oryctolagus cuniculus,oryctolagus cuniculus,lagomorpha
769e776c-92d7-418d-b95a-192e85dc7b35,sequenceID:ab0fb1e6-f511-419d-a3ee-a28ab5f87181,ab0fb1e6-f511-419d-a3ee-a28ab5f87181,ab0fb1e6-f511-419d-a3ee-a28ab5f87181,6c6be1fd-4f7d-4323-8e88-be427c2afae8,Lagomorpha,0.73,AWC 135,Oryctolagus cuniculus,oryctolagus cuniculus,lagomorpha
6c8d5de7-1b15-4f07-acae-1389f7add1f1,sequenceID:cfe592e2-09a0-4321-9130-ec2010bcc1ea,cfe592e2-09a0-4321-9130-ec2010bcc1ea,cfe592e2-09a0-4321-9130-ec2010bcc1ea,6c6be1fd-4f7d-4323-8e88-be427c2afae8,Lagomorpha,0.99,AWC 135,Oryctolagus cuniculus,oryctolagus cuniculus,lagomorpha
5f528200-11a2-44f7-8692-d089bf0bda9f,sequenceID:6d624e9c-f2c4-4bde-800c-6983c34225a5,6d624e9c-f2c4-4bde-800c-6983c34225a5,6d624e9c-f2c4-4bde-800c-6983c34225a5,6c6be1fd-4f7d-4323-8e88-be427c2afae8,Lagomorpha,1.0,AWC 135,Oryctolagus cuniculus,oryctolagus cuniculus,lagomorpha
6a1aa918-9237-477c-95f9-b47169db22cd,sequenceID:864ac034-f422-4fa4-bac8-bfeb2058c171,864ac034-f422-4fa4-bac8-bfeb2058c171,864ac034-f422-4fa4-bac8-bfeb2058c171,6c6be1fd-4f7d-4323-8e88-be427c2afae8,Lagomorpha,0.99,AWC 135,Oryctolagus cuniculus,oryctolagus cuniculus,lagomorpha
d920baa8-943f-43a2-b33e-6c2399bdf8e9,sequenceID:18f04d67-973d-4526-aa1d-263b7e9f35c7,18f04d67-973d-4526-aa1d-263b7e9f35c7,18f04d67-973d-4526-aa1d-263b7e9f35c7,6c6be1fd-4f7d-4323-8e88-be427c2afae8,Lagomorpha,0.99,AWC 135,Oryctolagus cuniculus,oryctolagus cuniculus,lagomorpha
27a3b178-7645-4011-806a-38afd10fac75,sequenceID:db33d66a-7bc2-400c-a79c-3bd2700b7198,db33d66a-7bc2-400c-a79c-3bd2700b7198,db33d66a-7bc2-400c-a79c-3bd2700b7198,6c6be1fd-4f7d-4323-8e88-be427c2afae8,Lagomorpha,1.0,AWC 135,Oryctolagus cuniculus,oryctolagus cuniculus,lagomorpha
d342b37f-1fac-4beb-b12c-5648247f2ca5,sequenceID:db33d66a-7bc2-400c-a79c-3bd2700b7198,db33d66a-7bc2-400c-a79c-3bd2700b7198,db33d66a-7bc2-400c-a79c-3bd2700b7198,6c6be1fd-4f7d-4323-8e88-be427c2afae8,Lagomorpha,1.0,AWC 135,Oryctolagus cuniculus,oryctolagus cuniculus,lagomorpha
23858a99-705c-4c03-b5cb-dedad8c641bd,sequenceID:46845edb-fd71-4809-9683-7b2e464660d7,46845edb-fd71-4809-9683-7b2e464660d7,46845edb-fd71-4809-9683-7b2e464660d7,6c6be1fd-4f7d-4323-8e88-be427c2afae8,,0.0,,Oryctolagus cuniculus,oryctolagus cuniculus,nan
1552d5ff-6d23-4eee-a589-9cd6803328ee,sequenceID:46845edb-fd71-4809-9683-7b2e464660d7,46845edb-fd71-4809-9683-7b2e464660d7,46845edb-fd71-4809-9683-7b2e464660d7,6c6be1fd-4f7d-4323-8e88-be427c2afae8,,0.0,,Oryctolagus cuniculus,oryctolagus cuniculus,nan
e464c19f-c942-4b5a-ada5-c84a70d88f80,sequenceID:81968e6f-b892-413f-bb7c-fe0b29c11e6a,81968e6f-b892-413f-bb7c-fe0b29c11e6a,81968e6f-b892-413f-bb7c-fe0b29c11e6a,6c6be1fd-4f7d-4323-8e88-be427c2afae8,,0.0,,Oryctolagus cuniculus,oryctolagus cuniculus,nan
ac25dad0-54a4-4411-b52f-4927314e43ae,sequenceID:4e3a4c88-eff2-48e8-833b-2527fa711196,4e3a4c88-eff2-48e8-833b-2527fa711196,4e3a4c88-eff2-48e8-833b-2527fa711196,6c6be1fd-4f7d-4323-8e88-be427c2afae8,,0.0,,Oryctolagus cuniculus,oryctolagus cuniculus,nan
c80f25a0-09ad-4d13-b358-95fab184006d,sequenceID:4e3a4c88-eff2-48e8-833b-2527fa711196,4e3a4c88-eff2-48e8-833b-2527fa711196,4e3a4c88-eff2-48e8-833b-2527fa711196,6c6be1fd-4f7d-4323-8e88-be427c2afae8,,0.0,,Oryctolagus cuniculus,oryctolagus cuniculus,nan
da3e6651-febc-4799-9873-3fb1bfc4049a,sequenceID:fe917ace-9a66-47c2-95e0-ba6ec7990d8f,fe917ace-9a66-47c2-95e0-ba6ec7990d8f,fe917ace-9a66-47c2-95e0-ba6ec7990d8f,6c6be1fd-4f7d-4323-8e88-be427c2afae8,Lagomorpha,1.0,AWC 135,Oryctolagus cuniculus,oryctolagus cuniculus,lagomorpha
618d74d4-11a4-42ac-95e4-1a8bf705e290,sequenceID:fc4ed881-9341-4725-a740-c8cc692bba1e,fc4ed881-9341-4725-a740-c8cc692bba1e,fc4ed881-9341-4725-a740-c8cc692bba1e,6c6be1fd-4f7d-4323-8e88-be427c2afae8,Lagomorpha,1.0,AWC 135,Oryctolagus cuniculus,oryctolagus cuniculus,lagomorpha
f0066283-3ad0-46d8-affb-822da98a2b73,sequenceID:9a8f7904-8369-4116-b86c-c48705d13833,9a8f7904-8369-4116-b86c-c48705d13833,9a8f7904-8369-4116-b86c-c48705d13833,6c6be1fd-4f7d-4323-8e88-be427c2afae8,Lagomorpha,1.0,AWC 135,Oryctolagus cuniculus,oryctolagus cuniculus,lagomorpha
52008e01-8c91-4b68-bdb8-2b46e71195c7,sequenceID:cc9d30a5-9aa2-4434-99e9-343d81865842,cc9d30a5-9aa2-4434-99e9-343d81865842,cc9d30a5-9aa2-4434-99e9-343d81865842,6c6be1fd-4f7d-4323-8e88-be427c2afae8,Lagomorpha,1.0,AWC 135,Oryctolagus cuniculus,oryctolagus cuniculus,lagomorpha
2d47131f-6132-463a-bd02-6d893d81b6bd,sequenceID:6bdf857c-f069-4d89-b8c7-147fc41683db,6bdf857c-f069-4d89-b8c7-147fc41683db,6bdf857c-f069-4d89-b8c7-147fc41683db,6c6be1fd-4f7d-4323-8e88-be427c2afae8,Lagomorpha,1.0,AWC 135,Oryctolagus cuniculus,oryctolagus cuniculus,lagomorpha
7f0998e1-0761-4764-92a5-8a60e0197fda,sequenceID:3339d1d0-c070-42eb-bcda-a464592b2cb0,3339d1d0-c070-42eb-bcda-a464592b2cb0,3339d1d0-c070-42eb-bcda-a464592b2cb0,6c6be1fd-4f7d-4323-8e88-be427c2afae8,Lagomorpha,1.0,AWC 135,Oryctolagus cuniculus,oryctolagus cuniculus,lagomorpha
a12046a1-b2f2-4af2-bd72-33085548510d,sequenceID:13190d72-fdb2-46bf-a835-b11ac94d98d0,13190d72-fdb2-46bf-a835-b11ac94d98d0,13190d72-fdb2-46bf-a835-b11ac94d98d0,6c6be1fd-4f7d-4323-8e88-be427c2afae8,Lagomorpha,0.95,AWC 135,Oryctolagus cuniculus,oryctolagus cuniculus,lagomorpha
b30d9f6a-5932-40ca-acd9-2cad78363138,sequenceID:6cce977f-9e69-407a-8960-75923b7c0381,6cce977f-9e69-407a-8960-75923b7c0381,6cce977f-9e69-407a-8960-75923b7c0381,6c6be1fd-4f7d-4323-8e88-be427c2afae8,,0.0,,Oryctolagus cuniculus,oryctolagus cuniculus,nan
4e6c3a7b-b789-4405-8b1e-e51dfe2bba83,sequenceID:dbd0aaa5-e9b7-45d5-8ca3-57bfcb376cd4,dbd0aaa5-e9b7-45d5-8ca3-57bfcb376cd4,dbd0aaa5-e9b7-45d5-8ca3-57bfcb376cd4,6c6be1fd-4f7d-4323-8e88-be427c2afae8,Lagomorpha,0.99,AWC 135,Oryctolagus cuniculus,oryctolagus cuniculus,lagomorpha
00809eab-3a53-42a1-91ab-bc49ba07f8db,sequenceID:9154f7b9-d51c-48a0-b5ce-a81953003d16,9154f7b9-d51c-48a0-b5ce-a81953003d16,9154f7b9-d51c-48a0-b5ce-a81953003d16,6c6be1fd-4f7d-4323-8e88-be427c2afae8,Lagomorpha,0.96,AWC 135,Oryctolagus cuniculus,oryctolagus cuniculus,lagomorpha
38cec912-a0e4-4e56-9a8e-fd556ddcd917,sequenceID:708fec1a-7459-4912-95f2-26329b60e454,708fec1a-7459-4912-95f2-26329b60e454,708fec1a-7459-4912-95f2-26329b60e454,6c6be1fd-4f7d-4323-8e88-be427c2afae8,Lagomorpha,0.99,AWC 135,Oryctolagus cuniculus,oryctolagus cuniculus,lagomorpha
7ba39811-0838-485d-91b1-935e2331b7af,sequenceID:061841dd-369f-4c51-b65b-06b4b3f15203,061841dd-369f-4c51-b65b-06b4b3f15203,061841dd-369f-4c51-b65b-06b4b3f15203,6c6be1fd-4f7d-4323-8e88-be427c2afae8,Lagomorpha,1.0,AWC 135,Oryctolagus cuniculus,oryctolagus cuniculus,lagomorpha
e4a8a217-1b88-4949-8f28-54d508bfc59f,sequenceID:061841dd-369f-4c51-b65b-06b4b3f15203,061841dd-369f-4c51-b65b-06b4b3f15203,061841dd-369f-4c51-b65b-06b4b3f15203,6c6be1fd-4f7d-4323-8e88-be427c2afae8,Lagomorpha,1.0,AWC 135,Oryctolagus cuniculus,oryctolagus cuniculus,lagomorpha
e2531c96-4c2f-40d9-a143-7c6e08f6d4b0,sequenceID:120ace5e-ad5e-442b-b603-9ffb3d0e8739,120ace5e-ad5e-442b-b603-9ffb3d0e8739,120ace5e-ad5e-442b-b603-9ffb3d0e8739,6c6be1fd-4f7d-4323-8e88-be427c2afae8,Lagomorpha,1.0,AWC 135,Oryctolagus cuniculus,oryctolagus cuniculus,lagomorpha
b57ace4f-641f-4533-8eb9-26c89b013348,sequenceID:23f0db67-3fdf-4e41-bcef-232d3108989a,23f0db67-3fdf-4e41-bcef-232d3108989a,23f0db67-3fdf-4e41-bcef-232d3108989a,6c6be1fd-4f7d-4323-8e88-be427c2afae8,Lagomorpha,1.0,AWC 135,Oryctolagus cuniculus,oryctolagus cuniculus,lagomorpha
db4461ea-c71d-4bd8-a94f-887ffbe067bb,sequenceID:23f0db67-3fdf-4e41-bcef-232d3108989a,23f0db67-3fdf-4e41-bcef-232d3108989a,23f0db67-3fdf-4e41-bcef-232d3108989a,6c6be1fd-4f7d-4323-8e88-be427c2afae8,Lagomorpha,1.0,AWC 135,Oryctolagus cuniculus,oryctolagus cuniculus,lagomorpha
190fdb77-29fb-4f55-9c9c-bf0a846a4c16,sequenceID:bdb72248-3223-44c8-b61c-51af577e0048,bdb72248-3223-44c8-b61c-51af577e0048,bdb72248-3223-44c8-b61c-51af577e0048,6c6be1fd-4f7d-4323-8e88-be427c2afae8,Lagomorpha,1.0,AWC 135,Oryctolagus cuniculus,oryctolagus cuniculus,lagomorpha
dcd80d4f-23e3-43b9-8e87-52926c62c535,sequenceID:0d57807b-0939-4d6a-86f9-680f2dc5c605,0d57807b-0939-4d6a-86f9-680f2dc5c605,0d57807b-0939-4d6a-86f9-680f2dc5c605,6c6be1fd-4f7d-4323-8e88-be427c2afae8,Lagomorpha,1.0,AWC 135,Oryctolagus cuniculus,oryctolagus cuniculus,lagomorpha
d36b057f-694c-4774-a63b-9d9170b758ae,sequenceID:395bd7ca-1ee6-4d56-959e-1c5c4ad0d512,395bd7ca-1ee6-4d56-959e-1c5c4ad0d512,395bd7ca-1ee6-4d56-959e-1c5c4ad0d512,6c6be1fd-4f7d-4323-8e88-be427c2afae8,Lagomorpha,0.99,AWC 135,Oryctolagus cuniculus,oryctolagus cuniculus,lagomorpha
961da417-c6d5-4920-8b5e-40d84291e5d6,sequenceID:395bd7ca-1ee6-4d56-959e-1c5c4ad0d512,395bd7ca-1ee6-4d56-959e-1c5c4ad0d512,395bd7ca-1ee6-4d56-959e-1c5c4ad0d512,6c6be1fd-4f7d-4323-8e88-be427c2afae8,Lagomorpha,0.99,AWC 135,Oryctolagus cuniculus,oryctolagus cuniculus,lagomorpha
e8072e84-503a-4517-af18-9888d9a0899e,sequenceID:e7e07c23-65ef-4d2d-8d2a-b8f70916496f,e7e07c23-65ef-4d2d-8d2a-b8f70916496f,e7e07c23-65ef-4d2d-8d2a-b8f70916496f,6c6be1fd-4f7d-4323-8e88-be427c2afae8,Lagomorpha,1.0,AWC 135,Oryctolagus cuniculus,oryctolagus cuniculus,lagomorpha
67c40d57-a7f7-4c39-884d-3f3bf9a5741f,sequenceID:dd60158a-a2ee-4194-83e3-2b80e411f85b,dd60158a-a2ee-4194-83e3-2b80e411f85b,dd60158a-a2ee-4194-83e3-2b80e411f85b,6c6be1fd-4f7d-4323-8e88-be427c2afae8,Lagomorpha,0.96,AWC 135,Oryctolagus cuniculus,oryctolagus cuniculus,lagomorpha
01664cbc-bcbe-406c-ae96-7464ddef44a7,sequenceID:1672cf44-36b9-4552-979b-e143fd68ff27,1672cf44-36b9-4552-979b-e143fd68ff27,1672cf44-36b9-4552-979b-e143fd68ff27,6c6be1fd-4f7d-4323-8e88-be427c2afae8,Lagomorpha,1.0,AWC 135,Oryctolagus cuniculus,oryctolagus cuniculus,lagomorpha
89751a7b-b805-4b15-9ee1-1b1a469cf624,sequenceID:f5b53d5d-e7d2-4a9c-a957-816b189de4f3,f5b53d5d-e7d2-4a9c-a957-816b189de4f3,f5b53d5d-e7d2-4a9c-a957-816b189de4f3,6c6be1fd-4f7d-4323-8e88-be427c2afae8,Lagomorpha,1.0,AWC 135,Oryctolagus cuniculus,oryctolagus cuniculus,lagomorpha
9879e806-4b2b-4ff1-9e04-b0daba41da14,sequenceID:1b87baf1-4eda-4005-b05e-aca77016a3a9,1b87baf1-4eda-4005-b05e-aca77016a3a9,1b87baf1-4eda-4005-b05e-aca77016a3a9,6c6be1fd-4f7d-4323-8e88-be427c2afae8,Lagomorpha,1.0,AWC 135,Oryctolagus cuniculus,oryctolagus cuniculus,lagomorpha
d156ab73-247a-47a6-b1cd-becaee2c3ce4,sequenceID:96b94829-5c1f-42eb-bbf9-d1d5f163de5e,96b94829-5c1f-42eb-bbf9-d1d5f163de5e,96b94829-5c1f-42eb-bbf9-d1d5f163de5e,6c6be1fd-4f7d-4323-8e88-be427c2afae8,Lagomorpha,1.0,AWC 135,Oryctolagus cuniculus,oryctolagus cuniculus,lagomorpha
06f4c39e-359f-409c-87ed-dcd3386ee9b7,sequenceID:96b94829-5c1f-42eb-bbf9-d1d5f163de5e,96b94829-5c1f-42eb-bbf9-d1d5f163de5e,96b94829-5c1f-42eb-bbf9-d1d5f163de5e,6c6be1fd-4f7d-4323-8e88-be427c2afae8,Lagomorpha,1.0,AWC 135,Oryctolagus cuniculus,oryctolagus cuniculus,lagomorpha
d0ef8cb9-9cec-440b-a01b-cee228aa3f59,sequenceID:4651c743-2378-4dbb-9286-ebd3e49dba34,4651c743-2378-4dbb-9286-ebd3e49dba34,4651c743-2378-4dbb-9286-ebd3e49dba34,6c6be1fd-4f7d-4323-8e88-be427c2afae8,Lagomorpha,0.99,AWC 135,Oryctolagus cuniculus,oryctolagus cuniculus,lagomorpha
e1bf29e5-abe1-475d-b1cc-0de0a576d7a3,sequenceID:4651c743-2378-4dbb-9286-ebd3e49dba34,4651c743-2378-4dbb-9286-ebd3e49dba34,4651c743-2378-4dbb-9286-ebd3e49dba34,6c6be1fd-4f7d-4323-8e88-be427c2afae8,Lagomorpha,0.99,AWC 135,Oryctolagus cuniculus,oryctolagus cuniculus,lagomorpha
e4f045ef-6643-4d25-802d-37f4bf10f7ad,sequenceID:9c1c961d-9b88-479c-8c7f-7f4439b42ee5,9c1c961d-9b88-479c-8c7f-7f4439b42ee5,9c1c961d-9b88-479c-8c7f-7f4439b42ee5,6c6be1fd-4f7d-4323-8e88-be427c2afae8,Lagomorpha,0.99,AWC 135,Oryctolagus cuniculus,oryctolagus cuniculus,lagomorpha
e2da7584-b34c-4c1c-b655-6898f355a509,sequenceID:5a2bdd5a-75e0-4034-83f2-b5b77174d8ad,5a2bdd5a-75e0-4034-83f2-b5b77174d8ad,5a2bdd5a-75e0-4034-83f2-b5b77174d8ad,6c6be1fd-4f7d-4323-8e88-be427c2afae8,Lagomorpha,0.99,AWC 135,Oryctolagus cuniculus,oryctolagus cuniculus,lagomorpha
b70816f1-7261-4b46-9365-0ab0954883dd,sequenceID:ba971b66-bfff-4333-9b0c-e01ef5a2cbae,ba971b66-bfff-4333-9b0c-e01ef5a2cbae,ba971b66-bfff-4333-9b0c-e01ef5a2cbae,6c6be1fd-4f7d-4323-8e88-be427c2afae8,Lagomorpha,1.0,AWC 135,Oryctolagus cuniculus,oryctolagus cuniculus,lagomorpha
8cda36c5-983c-4fd6-956c-b4a4d48b1ff6,sequenceID:3e4dfcfd-123c-4365-bd08-c0021b4ed4ea,3e4dfcfd-123c-4365-bd08-c0021b4ed4ea,3e4dfcfd-123c-4365-bd08-c0021b4ed4ea,6c6be1fd-4f7d-4323-8e88-be427c2afae8,Lagomorpha,1.0,AWC 135,Oryctolagus cuniculus,oryctolagus cuniculus,lagomorpha
b754c84d-7993-4aa3-8702-ae1b6a4ada34,sequenceID:4780bf8a-ac80-434f-adb5-3c0e1bd62687,4780bf8a-ac80-434f-adb5-3c0e1bd62687,4780bf8a-ac80-434f-adb5-3c0e1bd62687,6c6be1fd-4f7d-4323-8e88-be427c2afae8,Lagomorpha,1.0,AWC 135,Oryctolagus cuniculus,oryctolagus cuniculus,lagomorpha
c4ff7375-c1a3-450f-9c30-b5a010d6ca94,sequenceID:dbfd4053-aa52-4a01-ad63-f2b1e4733c51,dbfd4053-aa52-4a01-ad63-f2b1e4733c51,dbfd4053-aa52-4a01-ad63-f2b1e4733c51,6c6be1fd-4f7d-4323-8e88-be427c2afae8,Lagomorpha,0.99,AWC 135,Oryctolagus cuniculus,oryctolagus cuniculus,lagomorpha
6d13fa7e-50cc-4711-89d2-47bbe61f62dc,sequenceID:5da79bcf-888d-4b30-9cb2-0007d8c54667,5da79bcf-888d-4b30-9cb2-0007d8c54667,5da79bcf-888d-4b30-9cb2-0007d8c54667,6c6be1fd-4f7d-4323-8e88-be427c2afae8,Lagomorpha,0.99,AWC 135,Oryctolagus cuniculus,oryctolagus cuniculus,lagomorpha
bc5c1827-12a4-48b8-87ae-697da69f76d8,sequenceID:5da79bcf-888d-4b30-9cb2-0007d8c54667,5da79bcf-888d-4b30-9cb2-0007d8c54667,5da79bcf-888d-4b30-9cb2-0007d8c54667,6c6be1fd-4f7d-4323-8e88-be427c2afae8,Lagomorpha,0.99,AWC 135,Oryctolagus cuniculus,oryctolagus cuniculus,lagomorpha
baa38a20-17f7-4c55-883d-0cb761e79ee0,sequenceID:3eb79b6e-6ae9-4297-8e59-2222d8857cb9,3eb79b6e-6ae9-4297-8e59-2222d8857cb9,3eb79b6e-6ae9-4297-8e59-2222d8857cb9,6c6be1fd-4f7d-4323-8e88-be427c2afae8,Lagomorpha,1.0,AWC 135,Oryctolagus cuniculus,oryctolagus cuniculus,lagomorpha
38b688c6-44c4-4b9d-85e4-65ca4d289987,sequenceID:a0ead980-31a9-45ac-9b16-96a778449a99,a0ead980-31a9-45ac-9b16-96a778449a99,a0ead980-31a9-45ac-9b16-96a778449a99,6c6be1fd-4f7d-4323-8e88-be427c2afae8,Lagomorpha,1.0,AWC 135,Oryctolagus cuniculus,oryctolagus cuniculus,lagomorpha
8f0f4d33-9c26-43f2-b688-1b1f6535e777,sequenceID:c2a53720-fc3f-4639-9a77-d20dfbbab2e9,c2a53720-fc3f-4639-9a77-d20dfbbab2e9,c2a53720-fc3f-4639-9a77-d20dfbbab2e9,6c6be1fd-4f7d-4323-8e88-be427c2afae8,Lagomorpha,1.0,AWC 135,Oryctolagus cuniculus,oryctolagus cuniculus,lagomorpha
16647f4c-eb09-4e00-a064-78f834c2d43b,sequenceID:805237cb-4dd8-4c5a-afbf-b13f92fa3425,805237cb-4dd8-4c5a-afbf-b13f92fa3425,805237cb-4dd8-4c5a-afbf-b13f92fa3425,6c6be1fd-4f7d-4323-8e88-be427c2afae8,Lagomorpha,0.98,AWC 135,Oryctolagus cuniculus,oryctolagus cuniculus,lagomorpha
5716c11e-7d33-42c1-b43c-1fc801404e2d,sequenceID:eacbec33-0730-4656-aac7-6fde68090f46,eacbec33-0730-4656-aac7-6fde68090f46,eacbec33-0730-4656-aac7-6fde68090f46,6c6be1fd-4f7d-4323-8e88-be427c2afae8,Lagomorpha,1.0,AWC 135,Oryctolagus cuniculus,oryctolagus cuniculus,lagomorpha
1ba10530-13c2-4d55-a690-9782374213af,sequenceID:720f0323-f582-48d3-8f5a-a3e5292bf3b2,720f0323-f582-48d3-8f5a-a3e5292bf3b2,720f0323-f582-48d3-8f5a-a3e5292bf3b2,6c6be1fd-4f7d-4323-8e88-be427c2afae8,Lagomorpha,0.99,AWC 135,Oryctolagus cuniculus,oryctolagus cuniculus,lagomorpha
5ba5b4bf-51a1-4ce5-a04f-9ba9fada5861,sequenceID:4d96faac-fc50-49a8-a3f6-03e325ab9bf3,4d96faac-fc50-49a8-a3f6-03e325ab9bf3,4d96faac-fc50-49a8-a3f6-03e325ab9bf3,6c6be1fd-4f7d-4323-8e88-be427c2afae8,Lagomorpha,1.0,AWC 135,Oryctolagus cuniculus,oryctolagus cuniculus,lagomorpha
b17d9cca-048b-48b3-8a1c-4e00f30b31e6,sequenceID:f913587e-3d83-4e82-9f21-c5ac72e8077f,f913587e-3d83-4e82-9f21-c5ac72e8077f,f913587e-3d83-4e82-9f21-c5ac72e8077f,6c6be1fd-4f7d-4323-8e88-be427c2afae8,Lagomorpha,1.0,AWC 135,Oryctolagus cuniculus,oryctolagus cuniculus,lagomorpha
8788ce0a-e7b8-47b6-9b3f-7ac579c5b35d,sequenceID:c3ae40e9-6300-4bc2-8539-aec7377a8141,c3ae40e9-6300-4bc2-8539-aec7377a8141,c3ae40e9-6300-4bc2-8539-aec7377a8141,6c6be1fd-4f7d-4323-8e88-be427c2afae8,Lagomorpha,0.99,AWC 135,Oryctolagus cuniculus,oryctolagus cuniculus,lagomorpha
9c5bfc81-2888-430f-8e48-3234c1f44f09,sequenceID:40292611-757e-462b-9ae4-076c88929a57,40292611-757e-462b-9ae4-076c88929a57,40292611-757e-462b-9ae4-076c88929a57,6c6be1fd-4f7d-4323-8e88-be427c2afae8,Lagomorpha,1.0,AWC 135,Oryctolagus cuniculus,oryctolagus cuniculus,lagomorpha
8cc0128f-eaa8-45b7-a3ca-493fc57b2b2a,sequenceID:40292611-757e-462b-9ae4-076c88929a57,40292611-757e-462b-9ae4-076c88929a57,40292611-757e-462b-9ae4-076c88929a57,6c6be1fd-4f7d-4323-8e88-be427c2afae8,Lagomorpha,1.0,AWC 135,Oryctolagus cuniculus,oryctolagus cuniculus,lagomorpha
b2c2945b-4ec4-4bab-bd84-b5f60a78da4f,sequenceID:433d0d8b-2a4d-4e54-88d2-afd33c7adc45,433d0d8b-2a4d-4e54-88d2-afd33c7adc45,433d0d8b-2a4d-4e54-88d2-afd33c7adc45,ab5f9196-e21e-42b8-b1ab-edc914bf8ade,,0.0,,Vulpes vulpes,vulpes vulpes,nan
05b43b6e-e0a2-4669-b488-02d5269ffd5e,sequenceID:a83823f2-388c-41bb-b25a-d3d116935fed,a83823f2-388c-41bb-b25a-d3d116935fed,a83823f2-388c-41bb-b25a-d3d116935fed,ab5f9196-e21e-42b8-b1ab-edc914bf8ade,,0.0,,Vulpes vulpes,vulpes vulpes,nan
b7ea75db-7844-4db0-8cb6-ded1ddc8e28b,sequenceID:640dc7b4-6e4c-4863-8257-e540c0713eee,640dc7b4-6e4c-4863-8257-e540c0713eee,640dc7b4-6e4c-4863-8257-e540c0713eee,ab5f9196-e21e-42b8-b1ab-edc914bf8ade,Trichosurus caninus,0.56,AWC 135,Vulpes vulpes,vulpes vulpes,trichosurus caninus
f4c1eb73-66c8-4028-9287-cefd723e835e,sequenceID:cc5b540f-8542-4a02-b2ab-220342f72b88,cc5b540f-8542-4a02-b2ab-220342f72b88,cc5b540f-8542-4a02-b2ab-220342f72b88,ab5f9196-e21e-42b8-b1ab-edc914bf8ade,Felis catus,0.72,AWC 135,Vulpes vulpes,vulpes vulpes,felis catus
f6e9261a-83d0-4f39-8915-1ce5eec9e49b,sequenceID:2521e2aa-c1f0-4672-9f6c-8784275a61c9,2521e2aa-c1f0-4672-9f6c-8784275a61c9,2521e2aa-c1f0-4672-9f6c-8784275a61c9,ab5f9196-e21e-42b8-b1ab-edc914bf8ade,,0.0,,Vulpes vulpes,vulpes vulpes,nan
418c187d-faf3-4b75-8c9f-95a9363af857,sequenceID:9d59c3ce-c3f6-417a-b173-6e3d70b27ca8,9d59c3ce-c3f6-417a-b173-6e3d70b27ca8,9d59c3ce-c3f6-417a-b173-6e3d70b27ca8,ab5f9196-e21e-42b8-b1ab-edc914bf8ade,Bettongia lesueur,0.76,AWC 135,Vulpes vulpes,vulpes vulpes,bettongia lesueur
fc40586c-46e3-4cad-a6a0-9a6a986e2025,sequenceID:6cf1e0c4-6da1-42ee-bd59-054a1b2bf31f,6cf1e0c4-6da1-42ee-bd59-054a1b2bf31f,6cf1e0c4-6da1-42ee-bd59-054a1b2bf31f,ab5f9196-e21e-42b8-b1ab-edc914bf8ade,,0.0,,Vulpes vulpes,vulpes vulpes,nan
11a5319d-c42a-4ce1-8b6a-349dfef7fac6,sequenceID:b6e358be-630d-4c7f-a4c6-0e90dbf84985,b6e358be-630d-4c7f-a4c6-0e90dbf84985,b6e358be-630d-4c7f-a4c6-0e90dbf84985,ab5f9196-e21e-42b8-b1ab-edc914bf8ade,Felis catus,0.64,AWC 135,Vulpes vulpes,vulpes vulpes,felis catus
ad676d5e-6bda-45cf-bbca-5c01ea09583c,sequenceID:d045bc3f-a833-4025-a6e0-a5b2d05204c5,d045bc3f-a833-4025-a6e0-a5b2d05204c5,d045bc3f-a833-4025-a6e0-a5b2d05204c5,ab5f9196-e21e-42b8-b1ab-edc914bf8ade,,0.0,,Vulpes vulpes,vulpes vulpes,nan
a111f691-f363-432d-b2d5-767473a41f31,sequenceID:37da1236-ff0d-44e2-ab87-8b1cd675409b,37da1236-ff0d-44e2-ab87-8b1cd675409b,37da1236-ff0d-44e2-ab87-8b1cd675409b,ab5f9196-e21e-42b8-b1ab-edc914bf8ade,Bettongia lesueur,0.98,AWC 135,Vulpes vulpes,vulpes vulpes,bettongia lesueur
09426760-3d76-45a8-8561-90849081597f,sequenceID:c9161398-5f2b-4de1-9c14-52fb29cd62a5,c9161398-5f2b-4de1-9c14-52fb29cd62a5,c9161398-5f2b-4de1-9c14-52fb29cd62a5,ab5f9196-e21e-42b8-b1ab-edc914bf8ade,Felis catus,0.9,AWC 135,Vulpes vulpes,vulpes vulpes,felis catus
99b9a2a2-5e74-4614-8b0d-a020088ea764,sequenceID:dbc9da67-2d79-4eb7-b22f-43db63d4e59a,dbc9da67-2d79-4eb7-b22f-43db63d4e59a,dbc9da67-2d79-4eb7-b22f-43db63d4e59a,ab5f9196-e21e-42b8-b1ab-edc914bf8ade,,0.0,,Vulpes vulpes,vulpes vulpes,nan
98bd24ac-d7e1-4c9f-9704-c8728c7e2b5f,sequenceID:7a610eb8-7427-4bb6-ba0f-2faabbf6fe61,7a610eb8-7427-4bb6-ba0f-2faabbf6fe61,7a610eb8-7427-4bb6-ba0f-2faabbf6fe61,ab5f9196-e21e-42b8-b1ab-edc914bf8ade,Bettongia lesueur,0.98,AWC 135,Vulpes vulpes,vulpes vulpes,bettongia lesueur
a9ce1a3d-3822-4172-ab6e-b3517bbef8bd,sequenceID:2df72cc7-abf2-4e70-92c2-4f1728663e20,2df72cc7-abf2-4e70-92c2-4f1728663e20,2df72cc7-abf2-4e70-92c2-4f1728663e20,ab5f9196-e21e-42b8-b1ab-edc914bf8ade,Bettongia lesueur,0.99,AWC 135,Vulpes vulpes,vulpes vulpes,bettongia lesueur
a9ce1a3d-3822-4172-ab6e-b3517bbef8bd,sequenceID:2df72cc7-abf2-4e70-92c2-4f1728663e20,2df72cc7-abf2-4e70-92c2-4f1728663e20,2df72cc7-abf2-4e70-92c2-4f1728663e20,ab5f9196-e21e-42b8-b1ab-edc914bf8ade,Onychogalea fraenata,0.77,AWC 135,Vulpes vulpes,vulpes vulpes,onychogalea fraenata
917c16fe-4e88-4254-a398-c5cff2011095,sequenceID:cfd64074-4bf6-40da-9e75-0d09b863247f,cfd64074-4bf6-40da-9e75-0d09b863247f,cfd64074-4bf6-40da-9e75-0d09b863247f,ab5f9196-e21e-42b8-b1ab-edc914bf8ade,Onychogalea fraenata,0.92,AWC 135,Vulpes vulpes,vulpes vulpes,onychogalea fraenata
4ab58bb1-dcd4-418f-81e3-aebb65512e60,sequenceID:ec4fc84c-d5e4-44e1-be94-d22b010fbe97,ec4fc84c-d5e4-44e1-be94-d22b010fbe97,ec4fc84c-d5e4-44e1-be94-d22b010fbe97,ab5f9196-e21e-42b8-b1ab-edc914bf8ade,Felis catus,0.82,AWC 135,Vulpes vulpes,vulpes vulpes,felis catus
07a17206-9c71-43b6-96c5-9f3adbc7c414,sequenceID:a42ae917-e954-4e17-8145-e99e3c12cbbf,a42ae917-e954-4e17-8145-e99e3c12cbbf,a42ae917-e954-4e17-8145-e99e3c12cbbf,ab5f9196-e21e-42b8-b1ab-edc914bf8ade,Bettongia lesueur,0.86,AWC 135,Vulpes vulpes,vulpes vulpes,bettongia lesueur
2afff35c-e0ed-4405-82b1-56193950babc,sequenceID:bc516072-a5df-48f4-afec-1719477b3fbf,bc516072-a5df-48f4-afec-1719477b3fbf,bc516072-a5df-48f4-afec-1719477b3fbf,ab5f9196-e21e-42b8-b1ab-edc914bf8ade,Bettongia lesueur,0.98,AWC 135,Vulpes vulpes,vulpes vulpes,bettongia lesueur
b8c7b6d2-a71d-439d-b4dd-c2e59ee40219,sequenceID:706b0aac-f596-4869-beb8-5f4584b2fd13,706b0aac-f596-4869-beb8-5f4584b2fd13,706b0aac-f596-4869-beb8-5f4584b2fd13,ab5f9196-e21e-42b8-b1ab-edc914bf8ade,,0.0,,Vulpes vulpes,vulpes vulpes,nan
e785b887-59de-43b3-9fad-83b0b7a0d585,sequenceID:f295b87d-bafb-428d-a2c2-da161412bd24,f295b87d-bafb-428d-a2c2-da161412bd24,f295b87d-bafb-428d-a2c2-da161412bd24,ab5f9196-e21e-42b8-b1ab-edc914bf8ade,wallabia bicolor,0.95,AWC 135,Vulpes vulpes,vulpes vulpes,wallabia bicolor
62debb11-b1a4-4dad-8092-0b062a9dabff,sequenceID:83717cc4-e160-47de-87a3-c783e8ff3e31,83717cc4-e160-47de-87a3-c783e8ff3e31,83717cc4-e160-47de-87a3-c783e8ff3e31,ab5f9196-e21e-42b8-b1ab-edc914bf8ade,Onychogalea fraenata,0.51,AWC 135,Vulpes vulpes,vulpes vulpes,onychogalea fraenata
cda3028e-e880-4a68-a37f-dd6caaab6cd1,sequenceID:68923a19-f0d3-4753-a124-d5303c8a7b6b,68923a19-f0d3-4753-a124-d5303c8a7b6b,68923a19-f0d3-4753-a124-d5303c8a7b6b,ab5f9196-e21e-42b8-b1ab-edc914bf8ade,,0.0,,Vulpes vulpes,vulpes vulpes,nan
bce6a5b7-b8f9-4777-9842-58fd1b6fb7d7,sequenceID:774e70f5-8313-49da-a9cd-635d4d6643fb,774e70f5-8313-49da-a9cd-635d4d6643fb,774e70f5-8313-49da-a9cd-635d4d6643fb,ab5f9196-e21e-42b8-b1ab-edc914bf8ade,Capra hircus,0.58,AWC 135,Vulpes vulpes,vulpes vulpes,capra hircus
a985a781-31c9-4b2b-8472-25046df0953b,sequenceID:242cc1ad-8e4c-432a-a4fc-fdd9175bae03,242cc1ad-8e4c-432a-a4fc-fdd9175bae03,242cc1ad-8e4c-432a-a4fc-fdd9175bae03,ab5f9196-e21e-42b8-b1ab-edc914bf8ade,,0.0,,Vulpes vulpes,vulpes vulpes,nan
cc20473c-dea9-403c-bf5b-a226c872192d,sequenceID:d76ed82b-a911-4d6f-ad48-a31133c062ba,d76ed82b-a911-4d6f-ad48-a31133c062ba,d76ed82b-a911-4d6f-ad48-a31133c062ba,ab5f9196-e21e-42b8-b1ab-edc914bf8ade,Bettongia lesueur,0.82,AWC 135,Vulpes vulpes,vulpes vulpes,bettongia lesueur
5f323b8d-fe0c-4e70-97a2-e074cc835fad,sequenceID:52a78a59-8f71-49eb-86c1-93af277081f7,52a78a59-8f71-49eb-86c1-93af277081f7,52a78a59-8f71-49eb-86c1-93af277081f7,ab5f9196-e21e-42b8-b1ab-edc914bf8ade,,0.0,,Vulpes vulpes,vulpes vulpes,nan
46c6b18a-87d0-456c-9677-702812add5b8,sequenceID:19800462-3fe6-460c-80ac-0684da4322a4,19800462-3fe6-460c-80ac-0684da4322a4,19800462-3fe6-460c-80ac-0684da4322a4,ab5f9196-e21e-42b8-b1ab-edc914bf8ade,antechinus flavipes,0.61,AWC 135,Vulpes vulpes,vulpes vulpes,antechinus flavipes
ec461bc2-8b60-426d-8a7a-ee84c4bcf61d,sequenceID:cf2f7940-8293-40f3-9b10-820625e60de6,cf2f7940-8293-40f3-9b10-820625e60de6,cf2f7940-8293-40f3-9b10-820625e60de6,ab5f9196-e21e-42b8-b1ab-edc914bf8ade,wallabia bicolor,0.81,AWC 135,Vulpes vulpes,vulpes vulpes,wallabia bicolor
3e16c702-afc3-4cf7-b59d-3b6d567d8056,sequenceID:c6f8410a-55e9-4435-abbb-27389c3beb77,c6f8410a-55e9-4435-abbb-27389c3beb77,c6f8410a-55e9-4435-abbb-27389c3beb77,ab5f9196-e21e-42b8-b1ab-edc914bf8ade,Bettongia lesueur,0.94,AWC 135,Vulpes vulpes,vulpes vulpes,bettongia lesueur
7004a128-c453-4315-8cf5-71ee218ab40a,sequenceID:e44b425e-e9de-45b3-a1e0-231245eba502,e44b425e-e9de-45b3-a1e0-231245eba502,e44b425e-e9de-45b3-a1e0-231245eba502,ab5f9196-e21e-42b8-b1ab-edc914bf8ade,Trichosurus caninus,0.55,AWC 135,Vulpes vulpes,vulpes vulpes,trichosurus caninus
4797397c-13ff-4b8a-8eed-96a4f812e291,sequenceID:ad8f05dd-2050-4664-8f15-72481b1cfeb8,ad8f05dd-2050-4664-8f15-72481b1cfeb8,ad8f05dd-2050-4664-8f15-72481b1cfeb8,ab5f9196-e21e-42b8-b1ab-edc914bf8ade,Canis familiaris,0.77,AWC 135,Vulpes vulpes,vulpes vulpes,canis familiaris
3709cf8c-025c-4aec-8182-d65e62061106,sequenceID:7a59364f-8484-4eb2-abc6-dd0ededf84ae,7a59364f-8484-4eb2-abc6-dd0ededf84ae,7a59364f-8484-4eb2-abc6-dd0ededf84ae,ab5f9196-e21e-42b8-b1ab-edc914bf8ade,Capra hircus,0.58,AWC 135,Vulpes vulpes,vulpes vulpes,capra hircus
01309968-cde7-4f3c-904b-b3060de4b8ef,sequenceID:76737507-2892-422d-b4dc-e9837a53bf58,76737507-2892-422d-b4dc-e9837a53bf58,76737507-2892-422d-b4dc-e9837a53bf58,ab5f9196-e21e-42b8-b1ab-edc914bf8ade,Bettongia lesueur,0.99,AWC 135,Vulpes vulpes,vulpes vulpes,bettongia lesueur
e6f8de1f-53d8-4233-8982-022f1251ef7c,sequenceID:e45c9051-7a61-481b-b984-234c0ee91347,e45c9051-7a61-481b-b984-234c0ee91347,e45c9051-7a61-481b-b984-234c0ee91347,ab5f9196-e21e-42b8-b1ab-edc914bf8ade,,0.0,,Vulpes vulpes,vulpes vulpes,nan
4dc5f5ce-c1c3-42f3-92c9-392eca43634c,sequenceID:e45c9051-7a61-481b-b984-234c0ee91347,e45c9051-7a61-481b-b984-234c0ee91347,e45c9051-7a61-481b-b984-234c0ee91347,ab5f9196-e21e-42b8-b1ab-edc914bf8ade,,0.0,,Vulpes vulpes,vulpes vulpes,nan
2ec65594-1e4d-4342-953e-575141e15262,sequenceID:4398ce75-832b-4aaf-9ada-337741e1a561,4398ce75-832b-4aaf-9ada-337741e1a561,4398ce75-832b-4aaf-9ada-337741e1a561,ab5f9196-e21e-42b8-b1ab-edc914bf8ade,Bettongia lesueur,0.61,AWC 135,Vulpes vulpes,vulpes vulpes,bettongia lesueur
97de5729-5948-4021-8ada-6dd815b116eb,sequenceID:a0146c34-606d-4664-9829-2465809783a1,a0146c34-606d-4664-9829-2465809783a1,a0146c34-606d-4664-9829-2465809783a1,ab5f9196-e21e-42b8-b1ab-edc914bf8ade,Bettongia lesueur,0.9,AWC 135,Vulpes vulpes,vulpes vulpes,bettongia lesueur
6d10c01d-eb5f-4fb1-9fe1-d3e1f174a2ae,sequenceID:9350f9dc-4ea1-4092-bc11-7fb90f10b410,9350f9dc-4ea1-4092-bc11-7fb90f10b410,9350f9dc-4ea1-4092-bc11-7fb90f10b410,ab5f9196-e21e-42b8-b1ab-edc914bf8ade,tachyglossus aculeatus,0.67,AWC 135,Vulpes vulpes,vulpes vulpes,tachyglossus aculeatus
1b9db45e-7ed9-44a0-8c14-45f91dc3d74d,sequenceID:6d9b3b65-e4cc-44f4-a64f-b861fd004509,6d9b3b65-e4cc-44f4-a64f-b861fd004509,6d9b3b65-e4cc-44f4-a64f-b861fd004509,ab5f9196-e21e-42b8-b1ab-edc914bf8ade,Scincidae,0.66,AWC 135,Vulpes vulpes,vulpes vulpes,scincidae
1d405273-d894-42f6-b4bb-9aef18df7ecd,sequenceID:d3e11f77-6af3-45ed-a363-fdda1830715e,d3e11f77-6af3-45ed-a363-fdda1830715e,d3e11f77-6af3-45ed-a363-fdda1830715e,ab5f9196-e21e-42b8-b1ab-edc914bf8ade,,0.0,,Vulpes vulpes,vulpes vulpes,nan
6947e334-90ff-4745-b79d-53cd33ca0cda,sequenceID:cb025548-d62e-453e-9a10-af1bd9fda3d1,cb025548-d62e-453e-9a10-af1bd9fda3d1,cb025548-d62e-453e-9a10-af1bd9fda3d1,ab5f9196-e21e-42b8-b1ab-edc914bf8ade,Canis familiaris,0.97,AWC 135,Vulpes vulpes,vulpes vulpes,canis familiaris
42be877c-a130-4f9d-a616-15f745431f6d,sequenceID:81191076-c12b-4457-8379-b851f5cb34e8,81191076-c12b-4457-8379-b851f5cb34e8,81191076-c12b-4457-8379-b851f5cb34e8,ab5f9196-e21e-42b8-b1ab-edc914bf8ade,Bettongia lesueur,0.55,AWC 135,Vulpes vulpes,vulpes vulpes,bettongia lesueur
9727eb4a-fea5-4941-ad06-f17983fe04ab,sequenceID:abdfd2c8-2571-412e-a79e-3d884033a1b4,abdfd2c8-2571-412e-a79e-3d884033a1b4,abdfd2c8-2571-412e-a79e-3d884033a1b4,ab5f9196-e21e-42b8-b1ab-edc914bf8ade,Canis familiaris,0.9,AWC 135,Vulpes vulpes,vulpes vulpes,canis familiaris
9f3c824a-5825-4040-b3d4-2bde29e7584a,sequenceID:50bba42c-667f-4bf5-a539-9ef3ade87036,50bba42c-667f-4bf5-a539-9ef3ade87036,50bba42c-667f-4bf5-a539-9ef3ade87036,ab5f9196-e21e-42b8-b1ab-edc914bf8ade,,0.0,,Vulpes vulpes,vulpes vulpes,nan
3233a5fc-8f8d-4ece-a6a4-4cf76a81aa44,sequenceID:12308275-46d0-4116-b289-e748f8707316,12308275-46d0-4116-b289-e748f8707316,12308275-46d0-4116-b289-e748f8707316,ab5f9196-e21e-42b8-b1ab-edc914bf8ade,Canis familiaris,0.8,AWC 135,Vulpes vulpes,vulpes vulpes,canis familiaris
03d6b449-9fc0-47f6-b7da-d0315b85bdbf,sequenceID:31b4b59a-f4c7-4687-935a-2e46e3440751,31b4b59a-f4c7-4687-935a-2e46e3440751,31b4b59a-f4c7-4687-935a-2e46e3440751,ab5f9196-e21e-42b8-b1ab-edc914bf8ade,Bos taurus,0.98,AWC 135,Vulpes vulpes,vulpes vulpes,bos taurus
b22d4acf-b640-416f-bc81-f057f0f69ed0,sequenceID:925a91d9-0673-4f46-8c69-730cf7af8afd,925a91d9-0673-4f46-8c69-730cf7af8afd,925a91d9-0673-4f46-8c69-730cf7af8afd,ab5f9196-e21e-42b8-b1ab-edc914bf8ade,Bos taurus,0.62,AWC 135,Vulpes vulpes,vulpes vulpes,bos taurus
519294a2-d4e5-4915-90bb-012ebabf376e,sequenceID:e9536a35-db56-4e67-8971-8bb8d52cf44a,e9536a35-db56-4e67-8971-8bb8d52cf44a,e9536a35-db56-4e67-8971-8bb8d52cf44a,ab5f9196-e21e-42b8-b1ab-edc914bf8ade,Canis familiaris,0.96,AWC 135,Vulpes vulpes,vulpes vulpes,canis familiaris
8a45b0af-d0d4-4977-90c5-1c43aaa9a6aa,sequenceID:e9536a35-db56-4e67-8971-8bb8d52cf44a,e9536a35-db56-4e67-8971-8bb8d52cf44a,e9536a35-db56-4e67-8971-8bb8d52cf44a,ab5f9196-e21e-42b8-b1ab-edc914bf8ade,Canis familiaris,0.96,AWC 135,Vulpes vulpes,vulpes vulpes,canis familiaris
4f916df7-6d6c-4c73-8c71-fd0ffa0259f3,sequenceID:8ec21e59-e7cd-44ca-bf24-3eeb52f8319d,8ec21e59-e7cd-44ca-bf24-3eeb52f8319d,8ec21e59-e7cd-44ca-bf24-3eeb52f8319d,ab5f9196-e21e-42b8-b1ab-edc914bf8ade,Canis familiaris,0.92,AWC 135,Vulpes vulpes,vulpes vulpes,canis familiaris
43383ade-9f34-46d1-8c2b-8104f38aa86d,sequenceID:22a5074d-f73f-48a6-ac27-d0a0ba30359e,22a5074d-f73f-48a6-ac27-d0a0ba30359e,22a5074d-f73f-48a6-ac27-d0a0ba30359e,ab5f9196-e21e-42b8-b1ab-edc914bf8ade,Bettongia lesueur,0.82,AWC 135,Vulpes vulpes,vulpes vulpes,bettongia lesueur
d8aca347-de5f-4806-97fc-34269ad2e884,sequenceID:facc0d14-cc15-4c97-a05f-9fbda08c9730,facc0d14-cc15-4c97-a05f-9fbda08c9730,facc0d14-cc15-4c97-a05f-9fbda08c9730,ab5f9196-e21e-42b8-b1ab-edc914bf8ade,Lasiorhinus latifrons,0.81,AWC 135,Vulpes vulpes,vulpes vulpes,lasiorhinus latifrons
0fd2231e-151b-43fb-96ae-d9131a5caa68,sequenceID:8f67a8b9-0591-4449-9b91-931120f44915,8f67a8b9-0591-4449-9b91-931120f44915,8f67a8b9-0591-4449-9b91-931120f44915,ab5f9196-e21e-42b8-b1ab-edc914bf8ade,Lasiorhinus latifrons,0.93,AWC 135,Vulpes vulpes,vulpes vulpes,lasiorhinus latifrons
4d3a5ad5-390b-4af2-abc1-a16418ff9a05,sequenceID:9ce1bb1a-1f10-4a95-b0d8-7b2b3ddab64b,9ce1bb1a-1f10-4a95-b0d8-7b2b3ddab64b,9ce1bb1a-1f10-4a95-b0d8-7b2b3ddab64b,ab5f9196-e21e-42b8-b1ab-edc914bf8ade,Bettongia lesueur,0.87,AWC 135,Vulpes vulpes,vulpes vulpes,bettongia lesueur
08d59dba-3902-4dd8-aec2-d19f46e18685,sequenceID:51db41d7-8e06-484e-8454-e4f1baba6792,51db41d7-8e06-484e-8454-e4f1baba6792,51db41d7-8e06-484e-8454-e4f1baba6792,ab5f9196-e21e-42b8-b1ab-edc914bf8ade,,0.0,,Vulpes vulpes,vulpes vulpes,nan
dc87df33-3b37-459b-8e60-ff8d1f055e26,sequenceID:8c0a46c4-f456-485c-9589-3ad458e6bf05,8c0a46c4-f456-485c-9589-3ad458e6bf05,8c0a46c4-f456-485c-9589-3ad458e6bf05,ab5f9196-e21e-42b8-b1ab-edc914bf8ade,,0.0,,Vulpes vulpes,vulpes vulpes,nan
7910e8cd-9f71-42e1-bcc9-254ca11c044b,sequenceID:9274d81d-249c-45a0-8a32-ff28a98b10df,9274d81d-249c-45a0-8a32-ff28a98b10df,9274d81d-249c-45a0-8a32-ff28a98b10df,ab5f9196-e21e-42b8-b1ab-edc914bf8ade,Bettongia lesueur,0.99,AWC 135,Vulpes vulpes,vulpes vulpes,bettongia lesueur
ff4688cb-cfba-4b33-900b-bf9c9e0176b0,sequenceID:e6ef5350-b12e-40ee-9390-ebc184c382b3,e6ef5350-b12e-40ee-9390-ebc184c382b3,e6ef5350-b12e-40ee-9390-ebc184c382b3,ab5f9196-e21e-42b8-b1ab-edc914bf8ade,Felis catus,0.61,AWC 135,Vulpes vulpes,vulpes vulpes,felis catus
d246830b-85ab-497e-81f9-ffff0f18f226,sequenceID:5bd95651-3d48-4588-ab05-843fbba29717,5bd95651-3d48-4588-ab05-843fbba29717,5bd95651-3d48-4588-ab05-843fbba29717,ab5f9196-e21e-42b8-b1ab-edc914bf8ade,Aves,0.86,AWC 135,Vulpes vulpes,vulpes vulpes,aves
a439d440-f12c-4465-9882-6689856d5be8,sequenceID:d1507ac4-6ff5-4425-a70e-a93c87bf1b55,d1507ac4-6ff5-4425-a70e-a93c87bf1b55,d1507ac4-6ff5-4425-a70e-a93c87bf1b55,ab5f9196-e21e-42b8-b1ab-edc914bf8ade,Anas strepera,0.64,AWC 135,Vulpes vulpes,vulpes vulpes,anas strepera
53d68da2-ac11-4dfb-9b3e-2ace3ad848d2,sequenceID:0f5150d4-9ae7-4104-a37b-9ea547eb7a6d,0f5150d4-9ae7-4104-a37b-9ea547eb7a6d,0f5150d4-9ae7-4104-a37b-9ea547eb7a6d,ab5f9196-e21e-42b8-b1ab-edc914bf8ade,,0.0,,Vulpes vulpes,vulpes vulpes,nan
6c7b7aae-5872-4abb-be2b-0ea3f8692dbf,sequenceID:6c736b0f-4a3a-4343-8a84-1b42a4315580,6c736b0f-4a3a-4343-8a84-1b42a4315580,6c736b0f-4a3a-4343-8a84-1b42a4315580,ab5f9196-e21e-42b8-b1ab-edc914bf8ade,Bettongia lesueur,0.87,AWC 135,Vulpes vulpes,vulpes vulpes,bettongia lesueur
4f22b51b-1016-4bad-8bc1-a4088e15f61a,sequenceID:a2971df6-7b1f-4c0d-ab53-a73d7f45a9c7,a2971df6-7b1f-4c0d-ab53-a73d7f45a9c7,a2971df6-7b1f-4c0d-ab53-a73d7f45a9c7,ab5f9196-e21e-42b8-b1ab-edc914bf8ade,Bettongia lesueur,0.59,AWC 135,Vulpes vulpes,vulpes vulpes,bettongia lesueur
cf3edafb-b203-409a-bf23-a504e36d966b,sequenceID:2d2860c8-41d7-4c00-a28e-e7f3eff36dee,2d2860c8-41d7-4c00-a28e-e7f3eff36dee,2d2860c8-41d7-4c00-a28e-e7f3eff36dee,ab5f9196-e21e-42b8-b1ab-edc914bf8ade,Bettongia lesueur,0.56,AWC 135,Vulpes vulpes,vulpes vulpes,bettongia lesueur
8cd026b7-ef75-40d1-b2f8-7a96423f297f,sequenceID:2d2860c8-41d7-4c00-a28e-e7f3eff36dee,2d2860c8-41d7-4c00-a28e-e7f3eff36dee,2d2860c8-41d7-4c00-a28e-e7f3eff36dee,ab5f9196-e21e-42b8-b1ab-edc914bf8ade,Bettongia lesueur,0.56,AWC 135,Vulpes vulpes,vulpes vulpes,bettongia lesueur
f2818517-07cf-4797-ac99-a88c938154a7,sequenceID:5dc9daed-f853-49f0-b9b0-6ec39df0f579,5dc9daed-f853-49f0-b9b0-6ec39df0f579,5dc9daed-f853-49f0-b9b0-6ec39df0f579,ab5f9196-e21e-42b8-b1ab-edc914bf8ade,Felis catus,0.57,AWC 135,Vulpes vulpes,vulpes vulpes,felis catus
e3c475d8-9bf1-42c0-89be-10f86f7e5368,sequenceID:32db8fc9-5764-41ac-82b0-5a4465efa843,32db8fc9-5764-41ac-82b0-5a4465efa843,32db8fc9-5764-41ac-82b0-5a4465efa843,ab5f9196-e21e-42b8-b1ab-edc914bf8ade,Homo sapiens,0.53,AWC 135,Vulpes vulpes,vulpes vulpes,homo sapiens
f5d2883c-3278-4ed8-ac5b-b69c73f9acf5,sequenceID:f9c17c7a-ff1b-4eec-bb99-bd300c1c75a2,f9c17c7a-ff1b-4eec-bb99-bd300c1c75a2,f9c17c7a-ff1b-4eec-bb99-bd300c1c75a2,ab5f9196-e21e-42b8-b1ab-edc914bf8ade,,0.0,,Vulpes vulpes,vulpes vulpes,nan
98cff6b6-94a6-4d27-8c05-0194d8090c4a,sequenceID:9f7b81a0-a94d-42c4-8a0e-031378f7e01b,9f7b81a0-a94d-42c4-8a0e-031378f7e01b,9f7b81a0-a94d-42c4-8a0e-031378f7e01b,ab5f9196-e21e-42b8-b1ab-edc914bf8ade,Felis catus,0.97,AWC 135,Vulpes vulpes,vulpes vulpes,felis catus
00daabf5-b1b9-4575-af18-7c06273e7eb1,sequenceID:b7887709-0446-4875-a4b2-aed9d1b682a0,b7887709-0446-4875-a4b2-aed9d1b682a0,b7887709-0446-4875-a4b2-aed9d1b682a0,ab5f9196-e21e-42b8-b1ab-edc914bf8ade,Felis catus,0.94,AWC 135,Vulpes vulpes,vulpes vulpes,felis catus
3d0f87e7-e184-458e-bca0-c1a1b18054b5,sequenceID:c8b1f5a0-0eb9-4340-b70f-a0bc447bd016,c8b1f5a0-0eb9-4340-b70f-a0bc447bd016,c8b1f5a0-0eb9-4340-b70f-a0bc447bd016,ab5f9196-e21e-42b8-b1ab-edc914bf8ade,Capra hircus,0.64,AWC 135,Vulpes vulpes,vulpes vulpes,capra hircus
587374ac-2153-4fab-81ed-48d13f878db8,sequenceID:751f8d46-db28-4faf-afd3-c9693ae84b41,751f8d46-db28-4faf-afd3-c9693ae84b41,751f8d46-db28-4faf-afd3-c9693ae84b41,ab5f9196-e21e-42b8-b1ab-edc914bf8ade,Felis catus,1.0,AWC 135,Vulpes vulpes,vulpes vulpes,felis catus
179eb1c7-d2f6-41cc-a153-0b571bd9cf90,sequenceID:36498543-9395-4e56-a099-377fef12a801,36498543-9395-4e56-a099-377fef12a801,36498543-9395-4e56-a099-377fef12a801,ab5f9196-e21e-42b8-b1ab-edc914bf8ade,,0.0,,Vulpes vulpes,vulpes vulpes,nan
66a0517b-0c80-4cde-b3fe-2a82bf8bd848,sequenceID:f6a23d48-e31d-4889-b43b-6cae6b19f9f7,f6a23d48-e31d-4889-b43b-6cae6b19f9f7,f6a23d48-e31d-4889-b43b-6cae6b19f9f7,ab5f9196-e21e-42b8-b1ab-edc914bf8ade,oreoica gutturalis,0.84,AWC 135,Vulpes vulpes,vulpes vulpes,oreoica gutturalis
2445a0bf-1a4f-4ee8-8b79-866b4c127523,sequenceID:248dd47e-f04d-47ce-b54b-a5acc12dd093,248dd47e-f04d-47ce-b54b-a5acc12dd093,248dd47e-f04d-47ce-b54b-a5acc12dd093,ab5f9196-e21e-42b8-b1ab-edc914bf8ade,Canis familiaris,0.53,AWC 135,Vulpes vulpes,vulpes vulpes,canis familiaris
c18cc948-16ba-4687-8bb0-d75f9ee934e0,sequenceID:9dc535ae-f1a9-4b3a-8c36-a7f64dd52bdc,9dc535ae-f1a9-4b3a-8c36-a7f64dd52bdc,9dc535ae-f1a9-4b3a-8c36-a7f64dd52bdc,ab5f9196-e21e-42b8-b1ab-edc914bf8ade,Canis familiaris,0.82,AWC 135,Vulpes vulpes,vulpes vulpes,canis familiaris
64a163d1-d66c-4c4f-a599-9888121e9022,sequenceID:62857a2e-336e-4789-b553-036cee3de309,62857a2e-336e-4789-b553-036cee3de309,62857a2e-336e-4789-b553-036cee3de309,ab5f9196-e21e-42b8-b1ab-edc914bf8ade,Canis familiaris,0.51,AWC 135,Vulpes vulpes,vulpes vulpes,canis familiaris
a6cff2d6-8969-4f7b-906c-76d2be1094b2,sequenceID:963a2be1-3468-4676-8aa1-d6b715f8fcd7,963a2be1-3468-4676-8aa1-d6b715f8fcd7,963a2be1-3468-4676-8aa1-d6b715f8fcd7,ab5f9196-e21e-42b8-b1ab-edc914bf8ade,Bettongia lesueur,0.98,AWC 135,Vulpes vulpes,vulpes vulpes,bettongia lesueur
07873aa0-ba16-4b2c-95a7-4e79c81d0f6a,sequenceID:359a095c-303e-44fe-b70b-07f4e526a015,359a095c-303e-44fe-b70b-07f4e526a015,359a095c-303e-44fe-b70b-07f4e526a015,ab5f9196-e21e-42b8-b1ab-edc914bf8ade,,0.0,,Vulpes vulpes,vulpes vulpes,nan
f8de9534-b5f7-430c-b108-768354aaaad9,sequenceID:ccb2dda4-f229-493a-a6cd-0c3c017218fd,ccb2dda4-f229-493a-a6cd-0c3c017218fd,ccb2dda4-f229-493a-a6cd-0c3c017218fd,ab5f9196-e21e-42b8-b1ab-edc914bf8ade,,0.0,,Vulpes vulpes,vulpes vulpes,nan
51ad2cdc-2a20-412b-9e11-7eb56fb3673d,sequenceID:89ea8ec2-18d4-4081-837c-a41c68702f91,89ea8ec2-18d4-4081-837c-a41c68702f91,89ea8ec2-18d4-4081-837c-a41c68702f91,ab5f9196-e21e-42b8-b1ab-edc914bf8ade,Bettongia lesueur,1.0,AWC 135,Vulpes vulpes,vulpes vulpes,bettongia lesueur
818fdc10-35ad-4c7d-abef-8fa4ceb0b0e2,sequenceID:d1b09fff-c1e2-4f56-a802-1fd27f98871a,d1b09fff-c1e2-4f56-a802-1fd27f98871a,d1b09fff-c1e2-4f56-a802-1fd27f98871a,ab5f9196-e21e-42b8-b1ab-edc914bf8ade,Canis familiaris,0.68,AWC 135,Vulpes vulpes,vulpes vulpes,canis familiaris
c11aeef5-e750-48a8-ac65-3b534e1c146f,sequenceID:260152a7-d4e4-4abe-845a-d47455c3420a,260152a7-d4e4-4abe-845a-d47455c3420a,260152a7-d4e4-4abe-845a-d47455c3420a,ab5f9196-e21e-42b8-b1ab-edc914bf8ade,Lagomorpha,0.51,AWC 135,Vulpes vulpes,vulpes vulpes,lagomorpha
37388fd9-3408-4ccf-9689-53dddb63048b,sequenceID:c710ea43-0a24-444f-9ccf-e0348cbcbc29,c710ea43-0a24-444f-9ccf-e0348cbcbc29,c710ea43-0a24-444f-9ccf-e0348cbcbc29,ab5f9196-e21e-42b8-b1ab-edc914bf8ade,Capra hircus,0.97,AWC 135,Vulpes vulpes,vulpes vulpes,capra hircus
d7cfeb1b-ae9d-4c76-a12f-0b39e6b23a98,sequenceID:3b9e2031-111f-46aa-a38d-1aa28e2c55a9,3b9e2031-111f-46aa-a38d-1aa28e2c55a9,3b9e2031-111f-46aa-a38d-1aa28e2c55a9,ab5f9196-e21e-42b8-b1ab-edc914bf8ade,,0.0,,Vulpes vulpes,vulpes vulpes,nan
a8a36cf6-5712-4bcf-a607-a19012cefae3,sequenceID:80b1208d-c4bb-40c9-aa2d-29805056eee7,80b1208d-c4bb-40c9-aa2d-29805056eee7,80b1208d-c4bb-40c9-aa2d-29805056eee7,ab5f9196-e21e-42b8-b1ab-edc914bf8ade,Bettongia lesueur,0.57,AWC 135,Vulpes vulpes,vulpes vulpes,bettongia lesueur
802faa5d-8770-41cb-a1e5-f1f4b2847fae,sequenceID:4c2a17e1-d883-4ae6-a426-901866f0aef3,4c2a17e1-d883-4ae6-a426-901866f0aef3,4c2a17e1-d883-4ae6-a426-901866f0aef3,ab5f9196-e21e-42b8-b1ab-edc914bf8ade,,0.0,,Vulpes vulpes,vulpes vulpes,nan
a5833636-b98b-4afe-81be-aec61871c4fa,sequenceID:1aa30560-717b-48f3-9dca-4deb6d3e4d31,1aa30560-717b-48f3-9dca-4deb6d3e4d31,1aa30560-717b-48f3-9dca-4deb6d3e4d31,ab5f9196-e21e-42b8-b1ab-edc914bf8ade,Notamacropus dorsalis,0.55,AWC 135,Vulpes vulpes,vulpes vulpes,notamacropus dorsalis
18a9df48-f5ae-4bb4-ac23-4acccdb09538,sequenceID:629073c3-8247-4fe6-a01f-7d1151d222f4,629073c3-8247-4fe6-a01f-7d1151d222f4,629073c3-8247-4fe6-a01f-7d1151d222f4,ab5f9196-e21e-42b8-b1ab-edc914bf8ade,Bettongia lesueur,0.98,AWC 135,Vulpes vulpes,vulpes vulpes,bettongia lesueur
6befc4da-c99a-407c-b090-11d2002f7c49,sequenceID:97b4792e-cb65-46cf-bb40-d171af09128e,97b4792e-cb65-46cf-bb40-d171af09128e,97b4792e-cb65-46cf-bb40-d171af09128e,ab5f9196-e21e-42b8-b1ab-edc914bf8ade,Bettongia lesueur,0.94,AWC 135,Vulpes vulpes,vulpes vulpes,bettongia lesueur
ed714032-477b-48a1-80f3-e06f393902ff,sequenceID:d160ff03-4b4d-43f0-b6be-2ea0b2738241,d160ff03-4b4d-43f0-b6be-2ea0b2738241,d160ff03-4b4d-43f0-b6be-2ea0b2738241,ab5f9196-e21e-42b8-b1ab-edc914bf8ade,Bettongia lesueur,0.99,AWC 135,Vulpes vulpes,vulpes vulpes,bettongia lesueur
b137352b-3f45-49a1-a783-41e945e77aa5,sequenceID:dcecf679-883b-4d9e-92dd-168febbab8a1,dcecf679-883b-4d9e-92dd-168febbab8a1,dcecf679-883b-4d9e-92dd-168febbab8a1,ab5f9196-e21e-42b8-b1ab-edc914bf8ade,,0.0,,Vulpes vulpes,vulpes vulpes,nan
49d978bf-0d7f-4f49-a9f1-586f8f989340,sequenceID:bdb53a66-e4e1-49d4-8fb6-d903e05f3f58,bdb53a66-e4e1-49d4-8fb6-d903e05f3f58,bdb53a66-e4e1-49d4-8fb6-d903e05f3f58,ab5f9196-e21e-42b8-b1ab-edc914bf8ade,Bettongia lesueur,0.72,AWC 135,Vulpes vulpes,vulpes vulpes,bettongia lesueur
5f664556-7269-4bdf-88db-d0022d37a9d7,sequenceID:f9a5c3a9-6b17-41bb-b225-ef81e85f3fe2,f9a5c3a9-6b17-41bb-b225-ef81e85f3fe2,f9a5c3a9-6b17-41bb-b225-ef81e85f3fe2,ab5f9196-e21e-42b8-b1ab-edc914bf8ade,Macropus dorsalis,0.62,AWC 135,Vulpes vulpes,vulpes vulpes,macropus dorsalis
6269aa21-c5e8-4b0c-8f89-0e8fa1f581e3,sequenceID:e361893f-b228-4a12-9fed-3235dbddc7dd,e361893f-b228-4a12-9fed-3235dbddc7dd,e361893f-b228-4a12-9fed-3235dbddc7dd,ab5f9196-e21e-42b8-b1ab-edc914bf8ade,Capra hircus,0.95,AWC 135,Vulpes vulpes,vulpes vulpes,capra hircus
cdbe013d-b286-4322-af6e-91b2d74074d5,sequenceID:66a6f3ab-7629-4e86-9cfb-d33423b05e27,66a6f3ab-7629-4e86-9cfb-d33423b05e27,66a6f3ab-7629-4e86-9cfb-d33423b05e27,ab5f9196-e21e-42b8-b1ab-edc914bf8ade,,0.0,,Vulpes vulpes,vulpes vulpes,nan
b85885c2-52d8-4c54-ba03-a91f7c67ab8c,sequenceID:66a6f3ab-7629-4e86-9cfb-d33423b05e27,66a6f3ab-7629-4e86-9cfb-d33423b05e27,66a6f3ab-7629-4e86-9cfb-d33423b05e27,ab5f9196-e21e-42b8-b1ab-edc914bf8ade,,0.0,,Vulpes vulpes,vulpes vulpes,nan
6a3cb677-8ad7-441e-9a32-176e4bb390c4,sequenceID:ef007b9a-4e56-44c4-aac1-1724e8215b42,ef007b9a-4e56-44c4-aac1-1724e8215b42,ef007b9a-4e56-44c4-aac1-1724e8215b42,ab5f9196-e21e-42b8-b1ab-edc914bf8ade,,0.0,,Vulpes vulpes,vulpes vulpes,nan
0bd9e529-3432-49b1-b0fd-f3c43a998d8f,sequenceID:9754f46b-e217-41c4-a5f5-996a9305bdec,9754f46b-e217-41c4-a5f5-996a9305bdec,9754f46b-e217-41c4-a5f5-996a9305bdec,ab5f9196-e21e-42b8-b1ab-edc914bf8ade,,0.0,,Vulpes vulpes,vulpes vulpes,nan
ed94625b-9342-4fa3-8fd5-d4eaa9e459ec,sequenceID:b628dab3-8f68-47c1-93cf-d0fdfeb67d5c,b628dab3-8f68-47c1-93cf-d0fdfeb67d5c,b628dab3-8f68-47c1-93cf-d0fdfeb67d5c,ab5f9196-e21e-42b8-b1ab-edc914bf8ade,Canis familiaris,1.0,AWC 135,Vulpes vulpes,vulpes vulpes,canis familiaris
8746c76b-126a-4247-8e4b-da068b125409,sequenceID:c86bf348-20c8-487a-8e46-ed864ef9395c,c86bf348-20c8-487a-8e46-ed864ef9395c,c86bf348-20c8-487a-8e46-ed864ef9395c,ab5f9196-e21e-42b8-b1ab-edc914bf8ade,Bettongia lesueur,0.92,AWC 135,Vulpes vulpes,vulpes vulpes,bettongia lesueur
7c681964-286e-4598-bf2e-e35632f0b6d9,sequenceID:c4054e30-50f3-415d-a1fd-15ca53399411,c4054e30-50f3-415d-a1fd-15ca53399411,c4054e30-50f3-415d-a1fd-15ca53399411,ab5f9196-e21e-42b8-b1ab-edc914bf8ade,phascolarctos cinereus,0.95,AWC 135,Vulpes vulpes,vulpes vulpes,phascolarctos cinereus
dc5d1a03-e804-455c-8e33-079580fecdf7,sequenceID:d00319ef-3b25-4def-9f4c-5a7d58ae1569,d00319ef-3b25-4def-9f4c-5a7d58ae1569,d00319ef-3b25-4def-9f4c-5a7d58ae1569,ab5f9196-e21e-42b8-b1ab-edc914bf8ade,Bettongia lesueur,0.68,AWC 135,Vulpes vulpes,vulpes vulpes,bettongia lesueur
ece74c58-cf6c-4af0-92d7-003b64f4805e,sequenceID:5186df5d-8db6-42d1-a68e-ea270084ea21,5186df5d-8db6-42d1-a68e-ea270084ea21,5186df5d-8db6-42d1-a68e-ea270084ea21,ab5f9196-e21e-42b8-b1ab-edc914bf8ade,Lasiorhinus latifrons,0.87,AWC 135,Vulpes vulpes,vulpes vulpes,lasiorhinus latifrons
11a09ee4-fd4f-4fa0-b1c9-830d145c290a,sequenceID:90660d01-5a23-4f59-86a1-8504be5915af,90660d01-5a23-4f59-86a1-8504be5915af,90660d01-5a23-4f59-86a1-8504be5915af,ab5f9196-e21e-42b8-b1ab-edc914bf8ade,Canis familiaris,0.82,AWC 135,Vulpes vulpes,vulpes vulpes,canis familiaris
c4bd6ce5-04fe-4ccf-9f43-f923e52328f8,sequenceID:009fb287-7e5f-449a-a337-6c88210e7445,009fb287-7e5f-449a-a337-6c88210e7445,009fb287-7e5f-449a-a337-6c88210e7445,ab5f9196-e21e-42b8-b1ab-edc914bf8ade,,0.0,,Vulpes vulpes,vulpes vulpes,nan
429c3151-d1ae-45cc-b550-472acb038cdd,sequenceID:5c1c853a-1743-41d9-94ef-8ab9d0740e7a,5c1c853a-1743-41d9-94ef-8ab9d0740e7a,5c1c853a-1743-41d9-94ef-8ab9d0740e7a,ab5f9196-e21e-42b8-b1ab-edc914bf8ade,,0.0,,Vulpes vulpes,vulpes vulpes,nan
7ccee852-f97e-4ca2-92f5-081d015fa4a2,sequenceID:b702f874-ce93-4d4b-931b-d6c85f0b6a51,b702f874-ce93-4d4b-931b-d6c85f0b6a51,b702f874-ce93-4d4b-931b-d6c85f0b6a51,ab5f9196-e21e-42b8-b1ab-edc914bf8ade,,0.0,,Vulpes vulpes,vulpes vulpes,nan
bab1648c-04ed-4c0f-8b5a-707b6f396655,sequenceID:1f7d3b53-fa29-4f91-8068-bba494b02627,1f7d3b53-fa29-4f91-8068-bba494b02627,1f7d3b53-fa29-4f91-8068-bba494b02627,ab5f9196-e21e-42b8-b1ab-edc914bf8ade,Canis familiaris,0.65,AWC 135,Vulpes vulpes,vulpes vulpes,canis familiaris
8e4fc5db-b315-4e72-900f-fd205dc6d45d,sequenceID:4d832933-22a1-4b14-b016-10337fe826d3,4d832933-22a1-4b14-b016-10337fe826d3,4d832933-22a1-4b14-b016-10337fe826d3,ab5f9196-e21e-42b8-b1ab-edc914bf8ade,Canis familiaris,0.97,AWC 135,Vulpes vulpes,vulpes vulpes,canis familiaris
87ac320f-e3eb-4a8f-b9c0-61cfb3a660d0,sequenceID:2ae09f01-477c-40d5-bf34-9cb662d84be3,2ae09f01-477c-40d5-bf34-9cb662d84be3,2ae09f01-477c-40d5-bf34-9cb662d84be3,ab5f9196-e21e-42b8-b1ab-edc914bf8ade,,0.0,,Vulpes vulpes,vulpes vulpes,nan
7b09876f-be6f-43bb-807c-83a6f0d9c9cd,sequenceID:badafcc1-d0d9-4131-8e4e-9e3681b5bab7,badafcc1-d0d9-4131-8e4e-9e3681b5bab7,badafcc1-d0d9-4131-8e4e-9e3681b5bab7,ab5f9196-e21e-42b8-b1ab-edc914bf8ade,Macropus dorsalis,0.93,AWC 135,Vulpes vulpes,vulpes vulpes,macropus dorsalis
d059a0bf-b015-4d5d-bbdc-fe942434f50c,sequenceID:3a1cb5f0-0d88-4053-b7e2-ca5809918aa9,3a1cb5f0-0d88-4053-b7e2-ca5809918aa9,3a1cb5f0-0d88-4053-b7e2-ca5809918aa9,ab5f9196-e21e-42b8-b1ab-edc914bf8ade,,0.0,,Vulpes vulpes,vulpes vulpes,nan
6f196d71-0b43-485e-844c-c5d51b5b8503,sequenceID:852dfb78-6958-41b2-b906-5cd233958614,852dfb78-6958-41b2-b906-5cd233958614,852dfb78-6958-41b2-b906-5cd233958614,ab5f9196-e21e-42b8-b1ab-edc914bf8ade,,0.0,,Vulpes vulpes,vulpes vulpes,nan
0af47ed2-25e1-430e-8a3e-f467cdb5a74c,sequenceID:c2ab1150-62ed-4f1f-88eb-d435e026beab,c2ab1150-62ed-4f1f-88eb-d435e026beab,c2ab1150-62ed-4f1f-88eb-d435e026beab,ab5f9196-e21e-42b8-b1ab-edc914bf8ade,Bettongia lesueur,0.78,AWC 135,Vulpes vulpes,vulpes vulpes,bettongia lesueur
5be2cc29-bc50-4238-a92e-28637afd43ed,sequenceID:e7a74363-e22a-4271-befc-43fd3b1372d3,e7a74363-e22a-4271-befc-43fd3b1372d3,e7a74363-e22a-4271-befc-43fd3b1372d3,ab5f9196-e21e-42b8-b1ab-edc914bf8ade,Bettongia lesueur,0.51,AWC 135,Vulpes vulpes,vulpes vulpes,bettongia lesueur
21287f9d-174f-47ee-8a1b-1cc8bd593de0,sequenceID:97dbadd3-3bda-46b3-bb94-65bc1c75bb66,97dbadd3-3bda-46b3-bb94-65bc1c75bb66,97dbadd3-3bda-46b3-bb94-65bc1c75bb66,ab5f9196-e21e-42b8-b1ab-edc914bf8ade,,0.0,,Vulpes vulpes,vulpes vulpes,nan
d1278714-2a30-4a32-95ce-55876b65365f,sequenceID:9a6fb48e-0810-4cee-a91f-c73b101d74f8,9a6fb48e-0810-4cee-a91f-c73b101d74f8,9a6fb48e-0810-4cee-a91f-c73b101d74f8,b8b702b0-da93-4f3e-abe7-14b47cf0d48c,,0.0,,Felis catus,felis catus,nan
d59ab0e1-5144-47ab-8c4f-685b093a1b16,sequenceID:662cb691-280e-40e9-8a1c-846a7e7ce6e2,662cb691-280e-40e9-8a1c-846a7e7ce6e2,662cb691-280e-40e9-8a1c-846a7e7ce6e2,b8b702b0-da93-4f3e-abe7-14b47cf0d48c,wallabia bicolor,0.5,AWC 135,Felis catus,felis catus,wallabia bicolor
75ce6461-326d-4373-94b8-1902f931ab8b,sequenceID:60466181-83f0-4fdb-af05-b56c7f6067bb,60466181-83f0-4fdb-af05-b56c7f6067bb,60466181-83f0-4fdb-af05-b56c7f6067bb,b8b702b0-da93-4f3e-abe7-14b47cf0d48c,,0.0,,Felis catus,felis catus,nan
ed935563-c688-45ef-a5b2-6bdc528794b9,sequenceID:fc4f14ae-545c-4325-9dfb-b53e4488ed48,fc4f14ae-545c-4325-9dfb-b53e4488ed48,fc4f14ae-545c-4325-9dfb-b53e4488ed48,b8b702b0-da93-4f3e-abe7-14b47cf0d48c,Climacteris rufus,0.6,AWC 135,Felis catus,felis catus,climacteris rufus
f0a56d17-ea85-4f05-931f-0bf78b47cc86,sequenceID:7e74d64b-c4f9-465f-89e0-bbfb39eb8bc2,7e74d64b-c4f9-465f-89e0-bbfb39eb8bc2,7e74d64b-c4f9-465f-89e0-bbfb39eb8bc2,b8b702b0-da93-4f3e-abe7-14b47cf0d48c,ocyphaps lophotes,0.51,AWC 135,Felis catus,felis catus,ocyphaps lophotes
7963b9ae-bc49-481a-9a11-a6c237eea0fe,sequenceID:b33ced7a-6282-4b2c-883b-7748d29d4047,b33ced7a-6282-4b2c-883b-7748d29d4047,b33ced7a-6282-4b2c-883b-7748d29d4047,b8b702b0-da93-4f3e-abe7-14b47cf0d48c,,0.0,,Felis catus,felis catus,nan
b64d10ee-1bfc-47be-a497-fcf633d27248,sequenceID:ba182007-fc25-4b97-b9d8-72951f4535f1,ba182007-fc25-4b97-b9d8-72951f4535f1,ba182007-fc25-4b97-b9d8-72951f4535f1,b8b702b0-da93-4f3e-abe7-14b47cf0d48c,Bettongia lesueur,0.86,AWC 135,Felis catus,felis catus,bettongia lesueur
e94daf7e-e85c-49a1-a75d-c8f7912c18c1,sequenceID:e0b24101-3784-4a6e-b2c5-17eee75981b5,e0b24101-3784-4a6e-b2c5-17eee75981b5,e0b24101-3784-4a6e-b2c5-17eee75981b5,b8b702b0-da93-4f3e-abe7-14b47cf0d48c,Trichosurus caninus,0.64,AWC 135,Felis catus,felis catus,trichosurus caninus
a3c517e6-6f68-41db-bd95-f645a86a7325,sequenceID:221c5d04-7b6d-425b-8102-1aa1bafb4f41,221c5d04-7b6d-425b-8102-1aa1bafb4f41,221c5d04-7b6d-425b-8102-1aa1bafb4f41,b8b702b0-da93-4f3e-abe7-14b47cf0d48c,Bettongia lesueur,1.0,AWC 135,Felis catus,felis catus,bettongia lesueur
f5adc3e0-bf8b-4287-8ef3-683134c321e0,sequenceID:e4a9fb0e-1eec-4b9b-b30b-df1d168d3810,e4a9fb0e-1eec-4b9b-b30b-df1d168d3810,e4a9fb0e-1eec-4b9b-b30b-df1d168d3810,b8b702b0-da93-4f3e-abe7-14b47cf0d48c,tachyglossus aculeatus,0.59,AWC 135,Felis catus,felis catus,tachyglossus aculeatus
30327aa3-c5d4-43fa-82a6-f020e4be58a5,sequenceID:f4932214-c151-4ea5-9804-44959801a3e9,f4932214-c151-4ea5-9804-44959801a3e9,f4932214-c151-4ea5-9804-44959801a3e9,b8b702b0-da93-4f3e-abe7-14b47cf0d48c,Crocodylus johnstoni ,0.57,AWC 135,Felis catus,felis catus,crocodylus johnstoni
f12544e0-66b5-44dc-bd2f-0fe3ca4612db,sequenceID:d984d5d9-ecdf-41a1-bb72-6bc789e121d9,d984d5d9-ecdf-41a1-bb72-6bc789e121d9,d984d5d9-ecdf-41a1-bb72-6bc789e121d9,b8b702b0-da93-4f3e-abe7-14b47cf0d48c,oreoica gutturalis,0.5,AWC 135,Felis catus,felis catus,oreoica gutturalis
a242c11b-7162-4d8e-bb84-536d015621d7,sequenceID:e8203aa4-627f-4546-986f-92525e803c5f,e8203aa4-627f-4546-986f-92525e803c5f,e8203aa4-627f-4546-986f-92525e803c5f,b8b702b0-da93-4f3e-abe7-14b47cf0d48c,Myrmecobius fasciatus,0.9,AWC 135,Felis catus,felis catus,myrmecobius fasciatus
c9c0eb43-47c1-4afd-ae87-34da2b7808d9,sequenceID:c0a135a0-de02-4e74-a1ea-5e6b2c896c59,c0a135a0-de02-4e74-a1ea-5e6b2c896c59,c0a135a0-de02-4e74-a1ea-5e6b2c896c59,b8b702b0-da93-4f3e-abe7-14b47cf0d48c,Vulpes vulpes,0.88,AWC 135,Felis catus,felis catus,vulpes vulpes
56c45f3e-c249-499e-a1a3-7c45d271cb55,sequenceID:df049d52-2438-4e40-ab7d-dc4947e856a6,df049d52-2438-4e40-ab7d-dc4947e856a6,df049d52-2438-4e40-ab7d-dc4947e856a6,b8b702b0-da93-4f3e-abe7-14b47cf0d48c,,0.0,,Felis catus,felis catus,nan
92be3783-57b8-4ba2-973a-d884b6436fc6,sequenceID:a598d59d-6cd6-4e6c-b36d-aa5d7036899d,a598d59d-6cd6-4e6c-b36d-aa5d7036899d,a598d59d-6cd6-4e6c-b36d-aa5d7036899d,b8b702b0-da93-4f3e-abe7-14b47cf0d48c,Lasiorhinus latifrons,0.88,AWC 135,Felis catus,felis catus,lasiorhinus latifrons
2a65f04a-2f0b-4378-83ac-db06ec48b91c,sequenceID:a6266581-0c21-4deb-ad9e-30eb5c136430,a6266581-0c21-4deb-ad9e-30eb5c136430,a6266581-0c21-4deb-ad9e-30eb5c136430,b8b702b0-da93-4f3e-abe7-14b47cf0d48c,Bettongia lesueur,0.99,AWC 135,Felis catus,felis catus,bettongia lesueur
573f1382-1f3f-4846-b0df-18cd86a696b1,sequenceID:b6758edc-e92f-4d7d-b078-770e503b7770,b6758edc-e92f-4d7d-b078-770e503b7770,b6758edc-e92f-4d7d-b078-770e503b7770,b8b702b0-da93-4f3e-abe7-14b47cf0d48c,Onychogalea fraenata,0.64,AWC 135,Felis catus,felis catus,onychogalea fraenata
1feef9b2-9d62-459f-a448-dfd3d76c4527,sequenceID:d01f95ae-5a5e-40f5-b7e9-8164e569a4c0,d01f95ae-5a5e-40f5-b7e9-8164e569a4c0,d01f95ae-5a5e-40f5-b7e9-8164e569a4c0,b8b702b0-da93-4f3e-abe7-14b47cf0d48c,Lasiorhinus latifrons,0.88,AWC 135,Felis catus,felis catus,lasiorhinus latifrons
27727834-9b78-4ba1-bf77-3b8271bba42a,sequenceID:e90ad0f6-3fed-4f63-8775-9e64ee81b540,e90ad0f6-3fed-4f63-8775-9e64ee81b540,e90ad0f6-3fed-4f63-8775-9e64ee81b540,b8b702b0-da93-4f3e-abe7-14b47cf0d48c,,0.0,,Felis catus,felis catus,nan
cff97587-e9a0-49d6-b5d0-8b1d2a47f8a2,sequenceID:65e7b327-5afe-4b40-b148-b72bbef89d94,65e7b327-5afe-4b40-b148-b72bbef89d94,65e7b327-5afe-4b40-b148-b72bbef89d94,b8b702b0-da93-4f3e-abe7-14b47cf0d48c,Canis familiaris,0.71,AWC 135,Felis catus,felis catus,canis familiaris
32376d49-68ea-4a26-818c-27447a6a0571,sequenceID:3a7899e8-ba2d-4d63-826b-4b65dea043a7,3a7899e8-ba2d-4d63-826b-4b65dea043a7,3a7899e8-ba2d-4d63-826b-4b65dea043a7,b8b702b0-da93-4f3e-abe7-14b47cf0d48c,Vulpes vulpes,0.93,AWC 135,Felis catus,felis catus,vulpes vulpes
bdedfb38-0739-4c18-be09-89a42aa426c9,sequenceID:bfd45a78-7136-4664-9fbd-95d2bc44352a,bfd45a78-7136-4664-9fbd-95d2bc44352a,bfd45a78-7136-4664-9fbd-95d2bc44352a,b8b702b0-da93-4f3e-abe7-14b47cf0d48c,Lagomorpha,0.98,AWC 135,Felis catus,felis catus,lagomorpha
8d25a704-7f87-486a-afc9-1416ea465911,sequenceID:ba88c4f3-bbd7-4616-81a0-10d67d679166,ba88c4f3-bbd7-4616-81a0-10d67d679166,ba88c4f3-bbd7-4616-81a0-10d67d679166,b8b702b0-da93-4f3e-abe7-14b47cf0d48c,Petrogale lateralis,0.73,AWC 135,Felis catus,felis catus,petrogale lateralis
b0ed5cd7-140e-48ae-a1ac-c094090f7da4,sequenceID:34226edb-08b7-4402-bcba-cc4c7d741249,34226edb-08b7-4402-bcba-cc4c7d741249,34226edb-08b7-4402-bcba-cc4c7d741249,b8b702b0-da93-4f3e-abe7-14b47cf0d48c,Canis familiaris,0.93,AWC 135,Felis catus,felis catus,canis familiaris
56fcfb0a-ae54-4736-a896-03803ae4883d,sequenceID:642763b9-3cf2-4a79-8a68-b43c70ec2ffd,642763b9-3cf2-4a79-8a68-b43c70ec2ffd,642763b9-3cf2-4a79-8a68-b43c70ec2ffd,b8b702b0-da93-4f3e-abe7-14b47cf0d48c,,0.0,,Felis catus,felis catus,nan
8207d3d8-2c57-4d6e-9d97-005deefc75dd,sequenceID:13e5819e-d2b7-4d0d-b29c-d92b300c8416,13e5819e-d2b7-4d0d-b29c-d92b300c8416,13e5819e-d2b7-4d0d-b29c-d92b300c8416,b8b702b0-da93-4f3e-abe7-14b47cf0d48c,Capra hircus,0.76,AWC 135,Felis catus,felis catus,capra hircus
10f50879-4b5b-4fec-8b9e-a138301cbd02,sequenceID:13e5819e-d2b7-4d0d-b29c-d92b300c8416,13e5819e-d2b7-4d0d-b29c-d92b300c8416,13e5819e-d2b7-4d0d-b29c-d92b300c8416,b8b702b0-da93-4f3e-abe7-14b47cf0d48c,Capra hircus,0.76,AWC 135,Felis catus,felis catus,capra hircus
001c005d-6d51-4f28-b714-8eab5a9c6fb1,sequenceID:af18046e-8fa5-4430-9e54-14f246a6dc2f,af18046e-8fa5-4430-9e54-14f246a6dc2f,af18046e-8fa5-4430-9e54-14f246a6dc2f,b8b702b0-da93-4f3e-abe7-14b47cf0d48c,,0.0,,Felis catus,felis catus,nan
77eda862-d5a3-4a6b-9ad0-ddc8091ce3c5,sequenceID:63f87824-8b0a-49af-a70b-45fe5b3ab82a,63f87824-8b0a-49af-a70b-45fe5b3ab82a,63f87824-8b0a-49af-a70b-45fe5b3ab82a,b8b702b0-da93-4f3e-abe7-14b47cf0d48c,,0.5,AWC 135,Felis catus,felis catus,nan
9594bf3c-894f-42fc-8474-0e4db24e1bbf,sequenceID:a61b0909-321e-41a0-b8c3-d3c0ed19d94f,a61b0909-321e-41a0-b8c3-d3c0ed19d94f,a61b0909-321e-41a0-b8c3-d3c0ed19d94f,b8b702b0-da93-4f3e-abe7-14b47cf0d48c,Bettongia lesueur,0.96,AWC 135,Felis catus,felis catus,bettongia lesueur
a2af1174-ef91-418a-adc0-4faa23e35ad5,sequenceID:6e95ad77-05be-447f-b6cc-3129473c3f7c,6e95ad77-05be-447f-b6cc-3129473c3f7c,6e95ad77-05be-447f-b6cc-3129473c3f7c,b8b702b0-da93-4f3e-abe7-14b47cf0d48c,Bettongia lesueur,0.97,AWC 135,Felis catus,felis catus,bettongia lesueur
5731e581-ee10-4a42-9b9a-b1687fe12965,sequenceID:49f795c3-41fd-49b1-a3a1-3557a958e7cf,49f795c3-41fd-49b1-a3a1-3557a958e7cf,49f795c3-41fd-49b1-a3a1-3557a958e7cf,b8b702b0-da93-4f3e-abe7-14b47cf0d48c,,0.0,,Felis catus,felis catus,nan
6268a993-262f-421f-948d-3104816dc394,sequenceID:66dbd72e-0d2f-4664-8d00-cca9613e2b78,66dbd72e-0d2f-4664-8d00-cca9613e2b78,66dbd72e-0d2f-4664-8d00-cca9613e2b78,b8b702b0-da93-4f3e-abe7-14b47cf0d48c,,0.5,AWC 135,Felis catus,felis catus,nan
8bbc7e3a-87cd-4ef5-8846-9ef07e356ef4,sequenceID:50d2674f-403c-496c-9cf6-57f4b18523de,50d2674f-403c-496c-9cf6-57f4b18523de,50d2674f-403c-496c-9cf6-57f4b18523de,b8b702b0-da93-4f3e-abe7-14b47cf0d48c,,0.5,AWC 135,Felis catus,felis catus,nan
ac252a44-0406-498e-96e8-c477ce716f17,sequenceID:c0e4e92a-cc22-4c13-9102-3cca70318df8,c0e4e92a-cc22-4c13-9102-3cca70318df8,c0e4e92a-cc22-4c13-9102-3cca70318df8,b8b702b0-da93-4f3e-abe7-14b47cf0d48c,,0.0,,Felis catus,felis catus,nan
6b3994cc-58fa-4d3a-b63f-d0d136c4802e,sequenceID:5c7254f8-2490-4e3b-8b49-4bad9388150b,5c7254f8-2490-4e3b-8b49-4bad9388150b,5c7254f8-2490-4e3b-8b49-4bad9388150b,b8b702b0-da93-4f3e-abe7-14b47cf0d48c,Bettongia lesueur,0.97,AWC 135,Felis catus,felis catus,bettongia lesueur
6e27b272-b22a-40fc-aac3-0234cb3a777d,sequenceID:8575dbaa-c0b9-4590-b6fd-9e7a7f9229ca,8575dbaa-c0b9-4590-b6fd-9e7a7f9229ca,8575dbaa-c0b9-4590-b6fd-9e7a7f9229ca,b8b702b0-da93-4f3e-abe7-14b47cf0d48c,Bettongia lesueur,0.94,AWC 135,Felis catus,felis catus,bettongia lesueur
9ae218f7-f95e-4549-b412-db88122b5520,sequenceID:5d84e720-ce45-4858-8287-006bf8b44bc4,5d84e720-ce45-4858-8287-006bf8b44bc4,5d84e720-ce45-4858-8287-006bf8b44bc4,b8b702b0-da93-4f3e-abe7-14b47cf0d48c,Bettongia lesueur,0.71,AWC 135,Felis catus,felis catus,bettongia lesueur
634b506d-1735-417c-a6bc-49d008ec021d,sequenceID:d3621e50-7be2-4bcd-b289-dfc7577552bf,d3621e50-7be2-4bcd-b289-dfc7577552bf,d3621e50-7be2-4bcd-b289-dfc7577552bf,b8b702b0-da93-4f3e-abe7-14b47cf0d48c,,0.0,,Felis catus,felis catus,nan
b8f9382d-0a62-4e4f-9ec6-b3711d103cca,sequenceID:3e551b57-edc5-4729-9675-3a1c73f6fd9f,3e551b57-edc5-4729-9675-3a1c73f6fd9f,3e551b57-edc5-4729-9675-3a1c73f6fd9f,b8b702b0-da93-4f3e-abe7-14b47cf0d48c,Vulpes vulpes,0.79,AWC 135,Felis catus,felis catus,vulpes vulpes
d21d4580-50eb-476e-8f26-dead04a89456,sequenceID:cb1031f6-9c7e-4832-9031-197e900bdd57,cb1031f6-9c7e-4832-9031-197e900bdd57,cb1031f6-9c7e-4832-9031-197e900bdd57,b8b702b0-da93-4f3e-abe7-14b47cf0d48c,,0.0,,Felis catus,felis catus,nan
2b36156f-d8ab-40e5-941f-bb18a7d7a400,sequenceID:cadb4028-9eaf-4640-9529-964ca06d2e0f,cadb4028-9eaf-4640-9529-964ca06d2e0f,cadb4028-9eaf-4640-9529-964ca06d2e0f,b8b702b0-da93-4f3e-abe7-14b47cf0d48c,Bettongia lesueur,0.94,AWC 135,Felis catus,felis catus,bettongia lesueur
2df7bb70-1237-4461-93bf-26471a616583,sequenceID:cadb4028-9eaf-4640-9529-964ca06d2e0f,cadb4028-9eaf-4640-9529-964ca06d2e0f,cadb4028-9eaf-4640-9529-964ca06d2e0f,b8b702b0-da93-4f3e-abe7-14b47cf0d48c,Bettongia lesueur,0.94,AWC 135,Felis catus,felis catus,bettongia lesueur
4f9a0051-ba2a-465c-b812-ad9d6a60e14a,sequenceID:385cebe4-0870-4736-bfb9-9abc17fe9213,385cebe4-0870-4736-bfb9-9abc17fe9213,385cebe4-0870-4736-bfb9-9abc17fe9213,b8b702b0-da93-4f3e-abe7-14b47cf0d48c,,0.0,,Felis catus,felis catus,nan
2d54df49-7eac-4e0b-87c4-41e295ee5f31,sequenceID:acdd30f5-54b2-46f8-ba1d-be95f09b41e3,acdd30f5-54b2-46f8-ba1d-be95f09b41e3,acdd30f5-54b2-46f8-ba1d-be95f09b41e3,b8b702b0-da93-4f3e-abe7-14b47cf0d48c,Vulpes vulpes,0.8,AWC 135,Felis catus,felis catus,vulpes vulpes
79bddce8-d640-4ac8-9487-9a1d16e05d12,sequenceID:bdd1ed74-6e7c-49bc-9dc6-a7efb69616da,bdd1ed74-6e7c-49bc-9dc6-a7efb69616da,bdd1ed74-6e7c-49bc-9dc6-a7efb69616da,b8b702b0-da93-4f3e-abe7-14b47cf0d48c,,0.0,,Felis catus,felis catus,nan
e547ed01-3af0-44c5-a8a4-e27cbb6cf859,sequenceID:90471b8a-e8a5-4792-b9de-303da2661085,90471b8a-e8a5-4792-b9de-303da2661085,90471b8a-e8a5-4792-b9de-303da2661085,b8b702b0-da93-4f3e-abe7-14b47cf0d48c,Capra hircus,0.73,AWC 135,Felis catus,felis catus,capra hircus
7bae9492-dab0-4d9f-b036-ab3c4aa5ca6f,sequenceID:43e1d786-7aa2-4139-82a7-058e439205ec,43e1d786-7aa2-4139-82a7-058e439205ec,43e1d786-7aa2-4139-82a7-058e439205ec,b8b702b0-da93-4f3e-abe7-14b47cf0d48c,Vulpes vulpes,0.83,AWC 135,Felis catus,felis catus,vulpes vulpes
7bae9492-dab0-4d9f-b036-ab3c4aa5ca6f,sequenceID:43e1d786-7aa2-4139-82a7-058e439205ec,43e1d786-7aa2-4139-82a7-058e439205ec,43e1d786-7aa2-4139-82a7-058e439205ec,b8b702b0-da93-4f3e-abe7-14b47cf0d48c,Bettongia lesueur,0.62,AWC 135,Felis catus,felis catus,bettongia lesueur
2c328d73-c867-4faa-bfb3-053f250b8032,sequenceID:da76df0a-8d61-4984-9d53-4b889ea4cf6a,da76df0a-8d61-4984-9d53-4b889ea4cf6a,da76df0a-8d61-4984-9d53-4b889ea4cf6a,b8b702b0-da93-4f3e-abe7-14b47cf0d48c,Vulpes vulpes,0.82,AWC 135,Felis catus,felis catus,vulpes vulpes
adf24f73-1311-44be-9fc5-22f1fd95b70c,sequenceID:9985fd67-6591-4d7a-8fae-ddeef031e2d0,9985fd67-6591-4d7a-8fae-ddeef031e2d0,9985fd67-6591-4d7a-8fae-ddeef031e2d0,b8b702b0-da93-4f3e-abe7-14b47cf0d48c,Onychogalea fraenata,0.71,AWC 135,Felis catus,felis catus,onychogalea fraenata
3e1a628f-047a-47f7-a080-34d7c85cafe6,sequenceID:02833dfb-9b19-44ea-958b-4ed84cdabf45,02833dfb-9b19-44ea-958b-4ed84cdabf45,02833dfb-9b19-44ea-958b-4ed84cdabf45,b8b702b0-da93-4f3e-abe7-14b47cf0d48c,,0.0,,Felis catus,felis catus,nan
a87c1cb9-4c6d-4fcc-8c5b-a013a5397bd9,sequenceID:f485f2d1-5f8a-4d2a-9e97-b6db6f211002,f485f2d1-5f8a-4d2a-9e97-b6db6f211002,f485f2d1-5f8a-4d2a-9e97-b6db6f211002,b8b702b0-da93-4f3e-abe7-14b47cf0d48c,Trichosurus caninus,0.89,AWC 135,Felis catus,felis catus,trichosurus caninus
89d0ba26-4e67-4e56-94c5-b781338fef58,sequenceID:f6c70cc6-272e-47c4-bfd7-1e58ee620073,f6c70cc6-272e-47c4-bfd7-1e58ee620073,f6c70cc6-272e-47c4-bfd7-1e58ee620073,b8b702b0-da93-4f3e-abe7-14b47cf0d48c,Bettongia lesueur,0.93,AWC 135,Felis catus,felis catus,bettongia lesueur
90a9325b-f4b8-46f3-8084-031024469eeb,sequenceID:c76f93d3-ecfc-4583-8946-9dc9e99e5961,c76f93d3-ecfc-4583-8946-9dc9e99e5961,c76f93d3-ecfc-4583-8946-9dc9e99e5961,b8b702b0-da93-4f3e-abe7-14b47cf0d48c,,0.0,,Felis catus,felis catus,nan
5885057f-4243-474b-a8d6-efee193c98d2,sequenceID:16b3a65c-757c-4c65-a59d-ea9825e09589,16b3a65c-757c-4c65-a59d-ea9825e09589,16b3a65c-757c-4c65-a59d-ea9825e09589,b8b702b0-da93-4f3e-abe7-14b47cf0d48c,,0.0,,Felis catus,felis catus,nan
22475106-8118-4993-9b5a-b94a5a9c7f6c,sequenceID:8fd72ac7-cc68-4aaf-8cb7-31169eda2f22,8fd72ac7-cc68-4aaf-8cb7-31169eda2f22,8fd72ac7-cc68-4aaf-8cb7-31169eda2f22,b8b702b0-da93-4f3e-abe7-14b47cf0d48c,Lagomorpha,0.99,AWC 135,Felis catus,felis catus,lagomorpha
e45afa79-8aad-4fa9-ae8c-de4b6ae9ec9b,sequenceID:e9b11212-f327-45df-9996-3efbaf5877a9,e9b11212-f327-45df-9996-3efbaf5877a9,e9b11212-f327-45df-9996-3efbaf5877a9,b8b702b0-da93-4f3e-abe7-14b47cf0d48c,,0.0,,Felis catus,felis catus,nan
d72cbe0a-db50-4f87-aad0-32624c23caac,sequenceID:532a2ac3-851f-45df-b357-0555abb82129,532a2ac3-851f-45df-b357-0555abb82129,532a2ac3-851f-45df-b357-0555abb82129,b8b702b0-da93-4f3e-abe7-14b47cf0d48c,Canis familiaris,0.55,AWC 135,Felis catus,felis catus,canis familiaris
40974425-a357-4fff-940e-6364e9345392,sequenceID:19755a59-373e-49f0-943d-b3fc3de2309a,19755a59-373e-49f0-943d-b3fc3de2309a,19755a59-373e-49f0-943d-b3fc3de2309a,b8b702b0-da93-4f3e-abe7-14b47cf0d48c,,0.0,,Felis catus,felis catus,nan
210fe8cf-221b-4ca4-b0a8-c5a4bfd7b1d4,sequenceID:8b4a66cf-e620-44da-bbb4-c9a83d2f7791,8b4a66cf-e620-44da-bbb4-c9a83d2f7791,8b4a66cf-e620-44da-bbb4-c9a83d2f7791,b8b702b0-da93-4f3e-abe7-14b47cf0d48c,Bos taurus,0.57,AWC 135,Felis catus,felis catus,bos taurus
c2a5a777-93bf-4be4-9035-530681d33c33,sequenceID:8957fd72-5c6a-4061-88b7-845ff04842eb,8957fd72-5c6a-4061-88b7-845ff04842eb,8957fd72-5c6a-4061-88b7-845ff04842eb,b8b702b0-da93-4f3e-abe7-14b47cf0d48c,Sus scrofa,0.53,AWC 135,Felis catus,felis catus,sus scrofa
64df4d9d-b4fb-45d9-92d9-105d50a6278b,sequenceID:1d5078ca-7f1a-472e-999a-627bbaf18ce4,1d5078ca-7f1a-472e-999a-627bbaf18ce4,1d5078ca-7f1a-472e-999a-627bbaf18ce4,b8b702b0-da93-4f3e-abe7-14b47cf0d48c,,0.0,,Felis catus,felis catus,nan
5b7361ad-ac9f-4024-b577-6a2774778006,sequenceID:3645f357-7ef8-4e0b-9085-24e0d0d7d6de,3645f357-7ef8-4e0b-9085-24e0d0d7d6de,3645f357-7ef8-4e0b-9085-24e0d0d7d6de,b8b702b0-da93-4f3e-abe7-14b47cf0d48c,Petrogale brachyotis,0.82,AWC 135,Felis catus,felis catus,petrogale brachyotis
632b97e0-e5c6-49dd-bde6-77af08c60bd0,sequenceID:5093da5d-9755-4a09-844f-5f08f7dd54a4,5093da5d-9755-4a09-844f-5f08f7dd54a4,5093da5d-9755-4a09-844f-5f08f7dd54a4,b8b702b0-da93-4f3e-abe7-14b47cf0d48c,tachyglossus aculeatus,0.69,AWC 135,Felis catus,felis catus,tachyglossus aculeatus
bdb06b92-9273-496a-b954-bd2f0b81b68a,sequenceID:6f09e919-3dc8-44fe-96d0-9acd9ded1916,6f09e919-3dc8-44fe-96d0-9acd9ded1916,6f09e919-3dc8-44fe-96d0-9acd9ded1916,b8b702b0-da93-4f3e-abe7-14b47cf0d48c,Bettongia lesueur,0.99,AWC 135,Felis catus,felis catus,bettongia lesueur
364a74eb-cdc3-4461-8725-436f2bf075b0,sequenceID:81a1ba1d-bd25-4b19-8c52-75fa058cca42,81a1ba1d-bd25-4b19-8c52-75fa058cca42,81a1ba1d-bd25-4b19-8c52-75fa058cca42,b8b702b0-da93-4f3e-abe7-14b47cf0d48c,,0.0,,Felis catus,felis catus,nan
2a3e503e-56f9-4d9f-b357-89733b352952,sequenceID:23889463-f8fa-4ad3-b19d-89d190eb6ee5,23889463-f8fa-4ad3-b19d-89d190eb6ee5,23889463-f8fa-4ad3-b19d-89d190eb6ee5,b8b702b0-da93-4f3e-abe7-14b47cf0d48c,Bettongia lesueur,0.93,AWC 135,Felis catus,felis catus,bettongia lesueur
2b0dce71-738f-4311-8ecb-e34d6baef7b9,sequenceID:0c5167b8-b91c-4ce8-b092-7f1940bf3538,0c5167b8-b91c-4ce8-b092-7f1940bf3538,0c5167b8-b91c-4ce8-b092-7f1940bf3538,b8b702b0-da93-4f3e-abe7-14b47cf0d48c,Lasiorhinus latifrons,0.62,AWC 135,Felis catus,felis catus,lasiorhinus latifrons
eee645e6-2f4f-4f25-b212-26e335234202,sequenceID:9ca5b395-4f67-47ba-ab8d-5c8e0662f4cc,9ca5b395-4f67-47ba-ab8d-5c8e0662f4cc,9ca5b395-4f67-47ba-ab8d-5c8e0662f4cc,b8b702b0-da93-4f3e-abe7-14b47cf0d48c,Bettongia lesueur,0.77,AWC 135,Felis catus,felis catus,bettongia lesueur
13c96fe6-0ac5-4c16-89d8-f264bd0692b1,sequenceID:9f6ec8dd-8acf-4433-ba15-58324d7a966d,9f6ec8dd-8acf-4433-ba15-58324d7a966d,9f6ec8dd-8acf-4433-ba15-58324d7a966d,b8b702b0-da93-4f3e-abe7-14b47cf0d48c,Bettongia lesueur,0.51,AWC 135,Felis catus,felis catus,bettongia lesueur
cfd078a8-0527-405c-80cf-6721a8cccdf9,sequenceID:8552582c-6e68-46de-82b4-f500dbe0d441,8552582c-6e68-46de-82b4-f500dbe0d441,8552582c-6e68-46de-82b4-f500dbe0d441,b8b702b0-da93-4f3e-abe7-14b47cf0d48c,,0.5,AWC 135,Felis catus,felis catus,nan
7b3680a0-80f5-4b1d-9254-97a16cdb7baa,sequenceID:9d605be8-cde6-43ab-b173-24c09b4c6770,9d605be8-cde6-43ab-b173-24c09b4c6770,9d605be8-cde6-43ab-b173-24c09b4c6770,b8b702b0-da93-4f3e-abe7-14b47cf0d48c,Trichosurus caninus,0.68,AWC 135,Felis catus,felis catus,trichosurus caninus
8300962d-94ff-4a22-8728-4f20876b733b,sequenceID:b86e949f-2114-4c3d-bb64-01bb268e4158,b86e949f-2114-4c3d-bb64-01bb268e4158,b86e949f-2114-4c3d-bb64-01bb268e4158,b8b702b0-da93-4f3e-abe7-14b47cf0d48c,,0.0,,Felis catus,felis catus,nan
b5653912-5e15-47d5-b8b2-c7d3244cfe63,sequenceID:14322c6e-1aa5-40c4-9a8e-e994c58eece5,14322c6e-1aa5-40c4-9a8e-e994c58eece5,14322c6e-1aa5-40c4-9a8e-e994c58eece5,b8b702b0-da93-4f3e-abe7-14b47cf0d48c,,0.0,,Felis catus,felis catus,nan
d16bebba-77f7-4d1f-b294-447102fd3135,sequenceID:5c591057-51d6-429b-b0aa-f5235e0d4712,5c591057-51d6-429b-b0aa-f5235e0d4712,5c591057-51d6-429b-b0aa-f5235e0d4712,b8b702b0-da93-4f3e-abe7-14b47cf0d48c,Bettongia lesueur,0.61,AWC 135,Felis catus,felis catus,bettongia lesueur
21141f4f-4352-4351-8b49-c3cd0cfc1843,sequenceID:5c591057-51d6-429b-b0aa-f5235e0d4712,5c591057-51d6-429b-b0aa-f5235e0d4712,5c591057-51d6-429b-b0aa-f5235e0d4712,b8b702b0-da93-4f3e-abe7-14b47cf0d48c,Bettongia lesueur,0.61,AWC 135,Felis catus,felis catus,bettongia lesueur
aa84f072-5c4e-47ce-aa06-33bc9c71fbb7,sequenceID:ed3678a1-d6bd-4b4a-b2eb-46cc089b09be,ed3678a1-d6bd-4b4a-b2eb-46cc089b09be,ed3678a1-d6bd-4b4a-b2eb-46cc089b09be,b8b702b0-da93-4f3e-abe7-14b47cf0d48c,,0.0,,Felis catus,felis catus,nan
79757e4d-aa86-4dda-abfa-93446e1c358b,sequenceID:3e2a9408-a17a-462d-8a34-598db15f261d,3e2a9408-a17a-462d-8a34-598db15f261d,3e2a9408-a17a-462d-8a34-598db15f261d,b8b702b0-da93-4f3e-abe7-14b47cf0d48c,,0.0,,Felis catus,felis catus,nan
316d91d8-1fbc-42a9-b0cc-50ae8b53c85c,sequenceID:377cd7e4-ea95-4b29-bd1b-df16d4aa8c5e,377cd7e4-ea95-4b29-bd1b-df16d4aa8c5e,377cd7e4-ea95-4b29-bd1b-df16d4aa8c5e,c1e11e45-d623-4d7e-b523-276232ecb843,Amphibolurus muricatus,0.53,AWC 135,Blank,blank,amphibolurus muricatus
b3cb4549-d904-40ec-a232-80ef88b48ce7,sequenceID:64a08f2f-64b1-46b8-be32-39aa01759820,64a08f2f-64b1-46b8-be32-39aa01759820,64a08f2f-64b1-46b8-be32-39aa01759820,c1e11e45-d623-4d7e-b523-276232ecb843,,0.5,AWC 135,Blank,blank,nan
02c3e930-5cb9-45b9-8d57-6c2813cdf30c,sequenceID:30666a2f-adaa-43a7-aedf-433635d1314f,30666a2f-adaa-43a7-aedf-433635d1314f,30666a2f-adaa-43a7-aedf-433635d1314f,c1e11e45-d623-4d7e-b523-276232ecb843,,0.0,,Blank,blank,nan
931ea9ae-f7a9-4096-90e9-567f4010b0e4,sequenceID:9d243b8b-7e22-4d40-bee0-b7eff1d94e08,9d243b8b-7e22-4d40-bee0-b7eff1d94e08,9d243b8b-7e22-4d40-bee0-b7eff1d94e08,c1e11e45-d623-4d7e-b523-276232ecb843,,0.0,,Blank,blank,nan
27fcf6b8-11ef-4e01-a3df-2d5687bb063c,sequenceID:54a82a9d-399f-47ea-8b0c-d8c4885a19b0,54a82a9d-399f-47ea-8b0c-d8c4885a19b0,54a82a9d-399f-47ea-8b0c-d8c4885a19b0,c1e11e45-d623-4d7e-b523-276232ecb843,tachyglossus aculeatus,0.97,AWC 135,Blank,blank,tachyglossus aculeatus
85c73c40-d97b-421c-a574-a2a3cf130709,sequenceID:352a86a0-37c4-40cd-b2f5-ffdec787594a,352a86a0-37c4-40cd-b2f5-ffdec787594a,352a86a0-37c4-40cd-b2f5-ffdec787594a,c1e11e45-d623-4d7e-b523-276232ecb843,,0.0,,Blank,blank,nan
935323c1-c0ee-4a8a-9186-76a7af716779,sequenceID:3bfb3d21-bc1d-4b76-9d96-b88462c86002,3bfb3d21-bc1d-4b76-9d96-b88462c86002,3bfb3d21-bc1d-4b76-9d96-b88462c86002,c1e11e45-d623-4d7e-b523-276232ecb843,Bos taurus,0.84,AWC 135,Blank,blank,bos taurus
74fc7306-eebb-4143-92c6-7b75f32a475b,sequenceID:e845d37a-602c-4e73-95a5-80c05c0917d3,e845d37a-602c-4e73-95a5-80c05c0917d3,e845d37a-602c-4e73-95a5-80c05c0917d3,c1e11e45-d623-4d7e-b523-276232ecb843,,0.5,AWC 135,Blank,blank,nan
a9eddac5-4ffd-40bd-a60b-c56cf9495a59,sequenceID:91798e89-5166-4b4a-88bb-a676fab7d56b,91798e89-5166-4b4a-88bb-a676fab7d56b,91798e89-5166-4b4a-88bb-a676fab7d56b,c1e11e45-d623-4d7e-b523-276232ecb843,,0.0,,Blank,blank,nan
f3f90e1d-2714-483a-a8be-dc11b5fcc741,sequenceID:02df2fdc-b232-4e24-b60a-eb72ad63daad,02df2fdc-b232-4e24-b60a-eb72ad63daad,02df2fdc-b232-4e24-b60a-eb72ad63daad,c1e11e45-d623-4d7e-b523-276232ecb843,,0.5,AWC 135,Blank,blank,nan
81ee4d9c-5da3-48ac-a291-da71fef83478,sequenceID:e413f0c7-782d-45ba-b430-714a52adb2fb,e413f0c7-782d-45ba-b430-714a52adb2fb,e413f0c7-782d-45ba-b430-714a52adb2fb,c1e11e45-d623-4d7e-b523-276232ecb843,Macropus dorsalis,0.64,AWC 135,Blank,blank,macropus dorsalis
0f900648-13e3-4204-9ca5-10f59bdc8808,sequenceID:e12459c9-177a-47bd-be24-e8693585ad02,e12459c9-177a-47bd-be24-e8693585ad02,e12459c9-177a-47bd-be24-e8693585ad02,c1e11e45-d623-4d7e-b523-276232ecb843,tachyglossus aculeatus,0.76,AWC 135,Blank,blank,tachyglossus aculeatus
6311c4ca-af4d-4f61-91c2-2fd62c296ed5,sequenceID:f7288ed5-e88a-40ac-b51b-114fff9c6d06,f7288ed5-e88a-40ac-b51b-114fff9c6d06,f7288ed5-e88a-40ac-b51b-114fff9c6d06,c1e11e45-d623-4d7e-b523-276232ecb843,,0.0,,Blank,blank,nan
2cf83ca4-8f22-4898-93f2-40be8b87c867,sequenceID:fb842fcc-c200-48f4-8e3a-baaf713d1415,fb842fcc-c200-48f4-8e3a-baaf713d1415,fb842fcc-c200-48f4-8e3a-baaf713d1415,c1e11e45-d623-4d7e-b523-276232ecb843,,0.0,,Blank,blank,nan
609bb034-03af-4ae1-a18f-bc04f55ac1b9,sequenceID:b7f07763-254c-4c5d-965e-a7df2d965d3c,b7f07763-254c-4c5d-965e-a7df2d965d3c,b7f07763-254c-4c5d-965e-a7df2d965d3c,c1e11e45-d623-4d7e-b523-276232ecb843,Aves,0.79,AWC 135,Blank,blank,aves
a2a0bad6-d9a4-45e7-b333-ef9841945559,sequenceID:d0af76dc-c92f-43d5-b2cd-91578a6f590e,d0af76dc-c92f-43d5-b2cd-91578a6f590e,d0af76dc-c92f-43d5-b2cd-91578a6f590e,c1e11e45-d623-4d7e-b523-276232ecb843,,0.5,AWC 135,Blank,blank,nan
6b18ad2b-e9cc-4998-86b1-585a45ef05cd,sequenceID:dff2ee95-41bb-43ae-8716-5eb8e6e7146d,dff2ee95-41bb-43ae-8716-5eb8e6e7146d,dff2ee95-41bb-43ae-8716-5eb8e6e7146d,c1e11e45-d623-4d7e-b523-276232ecb843,Macropus dorsalis,0.92,AWC 135,Blank,blank,macropus dorsalis
b05f8d08-6481-4f01-b70f-b5ea299a63bf,sequenceID:0bcc4909-12da-47db-9106-8d73d3329569,0bcc4909-12da-47db-9106-8d73d3329569,0bcc4909-12da-47db-9106-8d73d3329569,c1e11e45-d623-4d7e-b523-276232ecb843,Felis catus,0.64,AWC 135,Blank,blank,felis catus
45a74417-656c-479f-8057-29a27c5c893e,sequenceID:1d5ec23f-433e-4bdc-9f04-436fba0b7d13,1d5ec23f-433e-4bdc-9f04-436fba0b7d13,1d5ec23f-433e-4bdc-9f04-436fba0b7d13,c1e11e45-d623-4d7e-b523-276232ecb843,,0.5,AWC 135,Blank,blank,nan
fa261699-95cc-4288-94e5-440886ea5333,sequenceID:49c9b43e-efeb-4bee-a3e8-e92455187f5f,49c9b43e-efeb-4bee-a3e8-e92455187f5f,49c9b43e-efeb-4bee-a3e8-e92455187f5f,c1e11e45-d623-4d7e-b523-276232ecb843,varanus gouldii,0.86,AWC 135,Blank,blank,varanus gouldii
58bb5539-a96f-4ad7-8c09-c9b69b681680,sequenceID:96cc56d8-1c8c-4c9c-9170-c860bcccd140,96cc56d8-1c8c-4c9c-9170-c860bcccd140,96cc56d8-1c8c-4c9c-9170-c860bcccd140,c1e11e45-d623-4d7e-b523-276232ecb843,Macropus dorsalis,0.69,AWC 135,Blank,blank,macropus dorsalis
c4755b71-6b57-4e48-9bc4-131d338f6a5c,sequenceID:38e16f4e-ad00-4450-8280-776f49728204,38e16f4e-ad00-4450-8280-776f49728204,38e16f4e-ad00-4450-8280-776f49728204,c1e11e45-d623-4d7e-b523-276232ecb843,Osphranter robustus,0.8,AWC 135,Blank,blank,osphranter robustus
254f66ee-5a1f-4090-8ae7-7393a04459bc,sequenceID:851e8809-9ae0-4000-a046-f165a5c8c5fb,851e8809-9ae0-4000-a046-f165a5c8c5fb,851e8809-9ae0-4000-a046-f165a5c8c5fb,c1e11e45-d623-4d7e-b523-276232ecb843,Bos taurus,0.57,AWC 135,Blank,blank,bos taurus
6e3da17a-a07a-4c61-b4b5-dfa86dbe096b,sequenceID:6ad83b42-baf4-4222-9e4f-685008fa216a,6ad83b42-baf4-4222-9e4f-685008fa216a,6ad83b42-baf4-4222-9e4f-685008fa216a,c1e11e45-d623-4d7e-b523-276232ecb843,Aves,0.57,AWC 135,Blank,blank,aves
b0d4b55e-71ce-4eb3-9ca5-3a4d8700e235,sequenceID:d6228e9e-ab20-4807-8677-9a30298922fc,d6228e9e-ab20-4807-8677-9a30298922fc,d6228e9e-ab20-4807-8677-9a30298922fc,c1e11e45-d623-4d7e-b523-276232ecb843,Pomatostomus superciliosus,0.64,AWC 135,Blank,blank,pomatostomus superciliosus
f106af49-c131-4363-a51f-a6b467c23e8f,sequenceID:99125614-5f5f-49b4-acef-b09253de8036,99125614-5f5f-49b4-acef-b09253de8036,99125614-5f5f-49b4-acef-b09253de8036,c1e11e45-d623-4d7e-b523-276232ecb843,,0.5,AWC 135,Blank,blank,nan
69e03017-5d9c-4f7e-86dd-1686124dd70d,sequenceID:086d9b13-192c-4027-b239-a2d4ab460658,086d9b13-192c-4027-b239-a2d4ab460658,086d9b13-192c-4027-b239-a2d4ab460658,c1e11e45-d623-4d7e-b523-276232ecb843,Aves,0.94,AWC 135,Blank,blank,aves
1b79551f-3547-4175-8936-f81995412b88,sequenceID:8ecf7a70-dc63-45e4-b59a-53ab94ca1c91,8ecf7a70-dc63-45e4-b59a-53ab94ca1c91,8ecf7a70-dc63-45e4-b59a-53ab94ca1c91,c1e11e45-d623-4d7e-b523-276232ecb843,Bos taurus,0.86,AWC 135,Blank,blank,bos taurus
d54f1fb4-515c-4da4-bfc7-e2d8d010a2b2,sequenceID:e1490ad1-a6ca-41bf-89e4-b85bdbb2988e,e1490ad1-a6ca-41bf-89e4-b85bdbb2988e,e1490ad1-a6ca-41bf-89e4-b85bdbb2988e,c1e11e45-d623-4d7e-b523-276232ecb843,Aves,0.89,AWC 135,Blank,blank,aves
80a783b9-9de2-49b3-8b45-dd27014d73d7,sequenceID:a9d14899-a919-45d1-9330-ba333598c7dd,a9d14899-a919-45d1-9330-ba333598c7dd,a9d14899-a919-45d1-9330-ba333598c7dd,c1e11e45-d623-4d7e-b523-276232ecb843,Bos taurus,0.9,AWC 135,Blank,blank,bos taurus
9066ea4a-c14e-4d1f-85eb-a92dedea8d81,sequenceID:fe0b4537-cb3e-4255-ba42-6fd8d76ae8db,fe0b4537-cb3e-4255-ba42-6fd8d76ae8db,fe0b4537-cb3e-4255-ba42-6fd8d76ae8db,c1e11e45-d623-4d7e-b523-276232ecb843,Amphibolurus muricatus,0.7,AWC 135,Blank,blank,amphibolurus muricatus
9ebaaf80-52fd-4290-8e88-bb56a3b9f89b,sequenceID:bfe19746-0d80-4b5c-ada4-9c019ed986f6,bfe19746-0d80-4b5c-ada4-9c019ed986f6,bfe19746-0d80-4b5c-ada4-9c019ed986f6,c1e11e45-d623-4d7e-b523-276232ecb843,,0.0,,Blank,blank,nan
dd316c4b-5643-4dc9-a5de-d0e9119463d2,sequenceID:e3cb0f77-9d1a-4ec5-9dd9-54ace4f31099,e3cb0f77-9d1a-4ec5-9dd9-54ace4f31099,e3cb0f77-9d1a-4ec5-9dd9-54ace4f31099,c1e11e45-d623-4d7e-b523-276232ecb843,isoodon obesulus,0.78,AWC 135,Blank,blank,isoodon obesulus
1cf4c240-2b65-490f-be3c-b94e59a40b8c,sequenceID:d0c01abf-356e-4534-8b67-c35a9520d98b,d0c01abf-356e-4534-8b67-c35a9520d98b,d0c01abf-356e-4534-8b67-c35a9520d98b,c1e11e45-d623-4d7e-b523-276232ecb843,,0.0,,Blank,blank,nan
4d7404d8-f4eb-48bb-ac2f-b80a96328e0f,sequenceID:751ebb2c-b210-4345-bc71-0858a7a7c7a8,751ebb2c-b210-4345-bc71-0858a7a7c7a8,751ebb2c-b210-4345-bc71-0858a7a7c7a8,c1e11e45-d623-4d7e-b523-276232ecb843,,0.0,,Blank,blank,nan
0a4cba0d-75f8-46de-b9ed-e66ac1490c22,sequenceID:d04d596b-4e1d-4bfd-a356-0e781a073256,d04d596b-4e1d-4bfd-a356-0e781a073256,d04d596b-4e1d-4bfd-a356-0e781a073256,c1e11e45-d623-4d7e-b523-276232ecb843,,0.5,AWC 135,Blank,blank,nan
2ec6b60e-cecd-472d-8873-1c1970983c2e,sequenceID:7424b3ee-a53d-4e99-9e4b-7f8554c57e84,7424b3ee-a53d-4e99-9e4b-7f8554c57e84,7424b3ee-a53d-4e99-9e4b-7f8554c57e84,c1e11e45-d623-4d7e-b523-276232ecb843,Amphibolurus muricatus,0.65,AWC 135,Blank,blank,amphibolurus muricatus
9662abba-4b75-4ea1-a650-027a93344007,sequenceID:5f8bf31d-e66f-4d37-85d2-9ae0048e757c,5f8bf31d-e66f-4d37-85d2-9ae0048e757c,5f8bf31d-e66f-4d37-85d2-9ae0048e757c,c1e11e45-d623-4d7e-b523-276232ecb843,,0.5,AWC 135,Blank,blank,nan
94c5bfdc-a1ca-475a-835a-b55c7c83d9ac,sequenceID:74363d88-7b21-4726-aa3f-af97c07bf9e8,74363d88-7b21-4726-aa3f-af97c07bf9e8,74363d88-7b21-4726-aa3f-af97c07bf9e8,c1e11e45-d623-4d7e-b523-276232ecb843,Crocodylus johnstoni ,1.0,AWC 135,Blank,blank,crocodylus johnstoni
fcdfdf90-a157-4d63-b281-4f3446f23219,sequenceID:c1476303-257b-4386-85e0-50820481be0c,c1476303-257b-4386-85e0-50820481be0c,c1476303-257b-4386-85e0-50820481be0c,c1e11e45-d623-4d7e-b523-276232ecb843,varanus gouldii,0.61,AWC 135,Blank,blank,varanus gouldii
eac5ba87-4e8c-4274-b3b2-108ae36633ec,sequenceID:b03dfdba-409b-405c-a25b-77c49641f800,b03dfdba-409b-405c-a25b-77c49641f800,b03dfdba-409b-405c-a25b-77c49641f800,c1e11e45-d623-4d7e-b523-276232ecb843,geopelia cuneata,0.58,AWC 135,Blank,blank,geopelia cuneata
6122edb8-3bb7-4978-bd75-45d0439f8c58,sequenceID:108b8697-602a-4c42-8766-abdd2cabfab9,108b8697-602a-4c42-8766-abdd2cabfab9,108b8697-602a-4c42-8766-abdd2cabfab9,c1e11e45-d623-4d7e-b523-276232ecb843,,0.0,,Blank,blank,nan
1acf609e-6519-424a-a63e-76bf50139b93,sequenceID:26d2050c-b82c-4864-b076-f37d9a47905f,26d2050c-b82c-4864-b076-f37d9a47905f,26d2050c-b82c-4864-b076-f37d9a47905f,c1e11e45-d623-4d7e-b523-276232ecb843,,0.0,,Blank,blank,nan
4e3d00ca-b122-4321-9c1b-b052e55485a9,sequenceID:82e8fb7f-b21e-4452-a9c6-a3f1da0c4885,82e8fb7f-b21e-4452-a9c6-a3f1da0c4885,82e8fb7f-b21e-4452-a9c6-a3f1da0c4885,c1e11e45-d623-4d7e-b523-276232ecb843,Scincidae,0.73,AWC 135,Blank,blank,scincidae
5fa14e49-6c3e-4bd3-b774-d1ec37156c8b,sequenceID:961c3007-ac6a-4228-b0d2-d15ad257a1ec,961c3007-ac6a-4228-b0d2-d15ad257a1ec,961c3007-ac6a-4228-b0d2-d15ad257a1ec,c1e11e45-d623-4d7e-b523-276232ecb843,Capra hircus,0.6,AWC 135,Blank,blank,capra hircus
553e3f6b-fada-447b-aacd-5cbb327c5728,sequenceID:1245ac3f-82d8-4feb-b61a-7468fd164ae3,1245ac3f-82d8-4feb-b61a-7468fd164ae3,1245ac3f-82d8-4feb-b61a-7468fd164ae3,c1e11e45-d623-4d7e-b523-276232ecb843,,0.0,,Blank,blank,nan
1be088a6-ea8a-4c9d-8d31-14afbb87079b,sequenceID:c49fc619-0410-44ed-bd96-4ae786fe84e0,c49fc619-0410-44ed-bd96-4ae786fe84e0,c49fc619-0410-44ed-bd96-4ae786fe84e0,c1e11e45-d623-4d7e-b523-276232ecb843,,0.0,,Blank,blank,nan
6bf0abca-b6fb-402d-86fc-cbbdfc1205cb,sequenceID:692b76bc-b177-42e4-abe8-ab79bf2b0d37,692b76bc-b177-42e4-abe8-ab79bf2b0d37,692b76bc-b177-42e4-abe8-ab79bf2b0d37,c1e11e45-d623-4d7e-b523-276232ecb843,,0.5,AWC 135,Blank,blank,nan
352d5822-33b7-4aa6-806f-27e7d4c01107,sequenceID:6dcdf8ac-d5d0-4965-a743-1270bf619d7c,6dcdf8ac-d5d0-4965-a743-1270bf619d7c,6dcdf8ac-d5d0-4965-a743-1270bf619d7c,c1e11e45-d623-4d7e-b523-276232ecb843,,0.5,AWC 135,Blank,blank,nan
a5bc4e96-c4d5-44d4-8e92-d93c74a98414,sequenceID:d062e3d0-bde7-42b0-a093-02754fb6fcb1,d062e3d0-bde7-42b0-a093-02754fb6fcb1,d062e3d0-bde7-42b0-a093-02754fb6fcb1,c1e11e45-d623-4d7e-b523-276232ecb843,Amphibolurus muricatus,0.98,AWC 135,Blank,blank,amphibolurus muricatus
74bb364d-dd64-4724-8671-5afb8eec818c,sequenceID:454defd8-6b6d-4d09-b95a-c0306ec14d3e,454defd8-6b6d-4d09-b95a-c0306ec14d3e,454defd8-6b6d-4d09-b95a-c0306ec14d3e,c1e11e45-d623-4d7e-b523-276232ecb843,Equus,0.84,AWC 135,Blank,blank,equus
19d03756-1d45-4a24-a0e7-3f5f90fac72f,sequenceID:f0d6566b-a132-4642-ad55-8760b5a9f172,f0d6566b-a132-4642-ad55-8760b5a9f172,f0d6566b-a132-4642-ad55-8760b5a9f172,c1e11e45-d623-4d7e-b523-276232ecb843,Amphibolurus muricatus,0.99,AWC 135,Blank,blank,amphibolurus muricatus
a02dc4d6-96ac-4d96-90ea-941bc6989c0d,sequenceID:9e8c8fbc-3a1f-4e5d-b33c-f70e20f10db9,9e8c8fbc-3a1f-4e5d-b33c-f70e20f10db9,9e8c8fbc-3a1f-4e5d-b33c-f70e20f10db9,c1e11e45-d623-4d7e-b523-276232ecb843,Amphibolurus muricatus,0.99,AWC 135,Blank,blank,amphibolurus muricatus
e7200500-1fd5-4d4c-b0ad-9fc073ede712,sequenceID:5886d257-d69f-4350-bab9-88524a01408d,5886d257-d69f-4350-bab9-88524a01408d,5886d257-d69f-4350-bab9-88524a01408d,c1e11e45-d623-4d7e-b523-276232ecb843,Amphibolurus muricatus,0.97,AWC 135,Blank,blank,amphibolurus muricatus
67933076-2b66-4378-846d-765b404b46ac,sequenceID:1943ac16-0709-42c3-bb58-be2231675843,1943ac16-0709-42c3-bb58-be2231675843,1943ac16-0709-42c3-bb58-be2231675843,c1e11e45-d623-4d7e-b523-276232ecb843,Amphibolurus muricatus,0.97,AWC 135,Blank,blank,amphibolurus muricatus
136c5958-42e6-497c-8daf-783663137f1d,sequenceID:053baa54-9b2c-4778-bde9-f6cf78546d0b,053baa54-9b2c-4778-bde9-f6cf78546d0b,053baa54-9b2c-4778-bde9-f6cf78546d0b,c1e11e45-d623-4d7e-b523-276232ecb843,,0.0,,Blank,blank,nan
2d1b43ab-f94b-435a-b26c-7ae5230a7acc,sequenceID:03cbe88a-0e5d-4dbb-9b2f-1ab29b3c8db4,03cbe88a-0e5d-4dbb-9b2f-1ab29b3c8db4,03cbe88a-0e5d-4dbb-9b2f-1ab29b3c8db4,c1e11e45-d623-4d7e-b523-276232ecb843,Amphibolurus muricatus,0.99,AWC 135,Blank,blank,amphibolurus muricatus
01887aa8-6973-4cee-84ce-9c9d02209447,sequenceID:cc43bb5b-ab12-4e7e-a146-df1ff9b7eb7b,cc43bb5b-ab12-4e7e-a146-df1ff9b7eb7b,cc43bb5b-ab12-4e7e-a146-df1ff9b7eb7b,c1e11e45-d623-4d7e-b523-276232ecb843,Amphibolurus muricatus,0.99,AWC 135,Blank,blank,amphibolurus muricatus
84ed8911-69d8-469c-a051-d542178c7c16,sequenceID:91a8f583-5890-41a8-af3d-8d40c384c156,91a8f583-5890-41a8-af3d-8d40c384c156,91a8f583-5890-41a8-af3d-8d40c384c156,c1e11e45-d623-4d7e-b523-276232ecb843,Amphibolurus muricatus,0.99,AWC 135,Blank,blank,amphibolurus muricatus
d9f1e2cf-6668-46f0-b3f0-1644f845b6bc,sequenceID:65650860-47dc-4e36-82f2-afc337559f7e,65650860-47dc-4e36-82f2-afc337559f7e,65650860-47dc-4e36-82f2-afc337559f7e,c1e11e45-d623-4d7e-b523-276232ecb843,Amphibolurus muricatus,0.99,AWC 135,Blank,blank,amphibolurus muricatus
f7bdb2ec-0bd0-460a-be9f-902494bc8d41,sequenceID:b41f664b-977a-4e99-8799-41fd6d9e845d,b41f664b-977a-4e99-8799-41fd6d9e845d,b41f664b-977a-4e99-8799-41fd6d9e845d,c1e11e45-d623-4d7e-b523-276232ecb843,Amphibolurus muricatus,0.99,AWC 135,Blank,blank,amphibolurus muricatus
c6c570f3-7477-42c5-ab87-44a8b8e03bfe,sequenceID:2c83d1de-1aa7-46a6-acd8-2450e0d3a879,2c83d1de-1aa7-46a6-acd8-2450e0d3a879,2c83d1de-1aa7-46a6-acd8-2450e0d3a879,c1e11e45-d623-4d7e-b523-276232ecb843,Amphibolurus muricatus,1.0,AWC 135,Blank,blank,amphibolurus muricatus
b5707032-a9e9-47b5-8745-8dec3fe0059f,sequenceID:e07321d0-5d93-4036-b8f9-0faa553425a5,e07321d0-5d93-4036-b8f9-0faa553425a5,e07321d0-5d93-4036-b8f9-0faa553425a5,c1e11e45-d623-4d7e-b523-276232ecb843,Amphibolurus muricatus,1.0,AWC 135,Blank,blank,amphibolurus muricatus
161adcaf-be0c-41ab-9ed4-fb73fecf4ccc,sequenceID:120675ca-eab6-448a-9507-4ab5925fe812,120675ca-eab6-448a-9507-4ab5925fe812,120675ca-eab6-448a-9507-4ab5925fe812,c1e11e45-d623-4d7e-b523-276232ecb843,Amphibolurus muricatus,0.98,AWC 135,Blank,blank,amphibolurus muricatus
67c7f6fc-04cb-4dc1-bb4e-5a43e4652334,sequenceID:a1ee5063-8aaf-4700-bd96-efe306e32886,a1ee5063-8aaf-4700-bd96-efe306e32886,a1ee5063-8aaf-4700-bd96-efe306e32886,c1e11e45-d623-4d7e-b523-276232ecb843,Amphibolurus muricatus,1.0,AWC 135,Blank,blank,amphibolurus muricatus
caa0c331-a94a-44e4-ae3f-69ef1ab88ba3,sequenceID:3c8c9eae-8886-4b72-8920-975048f3b957,3c8c9eae-8886-4b72-8920-975048f3b957,3c8c9eae-8886-4b72-8920-975048f3b957,c1e11e45-d623-4d7e-b523-276232ecb843,Amphibolurus muricatus,0.98,AWC 135,Blank,blank,amphibolurus muricatus
47127002-15fd-4994-af6d-b1fdfebeb046,sequenceID:f91a8d36-b9e8-41c8-8fab-702f40df1ed6,f91a8d36-b9e8-41c8-8fab-702f40df1ed6,f91a8d36-b9e8-41c8-8fab-702f40df1ed6,c1e11e45-d623-4d7e-b523-276232ecb843,Amphibolurus muricatus,0.98,AWC 135,Blank,blank,amphibolurus muricatus
f2db1072-e821-4af5-9294-0380289c4310,sequenceID:b796e5c5-b855-4109-93ad-e13ec67ab89b,b796e5c5-b855-4109-93ad-e13ec67ab89b,b796e5c5-b855-4109-93ad-e13ec67ab89b,c1e11e45-d623-4d7e-b523-276232ecb843,,0.5,AWC 135,Blank,blank,nan
fa3e574b-656b-4ba0-b5d1-65ec1586b09a,sequenceID:30cc72eb-2d58-4161-8ddb-13c4044d6203,30cc72eb-2d58-4161-8ddb-13c4044d6203,30cc72eb-2d58-4161-8ddb-13c4044d6203,c1e11e45-d623-4d7e-b523-276232ecb843,,0.5,AWC 135,Blank,blank,nan
79680055-1dfe-45c5-9e05-46e6b20dfcf1,sequenceID:ed16cd17-25f7-4566-94b3-b7aed1b67d8b,ed16cd17-25f7-4566-94b3-b7aed1b67d8b,ed16cd17-25f7-4566-94b3-b7aed1b67d8b,c1e11e45-d623-4d7e-b523-276232ecb843,Amphibolurus muricatus,0.99,AWC 135,Blank,blank,amphibolurus muricatus
78745947-e65d-4a1e-ade4-0e7379c829c6,sequenceID:93c535c6-0d04-45b2-bf03-5d0fbb49d024,93c535c6-0d04-45b2-bf03-5d0fbb49d024,93c535c6-0d04-45b2-bf03-5d0fbb49d024,c1e11e45-d623-4d7e-b523-276232ecb843,Amphibolurus muricatus,0.99,AWC 135,Blank,blank,amphibolurus muricatus
22ec7d44-dbaf-47b1-8d8e-5cd49b2e877c,sequenceID:f9b0709f-420c-4e6b-96d7-8ae55859ecf8,f9b0709f-420c-4e6b-96d7-8ae55859ecf8,f9b0709f-420c-4e6b-96d7-8ae55859ecf8,c1e11e45-d623-4d7e-b523-276232ecb843,Amphibolurus muricatus,0.99,AWC 135,Blank,blank,amphibolurus muricatus
bf28e45b-c051-485d-823e-bdf27ba89b28,sequenceID:bbb48a78-d38f-4482-ad78-35b6c1520143,bbb48a78-d38f-4482-ad78-35b6c1520143,bbb48a78-d38f-4482-ad78-35b6c1520143,c1e11e45-d623-4d7e-b523-276232ecb843,Amphibolurus muricatus,1.0,AWC 135,Blank,blank,amphibolurus muricatus
4f49205a-ea2d-408f-9008-eeef7eb0078a,sequenceID:7bd74c86-16c4-466c-bb65-6da4b32346c9,7bd74c86-16c4-466c-bb65-6da4b32346c9,7bd74c86-16c4-466c-bb65-6da4b32346c9,c1e11e45-d623-4d7e-b523-276232ecb843,Bos taurus,0.79,AWC 135,Blank,blank,bos taurus
4f49205a-ea2d-408f-9008-eeef7eb0078a,sequenceID:7bd74c86-16c4-466c-bb65-6da4b32346c9,7bd74c86-16c4-466c-bb65-6da4b32346c9,7bd74c86-16c4-466c-bb65-6da4b32346c9,c1e11e45-d623-4d7e-b523-276232ecb843,Amphibolurus muricatus,1.0,AWC 135,Blank,blank,amphibolurus muricatus
888059fc-007a-4626-a356-5739b146ea2f,sequenceID:8630eb00-63a3-4caf-ac67-f9e3b64bc8d0,8630eb00-63a3-4caf-ac67-f9e3b64bc8d0,8630eb00-63a3-4caf-ac67-f9e3b64bc8d0,c1e11e45-d623-4d7e-b523-276232ecb843,Amphibolurus muricatus,0.99,AWC 135,Blank,blank,amphibolurus muricatus
a3eb74dd-da7a-46eb-96b2-452d4b6bbd76,sequenceID:0d6af1a7-f7fc-4fed-8954-81d8b7f1c92b,0d6af1a7-f7fc-4fed-8954-81d8b7f1c92b,0d6af1a7-f7fc-4fed-8954-81d8b7f1c92b,c1e11e45-d623-4d7e-b523-276232ecb843,Amphibolurus muricatus,0.99,AWC 135,Blank,blank,amphibolurus muricatus
3c998d55-2046-4648-84f5-95e9a1f56c9e,sequenceID:3dd715a8-3742-4d00-95bc-8cf6c3da1d81,3dd715a8-3742-4d00-95bc-8cf6c3da1d81,3dd715a8-3742-4d00-95bc-8cf6c3da1d81,c1e11e45-d623-4d7e-b523-276232ecb843,Bos taurus,0.84,AWC 135,Blank,blank,bos taurus
e4006bba-46ec-44e1-8890-6b3ed23c8f67,sequenceID:78ffeeef-838d-4f5c-9231-bbf12e85602f,78ffeeef-838d-4f5c-9231-bbf12e85602f,78ffeeef-838d-4f5c-9231-bbf12e85602f,c1e11e45-d623-4d7e-b523-276232ecb843,Amphibolurus muricatus,1.0,AWC 135,Blank,blank,amphibolurus muricatus
cd3beb2b-a0fc-4cc1-bed4-60a6a07793e6,sequenceID:d9f62edd-1760-4e33-aacf-72054f951949,d9f62edd-1760-4e33-aacf-72054f951949,d9f62edd-1760-4e33-aacf-72054f951949,c1e11e45-d623-4d7e-b523-276232ecb843,Bos taurus,0.75,AWC 135,Blank,blank,bos taurus
cd3beb2b-a0fc-4cc1-bed4-60a6a07793e6,sequenceID:d9f62edd-1760-4e33-aacf-72054f951949,d9f62edd-1760-4e33-aacf-72054f951949,d9f62edd-1760-4e33-aacf-72054f951949,c1e11e45-d623-4d7e-b523-276232ecb843,Amphibolurus muricatus,0.99,AWC 135,Blank,blank,amphibolurus muricatus
59f96fec-6259-4cca-9b4c-c3cea5a3e239,sequenceID:81a00f78-550e-4601-a2b1-8f56c6209a2f,81a00f78-550e-4601-a2b1-8f56c6209a2f,81a00f78-550e-4601-a2b1-8f56c6209a2f,c1e11e45-d623-4d7e-b523-276232ecb843,Amphibolurus muricatus,0.99,AWC 135,Blank,blank,amphibolurus muricatus
4b7d8fcc-dec0-4bd0-8647-c003ffeddb77,sequenceID:80e0d2a7-e8ff-43cc-95e3-55b29c5e1d2b,80e0d2a7-e8ff-43cc-95e3-55b29c5e1d2b,80e0d2a7-e8ff-43cc-95e3-55b29c5e1d2b,c1e11e45-d623-4d7e-b523-276232ecb843,,0.0,,Blank,blank,nan
b6320c89-6078-4268-9315-b626588f0dea,sequenceID:0476a27d-7e6f-4c8b-bcf7-f4866e8d7a94,0476a27d-7e6f-4c8b-bcf7-f4866e8d7a94,0476a27d-7e6f-4c8b-bcf7-f4866e8d7a94,c1e11e45-d623-4d7e-b523-276232ecb843,,0.5,AWC 135,Blank,blank,nan
d5c2f8b7-ee47-44b1-9d0f-459d751c3d12,sequenceID:3484d189-4b84-409d-b810-b025f944fd8a,3484d189-4b84-409d-b810-b025f944fd8a,3484d189-4b84-409d-b810-b025f944fd8a,c1e11e45-d623-4d7e-b523-276232ecb843,Bos taurus,0.91,AWC 135,Blank,blank,bos taurus
7f8e63b6-15a7-46be-a082-8410c993df21,sequenceID:eaad5131-3fbd-443f-be62-ae1ec6491acd,eaad5131-3fbd-443f-be62-ae1ec6491acd,eaad5131-3fbd-443f-be62-ae1ec6491acd,c1e11e45-d623-4d7e-b523-276232ecb843,Aves,0.88,AWC 135,Blank,blank,aves
2e4c14a7-0661-43d7-9d35-710eb6c59aba,sequenceID:7288892b-40bb-437c-8f52-632d2db91690,7288892b-40bb-437c-8f52-632d2db91690,7288892b-40bb-437c-8f52-632d2db91690,c1e11e45-d623-4d7e-b523-276232ecb843,,0.5,AWC 135,Blank,blank,nan
466230e5-c4f3-4fbb-a7fc-0c08dbbd8456,sequenceID:9d50e2a7-ee7c-4f49-a641-0dec6010327a,9d50e2a7-ee7c-4f49-a641-0dec6010327a,9d50e2a7-ee7c-4f49-a641-0dec6010327a,c1e11e45-d623-4d7e-b523-276232ecb843,,0.0,,Blank,blank,nan
7f28dda4-2d27-4eea-afcc-887b3c039c9f,sequenceID:fbc7619f-92e9-4148-ac63-cecf469e3b4d,fbc7619f-92e9-4148-ac63-cecf469e3b4d,fbc7619f-92e9-4148-ac63-cecf469e3b4d,c1e11e45-d623-4d7e-b523-276232ecb843,,0.5,AWC 135,Blank,blank,nan
31de9e6c-2f83-4822-bdff-e69fd80a8d9b,sequenceID:dca13228-8e83-415f-8eaa-07a2b6181555,dca13228-8e83-415f-8eaa-07a2b6181555,dca13228-8e83-415f-8eaa-07a2b6181555,c1e11e45-d623-4d7e-b523-276232ecb843,,0.0,,Blank,blank,nan
4b86565f-0024-4db7-ab39-c51fbb69e111,sequenceID:f3050e08-82f6-461d-a5a7-d454904e56c3,f3050e08-82f6-461d-a5a7-d454904e56c3,f3050e08-82f6-461d-a5a7-d454904e56c3,c1e11e45-d623-4d7e-b523-276232ecb843,,0.5,AWC 135,Blank,blank,nan
a24fd274-9c94-4ab5-bcee-16e88e7a7b33,sequenceID:67573721-cadb-499a-9829-5340470c591d,67573721-cadb-499a-9829-5340470c591d,67573721-cadb-499a-9829-5340470c591d,c1e11e45-d623-4d7e-b523-276232ecb843,,0.0,,Blank,blank,nan
f71bdb33-6cd7-43b2-b53c-6bd723790241,sequenceID:08cafc05-eb46-4118-8494-a0148d936cdf,08cafc05-eb46-4118-8494-a0148d936cdf,08cafc05-eb46-4118-8494-a0148d936cdf,c1e11e45-d623-4d7e-b523-276232ecb843,,0.5,AWC 135,Blank,blank,nan
4135be47-0994-4a68-a214-fd48cc2def54,sequenceID:72abf51b-97dc-4b8c-9a83-c309559b7a9d,72abf51b-97dc-4b8c-9a83-c309559b7a9d,72abf51b-97dc-4b8c-9a83-c309559b7a9d,c1e11e45-d623-4d7e-b523-276232ecb843,,0.0,,Blank,blank,nan
f91056f4-13fe-4adb-b3a7-e4e787dbc311,sequenceID:99ea55d7-2b8b-490e-acad-c54d7fceb2df,99ea55d7-2b8b-490e-acad-c54d7fceb2df,99ea55d7-2b8b-490e-acad-c54d7fceb2df,c1e11e45-d623-4d7e-b523-276232ecb843,,0.5,AWC 135,Blank,blank,nan
81ec7b03-3314-47b4-9403-2298abd06f0c,sequenceID:0d9e4736-f139-468a-9e26-ad1517d42ac5,0d9e4736-f139-468a-9e26-ad1517d42ac5,0d9e4736-f139-468a-9e26-ad1517d42ac5,c1e11e45-d623-4d7e-b523-276232ecb843,,0.5,AWC 135,Blank,blank,nan
d674ad09-025d-4aec-936e-82625f65d1cb,sequenceID:ede0f8a9-249a-4067-9758-35b9ab23f2e8,ede0f8a9-249a-4067-9758-35b9ab23f2e8,ede0f8a9-249a-4067-9758-35b9ab23f2e8,c1e11e45-d623-4d7e-b523-276232ecb843,,0.0,,Blank,blank,nan
f4c8e44b-5963-46a5-b2de-3bdd41f2f4aa,sequenceID:823d1b4c-f0ad-4d2c-a757-fc852a817d20,823d1b4c-f0ad-4d2c-a757-fc852a817d20,823d1b4c-f0ad-4d2c-a757-fc852a817d20,c1e11e45-d623-4d7e-b523-276232ecb843,,0.5,AWC 135,Blank,blank,nan
afbacf5d-74b2-4863-aef8-557c1d214a4f,sequenceID:b2fc8ddc-0c02-429f-a93d-d5708d0a3790,b2fc8ddc-0c02-429f-a93d-d5708d0a3790,b2fc8ddc-0c02-429f-a93d-d5708d0a3790,c1e11e45-d623-4d7e-b523-276232ecb843,,0.5,AWC 135,Blank,blank,nan
18c64d8d-3cd2-4d1c-8f83-56b7c1b47628,sequenceID:6c146c32-35d2-432e-bff2-91f884b0e07f,6c146c32-35d2-432e-bff2-91f884b0e07f,6c146c32-35d2-432e-bff2-91f884b0e07f,c1e11e45-d623-4d7e-b523-276232ecb843,,0.0,,Blank,blank,nan
3c4332fb-b065-4615-a3ab-d67bbf148d5b,sequenceID:2f285c7c-360e-4c51-94be-74157fddb440,2f285c7c-360e-4c51-94be-74157fddb440,2f285c7c-360e-4c51-94be-74157fddb440,c1e11e45-d623-4d7e-b523-276232ecb843,,0.5,AWC 135,Blank,blank,nan
7cc597d1-4422-4f22-9e3c-5c7455c561d2,sequenceID:64d6d5ed-8c5e-4ae7-9502-5a5d73714520,64d6d5ed-8c5e-4ae7-9502-5a5d73714520,64d6d5ed-8c5e-4ae7-9502-5a5d73714520,c1e11e45-d623-4d7e-b523-276232ecb843,,0.0,,Blank,blank,nan
f7d395b1-5398-4246-811d-c4eebbba8417,sequenceID:e3b9e347-84ef-4f92-8edc-b6156eb405bb,e3b9e347-84ef-4f92-8edc-b6156eb405bb,e3b9e347-84ef-4f92-8edc-b6156eb405bb,c1e11e45-d623-4d7e-b523-276232ecb843,Canis familiaris,0.89,AWC 135,Blank,blank,canis familiaris
8b1fa6e8-2d9c-4303-ba16-c49faf415b3a,sequenceID:9e0b0d1f-c4a2-4632-a02e-fb098842de5c,9e0b0d1f-c4a2-4632-a02e-fb098842de5c,9e0b0d1f-c4a2-4632-a02e-fb098842de5c,c1e11e45-d623-4d7e-b523-276232ecb843,,0.5,AWC 135,Blank,blank,nan
dc2b0dde-bbcd-48aa-8744-7184ee0d27df,sequenceID:1d372fed-a611-4f9d-aa01-f1e66dd9c1b3,1d372fed-a611-4f9d-aa01-f1e66dd9c1b3,1d372fed-a611-4f9d-aa01-f1e66dd9c1b3,c1e11e45-d623-4d7e-b523-276232ecb843,,0.5,AWC 135,Blank,blank,nan
e3fa8f7c-d5ca-4491-9cec-10221a7b2ce2,sequenceID:9c0c4633-b36e-4403-90ed-ce43bcd4415f,9c0c4633-b36e-4403-90ed-ce43bcd4415f,9c0c4633-b36e-4403-90ed-ce43bcd4415f,c1e11e45-d623-4d7e-b523-276232ecb843,,0.0,,Blank,blank,nan
157d448f-b25f-4a57-a085-e45d1c14889c,sequenceID:31e876fa-b2c8-4b41-b6df-c43e911c2e85,31e876fa-b2c8-4b41-b6df-c43e911c2e85,31e876fa-b2c8-4b41-b6df-c43e911c2e85,c1e11e45-d623-4d7e-b523-276232ecb843,,0.5,AWC 135,Blank,blank,nan
1af986c4-bb6b-458c-a5ff-17e9e3d0426e,sequenceID:c327a25e-adfd-40e1-a4c0-656816aec6d8,c327a25e-adfd-40e1-a4c0-656816aec6d8,c327a25e-adfd-40e1-a4c0-656816aec6d8,c1e11e45-d623-4d7e-b523-276232ecb843,,0.5,AWC 135,Blank,blank,nan
70b7261a-ca1d-4eb4-871b-64ae71e46951,sequenceID:95fd2916-8e37-470a-9caa-0ae0b13c6e8f,95fd2916-8e37-470a-9caa-0ae0b13c6e8f,95fd2916-8e37-470a-9caa-0ae0b13c6e8f,c1e11e45-d623-4d7e-b523-276232ecb843,,0.5,AWC 135,Blank,blank,nan
d7d4ae98-aefe-44a8-8b53-67e98cbddab5,sequenceID:07000182-298d-4870-a097-9d37758744ee,07000182-298d-4870-a097-9d37758744ee,07000182-298d-4870-a097-9d37758744ee,c1e11e45-d623-4d7e-b523-276232ecb843,,0.5,AWC 135,Blank,blank,nan
42a2cadd-b39d-43ce-8bed-dc7a08cd0031,sequenceID:8e464bb1-bf14-4d75-bebc-a2ccfd020ebd,8e464bb1-bf14-4d75-bebc-a2ccfd020ebd,8e464bb1-bf14-4d75-bebc-a2ccfd020ebd,c1e11e45-d623-4d7e-b523-276232ecb843,,0.5,AWC 135,Blank,blank,nan
52a9e2af-4c91-453b-8e77-7e017be918df,sequenceID:3bb161f5-3c0d-4c8b-bd5e-6b70c0f3df7e,3bb161f5-3c0d-4c8b-bd5e-6b70c0f3df7e,3bb161f5-3c0d-4c8b-bd5e-6b70c0f3df7e,c1e11e45-d623-4d7e-b523-276232ecb843,,0.5,AWC 135,Blank,blank,nan
4b607cd9-250a-48c4-bede-aa5da6086b1e,sequenceID:b1b40de9-3fb8-4444-a271-16ab7de205e5,b1b40de9-3fb8-4444-a271-16ab7de205e5,b1b40de9-3fb8-4444-a271-16ab7de205e5,c1e11e45-d623-4d7e-b523-276232ecb843,,0.5,AWC 135,Blank,blank,nan
65d5018c-fb97-48c7-a450-eed9a20f92d1,sequenceID:cb486597-1daa-4396-9494-6cc87926e395,cb486597-1daa-4396-9494-6cc87926e395,cb486597-1daa-4396-9494-6cc87926e395,c1e11e45-d623-4d7e-b523-276232ecb843,,0.5,AWC 135,Blank,blank,nan
a2ef465c-4c0a-4849-9575-0f06a92a6cf9,sequenceID:5e3e760c-b710-444b-a287-2b760fce6863,5e3e760c-b710-444b-a287-2b760fce6863,5e3e760c-b710-444b-a287-2b760fce6863,c1e11e45-d623-4d7e-b523-276232ecb843,,0.5,AWC 135,Blank,blank,nan
711aa34a-fd61-49e4-a813-b6dc7a701ac7,sequenceID:da161995-750a-4cbd-b6ed-95e8b40965c0,da161995-750a-4cbd-b6ed-95e8b40965c0,da161995-750a-4cbd-b6ed-95e8b40965c0,c1e11e45-d623-4d7e-b523-276232ecb843,,0.5,AWC 135,Blank,blank,nan
e00c9c01-d362-487b-86cc-ae8abe19223c,sequenceID:5ba75f9e-71f9-4921-bc4f-3eaecea628d6,5ba75f9e-71f9-4921-bc4f-3eaecea628d6,5ba75f9e-71f9-4921-bc4f-3eaecea628d6,c1e11e45-d623-4d7e-b523-276232ecb843,,0.5,AWC 135,Blank,blank,nan
dc1f0e58-b33c-4dba-8afe-cefc73f55d8e,sequenceID:2622fc62-c091-45d7-958c-09865a814e90,2622fc62-c091-45d7-958c-09865a814e90,2622fc62-c091-45d7-958c-09865a814e90,c1e11e45-d623-4d7e-b523-276232ecb843,,0.5,AWC 135,Blank,blank,nan
d59419f7-c72e-49e6-9f55-38aed54d8425,sequenceID:a0daa8c0-35b4-4dc0-b5dc-a00a701fa429,a0daa8c0-35b4-4dc0-b5dc-a00a701fa429,a0daa8c0-35b4-4dc0-b5dc-a00a701fa429,c1e11e45-d623-4d7e-b523-276232ecb843,,0.5,AWC 135,Blank,blank,nan
16d96ad6-8bf0-4625-b9d7-b4f2133f8b4e,sequenceID:062d6f7a-74b2-472d-81f7-5f648fef4c93,062d6f7a-74b2-472d-81f7-5f648fef4c93,062d6f7a-74b2-472d-81f7-5f648fef4c93,c1e11e45-d623-4d7e-b523-276232ecb843,,0.5,AWC 135,Blank,blank,nan
8a33d8e5-abe6-45e6-9584-a2b051b826e0,sequenceID:718793f0-d2e5-456b-84d8-2cbe45e88e74,718793f0-d2e5-456b-84d8-2cbe45e88e74,718793f0-d2e5-456b-84d8-2cbe45e88e74,c1e11e45-d623-4d7e-b523-276232ecb843,,0.5,AWC 135,Blank,blank,nan
b0469312-0e85-4f1f-9371-0aa711ac4bbf,sequenceID:b79e7430-1701-474e-aed0-2c896a01fd18,b79e7430-1701-474e-aed0-2c896a01fd18,b79e7430-1701-474e-aed0-2c896a01fd18,c1e11e45-d623-4d7e-b523-276232ecb843,,0.5,AWC 135,Blank,blank,nan
d3851451-7c86-4677-b64f-d3b3f1c2a94a,sequenceID:a9de18ce-3533-42ee-9359-77c6e33464b2,a9de18ce-3533-42ee-9359-77c6e33464b2,a9de18ce-3533-42ee-9359-77c6e33464b2,c1e11e45-d623-4d7e-b523-276232ecb843,,0.5,AWC 135,Blank,blank,nan
362fd330-a895-4874-8f91-4f7f5c452d80,sequenceID:112da22f-e816-47d8-949d-674897fc121b,112da22f-e816-47d8-949d-674897fc121b,112da22f-e816-47d8-949d-674897fc121b,c1e11e45-d623-4d7e-b523-276232ecb843,,0.5,AWC 135,Blank,blank,nan
667be54a-3ee4-44a4-8ae1-684b4f4d0454,sequenceID:9c075037-c2b4-47ba-8f3f-772ff84eb3f5,9c075037-c2b4-47ba-8f3f-772ff84eb3f5,9c075037-c2b4-47ba-8f3f-772ff84eb3f5,c1e11e45-d623-4d7e-b523-276232ecb843,,0.5,AWC 135,Blank,blank,nan
b95b9959-6d5e-4f9d-9072-71214a31fea8,sequenceID:d16739de-d389-46f1-9877-6404f5a02e82,d16739de-d389-46f1-9877-6404f5a02e82,d16739de-d389-46f1-9877-6404f5a02e82,c1e11e45-d623-4d7e-b523-276232ecb843,,0.5,AWC 135,Blank,blank,nan
09587766-8af6-40cf-8555-130119f72960,sequenceID:83553e5d-a847-44a4-8c9a-dde373a514a7,83553e5d-a847-44a4-8c9a-dde373a514a7,83553e5d-a847-44a4-8c9a-dde373a514a7,c1e11e45-d623-4d7e-b523-276232ecb843,,0.0,,Blank,blank,nan
2b96b4e4-9741-4b69-aa07-ecc102541c5e,sequenceID:b1e56b7a-1bc4-4597-b6c0-c24c5725a209,b1e56b7a-1bc4-4597-b6c0-c24c5725a209,b1e56b7a-1bc4-4597-b6c0-c24c5725a209,c1e11e45-d623-4d7e-b523-276232ecb843,,0.5,AWC 135,Blank,blank,nan
96d13fdb-27f1-4df8-8682-087ed206095a,sequenceID:06fe66e6-163a-46e7-8485-63ee1e037afe,06fe66e6-163a-46e7-8485-63ee1e037afe,06fe66e6-163a-46e7-8485-63ee1e037afe,c1e11e45-d623-4d7e-b523-276232ecb843,,0.5,AWC 135,Blank,blank,nan
b5ec59b1-0356-4657-b664-ef910ac0fc6d,sequenceID:bb6dc3b2-d17c-45d8-8ccc-48b92a593c9e,bb6dc3b2-d17c-45d8-8ccc-48b92a593c9e,bb6dc3b2-d17c-45d8-8ccc-48b92a593c9e,c1e11e45-d623-4d7e-b523-276232ecb843,,0.5,AWC 135,Blank,blank,nan
aaedc5a9-ca63-4f8b-88a8-689389b421c5,sequenceID:4df0deb4-ea51-4c7d-86ec-905a5f7240f0,4df0deb4-ea51-4c7d-86ec-905a5f7240f0,4df0deb4-ea51-4c7d-86ec-905a5f7240f0,c1e11e45-d623-4d7e-b523-276232ecb843,,0.5,AWC 135,Blank,blank,nan
f1228132-3363-46f0-ae82-4011aee9aeb7,sequenceID:c0b0825a-81fd-4197-ae2f-7169887466e0,c0b0825a-81fd-4197-ae2f-7169887466e0,c0b0825a-81fd-4197-ae2f-7169887466e0,c1e11e45-d623-4d7e-b523-276232ecb843,,0.5,AWC 135,Blank,blank,nan
a09238a6-e36d-4876-b953-95b80c268c64,sequenceID:ad06b9b2-c594-4cff-9fe8-49c1d7ef9538,ad06b9b2-c594-4cff-9fe8-49c1d7ef9538,ad06b9b2-c594-4cff-9fe8-49c1d7ef9538,c1e11e45-d623-4d7e-b523-276232ecb843,,0.5,AWC 135,Blank,blank,nan
9454a156-000a-4be7-9994-f5ba0a4f9073,sequenceID:68bc53e4-dc00-4247-9a7e-3f7ebb4fa646,68bc53e4-dc00-4247-9a7e-3f7ebb4fa646,68bc53e4-dc00-4247-9a7e-3f7ebb4fa646,c1e11e45-d623-4d7e-b523-276232ecb843,,0.0,,Blank,blank,nan
2d326410-b636-41f2-962d-8e4d998f6a1d,sequenceID:dd142157-fac8-4fc3-b9ee-a2067b9d8fa1,dd142157-fac8-4fc3-b9ee-a2067b9d8fa1,dd142157-fac8-4fc3-b9ee-a2067b9d8fa1,c1e11e45-d623-4d7e-b523-276232ecb843,,0.0,,Blank,blank,nan
c657ce2f-cf50-445e-bc53-ac4fb481429c,sequenceID:1cfad918-f0ec-4ce8-9488-466ff0c54fc8,1cfad918-f0ec-4ce8-9488-466ff0c54fc8,1cfad918-f0ec-4ce8-9488-466ff0c54fc8,c1e11e45-d623-4d7e-b523-276232ecb843,,0.5,AWC 135,Blank,blank,nan
42289bcd-5148-4ef4-a963-eb40f4f827b9,sequenceID:97143ba1-b3e8-4331-8c2b-94b19b4c8136,97143ba1-b3e8-4331-8c2b-94b19b4c8136,97143ba1-b3e8-4331-8c2b-94b19b4c8136,c1e11e45-d623-4d7e-b523-276232ecb843,,0.5,AWC 135,Blank,blank,nan
402dda33-ddd3-4f5a-a5d4-2b07bcbba5a1,sequenceID:9c503669-43ce-408a-9ee1-7ee6973c9d90,9c503669-43ce-408a-9ee1-7ee6973c9d90,9c503669-43ce-408a-9ee1-7ee6973c9d90,c1e11e45-d623-4d7e-b523-276232ecb843,,0.5,AWC 135,Blank,blank,nan
012dd4cd-59c3-4480-a794-6a93bb5b297e,sequenceID:73a273c9-07db-4d14-81a4-f9e8385ffd3c,73a273c9-07db-4d14-81a4-f9e8385ffd3c,73a273c9-07db-4d14-81a4-f9e8385ffd3c,c1e11e45-d623-4d7e-b523-276232ecb843,,0.5,AWC 135,Blank,blank,nan
82bbf3a9-d0d4-4584-adb1-025c99507ced,sequenceID:504e7fdb-1ce7-4858-a56d-09f5197e13c0,504e7fdb-1ce7-4858-a56d-09f5197e13c0,504e7fdb-1ce7-4858-a56d-09f5197e13c0,c1e11e45-d623-4d7e-b523-276232ecb843,,0.5,AWC 135,Blank,blank,nan
f925206a-0cf0-4064-a2f1-d834d33203eb,sequenceID:a62e06de-0bd7-4859-a2ca-4618d09da3f1,a62e06de-0bd7-4859-a2ca-4618d09da3f1,a62e06de-0bd7-4859-a2ca-4618d09da3f1,c1e11e45-d623-4d7e-b523-276232ecb843,,0.5,AWC 135,Blank,blank,nan
c40203fc-8024-4e86-ba0e-e06a7799e875,sequenceID:9ef482a6-c01e-418c-83c1-8c5f1f3a8229,9ef482a6-c01e-418c-83c1-8c5f1f3a8229,9ef482a6-c01e-418c-83c1-8c5f1f3a8229,c1e11e45-d623-4d7e-b523-276232ecb843,,0.5,AWC 135,Blank,blank,nan
c0723969-b4c5-48e5-ae92-aa7b9cdcc194,sequenceID:ed0b208b-97ab-470c-b44c-69caf45b9313,ed0b208b-97ab-470c-b44c-69caf45b9313,ed0b208b-97ab-470c-b44c-69caf45b9313,c1e11e45-d623-4d7e-b523-276232ecb843,,0.0,,Blank,blank,nan
a69754b2-1398-4199-b0f7-0729fbbf13fc,sequenceID:57849fcf-cd8c-477e-b69c-33903bdae61b,57849fcf-cd8c-477e-b69c-33903bdae61b,57849fcf-cd8c-477e-b69c-33903bdae61b,c1e11e45-d623-4d7e-b523-276232ecb843,,0.5,AWC 135,Blank,blank,nan
a7266514-41a9-4a14-86ef-95c5dc672544,sequenceID:f7b65e50-a5d0-4e21-a792-7ae786cbd36a,f7b65e50-a5d0-4e21-a792-7ae786cbd36a,f7b65e50-a5d0-4e21-a792-7ae786cbd36a,c1e11e45-d623-4d7e-b523-276232ecb843,,0.0,,Blank,blank,nan
120ffb7d-5dcc-432f-a18d-8047fd097efd,sequenceID:13ba98d1-6815-4bd7-abd6-26eaabb3b363,13ba98d1-6815-4bd7-abd6-26eaabb3b363,13ba98d1-6815-4bd7-abd6-26eaabb3b363,c1e11e45-d623-4d7e-b523-276232ecb843,,0.5,AWC 135,Blank,blank,nan
70c0f2f5-696a-44d9-902b-84a65238f4c5,sequenceID:00815860-9445-4812-ba79-d127791c46f7,00815860-9445-4812-ba79-d127791c46f7,00815860-9445-4812-ba79-d127791c46f7,c1e11e45-d623-4d7e-b523-276232ecb843,,0.5,AWC 135,Blank,blank,nan
9b4da80f-9ad1-4dbc-b101-c5eb6b080efe,sequenceID:c68c449e-34f8-495d-90a6-21a8896b722a,c68c449e-34f8-495d-90a6-21a8896b722a,c68c449e-34f8-495d-90a6-21a8896b722a,c1e11e45-d623-4d7e-b523-276232ecb843,,0.5,AWC 135,Blank,blank,nan
c208c2e2-f56f-4906-b5ab-acc6a7607c23,sequenceID:a472453a-3f9f-401f-82e5-1691b56edc3a,a472453a-3f9f-401f-82e5-1691b56edc3a,a472453a-3f9f-401f-82e5-1691b56edc3a,c1e11e45-d623-4d7e-b523-276232ecb843,,0.5,AWC 135,Blank,blank,nan
aa57496c-5a4f-4ec9-b185-5b88c0889e5c,sequenceID:a0034758-9683-4d98-8570-22f64905df13,a0034758-9683-4d98-8570-22f64905df13,a0034758-9683-4d98-8570-22f64905df13,c1e11e45-d623-4d7e-b523-276232ecb843,,0.5,AWC 135,Blank,blank,nan
249b8967-dec1-4d2e-9852-a463c5e0b598,sequenceID:92cd15b1-58d7-43e0-a1f6-3880b4165e52,92cd15b1-58d7-43e0-a1f6-3880b4165e52,92cd15b1-58d7-43e0-a1f6-3880b4165e52,c1e11e45-d623-4d7e-b523-276232ecb843,,0.5,AWC 135,Blank,blank,nan
08761046-7062-4b94-b12a-1cc6d88a62dc,sequenceID:04277497-9c86-4175-89bc-5e356de57afa,04277497-9c86-4175-89bc-5e356de57afa,04277497-9c86-4175-89bc-5e356de57afa,c1e11e45-d623-4d7e-b523-276232ecb843,,0.5,AWC 135,Blank,blank,nan
a3e023de-c03f-4934-8640-3f426bd628d5,sequenceID:26e05fc8-a413-485e-8141-ed8630b85f4a,26e05fc8-a413-485e-8141-ed8630b85f4a,26e05fc8-a413-485e-8141-ed8630b85f4a,c1e11e45-d623-4d7e-b523-276232ecb843,Amphibolurus muricatus,0.86,AWC 135,Blank,blank,amphibolurus muricatus
b5ffcd50-0dad-42de-8a5f-1201e3a58dc8,sequenceID:1f5a933e-8768-43de-96b5-b75bff319ffa,1f5a933e-8768-43de-96b5-b75bff319ffa,1f5a933e-8768-43de-96b5-b75bff319ffa,c1e11e45-d623-4d7e-b523-276232ecb843,,0.5,AWC 135,Blank,blank,nan
c0c6e4e9-29fd-473a-987a-ec88b59ccb2a,sequenceID:ca5fec28-d670-44fc-aac6-10c936995a1d,ca5fec28-d670-44fc-aac6-10c936995a1d,ca5fec28-d670-44fc-aac6-10c936995a1d,c1e11e45-d623-4d7e-b523-276232ecb843,,0.5,AWC 135,Blank,blank,nan
608b10e3-93e4-447c-ae2d-20e498472d76,sequenceID:477b73ca-cbf9-44b9-9934-1c75a2f276a9,477b73ca-cbf9-44b9-9934-1c75a2f276a9,477b73ca-cbf9-44b9-9934-1c75a2f276a9,c1e11e45-d623-4d7e-b523-276232ecb843,,0.5,AWC 135,Blank,blank,nan
3683b047-b658-40c6-9c03-7fbb832a3317,sequenceID:22e009a7-6a0a-46d1-8900-bf2bf2bfd285,22e009a7-6a0a-46d1-8900-bf2bf2bfd285,22e009a7-6a0a-46d1-8900-bf2bf2bfd285,c1e11e45-d623-4d7e-b523-276232ecb843,,0.5,AWC 135,Blank,blank,nan
cabac252-a56f-4d6d-9305-874807a7a1c9,sequenceID:87b8a0fe-343d-46cb-8999-dd317fa2b06d,87b8a0fe-343d-46cb-8999-dd317fa2b06d,87b8a0fe-343d-46cb-8999-dd317fa2b06d,c1e11e45-d623-4d7e-b523-276232ecb843,Amphibolurus muricatus,0.65,AWC 135,Blank,blank,amphibolurus muricatus
a98a002e-3a1c-4322-abf8-ebe02244e131,sequenceID:39d62356-7b07-4fe8-a9d2-4d0180580d44,39d62356-7b07-4fe8-a9d2-4d0180580d44,39d62356-7b07-4fe8-a9d2-4d0180580d44,c1e11e45-d623-4d7e-b523-276232ecb843,,0.5,AWC 135,Blank,blank,nan
b0c4f3f2-0af2-4245-b6d3-b3877b793f32,sequenceID:dcdb1f3d-830a-4e93-b13e-ce6f1f6c39f4,dcdb1f3d-830a-4e93-b13e-ce6f1f6c39f4,dcdb1f3d-830a-4e93-b13e-ce6f1f6c39f4,c1e11e45-d623-4d7e-b523-276232ecb843,,0.5,AWC 135,Blank,blank,nan
c72edd8a-3c0b-4f72-8f82-4fbcfcfa34ac,sequenceID:bd2f220f-0f24-4f5e-92c3-84089225a02a,bd2f220f-0f24-4f5e-92c3-84089225a02a,bd2f220f-0f24-4f5e-92c3-84089225a02a,c1e11e45-d623-4d7e-b523-276232ecb843,Amphibolurus muricatus,0.59,AWC 135,Blank,blank,amphibolurus muricatus
102bc879-628e-42fb-8eb6-db77919f6ada,sequenceID:407c532a-75b7-4ddc-bfa8-b3f4083cca72,407c532a-75b7-4ddc-bfa8-b3f4083cca72,407c532a-75b7-4ddc-bfa8-b3f4083cca72,c1e11e45-d623-4d7e-b523-276232ecb843,Amphibolurus muricatus,0.84,AWC 135,Blank,blank,amphibolurus muricatus
16da786c-ab92-4e21-9922-993bdb40eb44,sequenceID:0354c2eb-8a2b-43cc-80df-299e0d8f55f9,0354c2eb-8a2b-43cc-80df-299e0d8f55f9,0354c2eb-8a2b-43cc-80df-299e0d8f55f9,c1e11e45-d623-4d7e-b523-276232ecb843,,0.5,AWC 135,Blank,blank,nan
935429ce-6e13-4cba-ad4b-c5741db89a01,sequenceID:2ecd78c6-1e00-4f16-bc07-14d72ac2101c,2ecd78c6-1e00-4f16-bc07-14d72ac2101c,2ecd78c6-1e00-4f16-bc07-14d72ac2101c,c1e11e45-d623-4d7e-b523-276232ecb843,,0.5,AWC 135,Blank,blank,nan
57d65e6b-7108-4cf1-ba14-8b65ab2fbaa0,sequenceID:aba43f28-adab-413b-b091-b1247dc7c5d7,aba43f28-adab-413b-b091-b1247dc7c5d7,aba43f28-adab-413b-b091-b1247dc7c5d7,c1e11e45-d623-4d7e-b523-276232ecb843,,0.5,AWC 135,Blank,blank,nan
a38f058b-7734-4a4c-ab09-7501b36921fd,sequenceID:b126df3e-5f8f-460b-a29c-b7da6e6debe9,b126df3e-5f8f-460b-a29c-b7da6e6debe9,b126df3e-5f8f-460b-a29c-b7da6e6debe9,c1e11e45-d623-4d7e-b523-276232ecb843,Amphibolurus muricatus,0.63,AWC 135,Blank,blank,amphibolurus muricatus
7c556ef0-fd10-4364-b60d-c9989d7f53ad,sequenceID:34f84b78-0d34-47b9-8a39-dc838e5a3fda,34f84b78-0d34-47b9-8a39-dc838e5a3fda,34f84b78-0d34-47b9-8a39-dc838e5a3fda,c1e11e45-d623-4d7e-b523-276232ecb843,,0.5,AWC 135,Blank,blank,nan
fcdd62a4-bb3f-41f2-892f-dabc222d1ebc,sequenceID:4eef921e-6dfd-4b1f-b9c5-145b1dc4105c,4eef921e-6dfd-4b1f-b9c5-145b1dc4105c,4eef921e-6dfd-4b1f-b9c5-145b1dc4105c,c1e11e45-d623-4d7e-b523-276232ecb843,,0.0,,Blank,blank,nan
f3b55795-9660-4fa0-95ec-de5e8083660d,sequenceID:b82dbad5-2844-4c8e-ac7b-d1b7f2c55d62,b82dbad5-2844-4c8e-ac7b-d1b7f2c55d62,b82dbad5-2844-4c8e-ac7b-d1b7f2c55d62,c1e11e45-d623-4d7e-b523-276232ecb843,,0.5,AWC 135,Blank,blank,nan
6e8cb3de-cf6a-472f-8a00-9434055e5500,sequenceID:0904acd0-9b17-456f-b0b1-ac533532de9d,0904acd0-9b17-456f-b0b1-ac533532de9d,0904acd0-9b17-456f-b0b1-ac533532de9d,c1e11e45-d623-4d7e-b523-276232ecb843,,0.5,AWC 135,Blank,blank,nan
fb527ea9-14ab-4c81-a50e-81f41c1c84fc,sequenceID:7dfd61cb-cd72-4f19-bd19-208bfeaa5b21,7dfd61cb-cd72-4f19-bd19-208bfeaa5b21,7dfd61cb-cd72-4f19-bd19-208bfeaa5b21,c1e11e45-d623-4d7e-b523-276232ecb843,,0.5,AWC 135,Blank,blank,nan
c952c1fb-a6e9-428f-934e-b7837bea9d66,sequenceID:9bbdf630-d90c-4143-934c-432e0d579afd,9bbdf630-d90c-4143-934c-432e0d579afd,9bbdf630-d90c-4143-934c-432e0d579afd,c1e11e45-d623-4d7e-b523-276232ecb843,,0.5,AWC 135,Blank,blank,nan
b24cf31f-8f35-4c68-be39-0f8610e9a870,sequenceID:9cc6c385-3573-417e-b404-4c7e9e519088,9cc6c385-3573-417e-b404-4c7e9e519088,9cc6c385-3573-417e-b404-4c7e9e519088,c1e11e45-d623-4d7e-b523-276232ecb843,,0.5,AWC 135,Blank,blank,nan
7828d87b-c643-4d8e-bd3a-1452d989b9a6,sequenceID:f3a1a39d-8a6d-4c0a-99c4-26e7ca6b8783,f3a1a39d-8a6d-4c0a-99c4-26e7ca6b8783,f3a1a39d-8a6d-4c0a-99c4-26e7ca6b8783,c1e11e45-d623-4d7e-b523-276232ecb843,,0.5,AWC 135,Blank,blank,nan
8cfc4b12-ddcc-4364-aee7-81921234a7d5,sequenceID:6e617dc7-a234-428e-a2ca-250e41ab3f0c,6e617dc7-a234-428e-a2ca-250e41ab3f0c,6e617dc7-a234-428e-a2ca-250e41ab3f0c,c1e11e45-d623-4d7e-b523-276232ecb843,,0.5,AWC 135,Blank,blank,nan
14b660ff-3df8-4c86-a1f3-5b8c5e7a6934,sequenceID:3c5cc346-35d9-4ecb-a970-91e9c4885246,3c5cc346-35d9-4ecb-a970-91e9c4885246,3c5cc346-35d9-4ecb-a970-91e9c4885246,c1e11e45-d623-4d7e-b523-276232ecb843,,0.5,AWC 135,Blank,blank,nan
a66af1cd-1ef7-4fcb-9776-386a830d13d2,sequenceID:a8c04ed7-6a02-4477-9a24-2c0ec6a76fbb,a8c04ed7-6a02-4477-9a24-2c0ec6a76fbb,a8c04ed7-6a02-4477-9a24-2c0ec6a76fbb,c1e11e45-d623-4d7e-b523-276232ecb843,,0.5,AWC 135,Blank,blank,nan
c3c40a63-630a-4c38-a88a-dfabdf442930,sequenceID:b11f5eac-e933-418c-bde0-21cadae8a1d8,b11f5eac-e933-418c-bde0-21cadae8a1d8,b11f5eac-e933-418c-bde0-21cadae8a1d8,c1e11e45-d623-4d7e-b523-276232ecb843,,0.5,AWC 135,Blank,blank,nan
2eaffdb4-00ef-459b-b173-4f70c47eaf1e,sequenceID:baf649a5-2f20-4447-8512-e89335161241,baf649a5-2f20-4447-8512-e89335161241,baf649a5-2f20-4447-8512-e89335161241,c1e11e45-d623-4d7e-b523-276232ecb843,Amphibolurus muricatus,0.56,AWC 135,Blank,blank,amphibolurus muricatus
d888da97-9682-4089-a11c-aaf8f3609064,sequenceID:2741acfa-1081-4303-ac47-6085afac2d85,2741acfa-1081-4303-ac47-6085afac2d85,2741acfa-1081-4303-ac47-6085afac2d85,c1e11e45-d623-4d7e-b523-276232ecb843,,0.5,AWC 135,Blank,blank,nan
9ceb24ac-54da-489c-93f7-167c1fc7ed07,sequenceID:69ef3d15-e7d3-4bf3-a87b-721f3e6bd3ee,69ef3d15-e7d3-4bf3-a87b-721f3e6bd3ee,69ef3d15-e7d3-4bf3-a87b-721f3e6bd3ee,c1e11e45-d623-4d7e-b523-276232ecb843,,0.0,,Blank,blank,nan
ff091f06-2cf3-4512-9929-bb37b33a756c,sequenceID:f788f6f8-c47b-4680-8d73-71fd791b877f,f788f6f8-c47b-4680-8d73-71fd791b877f,f788f6f8-c47b-4680-8d73-71fd791b877f,c1e11e45-d623-4d7e-b523-276232ecb843,,0.5,AWC 135,Blank,blank,nan
9d238d59-bc5f-45f2-86ae-302333c1cbb9,sequenceID:a8e2ffb9-cda6-4698-ab69-43976377c384,a8e2ffb9-cda6-4698-ab69-43976377c384,a8e2ffb9-cda6-4698-ab69-43976377c384,c1e11e45-d623-4d7e-b523-276232ecb843,,0.5,AWC 135,Blank,blank,nan
098cb4dd-7785-4554-b3bb-981ab1a686f1,sequenceID:0443f908-6fd9-46dd-907a-1cac07814f27,0443f908-6fd9-46dd-907a-1cac07814f27,0443f908-6fd9-46dd-907a-1cac07814f27,c1e11e45-d623-4d7e-b523-276232ecb843,,0.5,AWC 135,Blank,blank,nan
6120ea0d-4018-4bb0-a1da-3d8a4014cfc3,sequenceID:167d78ba-00a3-4f9e-b5db-e2be91cb7df1,167d78ba-00a3-4f9e-b5db-e2be91cb7df1,167d78ba-00a3-4f9e-b5db-e2be91cb7df1,c1e11e45-d623-4d7e-b523-276232ecb843,,0.0,,Blank,blank,nan
9ee8a680-f10b-4e43-9099-20f236d43a69,sequenceID:ec9cec64-59b1-4c67-be7a-a2074ba0ecdc,ec9cec64-59b1-4c67-be7a-a2074ba0ecdc,ec9cec64-59b1-4c67-be7a-a2074ba0ecdc,c1e11e45-d623-4d7e-b523-276232ecb843,,0.5,AWC 135,Blank,blank,nan
1ea5d43a-5914-4866-9790-9546f078855e,sequenceID:1b4b8e45-3d26-4062-8b72-ca205102123a,1b4b8e45-3d26-4062-8b72-ca205102123a,1b4b8e45-3d26-4062-8b72-ca205102123a,c1e11e45-d623-4d7e-b523-276232ecb843,,0.5,AWC 135,Blank,blank,nan
fe905a59-d22b-4ce8-8987-196c58cee480,sequenceID:f94d453a-1a03-424e-8484-0271711f9f3a,f94d453a-1a03-424e-8484-0271711f9f3a,f94d453a-1a03-424e-8484-0271711f9f3a,c1e11e45-d623-4d7e-b523-276232ecb843,,0.5,AWC 135,Blank,blank,nan
ab9a3b77-7d13-453a-9fa3-54791b849885,sequenceID:ca4aba25-29e1-464b-ab90-fb2dd7abb722,ca4aba25-29e1-464b-ab90-fb2dd7abb722,ca4aba25-29e1-464b-ab90-fb2dd7abb722,c1e11e45-d623-4d7e-b523-276232ecb843,,0.5,AWC 135,Blank,blank,nan
bcdf9283-8a2b-4efe-88f2-091bcd431f66,sequenceID:4e3d335a-8ce5-4513-9111-d065418ab0e3,4e3d335a-8ce5-4513-9111-d065418ab0e3,4e3d335a-8ce5-4513-9111-d065418ab0e3,c1e11e45-d623-4d7e-b523-276232ecb843,,0.5,AWC 135,Blank,blank,nan
dbfea954-90c4-46e7-a3ff-dad725ecea18,sequenceID:24fa6d4d-c3f3-4759-a7e8-bcc55c58d05b,24fa6d4d-c3f3-4759-a7e8-bcc55c58d05b,24fa6d4d-c3f3-4759-a7e8-bcc55c58d05b,c1e11e45-d623-4d7e-b523-276232ecb843,,0.5,AWC 135,Blank,blank,nan
bc95815e-97a5-4fa9-8b46-c0f2081469f6,sequenceID:7af084c7-3bca-4fee-bdd3-b688f61e1e48,7af084c7-3bca-4fee-bdd3-b688f61e1e48,7af084c7-3bca-4fee-bdd3-b688f61e1e48,c1e11e45-d623-4d7e-b523-276232ecb843,,0.5,AWC 135,Blank,blank,nan
3dc90196-60f4-403d-9a2a-a22896ec6e62,sequenceID:ddc07c90-150f-41ea-ae0f-4dca11c9ca0e,ddc07c90-150f-41ea-ae0f-4dca11c9ca0e,ddc07c90-150f-41ea-ae0f-4dca11c9ca0e,c1e11e45-d623-4d7e-b523-276232ecb843,,0.0,,Blank,blank,nan
bb8ca592-cc0e-43f3-a62a-377326670a90,sequenceID:3d80c163-ce14-4068-be73-57f8d77d3c43,3d80c163-ce14-4068-be73-57f8d77d3c43,3d80c163-ce14-4068-be73-57f8d77d3c43,c1e11e45-d623-4d7e-b523-276232ecb843,,0.5,AWC 135,Blank,blank,nan
dedc8f8a-da08-4d77-adc7-22e279d07ee8,sequenceID:b3f87e90-baff-46f8-8ed6-cd7c314e7f68,b3f87e90-baff-46f8-8ed6-cd7c314e7f68,b3f87e90-baff-46f8-8ed6-cd7c314e7f68,c1e11e45-d623-4d7e-b523-276232ecb843,,0.5,AWC 135,Blank,blank,nan
6d61e975-45c9-4ac1-8340-2845a5d24146,sequenceID:d7ae2fa2-e1d4-4153-a55a-b55281183192,d7ae2fa2-e1d4-4153-a55a-b55281183192,d7ae2fa2-e1d4-4153-a55a-b55281183192,c1e11e45-d623-4d7e-b523-276232ecb843,,0.5,AWC 135,Blank,blank,nan
94529000-c45c-4aac-856f-2e9c8ae5164d,sequenceID:8162387d-9e89-4e09-922e-5a9887eb020f,8162387d-9e89-4e09-922e-5a9887eb020f,8162387d-9e89-4e09-922e-5a9887eb020f,c1e11e45-d623-4d7e-b523-276232ecb843,,0.0,,Blank,blank,nan
91ac6b4d-986b-434e-a7d7-9c4dc8f8efc1,sequenceID:437cde37-51bb-4324-9508-d8f4688e3f7e,437cde37-51bb-4324-9508-d8f4688e3f7e,437cde37-51bb-4324-9508-d8f4688e3f7e,c1e11e45-d623-4d7e-b523-276232ecb843,,0.5,AWC 135,Blank,blank,nan
80bab9ae-687d-4d92-9f0a-5feccb7615ff,sequenceID:6dd148cc-cdaf-4b47-b1d0-d26d1218dfd0,6dd148cc-cdaf-4b47-b1d0-d26d1218dfd0,6dd148cc-cdaf-4b47-b1d0-d26d1218dfd0,c1e11e45-d623-4d7e-b523-276232ecb843,,0.5,AWC 135,Blank,blank,nan
b1db2ec3-c29c-46c6-be47-642372b67053,sequenceID:6ed03ba9-ef24-4a4c-b14c-035f903d1de5,6ed03ba9-ef24-4a4c-b14c-035f903d1de5,6ed03ba9-ef24-4a4c-b14c-035f903d1de5,c1e11e45-d623-4d7e-b523-276232ecb843,Aves,0.73,AWC 135,Blank,blank,aves
b1db2ec3-c29c-46c6-be47-642372b67053,sequenceID:6ed03ba9-ef24-4a4c-b14c-035f903d1de5,6ed03ba9-ef24-4a4c-b14c-035f903d1de5,6ed03ba9-ef24-4a4c-b14c-035f903d1de5,c1e11e45-d623-4d7e-b523-276232ecb843,Bos taurus,0.6,AWC 135,Blank,blank,bos taurus
47263e54-b3f9-40d4-aab0-3bc6831ab68a,sequenceID:bc77aeb6-d0c6-48f9-bb28-ba32f1d977d4,bc77aeb6-d0c6-48f9-bb28-ba32f1d977d4,bc77aeb6-d0c6-48f9-bb28-ba32f1d977d4,c1e11e45-d623-4d7e-b523-276232ecb843,Bos taurus,0.86,AWC 135,Blank,blank,bos taurus
8e299d33-f76b-433e-abe8-630adaba2c66,sequenceID:5725b5fc-9d98-462e-a758-4037c76f3f57,5725b5fc-9d98-462e-a758-4037c76f3f57,5725b5fc-9d98-462e-a758-4037c76f3f57,c1e11e45-d623-4d7e-b523-276232ecb843,,0.5,AWC 135,Blank,blank,nan
61278598-6f15-4fa0-be1a-5c8e63aa2c22,sequenceID:8fb669c1-320c-428e-b6e4-7d1aa8fb3bf9,8fb669c1-320c-428e-b6e4-7d1aa8fb3bf9,8fb669c1-320c-428e-b6e4-7d1aa8fb3bf9,c1e11e45-d623-4d7e-b523-276232ecb843,Bos taurus,0.8,AWC 135,Blank,blank,bos taurus
84beabde-4b5a-402f-93b2-923d9542d964,sequenceID:1104cf7b-3baa-4135-8bb0-08b3f12ded83,1104cf7b-3baa-4135-8bb0-08b3f12ded83,1104cf7b-3baa-4135-8bb0-08b3f12ded83,c1e11e45-d623-4d7e-b523-276232ecb843,,0.5,AWC 135,Blank,blank,nan
c7a19d33-8b5d-43c5-89af-451851ad6d55,sequenceID:ebd8684b-56d4-47db-ae41-13816ea16296,ebd8684b-56d4-47db-ae41-13816ea16296,ebd8684b-56d4-47db-ae41-13816ea16296,c1e11e45-d623-4d7e-b523-276232ecb843,,0.0,,Blank,blank,nan
cef42873-b372-41bd-a4a4-2c63f8900f80,sequenceID:140ed903-5fb9-4923-9ace-2bfcef9f0897,140ed903-5fb9-4923-9ace-2bfcef9f0897,140ed903-5fb9-4923-9ace-2bfcef9f0897,c1e11e45-d623-4d7e-b523-276232ecb843,,0.5,AWC 135,Blank,blank,nan
a8d17b70-7f0a-41d5-add2-c09fe6394853,sequenceID:3806c0a6-e0f5-44cb-b832-dbd43fc6e243,3806c0a6-e0f5-44cb-b832-dbd43fc6e243,3806c0a6-e0f5-44cb-b832-dbd43fc6e243,c1e11e45-d623-4d7e-b523-276232ecb843,,0.0,,Blank,blank,nan
bf065f1b-c5c8-4c09-8407-886915338fcb,sequenceID:bc9048c8-a67b-46e1-b900-04b2e3cb997e,bc9048c8-a67b-46e1-b900-04b2e3cb997e,bc9048c8-a67b-46e1-b900-04b2e3cb997e,c1e11e45-d623-4d7e-b523-276232ecb843,Bos taurus,0.97,AWC 135,Blank,blank,bos taurus
a905ed7e-a3d2-43f9-8f13-8c44bafa7547,sequenceID:ec394cc5-a455-48d3-8cb2-a9c8067ac1d0,ec394cc5-a455-48d3-8cb2-a9c8067ac1d0,ec394cc5-a455-48d3-8cb2-a9c8067ac1d0,c1e11e45-d623-4d7e-b523-276232ecb843,,0.0,,Blank,blank,nan
359a867a-2f15-42c2-8a8b-c52b89ab0967,sequenceID:2e5ba447-8fbe-4215-afba-e6e237332907,2e5ba447-8fbe-4215-afba-e6e237332907,2e5ba447-8fbe-4215-afba-e6e237332907,c1e11e45-d623-4d7e-b523-276232ecb843,,0.5,AWC 135,Blank,blank,nan
0d93b687-4370-4dad-83db-d1c017a0b26b,sequenceID:98a9bd99-110f-4aaf-b9b8-33d5f06525f1,98a9bd99-110f-4aaf-b9b8-33d5f06525f1,98a9bd99-110f-4aaf-b9b8-33d5f06525f1,c1e11e45-d623-4d7e-b523-276232ecb843,Crocodylus johnstoni ,0.56,AWC 135,Blank,blank,crocodylus johnstoni
203c4914-3f8a-4471-8cef-3dd0fb2b4035,sequenceID:1087e476-ce4a-4932-bb4b-2223ec7101b1,1087e476-ce4a-4932-bb4b-2223ec7101b1,1087e476-ce4a-4932-bb4b-2223ec7101b1,c1e11e45-d623-4d7e-b523-276232ecb843,Amphibolurus muricatus,0.99,AWC 135,Blank,blank,amphibolurus muricatus
bba45d37-39ca-4070-aa5e-6b2c4b358e48,sequenceID:2203a96f-1b21-4e58-8c0b-ec248573bf2e,2203a96f-1b21-4e58-8c0b-ec248573bf2e,2203a96f-1b21-4e58-8c0b-ec248573bf2e,c1e11e45-d623-4d7e-b523-276232ecb843,,0.5,AWC 135,Blank,blank,nan
6e9d4144-ce3e-406f-9d48-78303e29d41a,sequenceID:45b3369b-1b47-4988-a64d-688e6142bf6a,45b3369b-1b47-4988-a64d-688e6142bf6a,45b3369b-1b47-4988-a64d-688e6142bf6a,c1e11e45-d623-4d7e-b523-276232ecb843,,0.0,,Blank,blank,nan
26145a74-b0f6-44b3-9130-1137671f46b2,sequenceID:2cc73210-83b9-4133-9db4-0615ad77f7cc,2cc73210-83b9-4133-9db4-0615ad77f7cc,2cc73210-83b9-4133-9db4-0615ad77f7cc,c1e11e45-d623-4d7e-b523-276232ecb843,Canis familiaris,0.89,AWC 135,Blank,blank,canis familiaris
44a77d0f-232a-47e2-abb3-9b95e6cfd6a6,sequenceID:abfc1ab3-2b28-4ee0-a10a-2a65b3d22922,abfc1ab3-2b28-4ee0-a10a-2a65b3d22922,abfc1ab3-2b28-4ee0-a10a-2a65b3d22922,c1e11e45-d623-4d7e-b523-276232ecb843,,0.5,AWC 135,Blank,blank,nan
db5c5e5a-9d29-455a-a9ad-fee3bd70dc63,sequenceID:6196f42f-9fd5-47f7-bfef-fc5d9d1395ca,6196f42f-9fd5-47f7-bfef-fc5d9d1395ca,6196f42f-9fd5-47f7-bfef-fc5d9d1395ca,c1e11e45-d623-4d7e-b523-276232ecb843,,0.0,,Blank,blank,nan
4d72e39c-f7a6-4a56-af13-f8787e605083,sequenceID:6c6ce2e2-1f44-4bd3-8d54-bac925dbb4f4,6c6ce2e2-1f44-4bd3-8d54-bac925dbb4f4,6c6ce2e2-1f44-4bd3-8d54-bac925dbb4f4,c1e11e45-d623-4d7e-b523-276232ecb843,,0.0,,Blank,blank,nan
ed831df7-8f6b-4b84-92f7-60d7722ab686,sequenceID:379edf47-1616-43db-a059-0332d7a9fc08,379edf47-1616-43db-a059-0332d7a9fc08,379edf47-1616-43db-a059-0332d7a9fc08,c1e11e45-d623-4d7e-b523-276232ecb843,,0.0,,Blank,blank,nan
aede6d96-e6ee-48cd-bb75-663d149c9571,sequenceID:a5f008eb-5964-4b81-9dc2-ed4ae738c911,a5f008eb-5964-4b81-9dc2-ed4ae738c911,a5f008eb-5964-4b81-9dc2-ed4ae738c911,c1e11e45-d623-4d7e-b523-276232ecb843,,0.0,,Blank,blank,nan
27357cd9-248a-41f8-9555-c7de755673cf,sequenceID:90ed0200-d88c-4fae-ace8-e86f8f912d6a,90ed0200-d88c-4fae-ace8-e86f8f912d6a,90ed0200-d88c-4fae-ace8-e86f8f912d6a,c1e11e45-d623-4d7e-b523-276232ecb843,Capra hircus,0.71,AWC 135,Blank,blank,capra hircus
27357cd9-248a-41f8-9555-c7de755673cf,sequenceID:90ed0200-d88c-4fae-ace8-e86f8f912d6a,90ed0200-d88c-4fae-ace8-e86f8f912d6a,90ed0200-d88c-4fae-ace8-e86f8f912d6a,c1e11e45-d623-4d7e-b523-276232ecb843,Myiopsitta monachus,0.62,AWC 135,Blank,blank,myiopsitta monachus
76b419df-8aca-44c7-bee6-2566688481ec,sequenceID:f3f8fa6c-80b5-4bbd-ba35-2122cffae88f,f3f8fa6c-80b5-4bbd-ba35-2122cffae88f,f3f8fa6c-80b5-4bbd-ba35-2122cffae88f,c1e11e45-d623-4d7e-b523-276232ecb843,geopelia cuneata,0.57,AWC 135,Blank,blank,geopelia cuneata
c2a78508-873a-4044-8594-6b8a72240574,sequenceID:18b9a526-168f-47fc-8f75-984fa521ffb8,18b9a526-168f-47fc-8f75-984fa521ffb8,18b9a526-168f-47fc-8f75-984fa521ffb8,c1e11e45-d623-4d7e-b523-276232ecb843,,0.5,AWC 135,Blank,blank,nan
9a8c0259-eb93-4105-ad17-58c4d5cbf970,sequenceID:fc9ae9a7-6e1b-4846-8d04-9db0dbff97a9,fc9ae9a7-6e1b-4846-8d04-9db0dbff97a9,fc9ae9a7-6e1b-4846-8d04-9db0dbff97a9,c1e11e45-d623-4d7e-b523-276232ecb843,,0.5,AWC 135,Blank,blank,nan
8996ead1-92bd-4c2c-a8bb-44e95574b108,sequenceID:f957cbc8-eeaa-4e73-b5ec-4ca2dd9e077d,f957cbc8-eeaa-4e73-b5ec-4ca2dd9e077d,f957cbc8-eeaa-4e73-b5ec-4ca2dd9e077d,c1e11e45-d623-4d7e-b523-276232ecb843,,0.5,AWC 135,Blank,blank,nan
4cf8f8fe-be7d-4bf0-b756-e35ccb3f2718,sequenceID:9c666a77-9e36-4c29-b6f2-2f17059f30e2,9c666a77-9e36-4c29-b6f2-2f17059f30e2,9c666a77-9e36-4c29-b6f2-2f17059f30e2,c1e11e45-d623-4d7e-b523-276232ecb843,,0.5,AWC 135,Blank,blank,nan
4a9c1ed3-a525-4521-80a2-236dce14a0a5,sequenceID:3d39b33d-8538-4f60-899f-9c4fdb4feb44,3d39b33d-8538-4f60-899f-9c4fdb4feb44,3d39b33d-8538-4f60-899f-9c4fdb4feb44,c1e11e45-d623-4d7e-b523-276232ecb843,,0.0,,Blank,blank,nan
9c64fae6-003a-49aa-aec8-769d37321234,sequenceID:0c520a8f-36e5-4d44-b0fc-0c4bf26c3ec7,0c520a8f-36e5-4d44-b0fc-0c4bf26c3ec7,0c520a8f-36e5-4d44-b0fc-0c4bf26c3ec7,c1e11e45-d623-4d7e-b523-276232ecb843,Amphibolurus muricatus,0.99,AWC 135,Blank,blank,amphibolurus muricatus
21960694-f0f9-4193-a3ea-66607445ecd8,sequenceID:cf2cba1f-186c-4e2f-9a88-099cb7037c51,cf2cba1f-186c-4e2f-9a88-099cb7037c51,cf2cba1f-186c-4e2f-9a88-099cb7037c51,c1e11e45-d623-4d7e-b523-276232ecb843,,0.5,AWC 135,Blank,blank,nan
66d1420a-a6c8-4256-a6e6-39cba4a2854c,sequenceID:63a8f6ce-ba79-4a8a-a034-0d606b0588e6,63a8f6ce-ba79-4a8a-a034-0d606b0588e6,63a8f6ce-ba79-4a8a-a034-0d606b0588e6,c1e11e45-d623-4d7e-b523-276232ecb843,Amphibolurus muricatus,0.99,AWC 135,Blank,blank,amphibolurus muricatus
45f39154-ae0f-45e0-92b9-e6d185d4c237,sequenceID:cbcd4f59-cb76-49da-92e6-ac8771249774,cbcd4f59-cb76-49da-92e6-ac8771249774,cbcd4f59-cb76-49da-92e6-ac8771249774,c1e11e45-d623-4d7e-b523-276232ecb843,,0.0,,Blank,blank,nan
85288dc6-a707-4f6a-8d93-68f1fdd75e33,sequenceID:43b4870e-c58d-40cf-aeb0-911127cf5665,43b4870e-c58d-40cf-aeb0-911127cf5665,43b4870e-c58d-40cf-aeb0-911127cf5665,c1e11e45-d623-4d7e-b523-276232ecb843,,0.5,AWC 135,Blank,blank,nan
68b0f839-f898-44a6-92e3-40fcd2b26390,sequenceID:ec31079d-bfcf-4c4e-bdcd-002701a54de3,ec31079d-bfcf-4c4e-bdcd-002701a54de3,ec31079d-bfcf-4c4e-bdcd-002701a54de3,c1e11e45-d623-4d7e-b523-276232ecb843,,0.5,AWC 135,Blank,blank,nan
802c5113-2345-4402-8877-621e0cc5ea04,sequenceID:5de4fe3d-d697-484b-aaed-b10addc0e8ba,5de4fe3d-d697-484b-aaed-b10addc0e8ba,5de4fe3d-d697-484b-aaed-b10addc0e8ba,c1e11e45-d623-4d7e-b523-276232ecb843,Amphibolurus muricatus,0.99,AWC 135,Blank,blank,amphibolurus muricatus
7ee1d574-805a-4ccc-8243-b8a953eec24b,sequenceID:495ab43b-a795-4af1-b8fd-553ff999f78d,495ab43b-a795-4af1-b8fd-553ff999f78d,495ab43b-a795-4af1-b8fd-553ff999f78d,c1e11e45-d623-4d7e-b523-276232ecb843,,0.5,AWC 135,Blank,blank,nan
b77b20fc-5dac-4a53-99b4-15d70736c5bb,sequenceID:f41b53e6-790c-4719-a9a8-4dd84bdaa826,f41b53e6-790c-4719-a9a8-4dd84bdaa826,f41b53e6-790c-4719-a9a8-4dd84bdaa826,c1e11e45-d623-4d7e-b523-276232ecb843,,0.5,AWC 135,Blank,blank,nan
30be64a2-f0fb-45d0-bac0-c064bcff4051,sequenceID:16d4cf34-ba69-471c-9c8b-d9d627ed8279,16d4cf34-ba69-471c-9c8b-d9d627ed8279,16d4cf34-ba69-471c-9c8b-d9d627ed8279,c1e11e45-d623-4d7e-b523-276232ecb843,,0.5,AWC 135,Blank,blank,nan
aaac7780-54e4-485d-8c64-1d40a2180cd4,sequenceID:05821a9c-f2da-4f5f-a61e-0b78fcc696f3,05821a9c-f2da-4f5f-a61e-0b78fcc696f3,05821a9c-f2da-4f5f-a61e-0b78fcc696f3,c1e11e45-d623-4d7e-b523-276232ecb843,Sus scrofa,0.84,AWC 135,Blank,blank,sus scrofa
3532e32b-cce0-4a65-a236-72dbd6743663,sequenceID:b102bf82-e748-41ee-b6d0-bc9a07195d40,b102bf82-e748-41ee-b6d0-bc9a07195d40,b102bf82-e748-41ee-b6d0-bc9a07195d40,c1e11e45-d623-4d7e-b523-276232ecb843,,0.0,,Blank,blank,nan
f1288245-a249-4a12-a8f4-f3e779db5caf,sequenceID:40ae2499-1d7d-4e6c-80ff-8f2805f1815c,40ae2499-1d7d-4e6c-80ff-8f2805f1815c,40ae2499-1d7d-4e6c-80ff-8f2805f1815c,c1e11e45-d623-4d7e-b523-276232ecb843,Amphibolurus muricatus,0.62,AWC 135,Blank,blank,amphibolurus muricatus
f1288245-a249-4a12-a8f4-f3e779db5caf,sequenceID:40ae2499-1d7d-4e6c-80ff-8f2805f1815c,40ae2499-1d7d-4e6c-80ff-8f2805f1815c,40ae2499-1d7d-4e6c-80ff-8f2805f1815c,c1e11e45-d623-4d7e-b523-276232ecb843,Capra hircus,0.71,AWC 135,Blank,blank,capra hircus
b4b3aed7-6903-47b1-a8c2-2875bd00a946,sequenceID:6a097793-e48d-401e-b8b0-f38dc9067e83,6a097793-e48d-401e-b8b0-f38dc9067e83,6a097793-e48d-401e-b8b0-f38dc9067e83,c1e11e45-d623-4d7e-b523-276232ecb843,,0.5,AWC 135,Blank,blank,nan
b25e335c-e4e5-43ac-9db5-68343a17f6a2,sequenceID:650d7735-701f-4558-9af1-d85df037f6cb,650d7735-701f-4558-9af1-d85df037f6cb,650d7735-701f-4558-9af1-d85df037f6cb,c1e11e45-d623-4d7e-b523-276232ecb843,Sus scrofa,0.98,AWC 135,Blank,blank,sus scrofa
6458952b-3f27-4638-b423-7c2919a95bd9,sequenceID:b3bf2972-783d-4353-934e-e9b2dba59cb8,b3bf2972-783d-4353-934e-e9b2dba59cb8,b3bf2972-783d-4353-934e-e9b2dba59cb8,c1e11e45-d623-4d7e-b523-276232ecb843,,0.5,AWC 135,Blank,blank,nan
8291c379-36ed-4716-bd98-643306978347,sequenceID:74615129-f972-4ca7-b05f-52898bafa2ee,74615129-f972-4ca7-b05f-52898bafa2ee,74615129-f972-4ca7-b05f-52898bafa2ee,c1e11e45-d623-4d7e-b523-276232ecb843,,0.5,AWC 135,Blank,blank,nan
7d73aa48-e907-4edd-9bf9-8a2d13f299f9,sequenceID:bdaf3d0d-27ea-4ad1-87a6-494104c00832,bdaf3d0d-27ea-4ad1-87a6-494104c00832,bdaf3d0d-27ea-4ad1-87a6-494104c00832,c1e11e45-d623-4d7e-b523-276232ecb843,,0.5,AWC 135,Blank,blank,nan
51c84181-7dfa-4bc2-91bf-3f952dc5d1c9,sequenceID:6ea15e77-c9bb-4eef-b957-cb13d7c74a52,6ea15e77-c9bb-4eef-b957-cb13d7c74a52,6ea15e77-c9bb-4eef-b957-cb13d7c74a52,c1e11e45-d623-4d7e-b523-276232ecb843,Bettongia lesueur,0.67,AWC 135,Blank,blank,bettongia lesueur
afd150f1-e4c3-4145-b014-e79e224c9564,sequenceID:d82d5faf-3932-4a27-980c-98d2c5ebf4bc,d82d5faf-3932-4a27-980c-98d2c5ebf4bc,d82d5faf-3932-4a27-980c-98d2c5ebf4bc,c1e11e45-d623-4d7e-b523-276232ecb843,,0.5,AWC 135,Blank,blank,nan
f60f2522-21e5-4b08-9ceb-5061373c715e,sequenceID:bc2e3595-fe66-4ae9-a6d2-5688ca9dec3f,bc2e3595-fe66-4ae9-a6d2-5688ca9dec3f,bc2e3595-fe66-4ae9-a6d2-5688ca9dec3f,c1e11e45-d623-4d7e-b523-276232ecb843,tachyglossus aculeatus,0.76,AWC 135,Blank,blank,tachyglossus aculeatus
7eef7671-e564-4ae2-a98f-b741268cc3a2,sequenceID:8107a18c-3e8b-491b-8e42-7b96a931ca7c,8107a18c-3e8b-491b-8e42-7b96a931ca7c,8107a18c-3e8b-491b-8e42-7b96a931ca7c,c1e11e45-d623-4d7e-b523-276232ecb843,Amphibolurus muricatus,0.56,AWC 135,Blank,blank,amphibolurus muricatus
b244b633-f1a1-4260-91cf-12e6b4290822,sequenceID:fa1f7181-3148-4b97-8cf2-34ef1b327474,fa1f7181-3148-4b97-8cf2-34ef1b327474,fa1f7181-3148-4b97-8cf2-34ef1b327474,c1e11e45-d623-4d7e-b523-276232ecb843,,0.5,AWC 135,Blank,blank,nan
503c75f7-1790-474d-bd34-da41a388e23b,sequenceID:ad570786-829c-494a-85b5-69c0527d0c8e,ad570786-829c-494a-85b5-69c0527d0c8e,ad570786-829c-494a-85b5-69c0527d0c8e,c1e11e45-d623-4d7e-b523-276232ecb843,,0.0,,Blank,blank,nan
2eef3bc5-6623-46a3-81e8-80ab832185c3,sequenceID:19a3bb7a-c920-4383-a9b7-8777db8f2b7e,19a3bb7a-c920-4383-a9b7-8777db8f2b7e,19a3bb7a-c920-4383-a9b7-8777db8f2b7e,c1e11e45-d623-4d7e-b523-276232ecb843,Aves,0.54,AWC 135,Blank,blank,aves
6f6f45e0-49be-427c-8aa2-8f3deaf1df7a,sequenceID:91b9a7a4-808d-4e5d-a0b3-1ab0c583f206,91b9a7a4-808d-4e5d-a0b3-1ab0c583f206,91b9a7a4-808d-4e5d-a0b3-1ab0c583f206,c1e11e45-d623-4d7e-b523-276232ecb843,,0.5,AWC 135,Blank,blank,nan
8c7b6031-eb03-48b7-a2c7-29742082f370,sequenceID:a6af032d-6b6b-4cbe-8149-7aea62ea0bb8,a6af032d-6b6b-4cbe-8149-7aea62ea0bb8,a6af032d-6b6b-4cbe-8149-7aea62ea0bb8,c1e11e45-d623-4d7e-b523-276232ecb843,,0.0,,Blank,blank,nan
e8338b7a-d439-43b5-b652-41983de4a70b,sequenceID:7e71c991-9d76-4302-bb8e-ab7ebc299eb1,7e71c991-9d76-4302-bb8e-ab7ebc299eb1,7e71c991-9d76-4302-bb8e-ab7ebc299eb1,c1e11e45-d623-4d7e-b523-276232ecb843,,0.0,,Blank,blank,nan
b41e948c-6d51-4d7b-a8a1-36b98dbafc3d,sequenceID:68b6a39b-293f-428a-8d38-7ef41f0f6d9b,68b6a39b-293f-428a-8d38-7ef41f0f6d9b,68b6a39b-293f-428a-8d38-7ef41f0f6d9b,c1e11e45-d623-4d7e-b523-276232ecb843,Capra hircus,0.65,AWC 135,Blank,blank,capra hircus
3b98a32e-98f2-4776-8d55-0c88b3637fe5,sequenceID:63f2a0e4-c446-4daa-8335-d827f0fc079a,63f2a0e4-c446-4daa-8335-d827f0fc079a,63f2a0e4-c446-4daa-8335-d827f0fc079a,c1e11e45-d623-4d7e-b523-276232ecb843,Capra hircus,0.98,AWC 135,Blank,blank,capra hircus
dcf42d96-fbd9-46bc-a65c-90d141b59174,sequenceID:7c384691-e3f4-4879-b3e6-f0bd5f408b8a,7c384691-e3f4-4879-b3e6-f0bd5f408b8a,7c384691-e3f4-4879-b3e6-f0bd5f408b8a,c1e11e45-d623-4d7e-b523-276232ecb843,Capra hircus,0.75,AWC 135,Blank,blank,capra hircus
35a8dfca-aa45-4d25-aefa-48798c999753,sequenceID:ad5784bf-cd0f-4a79-8df5-d8d49e52def4,ad5784bf-cd0f-4a79-8df5-d8d49e52def4,ad5784bf-cd0f-4a79-8df5-d8d49e52def4,c1e11e45-d623-4d7e-b523-276232ecb843,Capra hircus,0.88,AWC 135,Blank,blank,capra hircus
79e2a42b-49de-4f0b-b1ad-c7d755ea7600,sequenceID:ef6e4f54-ac73-43a5-96cc-22b7976bf89c,ef6e4f54-ac73-43a5-96cc-22b7976bf89c,ef6e4f54-ac73-43a5-96cc-22b7976bf89c,c1e11e45-d623-4d7e-b523-276232ecb843,,0.0,,Blank,blank,nan
78253636-c823-422d-a321-e7d79980faa2,sequenceID:16b65c3f-7e61-4524-adec-83d669fe9424,16b65c3f-7e61-4524-adec-83d669fe9424,16b65c3f-7e61-4524-adec-83d669fe9424,c1e11e45-d623-4d7e-b523-276232ecb843,Amphibolurus muricatus,0.61,AWC 135,Blank,blank,amphibolurus muricatus
d86463ca-cd91-40e1-8f36-f9c26b4e3f67,sequenceID:4237b3d5-cf38-4eb3-ab77-6a4f8ba4f7d5,4237b3d5-cf38-4eb3-ab77-6a4f8ba4f7d5,4237b3d5-cf38-4eb3-ab77-6a4f8ba4f7d5,c1e11e45-d623-4d7e-b523-276232ecb843,,0.5,AWC 135,Blank,blank,nan
60be046d-21c8-4f29-b83f-bc8d93d2e508,sequenceID:feb74af1-1323-4d8e-a960-f22b7e02740f,feb74af1-1323-4d8e-a960-f22b7e02740f,feb74af1-1323-4d8e-a960-f22b7e02740f,c1e11e45-d623-4d7e-b523-276232ecb843,,0.0,,Blank,blank,nan
68099566-80b4-4bb4-80b1-3e0227af411c,sequenceID:b6086fe1-432c-476d-8761-f34f51443ab8,b6086fe1-432c-476d-8761-f34f51443ab8,b6086fe1-432c-476d-8761-f34f51443ab8,c1e11e45-d623-4d7e-b523-276232ecb843,,0.0,,Blank,blank,nan
04ae9d27-b02c-4e03-8158-346a59a9d1ee,sequenceID:6654cd74-fc0d-4999-ad3e-759b91a919fd,6654cd74-fc0d-4999-ad3e-759b91a919fd,6654cd74-fc0d-4999-ad3e-759b91a919fd,c1e11e45-d623-4d7e-b523-276232ecb843,Capra hircus,0.71,AWC 135,Blank,blank,capra hircus
92d8d578-5633-4717-a5bb-a5413c98fe62,sequenceID:3aeb553b-b149-42d5-b52c-7dd64d5c1697,3aeb553b-b149-42d5-b52c-7dd64d5c1697,3aeb553b-b149-42d5-b52c-7dd64d5c1697,c1e11e45-d623-4d7e-b523-276232ecb843,Bos taurus,0.89,AWC 135,Blank,blank,bos taurus
0467a069-16b6-4c27-9107-926108c33b24,sequenceID:2a3dcad4-7f67-44d8-ad23-5de922109af4,2a3dcad4-7f67-44d8-ad23-5de922109af4,2a3dcad4-7f67-44d8-ad23-5de922109af4,c1e11e45-d623-4d7e-b523-276232ecb843,Bos taurus,0.95,AWC 135,Blank,blank,bos taurus
134ed505-9dcc-4880-a95c-79e002f11981,sequenceID:dec11d7a-b1a2-4083-b50e-43fd92905263,dec11d7a-b1a2-4083-b50e-43fd92905263,dec11d7a-b1a2-4083-b50e-43fd92905263,c1e11e45-d623-4d7e-b523-276232ecb843,Bos taurus,0.66,AWC 135,Blank,blank,bos taurus
27b757f3-e12b-4755-a85c-d9c5ca533181,sequenceID:cb96ba47-fc1b-426d-aa93-d8958ebdc868,cb96ba47-fc1b-426d-aa93-d8958ebdc868,cb96ba47-fc1b-426d-aa93-d8958ebdc868,c1e11e45-d623-4d7e-b523-276232ecb843,Capra hircus,0.91,AWC 135,Blank,blank,capra hircus
24a8757a-9168-4531-a0ec-6ebc72b41f9d,sequenceID:ded63dd7-d02e-4b3c-abc4-6dd89acc661c,ded63dd7-d02e-4b3c-abc4-6dd89acc661c,ded63dd7-d02e-4b3c-abc4-6dd89acc661c,c1e11e45-d623-4d7e-b523-276232ecb843,Capra hircus,0.59,AWC 135,Blank,blank,capra hircus
1d4811a9-df9b-41ee-8e1a-cf153e968fe4,sequenceID:42574d5a-b068-42d2-9425-e86c7b1c5dd5,42574d5a-b068-42d2-9425-e86c7b1c5dd5,42574d5a-b068-42d2-9425-e86c7b1c5dd5,c1e11e45-d623-4d7e-b523-276232ecb843,Bos taurus,0.99,AWC 135,Blank,blank,bos taurus
c77a4c7a-ec8d-4139-aeb1-1691357dce03,sequenceID:65899de7-8e58-4af6-8b5a-677b911a7a00,65899de7-8e58-4af6-8b5a-677b911a7a00,65899de7-8e58-4af6-8b5a-677b911a7a00,c1e11e45-d623-4d7e-b523-276232ecb843,,0.0,,Blank,blank,nan
6d69d32e-4100-4633-97c5-062471517f23,sequenceID:4cc53002-1291-4f8a-a2f6-cad56ee3e704,4cc53002-1291-4f8a-a2f6-cad56ee3e704,4cc53002-1291-4f8a-a2f6-cad56ee3e704,c1e11e45-d623-4d7e-b523-276232ecb843,,0.0,,Blank,blank,nan
f3d7841f-5b15-40e4-a048-89f6013c4e4d,sequenceID:40df64d3-b46a-4365-8235-2072c31be819,40df64d3-b46a-4365-8235-2072c31be819,40df64d3-b46a-4365-8235-2072c31be819,c1e11e45-d623-4d7e-b523-276232ecb843,Bos taurus,0.53,AWC 135,Blank,blank,bos taurus
f3d7841f-5b15-40e4-a048-89f6013c4e4d,sequenceID:40df64d3-b46a-4365-8235-2072c31be819,40df64d3-b46a-4365-8235-2072c31be819,40df64d3-b46a-4365-8235-2072c31be819,c1e11e45-d623-4d7e-b523-276232ecb843,Equus,0.79,AWC 135,Blank,blank,equus
a8f65c55-8780-4723-95f1-c74ea0e38b6a,sequenceID:3033ba12-3239-49f8-a65b-d779cbac19c9,3033ba12-3239-49f8-a65b-d779cbac19c9,3033ba12-3239-49f8-a65b-d779cbac19c9,c1e11e45-d623-4d7e-b523-276232ecb843,Bos taurus,0.59,AWC 135,Blank,blank,bos taurus
79878fad-a251-4819-96bc-91432309e812,sequenceID:25001fc8-444f-44a0-9a1c-d312db88a7d3,25001fc8-444f-44a0-9a1c-d312db88a7d3,25001fc8-444f-44a0-9a1c-d312db88a7d3,c1e11e45-d623-4d7e-b523-276232ecb843,Equus,0.67,AWC 135,Blank,blank,equus
79878fad-a251-4819-96bc-91432309e812,sequenceID:25001fc8-444f-44a0-9a1c-d312db88a7d3,25001fc8-444f-44a0-9a1c-d312db88a7d3,25001fc8-444f-44a0-9a1c-d312db88a7d3,c1e11e45-d623-4d7e-b523-276232ecb843,Bos taurus,0.78,AWC 135,Blank,blank,bos taurus
20b31e37-1475-474f-80f1-1d6ff9ec4cb5,sequenceID:3fbf02fa-38a5-4793-a230-02b53fdb338e,3fbf02fa-38a5-4793-a230-02b53fdb338e,3fbf02fa-38a5-4793-a230-02b53fdb338e,c1e11e45-d623-4d7e-b523-276232ecb843,Capra hircus,0.75,AWC 135,Blank,blank,capra hircus
20b31e37-1475-474f-80f1-1d6ff9ec4cb5,sequenceID:3fbf02fa-38a5-4793-a230-02b53fdb338e,3fbf02fa-38a5-4793-a230-02b53fdb338e,3fbf02fa-38a5-4793-a230-02b53fdb338e,c1e11e45-d623-4d7e-b523-276232ecb843,Equus,0.53,AWC 135,Blank,blank,equus
83188ed3-de1c-40fb-aacc-59a03ce5642d,sequenceID:92c8cf84-9d59-4df0-91d5-d7f257f4b19a,92c8cf84-9d59-4df0-91d5-d7f257f4b19a,92c8cf84-9d59-4df0-91d5-d7f257f4b19a,c1e11e45-d623-4d7e-b523-276232ecb843,Equus,0.73,AWC 135,Blank,blank,equus
c7213dfc-9912-4420-ad76-a34ff77c6811,sequenceID:8a039276-71ea-47df-8164-745fa18074bf,8a039276-71ea-47df-8164-745fa18074bf,8a039276-71ea-47df-8164-745fa18074bf,c1e11e45-d623-4d7e-b523-276232ecb843,Equus,0.67,AWC 135,Blank,blank,equus
86d118cc-8e3d-4ea3-8321-ca8754ad9fb5,sequenceID:f58236f1-c9ab-4d5c-a184-6f648c4fac71,f58236f1-c9ab-4d5c-a184-6f648c4fac71,f58236f1-c9ab-4d5c-a184-6f648c4fac71,c1e11e45-d623-4d7e-b523-276232ecb843,Bos taurus,0.93,AWC 135,Blank,blank,bos taurus
86d118cc-8e3d-4ea3-8321-ca8754ad9fb5,sequenceID:f58236f1-c9ab-4d5c-a184-6f648c4fac71,f58236f1-c9ab-4d5c-a184-6f648c4fac71,f58236f1-c9ab-4d5c-a184-6f648c4fac71,c1e11e45-d623-4d7e-b523-276232ecb843,Equus,0.52,AWC 135,Blank,blank,equus
bb718e1d-3ca8-4da2-bd31-52f35b31b09f,sequenceID:0d6bf121-50a6-459d-993a-85c987d91334,0d6bf121-50a6-459d-993a-85c987d91334,0d6bf121-50a6-459d-993a-85c987d91334,c1e11e45-d623-4d7e-b523-276232ecb843,Capra hircus,0.71,AWC 135,Blank,blank,capra hircus
d1739cc7-cac2-4406-adca-2287ea48fe9a,sequenceID:2298bcc4-8b5c-467d-b3d6-5bac85830a09,2298bcc4-8b5c-467d-b3d6-5bac85830a09,2298bcc4-8b5c-467d-b3d6-5bac85830a09,c1e11e45-d623-4d7e-b523-276232ecb843,Equus,0.57,AWC 135,Blank,blank,equus
d1739cc7-cac2-4406-adca-2287ea48fe9a,sequenceID:2298bcc4-8b5c-467d-b3d6-5bac85830a09,2298bcc4-8b5c-467d-b3d6-5bac85830a09,2298bcc4-8b5c-467d-b3d6-5bac85830a09,c1e11e45-d623-4d7e-b523-276232ecb843,Capra hircus,0.8,AWC 135,Blank,blank,capra hircus
2d6cd1b4-1dc5-43b7-b13f-984b549e1a88,sequenceID:e8750d9e-6269-4545-8a47-0ab9570072db,e8750d9e-6269-4545-8a47-0ab9570072db,e8750d9e-6269-4545-8a47-0ab9570072db,c1e11e45-d623-4d7e-b523-276232ecb843,Equus,0.71,AWC 135,Blank,blank,equus
2d6cd1b4-1dc5-43b7-b13f-984b549e1a88,sequenceID:e8750d9e-6269-4545-8a47-0ab9570072db,e8750d9e-6269-4545-8a47-0ab9570072db,e8750d9e-6269-4545-8a47-0ab9570072db,c1e11e45-d623-4d7e-b523-276232ecb843,Capra hircus,1.0,AWC 135,Blank,blank,capra hircus
a8c28923-0733-4644-8f57-17b92219acab,sequenceID:29595822-aa93-4009-869d-88279f187c3d,29595822-aa93-4009-869d-88279f187c3d,29595822-aa93-4009-869d-88279f187c3d,c1e11e45-d623-4d7e-b523-276232ecb843,Equus,0.94,AWC 135,Blank,blank,equus
a8c28923-0733-4644-8f57-17b92219acab,sequenceID:29595822-aa93-4009-869d-88279f187c3d,29595822-aa93-4009-869d-88279f187c3d,29595822-aa93-4009-869d-88279f187c3d,c1e11e45-d623-4d7e-b523-276232ecb843,Bos taurus,0.65,AWC 135,Blank,blank,bos taurus
be7316ac-1e41-4d04-844c-c982bec5c9ec,sequenceID:e60954bf-36ca-427f-a878-2343d0150d93,e60954bf-36ca-427f-a878-2343d0150d93,e60954bf-36ca-427f-a878-2343d0150d93,c1e11e45-d623-4d7e-b523-276232ecb843,,0.0,,Blank,blank,nan
2c23813e-34d8-4b34-b8e2-b4dd013adcd0,sequenceID:963a92fa-2810-43c3-8e7f-507f93287f28,963a92fa-2810-43c3-8e7f-507f93287f28,963a92fa-2810-43c3-8e7f-507f93287f28,c1e11e45-d623-4d7e-b523-276232ecb843,Bos taurus,0.53,AWC 135,Blank,blank,bos taurus
548dcfd7-69b5-4faa-bc6f-aa132214c8cb,sequenceID:fa52cf1e-0c88-4c45-b7d1-b9cbe3cd114f,fa52cf1e-0c88-4c45-b7d1-b9cbe3cd114f,fa52cf1e-0c88-4c45-b7d1-b9cbe3cd114f,c1e11e45-d623-4d7e-b523-276232ecb843,Sus scrofa,0.57,AWC 135,Blank,blank,sus scrofa
d6593163-7972-49bb-92b6-c446552959a1,sequenceID:4d3feb76-7d46-4dd1-9330-8f10c4ff5f74,4d3feb76-7d46-4dd1-9330-8f10c4ff5f74,4d3feb76-7d46-4dd1-9330-8f10c4ff5f74,c1e11e45-d623-4d7e-b523-276232ecb843,Bos taurus,0.74,AWC 135,Blank,blank,bos taurus
c985cffb-97cd-401c-9910-53d47ef4bb78,sequenceID:9fdd839a-3394-4c29-91b3-15ecc8b658bf,9fdd839a-3394-4c29-91b3-15ecc8b658bf,9fdd839a-3394-4c29-91b3-15ecc8b658bf,c1e11e45-d623-4d7e-b523-276232ecb843,Capra hircus,0.72,AWC 135,Blank,blank,capra hircus
10f32935-a480-4227-8b80-19f158b86276,sequenceID:69e668d2-8a54-49f1-81d5-21aed4048a01,69e668d2-8a54-49f1-81d5-21aed4048a01,69e668d2-8a54-49f1-81d5-21aed4048a01,c1e11e45-d623-4d7e-b523-276232ecb843,,0.0,,Blank,blank,nan
4cd70e39-be0f-4818-ad36-ab26238a689f,sequenceID:3968f275-14f2-4507-91ec-4e96f3dde2ad,3968f275-14f2-4507-91ec-4e96f3dde2ad,3968f275-14f2-4507-91ec-4e96f3dde2ad,c1e11e45-d623-4d7e-b523-276232ecb843,Capra hircus,0.98,AWC 135,Blank,blank,capra hircus
28686f72-a2be-46e9-82a9-805cf3b5074f,sequenceID:8012b2b1-2693-4640-8e7f-6ec1d5bd7e45,8012b2b1-2693-4640-8e7f-6ec1d5bd7e45,8012b2b1-2693-4640-8e7f-6ec1d5bd7e45,c1e11e45-d623-4d7e-b523-276232ecb843,,0.0,,Blank,blank,nan
7c4de5fe-782a-4d20-b4e4-6136c01727d5,sequenceID:9bb42d15-0505-4876-afd5-bd0afb20e13c,9bb42d15-0505-4876-afd5-bd0afb20e13c,9bb42d15-0505-4876-afd5-bd0afb20e13c,c1e11e45-d623-4d7e-b523-276232ecb843,Aves,0.95,AWC 135,Blank,blank,aves
9dd369dc-6eeb-481a-9df3-a9a6d237ea04,sequenceID:04d5884b-6011-41dc-ba12-bad74ae4d726,04d5884b-6011-41dc-ba12-bad74ae4d726,04d5884b-6011-41dc-ba12-bad74ae4d726,c1e11e45-d623-4d7e-b523-276232ecb843,Equus,0.85,AWC 135,Blank,blank,equus
c78f5cb4-3f4d-4dc9-9114-523f52c08c59,sequenceID:1b7611f3-8960-4e34-9766-0182e412c051,1b7611f3-8960-4e34-9766-0182e412c051,1b7611f3-8960-4e34-9766-0182e412c051,c1e11e45-d623-4d7e-b523-276232ecb843,Equus,0.65,AWC 135,Blank,blank,equus
02200648-2841-4f4c-86ad-dd33e849a096,sequenceID:bee46384-0570-42a2-baad-f14c572f51eb,bee46384-0570-42a2-baad-f14c572f51eb,bee46384-0570-42a2-baad-f14c572f51eb,c1e11e45-d623-4d7e-b523-276232ecb843,Capra hircus,0.77,AWC 135,Blank,blank,capra hircus
840418cd-4916-4e3b-8f41-ffa05b49a762,sequenceID:95c4ffa8-94c4-45f8-abb7-2ab05cbb0056,95c4ffa8-94c4-45f8-abb7-2ab05cbb0056,95c4ffa8-94c4-45f8-abb7-2ab05cbb0056,c1e11e45-d623-4d7e-b523-276232ecb843,,0.0,,Blank,blank,nan
77143338-fbfa-4d3f-8d18-724a517a81e3,sequenceID:2c1d46a8-4b52-4d85-bcea-ece65c7b65d5,2c1d46a8-4b52-4d85-bcea-ece65c7b65d5,2c1d46a8-4b52-4d85-bcea-ece65c7b65d5,c1e11e45-d623-4d7e-b523-276232ecb843,Capra hircus,0.79,AWC 135,Blank,blank,capra hircus
706976ad-e3b4-4d36-b0ef-26f16a266f2e,sequenceID:69ce728c-25b5-4064-ab83-93b360026b8d,69ce728c-25b5-4064-ab83-93b360026b8d,69ce728c-25b5-4064-ab83-93b360026b8d,c1e11e45-d623-4d7e-b523-276232ecb843,Capra hircus,0.61,AWC 135,Blank,blank,capra hircus
8fbac142-d545-4ee9-ac75-d95f11a73393,sequenceID:6e5db274-7775-4295-9236-74c3bdd36e4a,6e5db274-7775-4295-9236-74c3bdd36e4a,6e5db274-7775-4295-9236-74c3bdd36e4a,c1e11e45-d623-4d7e-b523-276232ecb843,Amphibolurus muricatus,0.7,AWC 135,Blank,blank,amphibolurus muricatus
59aefe16-6b4e-4551-8738-56e1149d3892,sequenceID:4d3bfb2f-8841-4ac7-985c-78dcef7a27ca,4d3bfb2f-8841-4ac7-985c-78dcef7a27ca,4d3bfb2f-8841-4ac7-985c-78dcef7a27ca,c1e11e45-d623-4d7e-b523-276232ecb843,Bos taurus,0.65,AWC 135,Blank,blank,bos taurus
d8f296d6-c8e7-4803-b395-f5ae59e92dfd,sequenceID:f369fe17-1d7e-4744-8c5b-685333302eb4,f369fe17-1d7e-4744-8c5b-685333302eb4,f369fe17-1d7e-4744-8c5b-685333302eb4,c1e11e45-d623-4d7e-b523-276232ecb843,Bos taurus,0.78,AWC 135,Blank,blank,bos taurus
afeff810-d7b7-42ae-b58b-f07064789166,sequenceID:28aec24d-fcbd-4e59-9de0-93e0613540e6,28aec24d-fcbd-4e59-9de0-93e0613540e6,28aec24d-fcbd-4e59-9de0-93e0613540e6,c1e11e45-d623-4d7e-b523-276232ecb843,Capra hircus,0.94,AWC 135,Blank,blank,capra hircus
e50522a8-1bac-41ab-97af-a2dbe0199267,sequenceID:8c45c6da-61bb-400b-8fd8-0467d25ba5ea,8c45c6da-61bb-400b-8fd8-0467d25ba5ea,8c45c6da-61bb-400b-8fd8-0467d25ba5ea,c1e11e45-d623-4d7e-b523-276232ecb843,Capra hircus,0.78,AWC 135,Blank,blank,capra hircus
867a9c6f-f4a6-4e27-a9b6-489bf9914473,sequenceID:6eed8d8f-c450-4129-a65b-5eb5522d0322,6eed8d8f-c450-4129-a65b-5eb5522d0322,6eed8d8f-c450-4129-a65b-5eb5522d0322,c1e11e45-d623-4d7e-b523-276232ecb843,Capra hircus,0.62,AWC 135,Blank,blank,capra hircus
c9a1a3be-9f09-4d1f-8b8f-6656d16a27fc,sequenceID:164704ff-14ae-4488-9ab2-05b1c4f183e7,164704ff-14ae-4488-9ab2-05b1c4f183e7,164704ff-14ae-4488-9ab2-05b1c4f183e7,c1e11e45-d623-4d7e-b523-276232ecb843,Capra hircus,0.58,AWC 135,Blank,blank,capra hircus
43e7e15f-72cc-4bcb-aade-b20a9cf2b250,sequenceID:1ee62050-07cd-4675-aed0-5da9b52aab77,1ee62050-07cd-4675-aed0-5da9b52aab77,1ee62050-07cd-4675-aed0-5da9b52aab77,c1e11e45-d623-4d7e-b523-276232ecb843,Capra hircus,0.85,AWC 135,Blank,blank,capra hircus
c9759ed4-c402-4b31-9765-336da524fd87,sequenceID:03ed5090-2057-46f9-a976-01803ae45b5e,03ed5090-2057-46f9-a976-01803ae45b5e,03ed5090-2057-46f9-a976-01803ae45b5e,c1e11e45-d623-4d7e-b523-276232ecb843,Aves,0.85,AWC 135,Blank,blank,aves
c180fce7-c124-4d1e-8e12-22b74df92fd4,sequenceID:9f98b0cf-4d2a-4fca-957b-22ccc63da1fe,9f98b0cf-4d2a-4fca-957b-22ccc63da1fe,9f98b0cf-4d2a-4fca-957b-22ccc63da1fe,c1e11e45-d623-4d7e-b523-276232ecb843,,0.0,,Blank,blank,nan
98639378-388d-48d6-9ad4-8aa8e9354efb,sequenceID:3362ad81-45da-40d6-88ee-942f1db2266c,3362ad81-45da-40d6-88ee-942f1db2266c,3362ad81-45da-40d6-88ee-942f1db2266c,c1e11e45-d623-4d7e-b523-276232ecb843,ocyphaps lophotes,0.58,AWC 135,Blank,blank,ocyphaps lophotes
018dcc1d-95a1-4de5-b6c5-3082bf7a36be,sequenceID:1cca6c07-694d-43e3-ba92-6bf08748cf43,1cca6c07-694d-43e3-ba92-6bf08748cf43,1cca6c07-694d-43e3-ba92-6bf08748cf43,c1e11e45-d623-4d7e-b523-276232ecb843,,0.0,,Blank,blank,nan
0fb452d4-3c4d-41bd-8f44-cdf10b7ee210,sequenceID:ce295afd-7456-4448-917b-6c9335be9edb,ce295afd-7456-4448-917b-6c9335be9edb,ce295afd-7456-4448-917b-6c9335be9edb,c1e11e45-d623-4d7e-b523-276232ecb843,Osphranter robustus,0.52,AWC 135,Blank,blank,osphranter robustus
0fb452d4-3c4d-41bd-8f44-cdf10b7ee210,sequenceID:ce295afd-7456-4448-917b-6c9335be9edb,ce295afd-7456-4448-917b-6c9335be9edb,ce295afd-7456-4448-917b-6c9335be9edb,c1e11e45-d623-4d7e-b523-276232ecb843,Equus,0.86,AWC 135,Blank,blank,equus
00fa7934-3545-42f1-8673-3659cf197a28,sequenceID:3d0c0db6-9946-4415-8152-33a9c34e10f8,3d0c0db6-9946-4415-8152-33a9c34e10f8,3d0c0db6-9946-4415-8152-33a9c34e10f8,c1e11e45-d623-4d7e-b523-276232ecb843,Capra hircus,0.85,AWC 135,Blank,blank,capra hircus
00fa7934-3545-42f1-8673-3659cf197a28,sequenceID:3d0c0db6-9946-4415-8152-33a9c34e10f8,3d0c0db6-9946-4415-8152-33a9c34e10f8,3d0c0db6-9946-4415-8152-33a9c34e10f8,c1e11e45-d623-4d7e-b523-276232ecb843,Equus,0.63,AWC 135,Blank,blank,equus
908695a4-9034-4793-b50b-2f7b5d46c1a8,sequenceID:1616be05-eb3a-4a48-b2b0-1cfebb203afe,1616be05-eb3a-4a48-b2b0-1cfebb203afe,1616be05-eb3a-4a48-b2b0-1cfebb203afe,c1e11e45-d623-4d7e-b523-276232ecb843,Capra hircus,0.62,AWC 135,Blank,blank,capra hircus
908695a4-9034-4793-b50b-2f7b5d46c1a8,sequenceID:1616be05-eb3a-4a48-b2b0-1cfebb203afe,1616be05-eb3a-4a48-b2b0-1cfebb203afe,1616be05-eb3a-4a48-b2b0-1cfebb203afe,c1e11e45-d623-4d7e-b523-276232ecb843,Equus,0.55,AWC 135,Blank,blank,equus
a8d48b29-f293-476b-9b49-b12eefff1959,sequenceID:699b4cc5-a89b-49d1-8b5a-19a58b2f3308,699b4cc5-a89b-49d1-8b5a-19a58b2f3308,699b4cc5-a89b-49d1-8b5a-19a58b2f3308,c1e11e45-d623-4d7e-b523-276232ecb843,Macropus dorsalis,0.74,AWC 135,Blank,blank,macropus dorsalis
b59faee2-2df2-4f3e-9c2d-00697c0665d9,sequenceID:6a0722a6-5a69-4e08-8d3f-695417fecdd4,6a0722a6-5a69-4e08-8d3f-695417fecdd4,6a0722a6-5a69-4e08-8d3f-695417fecdd4,c1e11e45-d623-4d7e-b523-276232ecb843,Capra hircus,0.83,AWC 135,Blank,blank,capra hircus
b014641b-55ef-4246-b3ff-be451e04742a,sequenceID:cf0299fe-580e-4f17-b4d4-5f29b0c766cc,cf0299fe-580e-4f17-b4d4-5f29b0c766cc,cf0299fe-580e-4f17-b4d4-5f29b0c766cc,c1e11e45-d623-4d7e-b523-276232ecb843,Equus,0.87,AWC 135,Blank,blank,equus
d45cae40-7f2f-4485-9992-9625dc641aa9,sequenceID:f8fa42e4-1f7c-4cb5-a507-d7b92b4adaf9,f8fa42e4-1f7c-4cb5-a507-d7b92b4adaf9,f8fa42e4-1f7c-4cb5-a507-d7b92b4adaf9,c1e11e45-d623-4d7e-b523-276232ecb843,Bos taurus,0.9,AWC 135,Blank,blank,bos taurus
b3570147-5e6f-4259-9a68-c6823c3136f9,sequenceID:fbff53ac-b20f-47b3-aebd-e79b69a0f914,fbff53ac-b20f-47b3-aebd-e79b69a0f914,fbff53ac-b20f-47b3-aebd-e79b69a0f914,c1e11e45-d623-4d7e-b523-276232ecb843,Capra hircus,0.78,AWC 135,Blank,blank,capra hircus
b3570147-5e6f-4259-9a68-c6823c3136f9,sequenceID:fbff53ac-b20f-47b3-aebd-e79b69a0f914,fbff53ac-b20f-47b3-aebd-e79b69a0f914,fbff53ac-b20f-47b3-aebd-e79b69a0f914,c1e11e45-d623-4d7e-b523-276232ecb843,Equus,0.9,AWC 135,Blank,blank,equus
abe5d77f-a506-403c-a619-06b5e7b872d5,sequenceID:76955bdf-3938-4ff2-aa27-962ca1b7e1b9,76955bdf-3938-4ff2-aa27-962ca1b7e1b9,76955bdf-3938-4ff2-aa27-962ca1b7e1b9,c1e11e45-d623-4d7e-b523-276232ecb843,Equus,0.87,AWC 135,Blank,blank,equus
9996da13-4bf5-4fae-8bb1-f29251ad86da,sequenceID:3080d104-def8-4a25-806f-d5fc20b5aec4,3080d104-def8-4a25-806f-d5fc20b5aec4,3080d104-def8-4a25-806f-d5fc20b5aec4,c1e11e45-d623-4d7e-b523-276232ecb843,Capra hircus,0.75,AWC 135,Blank,blank,capra hircus
350cb647-0cd5-4bf0-b22d-633cbbe6f979,sequenceID:cdaae9e6-d2e9-4066-8741-9d47e4b0d4a9,cdaae9e6-d2e9-4066-8741-9d47e4b0d4a9,cdaae9e6-d2e9-4066-8741-9d47e4b0d4a9,c1e11e45-d623-4d7e-b523-276232ecb843,Equus,0.75,AWC 135,Blank,blank,equus
350cb647-0cd5-4bf0-b22d-633cbbe6f979,sequenceID:cdaae9e6-d2e9-4066-8741-9d47e4b0d4a9,cdaae9e6-d2e9-4066-8741-9d47e4b0d4a9,cdaae9e6-d2e9-4066-8741-9d47e4b0d4a9,c1e11e45-d623-4d7e-b523-276232ecb843,Capra hircus,0.81,AWC 135,Blank,blank,capra hircus
92578b4d-8411-452e-9fd0-11a1ea7f7612,sequenceID:52cde125-b9b2-440e-bee5-6c97f0e2a4e5,52cde125-b9b2-440e-bee5-6c97f0e2a4e5,52cde125-b9b2-440e-bee5-6c97f0e2a4e5,c1e11e45-d623-4d7e-b523-276232ecb843,Macropus dorsalis,0.52,AWC 135,Blank,blank,macropus dorsalis
92578b4d-8411-452e-9fd0-11a1ea7f7612,sequenceID:52cde125-b9b2-440e-bee5-6c97f0e2a4e5,52cde125-b9b2-440e-bee5-6c97f0e2a4e5,52cde125-b9b2-440e-bee5-6c97f0e2a4e5,c1e11e45-d623-4d7e-b523-276232ecb843,Equus,0.87,AWC 135,Blank,blank,equus
014f6aff-bb1a-4ebf-ac77-2d7cebb282f8,sequenceID:ac2dbf3a-26ba-4057-bd6c-eed83448f554,ac2dbf3a-26ba-4057-bd6c-eed83448f554,ac2dbf3a-26ba-4057-bd6c-eed83448f554,c1e11e45-d623-4d7e-b523-276232ecb843,,0.0,,Blank,blank,nan
286298be-593f-4788-bd72-0f7616808fd4,sequenceID:5edf9939-7979-493e-96bb-801f245f3199,5edf9939-7979-493e-96bb-801f245f3199,5edf9939-7979-493e-96bb-801f245f3199,c1e11e45-d623-4d7e-b523-276232ecb843,Equus,0.89,AWC 135,Blank,blank,equus
286298be-593f-4788-bd72-0f7616808fd4,sequenceID:5edf9939-7979-493e-96bb-801f245f3199,5edf9939-7979-493e-96bb-801f245f3199,5edf9939-7979-493e-96bb-801f245f3199,c1e11e45-d623-4d7e-b523-276232ecb843,Capra hircus,0.63,AWC 135,Blank,blank,capra hircus
b2160176-6886-4556-9afe-584516683575,sequenceID:0600dea2-8961-48df-992b-b662d0a7d445,0600dea2-8961-48df-992b-b662d0a7d445,0600dea2-8961-48df-992b-b662d0a7d445,c1e11e45-d623-4d7e-b523-276232ecb843,Equus,0.89,AWC 135,Blank,blank,equus
7252a492-eaed-4b76-8ad8-efae62553ffc,sequenceID:a1d6d115-b71d-4346-a218-3fb5ff883bf8,a1d6d115-b71d-4346-a218-3fb5ff883bf8,a1d6d115-b71d-4346-a218-3fb5ff883bf8,c1e11e45-d623-4d7e-b523-276232ecb843,,0.0,,Blank,blank,nan
37696bbc-9ca1-428a-80f8-6e8c49ac31fc,sequenceID:8de5a721-9dd6-4590-a291-a08da57fce56,8de5a721-9dd6-4590-a291-a08da57fce56,8de5a721-9dd6-4590-a291-a08da57fce56,c1e11e45-d623-4d7e-b523-276232ecb843,Amphibolurus muricatus,0.91,AWC 135,Blank,blank,amphibolurus muricatus
37696bbc-9ca1-428a-80f8-6e8c49ac31fc,sequenceID:8de5a721-9dd6-4590-a291-a08da57fce56,8de5a721-9dd6-4590-a291-a08da57fce56,8de5a721-9dd6-4590-a291-a08da57fce56,c1e11e45-d623-4d7e-b523-276232ecb843,Aves,0.79,AWC 135,Blank,blank,aves
d6494ca3-5fb7-442c-93b0-1ab8ce5fbf75,sequenceID:d1929063-9239-48a0-abd4-10437956879c,d1929063-9239-48a0-abd4-10437956879c,d1929063-9239-48a0-abd4-10437956879c,c1e11e45-d623-4d7e-b523-276232ecb843,,0.0,,Blank,blank,nan
7e7e5875-017d-463f-8d3c-6d6f6e1e427c,sequenceID:e3a3ea2c-c628-43d5-a062-acdc9b804028,e3a3ea2c-c628-43d5-a062-acdc9b804028,e3a3ea2c-c628-43d5-a062-acdc9b804028,c1e11e45-d623-4d7e-b523-276232ecb843,Amphibolurus muricatus,0.86,AWC 135,Blank,blank,amphibolurus muricatus
72c2aa05-f00c-4a48-9294-527482308d23,sequenceID:7c7439a6-b0ac-4d75-84d6-2377986727bf,7c7439a6-b0ac-4d75-84d6-2377986727bf,7c7439a6-b0ac-4d75-84d6-2377986727bf,c1e11e45-d623-4d7e-b523-276232ecb843,,0.5,AWC 135,Blank,blank,nan
2270036c-ea86-4338-b402-be2a0a870a6b,sequenceID:7fd1d313-609a-463a-8426-63396da4156f,7fd1d313-609a-463a-8426-63396da4156f,7fd1d313-609a-463a-8426-63396da4156f,c1e11e45-d623-4d7e-b523-276232ecb843,Capra hircus,0.77,AWC 135,Blank,blank,capra hircus
2270036c-ea86-4338-b402-be2a0a870a6b,sequenceID:7fd1d313-609a-463a-8426-63396da4156f,7fd1d313-609a-463a-8426-63396da4156f,7fd1d313-609a-463a-8426-63396da4156f,c1e11e45-d623-4d7e-b523-276232ecb843,Equus,0.6,AWC 135,Blank,blank,equus
9fd8c22c-5f32-4c13-a7ee-7a0151fa1c2b,sequenceID:bfabcf5e-9f67-450c-ab6b-425c9d53e4da,bfabcf5e-9f67-450c-ab6b-425c9d53e4da,bfabcf5e-9f67-450c-ab6b-425c9d53e4da,c1e11e45-d623-4d7e-b523-276232ecb843,,0.0,,Blank,blank,nan
0ce29316-4863-44aa-aa98-7c8a2c42472d,sequenceID:28f905e6-59c1-4cba-be25-348560462c9b,28f905e6-59c1-4cba-be25-348560462c9b,28f905e6-59c1-4cba-be25-348560462c9b,c1e11e45-d623-4d7e-b523-276232ecb843,,0.0,,Blank,blank,nan
e13439dd-e07b-4748-965d-9cd5c52a6a1f,sequenceID:fd9d34c1-b9ea-444e-bc2c-8de5130c9686,fd9d34c1-b9ea-444e-bc2c-8de5130c9686,fd9d34c1-b9ea-444e-bc2c-8de5130c9686,c1e11e45-d623-4d7e-b523-276232ecb843,Capra hircus,0.57,AWC 135,Blank,blank,capra hircus
3988ac08-83cb-4840-a164-ecd598be544e,sequenceID:9b1f67ac-5d12-45ee-b037-5c3b01d9c82d,9b1f67ac-5d12-45ee-b037-5c3b01d9c82d,9b1f67ac-5d12-45ee-b037-5c3b01d9c82d,c1e11e45-d623-4d7e-b523-276232ecb843,,0.0,,Blank,blank,nan
c80be229-5ce9-4cc7-a2d5-2eac1e806e40,sequenceID:37188bdc-7c68-4796-b6a0-1e4d7d94ca91,37188bdc-7c68-4796-b6a0-1e4d7d94ca91,37188bdc-7c68-4796-b6a0-1e4d7d94ca91,c1e11e45-d623-4d7e-b523-276232ecb843,,0.0,,Blank,blank,nan
6b6b9153-331b-4e0c-9cd2-13224bdfeb74,sequenceID:55ea9768-24de-4eaa-a974-0caa90e0b685,55ea9768-24de-4eaa-a974-0caa90e0b685,55ea9768-24de-4eaa-a974-0caa90e0b685,c1e11e45-d623-4d7e-b523-276232ecb843,,0.5,AWC 135,Blank,blank,nan
2e72c2ca-a763-4797-92ef-0694977dbb2e,sequenceID:860dd6de-6a2a-46f2-96b1-6262ccaa546a,860dd6de-6a2a-46f2-96b1-6262ccaa546a,860dd6de-6a2a-46f2-96b1-6262ccaa546a,c1e11e45-d623-4d7e-b523-276232ecb843,Equus,0.98,AWC 135,Blank,blank,equus
2e72c2ca-a763-4797-92ef-0694977dbb2e,sequenceID:860dd6de-6a2a-46f2-96b1-6262ccaa546a,860dd6de-6a2a-46f2-96b1-6262ccaa546a,860dd6de-6a2a-46f2-96b1-6262ccaa546a,c1e11e45-d623-4d7e-b523-276232ecb843,Capra hircus,0.99,AWC 135,Blank,blank,capra hircus
82543652-0fcd-4f67-a4b5-c53a5dc243d9,sequenceID:5f0d17f0-7d0b-49da-bbcf-ffe286b791f4,5f0d17f0-7d0b-49da-bbcf-ffe286b791f4,5f0d17f0-7d0b-49da-bbcf-ffe286b791f4,c1e11e45-d623-4d7e-b523-276232ecb843,,0.0,,Blank,blank,nan
534c4e57-e0dc-4f7d-bc2a-75274596449b,sequenceID:d31510d6-87e8-4d99-846c-fdb5d0704ed4,d31510d6-87e8-4d99-846c-fdb5d0704ed4,d31510d6-87e8-4d99-846c-fdb5d0704ed4,c1e11e45-d623-4d7e-b523-276232ecb843,Capra hircus,0.94,AWC 135,Blank,blank,capra hircus
cd605d70-6873-462e-ac02-fac3e898862b,sequenceID:d900e90d-a98a-4b64-9e10-bac8e4596d13,d900e90d-a98a-4b64-9e10-bac8e4596d13,d900e90d-a98a-4b64-9e10-bac8e4596d13,c1e11e45-d623-4d7e-b523-276232ecb843,Capra hircus,0.67,AWC 135,Blank,blank,capra hircus
ded05149-aac8-4e3d-9268-eb56d7c88daf,sequenceID:d08021d7-7c5b-4cea-84f7-5ead41ab7e16,d08021d7-7c5b-4cea-84f7-5ead41ab7e16,d08021d7-7c5b-4cea-84f7-5ead41ab7e16,c1e11e45-d623-4d7e-b523-276232ecb843,Capra hircus,0.6,AWC 135,Blank,blank,capra hircus
87f8c522-8dc8-4de0-9b09-83ea7b5e6f85,sequenceID:5cf3ff08-2225-4502-b8e4-12b36c1db384,5cf3ff08-2225-4502-b8e4-12b36c1db384,5cf3ff08-2225-4502-b8e4-12b36c1db384,c1e11e45-d623-4d7e-b523-276232ecb843,Capra hircus,0.6,AWC 135,Blank,blank,capra hircus
44812fb2-d82c-4f8a-8156-2e4ee49825e3,sequenceID:1194847c-2c52-40f4-bf51-5b6a49bbf203,1194847c-2c52-40f4-bf51-5b6a49bbf203,1194847c-2c52-40f4-bf51-5b6a49bbf203,c1e11e45-d623-4d7e-b523-276232ecb843,Equus,0.91,AWC 135,Blank,blank,equus
44812fb2-d82c-4f8a-8156-2e4ee49825e3,sequenceID:1194847c-2c52-40f4-bf51-5b6a49bbf203,1194847c-2c52-40f4-bf51-5b6a49bbf203,1194847c-2c52-40f4-bf51-5b6a49bbf203,c1e11e45-d623-4d7e-b523-276232ecb843,Capra hircus,0.94,AWC 135,Blank,blank,capra hircus
1a5999b0-a56f-4205-930b-e239a5b08f03,sequenceID:83f03d89-6155-4d60-baf4-f4e20f004ca7,83f03d89-6155-4d60-baf4-f4e20f004ca7,83f03d89-6155-4d60-baf4-f4e20f004ca7,c1e11e45-d623-4d7e-b523-276232ecb843,Equus,0.92,AWC 135,Blank,blank,equus
1a5999b0-a56f-4205-930b-e239a5b08f03,sequenceID:83f03d89-6155-4d60-baf4-f4e20f004ca7,83f03d89-6155-4d60-baf4-f4e20f004ca7,83f03d89-6155-4d60-baf4-f4e20f004ca7,c1e11e45-d623-4d7e-b523-276232ecb843,Capra hircus,0.98,AWC 135,Blank,blank,capra hircus
5d291634-8e91-4f8c-a2ba-cc6402dedc9c,sequenceID:7a8e41ca-0fec-4122-b1db-4ce738c7c03d,7a8e41ca-0fec-4122-b1db-4ce738c7c03d,7a8e41ca-0fec-4122-b1db-4ce738c7c03d,c1e11e45-d623-4d7e-b523-276232ecb843,Capra hircus,0.68,AWC 135,Blank,blank,capra hircus
d1dbc39f-a9e1-4a38-99e6-32840885f3f9,sequenceID:77767d5c-d31e-4734-92d2-ca4bd41a0712,77767d5c-d31e-4734-92d2-ca4bd41a0712,77767d5c-d31e-4734-92d2-ca4bd41a0712,c1e11e45-d623-4d7e-b523-276232ecb843,Equus,0.78,AWC 135,Blank,blank,equus
fabe241b-3bd7-4f42-b437-ae40b257c8d1,sequenceID:eb600f9e-a8fb-4c05-bc2d-97ba6eaf2cce,eb600f9e-a8fb-4c05-bc2d-97ba6eaf2cce,eb600f9e-a8fb-4c05-bc2d-97ba6eaf2cce,c1e11e45-d623-4d7e-b523-276232ecb843,Capra hircus,0.56,AWC 135,Blank,blank,capra hircus
fabe241b-3bd7-4f42-b437-ae40b257c8d1,sequenceID:eb600f9e-a8fb-4c05-bc2d-97ba6eaf2cce,eb600f9e-a8fb-4c05-bc2d-97ba6eaf2cce,eb600f9e-a8fb-4c05-bc2d-97ba6eaf2cce,c1e11e45-d623-4d7e-b523-276232ecb843,Equus,0.97,AWC 135,Blank,blank,equus
c00f388a-c0d0-4009-9c6c-5cffa226d18a,sequenceID:6589e895-2934-4a97-af47-1b6b5c23150b,6589e895-2934-4a97-af47-1b6b5c23150b,6589e895-2934-4a97-af47-1b6b5c23150b,c1e11e45-d623-4d7e-b523-276232ecb843,Equus,0.53,AWC 135,Blank,blank,equus
c00f388a-c0d0-4009-9c6c-5cffa226d18a,sequenceID:6589e895-2934-4a97-af47-1b6b5c23150b,6589e895-2934-4a97-af47-1b6b5c23150b,6589e895-2934-4a97-af47-1b6b5c23150b,c1e11e45-d623-4d7e-b523-276232ecb843,Capra hircus,0.94,AWC 135,Blank,blank,capra hircus
b970bf50-fe0b-4929-9604-439a238a0726,sequenceID:0ee5a2dd-8b1f-4a57-8616-f1a45baf8e08,0ee5a2dd-8b1f-4a57-8616-f1a45baf8e08,0ee5a2dd-8b1f-4a57-8616-f1a45baf8e08,c1e11e45-d623-4d7e-b523-276232ecb843,,0.5,AWC 135,Blank,blank,nan
3831615f-f812-4604-a0a0-8052d6b9ccb2,sequenceID:c0248aac-f483-49c9-ab8a-8013cf38fc11,c0248aac-f483-49c9-ab8a-8013cf38fc11,c0248aac-f483-49c9-ab8a-8013cf38fc11,c1e11e45-d623-4d7e-b523-276232ecb843,Equus,0.89,AWC 135,Blank,blank,equus
9c2016f3-10cf-4fa8-8140-0ba8a6810f0c,sequenceID:1ecf0f7f-7928-45d9-b0ad-44d871ee931c,1ecf0f7f-7928-45d9-b0ad-44d871ee931c,1ecf0f7f-7928-45d9-b0ad-44d871ee931c,c1e11e45-d623-4d7e-b523-276232ecb843,Amphibolurus muricatus,0.52,AWC 135,Blank,blank,amphibolurus muricatus
a6d742bc-589c-4876-843a-61ec9e04354e,sequenceID:cf164b20-ef54-489f-95cb-6c029d152f26,cf164b20-ef54-489f-95cb-6c029d152f26,cf164b20-ef54-489f-95cb-6c029d152f26,c1e11e45-d623-4d7e-b523-276232ecb843,,0.0,,Blank,blank,nan
28fbdfd4-9ec0-4549-9991-11108fa3fa96,sequenceID:c528b57f-5690-4b74-a61f-0bfb674cbe8d,c528b57f-5690-4b74-a61f-0bfb674cbe8d,c528b57f-5690-4b74-a61f-0bfb674cbe8d,c1e11e45-d623-4d7e-b523-276232ecb843,Capra hircus,0.78,AWC 135,Blank,blank,capra hircus
f3698945-40b1-4c31-85ef-85c3bced7baa,sequenceID:c3387f2b-12c3-492a-8429-d5162354e3e3,c3387f2b-12c3-492a-8429-d5162354e3e3,c3387f2b-12c3-492a-8429-d5162354e3e3,c1e11e45-d623-4d7e-b523-276232ecb843,Capra hircus,0.6,AWC 135,Blank,blank,capra hircus
efaa17a2-b21c-4f99-815d-f679b7b0f642,sequenceID:1aa68837-ff56-4309-a973-13d857802ed0,1aa68837-ff56-4309-a973-13d857802ed0,1aa68837-ff56-4309-a973-13d857802ed0,c1e11e45-d623-4d7e-b523-276232ecb843,,0.0,,Blank,blank,nan
7f6980be-0c76-4afb-831a-48c5b0057ac4,sequenceID:17af3723-b4d7-425a-bb58-be7e04f3cf85,17af3723-b4d7-425a-bb58-be7e04f3cf85,17af3723-b4d7-425a-bb58-be7e04f3cf85,c1e11e45-d623-4d7e-b523-276232ecb843,Equus,0.76,AWC 135,Blank,blank,equus
e3d88f6c-5644-40eb-92db-75cf255c01aa,sequenceID:fc24c266-8852-4ea0-935e-9ffb28428fc1,fc24c266-8852-4ea0-935e-9ffb28428fc1,fc24c266-8852-4ea0-935e-9ffb28428fc1,c1e11e45-d623-4d7e-b523-276232ecb843,,0.0,,Blank,blank,nan
4705d98b-9bfe-4aa6-83c6-d962fea41334,sequenceID:1d7c62ab-1b54-4c31-8aa9-db064f2ffab2,1d7c62ab-1b54-4c31-8aa9-db064f2ffab2,1d7c62ab-1b54-4c31-8aa9-db064f2ffab2,c1e11e45-d623-4d7e-b523-276232ecb843,Bos taurus,0.53,AWC 135,Blank,blank,bos taurus
3708a5d2-767e-410f-8115-15262e8d5914,sequenceID:26507d6e-133b-4c25-b64a-882d505841fb,26507d6e-133b-4c25-b64a-882d505841fb,26507d6e-133b-4c25-b64a-882d505841fb,c1e11e45-d623-4d7e-b523-276232ecb843,,0.0,,Blank,blank,nan
05d6e77f-f19e-4277-833a-1ab4e9631820,sequenceID:089e4cca-c4fb-47eb-b769-8d2ce5fface9,089e4cca-c4fb-47eb-b769-8d2ce5fface9,089e4cca-c4fb-47eb-b769-8d2ce5fface9,c1e11e45-d623-4d7e-b523-276232ecb843,Equus,0.78,AWC 135,Blank,blank,equus
05d6e77f-f19e-4277-833a-1ab4e9631820,sequenceID:089e4cca-c4fb-47eb-b769-8d2ce5fface9,089e4cca-c4fb-47eb-b769-8d2ce5fface9,089e4cca-c4fb-47eb-b769-8d2ce5fface9,c1e11e45-d623-4d7e-b523-276232ecb843,Capra hircus,0.95,AWC 135,Blank,blank,capra hircus
9a823535-5d45-4800-8ecd-0f7902d13852,sequenceID:25c8fb99-4072-46f0-8507-165b3a6af1b1,25c8fb99-4072-46f0-8507-165b3a6af1b1,25c8fb99-4072-46f0-8507-165b3a6af1b1,c1e11e45-d623-4d7e-b523-276232ecb843,Capra hircus,0.99,AWC 135,Blank,blank,capra hircus
b4da8c2c-c265-48cb-a18e-7f6bef4b79c5,sequenceID:e7fbbb53-5bae-4253-b7de-276d1f575267,e7fbbb53-5bae-4253-b7de-276d1f575267,e7fbbb53-5bae-4253-b7de-276d1f575267,c1e11e45-d623-4d7e-b523-276232ecb843,Equus,0.86,AWC 135,Blank,blank,equus
b4da8c2c-c265-48cb-a18e-7f6bef4b79c5,sequenceID:e7fbbb53-5bae-4253-b7de-276d1f575267,e7fbbb53-5bae-4253-b7de-276d1f575267,e7fbbb53-5bae-4253-b7de-276d1f575267,c1e11e45-d623-4d7e-b523-276232ecb843,wallabia bicolor,0.67,AWC 135,Blank,blank,wallabia bicolor
f61445f6-342a-4728-a68d-37d0db0459d5,sequenceID:6a288b5c-43f0-4452-88b2-1a54a74f2523,6a288b5c-43f0-4452-88b2-1a54a74f2523,6a288b5c-43f0-4452-88b2-1a54a74f2523,c1e11e45-d623-4d7e-b523-276232ecb843,Equus,0.87,AWC 135,Blank,blank,equus
f61445f6-342a-4728-a68d-37d0db0459d5,sequenceID:6a288b5c-43f0-4452-88b2-1a54a74f2523,6a288b5c-43f0-4452-88b2-1a54a74f2523,6a288b5c-43f0-4452-88b2-1a54a74f2523,c1e11e45-d623-4d7e-b523-276232ecb843,Capra hircus,0.5,AWC 135,Blank,blank,capra hircus
5934f97d-a871-4f1e-b9e1-590e0957769e,sequenceID:838b2525-ba48-495d-b2a1-a01ae484588d,838b2525-ba48-495d-b2a1-a01ae484588d,838b2525-ba48-495d-b2a1-a01ae484588d,c1e11e45-d623-4d7e-b523-276232ecb843,Capra hircus,0.55,AWC 135,Blank,blank,capra hircus
832bf9ad-0f11-47a0-9326-3d5d719dc5e9,sequenceID:3c89a50d-33cb-42ab-b31a-18180d93b461,3c89a50d-33cb-42ab-b31a-18180d93b461,3c89a50d-33cb-42ab-b31a-18180d93b461,c1e11e45-d623-4d7e-b523-276232ecb843,Equus,0.68,AWC 135,Blank,blank,equus
832bf9ad-0f11-47a0-9326-3d5d719dc5e9,sequenceID:3c89a50d-33cb-42ab-b31a-18180d93b461,3c89a50d-33cb-42ab-b31a-18180d93b461,3c89a50d-33cb-42ab-b31a-18180d93b461,c1e11e45-d623-4d7e-b523-276232ecb843,Capra hircus,0.96,AWC 135,Blank,blank,capra hircus
b0df7124-b662-463d-af2d-96411e9f0863,sequenceID:1a34cf5d-754e-4243-8d92-08437bebd90d,1a34cf5d-754e-4243-8d92-08437bebd90d,1a34cf5d-754e-4243-8d92-08437bebd90d,c1e11e45-d623-4d7e-b523-276232ecb843,,0.0,,Blank,blank,nan
0b0fdd7b-e16a-448b-92cc-0a7773bd333e,sequenceID:397cfec4-92d9-440b-8f88-7295ad392884,397cfec4-92d9-440b-8f88-7295ad392884,397cfec4-92d9-440b-8f88-7295ad392884,c1e11e45-d623-4d7e-b523-276232ecb843,Capra hircus,0.88,AWC 135,Blank,blank,capra hircus
4853dccd-533c-4865-82a1-f84daeb59da6,sequenceID:67d4c764-0c0f-4fed-a6f2-e9e64a85dcdd,67d4c764-0c0f-4fed-a6f2-e9e64a85dcdd,67d4c764-0c0f-4fed-a6f2-e9e64a85dcdd,c1e11e45-d623-4d7e-b523-276232ecb843,Amphibolurus muricatus,0.93,AWC 135,Blank,blank,amphibolurus muricatus
f4c6369c-075a-469f-86e3-a9e03552f5af,sequenceID:a153feb6-e292-463c-902f-41792dac290e,a153feb6-e292-463c-902f-41792dac290e,a153feb6-e292-463c-902f-41792dac290e,c1e11e45-d623-4d7e-b523-276232ecb843,,0.0,,Blank,blank,nan
46608dd7-7618-4537-b17a-11b1e48265b5,sequenceID:628027d9-7456-4268-be63-45656b281991,628027d9-7456-4268-be63-45656b281991,628027d9-7456-4268-be63-45656b281991,c1e11e45-d623-4d7e-b523-276232ecb843,Capra hircus,0.72,AWC 135,Blank,blank,capra hircus
46608dd7-7618-4537-b17a-11b1e48265b5,sequenceID:628027d9-7456-4268-be63-45656b281991,628027d9-7456-4268-be63-45656b281991,628027d9-7456-4268-be63-45656b281991,c1e11e45-d623-4d7e-b523-276232ecb843,Equus,0.76,AWC 135,Blank,blank,equus
136f676a-ba05-435f-aa15-9013dd285c5f,sequenceID:62c007ea-9933-4e64-940b-8859327b40f5,62c007ea-9933-4e64-940b-8859327b40f5,62c007ea-9933-4e64-940b-8859327b40f5,c1e11e45-d623-4d7e-b523-276232ecb843,,0.0,,Blank,blank,nan
7adff462-f52d-4376-a05f-268746d2ae07,sequenceID:e647bb2a-003c-440f-a9ea-16c267059209,e647bb2a-003c-440f-a9ea-16c267059209,e647bb2a-003c-440f-a9ea-16c267059209,c1e11e45-d623-4d7e-b523-276232ecb843,Equus,0.96,AWC 135,Blank,blank,equus
7adff462-f52d-4376-a05f-268746d2ae07,sequenceID:e647bb2a-003c-440f-a9ea-16c267059209,e647bb2a-003c-440f-a9ea-16c267059209,e647bb2a-003c-440f-a9ea-16c267059209,c1e11e45-d623-4d7e-b523-276232ecb843,Amphibolurus muricatus,0.75,AWC 135,Blank,blank,amphibolurus muricatus
475d4a97-ea1f-4372-b12b-880d1d12164b,sequenceID:059be3fb-fbfc-48db-b152-357c9c8562f4,059be3fb-fbfc-48db-b152-357c9c8562f4,059be3fb-fbfc-48db-b152-357c9c8562f4,c1e11e45-d623-4d7e-b523-276232ecb843,,0.0,,Blank,blank,nan
3ff3ef73-e93c-4376-b6bc-d0eac7934cb0,sequenceID:146c349d-3d13-4972-98a5-b13e37a5332a,146c349d-3d13-4972-98a5-b13e37a5332a,146c349d-3d13-4972-98a5-b13e37a5332a,c1e11e45-d623-4d7e-b523-276232ecb843,Equus,0.63,AWC 135,Blank,blank,equus
c5c0d498-f1d2-4e08-b43c-b8bbb868cc26,sequenceID:dc58a726-06cf-424c-aea9-fab574c3b9f8,dc58a726-06cf-424c-aea9-fab574c3b9f8,dc58a726-06cf-424c-aea9-fab574c3b9f8,c1e11e45-d623-4d7e-b523-276232ecb843,,0.0,,Blank,blank,nan
ff08b426-cbd2-4bb8-aa28-4c6ab7da48bf,sequenceID:a19ce815-0fa5-4dd2-b3be-98d66b695f04,a19ce815-0fa5-4dd2-b3be-98d66b695f04,a19ce815-0fa5-4dd2-b3be-98d66b695f04,c1e11e45-d623-4d7e-b523-276232ecb843,Equus,0.83,AWC 135,Blank,blank,equus
f7742fae-10ad-4396-90a0-0859a479a20d,sequenceID:d92b0c3d-3af7-479d-9961-85e1c42e061e,d92b0c3d-3af7-479d-9961-85e1c42e061e,d92b0c3d-3af7-479d-9961-85e1c42e061e,c1e11e45-d623-4d7e-b523-276232ecb843,Capra hircus,0.78,AWC 135,Blank,blank,capra hircus
c919c86a-fa1f-423a-b2f5-d6beb9c525ce,sequenceID:c58d04e1-abff-4cc4-a06d-5991214e28e7,c58d04e1-abff-4cc4-a06d-5991214e28e7,c58d04e1-abff-4cc4-a06d-5991214e28e7,c1e11e45-d623-4d7e-b523-276232ecb843,Capra hircus,0.96,AWC 135,Blank,blank,capra hircus
8ddb86ab-3a12-403c-b3a5-98335a4eb117,sequenceID:e84c5778-4dab-40dc-95ee-28e33699e626,e84c5778-4dab-40dc-95ee-28e33699e626,e84c5778-4dab-40dc-95ee-28e33699e626,c1e11e45-d623-4d7e-b523-276232ecb843,Amphibolurus muricatus,0.82,AWC 135,Blank,blank,amphibolurus muricatus
8ddb86ab-3a12-403c-b3a5-98335a4eb117,sequenceID:e84c5778-4dab-40dc-95ee-28e33699e626,e84c5778-4dab-40dc-95ee-28e33699e626,e84c5778-4dab-40dc-95ee-28e33699e626,c1e11e45-d623-4d7e-b523-276232ecb843,Equus,0.87,AWC 135,Blank,blank,equus
fee77c78-2e9f-413d-a579-a74bd43e586f,sequenceID:eaa30776-9b79-4c79-b188-46b1bc48dccb,eaa30776-9b79-4c79-b188-46b1bc48dccb,eaa30776-9b79-4c79-b188-46b1bc48dccb,c1e11e45-d623-4d7e-b523-276232ecb843,,0.5,AWC 135,Blank,blank,nan
55de529e-20cd-4e85-bc12-4dc93fa5fef9,sequenceID:d0747e1c-d9cf-4ba3-a2dd-679d84e4a462,d0747e1c-d9cf-4ba3-a2dd-679d84e4a462,d0747e1c-d9cf-4ba3-a2dd-679d84e4a462,c1e11e45-d623-4d7e-b523-276232ecb843,Capra hircus,0.96,AWC 135,Blank,blank,capra hircus
55de529e-20cd-4e85-bc12-4dc93fa5fef9,sequenceID:d0747e1c-d9cf-4ba3-a2dd-679d84e4a462,d0747e1c-d9cf-4ba3-a2dd-679d84e4a462,d0747e1c-d9cf-4ba3-a2dd-679d84e4a462,c1e11e45-d623-4d7e-b523-276232ecb843,Equus,0.92,AWC 135,Blank,blank,equus
78d2f82c-5ab4-41d3-bf2e-58823e51d636,sequenceID:559dc982-db6c-4d88-95f9-657664a8adf8,559dc982-db6c-4d88-95f9-657664a8adf8,559dc982-db6c-4d88-95f9-657664a8adf8,c1e11e45-d623-4d7e-b523-276232ecb843,Amphibolurus muricatus,0.63,AWC 135,Blank,blank,amphibolurus muricatus
90a62b4d-1466-4cef-9077-ff4e7588595a,sequenceID:57ace2f4-647b-4ca9-9082-13d047aafcbb,57ace2f4-647b-4ca9-9082-13d047aafcbb,57ace2f4-647b-4ca9-9082-13d047aafcbb,c1e11e45-d623-4d7e-b523-276232ecb843,Amphibolurus muricatus,0.65,AWC 135,Blank,blank,amphibolurus muricatus
87cb5c4c-28f6-4718-8aa0-b7bd5e41730c,sequenceID:79bf80b2-9bec-46ad-86b6-3a6f4c82c239,79bf80b2-9bec-46ad-86b6-3a6f4c82c239,79bf80b2-9bec-46ad-86b6-3a6f4c82c239,c1e11e45-d623-4d7e-b523-276232ecb843,Equus,0.86,AWC 135,Blank,blank,equus
87cb5c4c-28f6-4718-8aa0-b7bd5e41730c,sequenceID:79bf80b2-9bec-46ad-86b6-3a6f4c82c239,79bf80b2-9bec-46ad-86b6-3a6f4c82c239,79bf80b2-9bec-46ad-86b6-3a6f4c82c239,c1e11e45-d623-4d7e-b523-276232ecb843,Amphibolurus muricatus,0.59,AWC 135,Blank,blank,amphibolurus muricatus
26a60b46-d2f9-4eeb-a542-cbae1e691ea8,sequenceID:c0b9092a-1785-4c70-a820-ab1339e5cf9b,c0b9092a-1785-4c70-a820-ab1339e5cf9b,c0b9092a-1785-4c70-a820-ab1339e5cf9b,c1e11e45-d623-4d7e-b523-276232ecb843,Capra hircus,0.94,AWC 135,Blank,blank,capra hircus
6620012c-b581-44ba-9bae-6480da767ceb,sequenceID:bde8ba21-3460-44dd-bd61-33d6b5e5ec71,bde8ba21-3460-44dd-bd61-33d6b5e5ec71,bde8ba21-3460-44dd-bd61-33d6b5e5ec71,c1e11e45-d623-4d7e-b523-276232ecb843,Equus,0.88,AWC 135,Blank,blank,equus
ffad80d2-9089-481a-831b-2ca5db09102f,sequenceID:95305fd7-f0a2-4581-89ce-c124216313d1,95305fd7-f0a2-4581-89ce-c124216313d1,95305fd7-f0a2-4581-89ce-c124216313d1,c1e11e45-d623-4d7e-b523-276232ecb843,Amphibolurus muricatus,0.52,AWC 135,Blank,blank,amphibolurus muricatus
b3504cfe-74c1-41d3-97d3-bfd3a87acaf4,sequenceID:e3126533-4b8d-4899-90dc-643831a0b32b,e3126533-4b8d-4899-90dc-643831a0b32b,e3126533-4b8d-4899-90dc-643831a0b32b,c1e11e45-d623-4d7e-b523-276232ecb843,,0.0,,Blank,blank,nan
c1c37496-dd0b-4591-aa3e-53e3967107d0,sequenceID:00e70579-91e3-4736-a261-ed6e37d5f6db,00e70579-91e3-4736-a261-ed6e37d5f6db,00e70579-91e3-4736-a261-ed6e37d5f6db,c1e11e45-d623-4d7e-b523-276232ecb843,,0.5,AWC 135,Blank,blank,nan
6a503b7a-0a34-45b2-95ee-483bfb58c588,sequenceID:e30fbe9e-ec24-43ed-8e2b-8650d936e30b,e30fbe9e-ec24-43ed-8e2b-8650d936e30b,e30fbe9e-ec24-43ed-8e2b-8650d936e30b,c1e11e45-d623-4d7e-b523-276232ecb843,Capra hircus,0.99,AWC 135,Blank,blank,capra hircus
e4b9de0b-bf7e-47dd-a198-80e5bdb610f3,sequenceID:bc332684-7926-483d-9bda-838db3c392ab,bc332684-7926-483d-9bda-838db3c392ab,bc332684-7926-483d-9bda-838db3c392ab,c1e11e45-d623-4d7e-b523-276232ecb843,,0.0,,Blank,blank,nan
05c0fad9-00f9-4afa-8d1f-407ce5544c05,sequenceID:67a40857-4cb0-41ee-b091-bd32c38d57ad,67a40857-4cb0-41ee-b091-bd32c38d57ad,67a40857-4cb0-41ee-b091-bd32c38d57ad,c1e11e45-d623-4d7e-b523-276232ecb843,,0.0,,Blank,blank,nan
7041474a-3d55-4715-bf00-494784a5da7d,sequenceID:99043a76-4e78-4d28-9fa2-97f021475f60,99043a76-4e78-4d28-9fa2-97f021475f60,99043a76-4e78-4d28-9fa2-97f021475f60,c1e11e45-d623-4d7e-b523-276232ecb843,Equus,0.92,AWC 135,Blank,blank,equus
896a01af-0bbb-4ea9-830f-98557bb96ac1,sequenceID:54d681ce-f4a8-4f58-b4bb-28883bf9f53a,54d681ce-f4a8-4f58-b4bb-28883bf9f53a,54d681ce-f4a8-4f58-b4bb-28883bf9f53a,c1e11e45-d623-4d7e-b523-276232ecb843,Myrmecobius fasciatus,0.54,AWC 135,Blank,blank,myrmecobius fasciatus
6e911ac2-5e38-43e1-a1cb-aae16cb8bb18,sequenceID:220bc3a9-d1a5-4eeb-9734-97293bff9d8a,220bc3a9-d1a5-4eeb-9734-97293bff9d8a,220bc3a9-d1a5-4eeb-9734-97293bff9d8a,c1e11e45-d623-4d7e-b523-276232ecb843,,0.0,,Blank,blank,nan
3e518c4c-e469-4093-a420-f335f685633f,sequenceID:ebad613f-7abe-4a69-ab67-a2551a963913,ebad613f-7abe-4a69-ab67-a2551a963913,ebad613f-7abe-4a69-ab67-a2551a963913,c1e11e45-d623-4d7e-b523-276232ecb843,Equus,0.63,AWC 135,Blank,blank,equus
5208ea0e-c6ed-41a8-abb5-685fd3aa7136,sequenceID:787336ae-eb0a-4040-b9f8-c30ebbfdf3b7,787336ae-eb0a-4040-b9f8-c30ebbfdf3b7,787336ae-eb0a-4040-b9f8-c30ebbfdf3b7,c1e11e45-d623-4d7e-b523-276232ecb843,Bos taurus,0.58,AWC 135,Blank,blank,bos taurus
5208ea0e-c6ed-41a8-abb5-685fd3aa7136,sequenceID:787336ae-eb0a-4040-b9f8-c30ebbfdf3b7,787336ae-eb0a-4040-b9f8-c30ebbfdf3b7,787336ae-eb0a-4040-b9f8-c30ebbfdf3b7,c1e11e45-d623-4d7e-b523-276232ecb843,Equus,0.8,AWC 135,Blank,blank,equus
6ff22078-f4cf-4e8f-9aa4-6b310e98fd9d,sequenceID:ded36f61-2f65-4c9d-8e62-1c9ef7a090a1,ded36f61-2f65-4c9d-8e62-1c9ef7a090a1,ded36f61-2f65-4c9d-8e62-1c9ef7a090a1,c1e11e45-d623-4d7e-b523-276232ecb843,Capra hircus,0.88,AWC 135,Blank,blank,capra hircus
6ff22078-f4cf-4e8f-9aa4-6b310e98fd9d,sequenceID:ded36f61-2f65-4c9d-8e62-1c9ef7a090a1,ded36f61-2f65-4c9d-8e62-1c9ef7a090a1,ded36f61-2f65-4c9d-8e62-1c9ef7a090a1,c1e11e45-d623-4d7e-b523-276232ecb843,Equus,0.69,AWC 135,Blank,blank,equus
4c3c245a-05fb-419d-846e-4dbd57c8e3a3,sequenceID:389d3817-29fc-461b-8c42-c1bee8827839,389d3817-29fc-461b-8c42-c1bee8827839,389d3817-29fc-461b-8c42-c1bee8827839,c1e11e45-d623-4d7e-b523-276232ecb843,Equus,0.94,AWC 135,Blank,blank,equus
4c3c245a-05fb-419d-846e-4dbd57c8e3a3,sequenceID:389d3817-29fc-461b-8c42-c1bee8827839,389d3817-29fc-461b-8c42-c1bee8827839,389d3817-29fc-461b-8c42-c1bee8827839,c1e11e45-d623-4d7e-b523-276232ecb843,Capra hircus,0.76,AWC 135,Blank,blank,capra hircus
4df47c43-9d7d-4dae-8096-36608ea83e40,sequenceID:0d66669f-f103-4107-a207-cfa180364bf0,0d66669f-f103-4107-a207-cfa180364bf0,0d66669f-f103-4107-a207-cfa180364bf0,c1e11e45-d623-4d7e-b523-276232ecb843,Capra hircus,0.77,AWC 135,Blank,blank,capra hircus
4df47c43-9d7d-4dae-8096-36608ea83e40,sequenceID:0d66669f-f103-4107-a207-cfa180364bf0,0d66669f-f103-4107-a207-cfa180364bf0,0d66669f-f103-4107-a207-cfa180364bf0,c1e11e45-d623-4d7e-b523-276232ecb843,Equus,0.89,AWC 135,Blank,blank,equus
66ec9b5f-5338-417b-8a39-bd75ea11538b,sequenceID:fcd01d58-073e-441e-b2b3-99daf6f6f827,fcd01d58-073e-441e-b2b3-99daf6f6f827,fcd01d58-073e-441e-b2b3-99daf6f6f827,c1e11e45-d623-4d7e-b523-276232ecb843,Capra hircus,0.85,AWC 135,Blank,blank,capra hircus
d1a7b58b-efb0-473c-b315-875721cd6ca9,sequenceID:b3b05323-72e5-48af-97a1-f6bfa783df66,b3b05323-72e5-48af-97a1-f6bfa783df66,b3b05323-72e5-48af-97a1-f6bfa783df66,c1e11e45-d623-4d7e-b523-276232ecb843,Equus,0.89,AWC 135,Blank,blank,equus
ec27a712-9c38-4779-8f56-d923a0f2ec92,sequenceID:fd93ba20-9e77-4ead-b39c-f29e5ef31fb4,fd93ba20-9e77-4ead-b39c-f29e5ef31fb4,fd93ba20-9e77-4ead-b39c-f29e5ef31fb4,c1e11e45-d623-4d7e-b523-276232ecb843,Equus,0.93,AWC 135,Blank,blank,equus
ec27a712-9c38-4779-8f56-d923a0f2ec92,sequenceID:fd93ba20-9e77-4ead-b39c-f29e5ef31fb4,fd93ba20-9e77-4ead-b39c-f29e5ef31fb4,fd93ba20-9e77-4ead-b39c-f29e5ef31fb4,c1e11e45-d623-4d7e-b523-276232ecb843,Capra hircus,0.82,AWC 135,Blank,blank,capra hircus
50956e69-3912-4e12-8bb1-91aaaaf6f9d0,sequenceID:efc9f561-2ab7-48e9-8a70-ca3182d23ced,efc9f561-2ab7-48e9-8a70-ca3182d23ced,efc9f561-2ab7-48e9-8a70-ca3182d23ced,c1e11e45-d623-4d7e-b523-276232ecb843,Amphibolurus muricatus,0.82,AWC 135,Blank,blank,amphibolurus muricatus
50956e69-3912-4e12-8bb1-91aaaaf6f9d0,sequenceID:efc9f561-2ab7-48e9-8a70-ca3182d23ced,efc9f561-2ab7-48e9-8a70-ca3182d23ced,efc9f561-2ab7-48e9-8a70-ca3182d23ced,c1e11e45-d623-4d7e-b523-276232ecb843,Equus,0.89,AWC 135,Blank,blank,equus
5e6efbd0-2d1a-473e-ac3b-d4c19a5d7b5f,sequenceID:7aadee84-3b4a-4fe0-b3ab-69bb01e5d9b2,7aadee84-3b4a-4fe0-b3ab-69bb01e5d9b2,7aadee84-3b4a-4fe0-b3ab-69bb01e5d9b2,c1e11e45-d623-4d7e-b523-276232ecb843,Equus,0.85,AWC 135,Blank,blank,equus
5e6efbd0-2d1a-473e-ac3b-d4c19a5d7b5f,sequenceID:7aadee84-3b4a-4fe0-b3ab-69bb01e5d9b2,7aadee84-3b4a-4fe0-b3ab-69bb01e5d9b2,7aadee84-3b4a-4fe0-b3ab-69bb01e5d9b2,c1e11e45-d623-4d7e-b523-276232ecb843,Capra hircus,0.78,AWC 135,Blank,blank,capra hircus
9d5f0390-31cb-4a73-beaa-d37a665e8a90,sequenceID:223bbb9a-8594-426d-a243-e75de568c459,223bbb9a-8594-426d-a243-e75de568c459,223bbb9a-8594-426d-a243-e75de568c459,c1e11e45-d623-4d7e-b523-276232ecb843,Capra hircus,0.77,AWC 135,Blank,blank,capra hircus
9d5f0390-31cb-4a73-beaa-d37a665e8a90,sequenceID:223bbb9a-8594-426d-a243-e75de568c459,223bbb9a-8594-426d-a243-e75de568c459,223bbb9a-8594-426d-a243-e75de568c459,c1e11e45-d623-4d7e-b523-276232ecb843,Equus,0.94,AWC 135,Blank,blank,equus
a332087d-45a6-4bd8-8fe9-fe7634791fb4,sequenceID:5a5e7ccb-eefc-41fa-80b1-8398081afb43,5a5e7ccb-eefc-41fa-80b1-8398081afb43,5a5e7ccb-eefc-41fa-80b1-8398081afb43,c1e11e45-d623-4d7e-b523-276232ecb843,Capra hircus,0.91,AWC 135,Blank,blank,capra hircus
a332087d-45a6-4bd8-8fe9-fe7634791fb4,sequenceID:5a5e7ccb-eefc-41fa-80b1-8398081afb43,5a5e7ccb-eefc-41fa-80b1-8398081afb43,5a5e7ccb-eefc-41fa-80b1-8398081afb43,c1e11e45-d623-4d7e-b523-276232ecb843,Equus,0.75,AWC 135,Blank,blank,equus
bba8739d-5c99-4422-98ac-ab808fb53110,sequenceID:8a62ff94-a93f-4dff-8f04-2a518dfdd8d5,8a62ff94-a93f-4dff-8f04-2a518dfdd8d5,8a62ff94-a93f-4dff-8f04-2a518dfdd8d5,c1e11e45-d623-4d7e-b523-276232ecb843,Equus,0.91,AWC 135,Blank,blank,equus
360e5178-9218-4d73-94d5-f1f81e4ab2d1,sequenceID:95db2b87-344b-46c0-bcf4-30c128630fe8,95db2b87-344b-46c0-bcf4-30c128630fe8,95db2b87-344b-46c0-bcf4-30c128630fe8,c1e11e45-d623-4d7e-b523-276232ecb843,Equus,0.77,AWC 135,Blank,blank,equus
360e5178-9218-4d73-94d5-f1f81e4ab2d1,sequenceID:95db2b87-344b-46c0-bcf4-30c128630fe8,95db2b87-344b-46c0-bcf4-30c128630fe8,95db2b87-344b-46c0-bcf4-30c128630fe8,c1e11e45-d623-4d7e-b523-276232ecb843,Capra hircus,0.96,AWC 135,Blank,blank,capra hircus
5c4140d6-920d-4251-a64b-7d6927758ad9,sequenceID:6afde8ea-fba0-4af5-8e07-9e66cfd30a7c,6afde8ea-fba0-4af5-8e07-9e66cfd30a7c,6afde8ea-fba0-4af5-8e07-9e66cfd30a7c,c1e11e45-d623-4d7e-b523-276232ecb843,Amphibolurus muricatus,0.8,AWC 135,Blank,blank,amphibolurus muricatus
af27cf2d-be64-47aa-b55e-ab4f18fd88ca,sequenceID:02b9a596-458b-422e-9768-c9e9c7aba7b7,02b9a596-458b-422e-9768-c9e9c7aba7b7,02b9a596-458b-422e-9768-c9e9c7aba7b7,c1e11e45-d623-4d7e-b523-276232ecb843,,0.0,,Blank,blank,nan
794e2ba7-5def-494a-9f62-d3b81048c08b,sequenceID:8ed53c36-1f79-462f-b933-05726687f92a,8ed53c36-1f79-462f-b933-05726687f92a,8ed53c36-1f79-462f-b933-05726687f92a,c1e11e45-d623-4d7e-b523-276232ecb843,Capra hircus,0.97,AWC 135,Blank,blank,capra hircus
687672c0-b36f-412c-a44e-e7b015a0e112,sequenceID:3fe37b0a-2c6e-4319-b46a-45b497fb906c,3fe37b0a-2c6e-4319-b46a-45b497fb906c,3fe37b0a-2c6e-4319-b46a-45b497fb906c,c1e11e45-d623-4d7e-b523-276232ecb843,Capra hircus,0.93,AWC 135,Blank,blank,capra hircus
687672c0-b36f-412c-a44e-e7b015a0e112,sequenceID:3fe37b0a-2c6e-4319-b46a-45b497fb906c,3fe37b0a-2c6e-4319-b46a-45b497fb906c,3fe37b0a-2c6e-4319-b46a-45b497fb906c,c1e11e45-d623-4d7e-b523-276232ecb843,Equus,0.55,AWC 135,Blank,blank,equus
410908b1-432c-4259-b8ab-282401d0e0f8,sequenceID:ac111b26-0bd4-4192-88d7-3c97d048f9ee,ac111b26-0bd4-4192-88d7-3c97d048f9ee,ac111b26-0bd4-4192-88d7-3c97d048f9ee,c1e11e45-d623-4d7e-b523-276232ecb843,Capra hircus,0.79,AWC 135,Blank,blank,capra hircus
410908b1-432c-4259-b8ab-282401d0e0f8,sequenceID:ac111b26-0bd4-4192-88d7-3c97d048f9ee,ac111b26-0bd4-4192-88d7-3c97d048f9ee,ac111b26-0bd4-4192-88d7-3c97d048f9ee,c1e11e45-d623-4d7e-b523-276232ecb843,Equus,0.88,AWC 135,Blank,blank,equus
939bdddb-0acb-4a45-8ed5-24a3dd53713f,sequenceID:4e761bd7-629f-4044-a160-ae06e0095c84,4e761bd7-629f-4044-a160-ae06e0095c84,4e761bd7-629f-4044-a160-ae06e0095c84,c1e11e45-d623-4d7e-b523-276232ecb843,,0.0,,Blank,blank,nan
29a066bb-c939-4a66-b97b-a0e977175537,sequenceID:ca0dd7e2-4cba-4856-9309-a71e2aaafa3d,ca0dd7e2-4cba-4856-9309-a71e2aaafa3d,ca0dd7e2-4cba-4856-9309-a71e2aaafa3d,c1e11e45-d623-4d7e-b523-276232ecb843,Amphibolurus muricatus,0.82,AWC 135,Blank,blank,amphibolurus muricatus
22437817-c6b1-4e94-8d3a-0317253a62eb,sequenceID:3865b1c8-3304-427b-b56c-12a6de6a5b3f,3865b1c8-3304-427b-b56c-12a6de6a5b3f,3865b1c8-3304-427b-b56c-12a6de6a5b3f,c1e11e45-d623-4d7e-b523-276232ecb843,,0.0,,Blank,blank,nan
059475fb-af1c-4a37-bfe6-f108a1cd7c5f,sequenceID:b4b83533-af32-4590-925d-44456e569e44,b4b83533-af32-4590-925d-44456e569e44,b4b83533-af32-4590-925d-44456e569e44,c1e11e45-d623-4d7e-b523-276232ecb843,,0.5,AWC 135,Blank,blank,nan
f3bab2e4-75a2-49c6-a005-d1651a7353ee,sequenceID:0219f321-ccc4-4483-8008-82d67b3b0c99,0219f321-ccc4-4483-8008-82d67b3b0c99,0219f321-ccc4-4483-8008-82d67b3b0c99,c1e11e45-d623-4d7e-b523-276232ecb843,Equus,0.8,AWC 135,Blank,blank,equus
1e144e86-1a43-4835-acea-9c20d1d97b35,sequenceID:8652ba87-dd03-4298-85ef-b2f1eeb618d7,8652ba87-dd03-4298-85ef-b2f1eeb618d7,8652ba87-dd03-4298-85ef-b2f1eeb618d7,c1e11e45-d623-4d7e-b523-276232ecb843,Capra hircus,0.52,AWC 135,Blank,blank,capra hircus
ff014cfc-e2c2-445b-95e6-92530ca17f12,sequenceID:3605839e-d9ee-4e1a-91e2-5f76cecb346b,3605839e-d9ee-4e1a-91e2-5f76cecb346b,3605839e-d9ee-4e1a-91e2-5f76cecb346b,c1e11e45-d623-4d7e-b523-276232ecb843,Equus,0.86,AWC 135,Blank,blank,equus
ff014cfc-e2c2-445b-95e6-92530ca17f12,sequenceID:3605839e-d9ee-4e1a-91e2-5f76cecb346b,3605839e-d9ee-4e1a-91e2-5f76cecb346b,3605839e-d9ee-4e1a-91e2-5f76cecb346b,c1e11e45-d623-4d7e-b523-276232ecb843,Bos taurus,0.51,AWC 135,Blank,blank,bos taurus
6fab3cce-a947-4985-8e98-a695766c3d52,sequenceID:ad6754c4-ea75-4597-9052-911b9b5dabbf,ad6754c4-ea75-4597-9052-911b9b5dabbf,ad6754c4-ea75-4597-9052-911b9b5dabbf,c1e11e45-d623-4d7e-b523-276232ecb843,Amphibolurus muricatus,0.86,AWC 135,Blank,blank,amphibolurus muricatus
731eec2d-151a-42bf-b5b7-2a20a4a11c6c,sequenceID:c7f2e4a1-a422-4a44-8615-557782ea0a3d,c7f2e4a1-a422-4a44-8615-557782ea0a3d,c7f2e4a1-a422-4a44-8615-557782ea0a3d,c1e11e45-d623-4d7e-b523-276232ecb843,,0.5,AWC 135,Blank,blank,nan
51489ab6-28c8-4bcc-ba66-542903849be8,sequenceID:076053c5-39e6-4b09-a7b3-b581037d546f,076053c5-39e6-4b09-a7b3-b581037d546f,076053c5-39e6-4b09-a7b3-b581037d546f,c1e11e45-d623-4d7e-b523-276232ecb843,,0.5,AWC 135,Blank,blank,nan
87bff9b8-6969-422a-b69f-43b878993fb5,sequenceID:5cd70741-6cc5-4753-a405-aaf9cb0ee757,5cd70741-6cc5-4753-a405-aaf9cb0ee757,5cd70741-6cc5-4753-a405-aaf9cb0ee757,c1e11e45-d623-4d7e-b523-276232ecb843,Amphibolurus muricatus,0.51,AWC 135,Blank,blank,amphibolurus muricatus
bc04ea2f-5909-4458-b784-f82f647f59f7,sequenceID:05acd442-c641-4723-8fcf-0ad33fc58096,05acd442-c641-4723-8fcf-0ad33fc58096,05acd442-c641-4723-8fcf-0ad33fc58096,c1e11e45-d623-4d7e-b523-276232ecb843,Amphibolurus muricatus,0.73,AWC 135,Blank,blank,amphibolurus muricatus
7e170a07-ad5d-430d-87f7-da1f74622327,sequenceID:ddb96673-f4a7-49e9-8cba-3278155c75b5,ddb96673-f4a7-49e9-8cba-3278155c75b5,ddb96673-f4a7-49e9-8cba-3278155c75b5,c1e11e45-d623-4d7e-b523-276232ecb843,Amphibolurus muricatus,0.95,AWC 135,Blank,blank,amphibolurus muricatus
d760a16a-ab86-4618-b7b3-e276f24e793e,sequenceID:c7e916b0-7c19-40bd-98ae-3826a5595ee7,c7e916b0-7c19-40bd-98ae-3826a5595ee7,c7e916b0-7c19-40bd-98ae-3826a5595ee7,c1e11e45-d623-4d7e-b523-276232ecb843,Capra hircus,0.74,AWC 135,Blank,blank,capra hircus
d760a16a-ab86-4618-b7b3-e276f24e793e,sequenceID:c7e916b0-7c19-40bd-98ae-3826a5595ee7,c7e916b0-7c19-40bd-98ae-3826a5595ee7,c7e916b0-7c19-40bd-98ae-3826a5595ee7,c1e11e45-d623-4d7e-b523-276232ecb843,Equus,0.66,AWC 135,Blank,blank,equus
a60bb843-1070-41bd-89e5-95077a7ea7ab,sequenceID:2f8845d9-3571-421e-b7d3-d84b94542f68,2f8845d9-3571-421e-b7d3-d84b94542f68,2f8845d9-3571-421e-b7d3-d84b94542f68,c1e11e45-d623-4d7e-b523-276232ecb843,,0.0,,Blank,blank,nan
35712634-1358-473d-9495-c0b5d7e3e9b9,sequenceID:92a2bcf6-a2fd-424c-87b5-40ea91a22b0c,92a2bcf6-a2fd-424c-87b5-40ea91a22b0c,92a2bcf6-a2fd-424c-87b5-40ea91a22b0c,c1e11e45-d623-4d7e-b523-276232ecb843,,0.0,,Blank,blank,nan
b558b0f2-e4d7-41d8-a071-3235e7e2020b,sequenceID:139b9b09-ea85-45d1-9801-f390cba2c901,139b9b09-ea85-45d1-9801-f390cba2c901,139b9b09-ea85-45d1-9801-f390cba2c901,c1e11e45-d623-4d7e-b523-276232ecb843,Bos taurus,0.65,AWC 135,Blank,blank,bos taurus
ce4a6262-ec3b-4cc3-98a8-571e066eb296,sequenceID:42d6ad86-43d6-4864-ab1a-b837118a10f0,42d6ad86-43d6-4864-ab1a-b837118a10f0,42d6ad86-43d6-4864-ab1a-b837118a10f0,c1e11e45-d623-4d7e-b523-276232ecb843,Capra hircus,0.83,AWC 135,Blank,blank,capra hircus
3dfafb16-a276-416d-93ea-4673ca816a1d,sequenceID:dbbec22c-7bb4-436c-a2f1-ec4005b99880,dbbec22c-7bb4-436c-a2f1-ec4005b99880,dbbec22c-7bb4-436c-a2f1-ec4005b99880,c1e11e45-d623-4d7e-b523-276232ecb843,Amphibolurus muricatus,0.6,AWC 135,Blank,blank,amphibolurus muricatus
10af814b-7225-4aa9-87aa-b73cc3af8b9d,sequenceID:670ffff2-c382-4340-ab08-0755783a4489,670ffff2-c382-4340-ab08-0755783a4489,670ffff2-c382-4340-ab08-0755783a4489,c1e11e45-d623-4d7e-b523-276232ecb843,Amphibolurus muricatus,0.55,AWC 135,Blank,blank,amphibolurus muricatus
22102058-3119-4f1c-99cc-e793b95c023d,sequenceID:fd8790bd-0889-4b70-9bbf-c10d5607e5fa,fd8790bd-0889-4b70-9bbf-c10d5607e5fa,fd8790bd-0889-4b70-9bbf-c10d5607e5fa,c1e11e45-d623-4d7e-b523-276232ecb843,,0.0,,Blank,blank,nan
7840d438-3b46-41e9-82dc-0ff83020e8c5,sequenceID:9b340e3c-6f99-46b6-8636-b09f20299512,9b340e3c-6f99-46b6-8636-b09f20299512,9b340e3c-6f99-46b6-8636-b09f20299512,c1e11e45-d623-4d7e-b523-276232ecb843,Capra hircus,0.79,AWC 135,Blank,blank,capra hircus
5d72b963-dc5c-4e1a-99b6-6df72634f12c,sequenceID:a45fb620-99b7-478e-a079-63351c3f5729,a45fb620-99b7-478e-a079-63351c3f5729,a45fb620-99b7-478e-a079-63351c3f5729,c1e11e45-d623-4d7e-b523-276232ecb843,tachyglossus aculeatus,0.92,AWC 135,Blank,blank,tachyglossus aculeatus
b295db31-13ce-42ac-a9a8-a4bacf18fd4a,sequenceID:723b77c1-596d-4170-90a7-8a94ce4416c7,723b77c1-596d-4170-90a7-8a94ce4416c7,723b77c1-596d-4170-90a7-8a94ce4416c7,c1e11e45-d623-4d7e-b523-276232ecb843,,0.0,,Blank,blank,nan
644d2e4f-6d71-4187-8ddd-af40fcf1eae4,sequenceID:519103b2-beb8-4e26-83a1-9a61ac6e8ebd,519103b2-beb8-4e26-83a1-9a61ac6e8ebd,519103b2-beb8-4e26-83a1-9a61ac6e8ebd,c1e11e45-d623-4d7e-b523-276232ecb843,tachyglossus aculeatus,0.96,AWC 135,Blank,blank,tachyglossus aculeatus
2eef45f5-6ada-4ac9-9605-126e79b1fc99,sequenceID:7d5c758a-1396-4486-b35b-03733848e7d0,7d5c758a-1396-4486-b35b-03733848e7d0,7d5c758a-1396-4486-b35b-03733848e7d0,c1e11e45-d623-4d7e-b523-276232ecb843,Amphibolurus muricatus,0.97,AWC 135,Blank,blank,amphibolurus muricatus
6d87d8c8-29ef-4b9a-a43f-2a11ec09ceec,sequenceID:39e05b6d-667c-408b-9034-99d7abad7c7c,39e05b6d-667c-408b-9034-99d7abad7c7c,39e05b6d-667c-408b-9034-99d7abad7c7c,c1e11e45-d623-4d7e-b523-276232ecb843,,0.5,AWC 135,Blank,blank,nan
8cb97ea7-95e0-4ce2-970e-6ef7e75beb0c,sequenceID:09cba587-e5ae-4b97-ab01-9f325b3748be,09cba587-e5ae-4b97-ab01-9f325b3748be,09cba587-e5ae-4b97-ab01-9f325b3748be,c1e11e45-d623-4d7e-b523-276232ecb843,Lasiorhinus latifrons,0.89,AWC 135,Blank,blank,lasiorhinus latifrons
630168b6-d297-48aa-8aa2-fc7cfedcbf85,sequenceID:08700860-c64d-4708-9ddb-38d7241b796b,08700860-c64d-4708-9ddb-38d7241b796b,08700860-c64d-4708-9ddb-38d7241b796b,c1e11e45-d623-4d7e-b523-276232ecb843,Lasiorhinus latifrons,0.83,AWC 135,Blank,blank,lasiorhinus latifrons
02854361-345e-42d6-ac3a-f5932b21c050,sequenceID:9ee02058-6a36-4d5f-ace8-5c14686dd7e8,9ee02058-6a36-4d5f-ace8-5c14686dd7e8,9ee02058-6a36-4d5f-ace8-5c14686dd7e8,c1e11e45-d623-4d7e-b523-276232ecb843,Aves,0.93,AWC 135,Blank,blank,aves
f5873089-54fd-4554-8af3-6d8dcef1f0aa,sequenceID:2bd76be6-2883-42f1-9936-2017ba9a8b5b,2bd76be6-2883-42f1-9936-2017ba9a8b5b,2bd76be6-2883-42f1-9936-2017ba9a8b5b,c1e11e45-d623-4d7e-b523-276232ecb843,Lagomorpha,0.99,AWC 135,Blank,blank,lagomorpha
f6a82eac-495a-4687-8c51-edb35bc541aa,sequenceID:2cb13981-a85f-4dcd-a524-e50a5c15f110,2cb13981-a85f-4dcd-a524-e50a5c15f110,2cb13981-a85f-4dcd-a524-e50a5c15f110,c1e11e45-d623-4d7e-b523-276232ecb843,,0.5,AWC 135,Blank,blank,nan
56d1a5a3-23cf-4e3e-a39d-928fc19f029c,sequenceID:7cc6d904-06e3-4ee9-84a9-d98990df82dd,7cc6d904-06e3-4ee9-84a9-d98990df82dd,7cc6d904-06e3-4ee9-84a9-d98990df82dd,c1e11e45-d623-4d7e-b523-276232ecb843,Myiopsitta monachus,0.98,AWC 135,Blank,blank,myiopsitta monachus
4cdab5ad-66d4-46bf-a43b-0c2c01422abc,sequenceID:0d6e339b-435f-4b39-87e7-4ed4b8ac5504,0d6e339b-435f-4b39-87e7-4ed4b8ac5504,0d6e339b-435f-4b39-87e7-4ed4b8ac5504,c1e11e45-d623-4d7e-b523-276232ecb843,Bettongia lesueur,0.96,AWC 135,Blank,blank,bettongia lesueur
9fc0f638-637c-4643-bf62-ba4fadf48731,sequenceID:28f65743-ad53-42b1-a502-a9e238832b2d,28f65743-ad53-42b1-a502-a9e238832b2d,28f65743-ad53-42b1-a502-a9e238832b2d,c1e11e45-d623-4d7e-b523-276232ecb843,Myiopsitta monachus,0.54,AWC 135,Blank,blank,myiopsitta monachus
e8e89b3c-8661-41a3-b33b-68379a9f00c1,sequenceID:f6caba94-a7da-4293-aa4d-6496dab202e1,f6caba94-a7da-4293-aa4d-6496dab202e1,f6caba94-a7da-4293-aa4d-6496dab202e1,c1e11e45-d623-4d7e-b523-276232ecb843,,0.0,,Blank,blank,nan
923d9c35-5484-4a4c-a0d7-1c7593e0602e,sequenceID:3a46b53c-2773-4a19-b7da-80b1a26cbef0,3a46b53c-2773-4a19-b7da-80b1a26cbef0,3a46b53c-2773-4a19-b7da-80b1a26cbef0,c1e11e45-d623-4d7e-b523-276232ecb843,Amphibolurus muricatus,0.79,AWC 135,Blank,blank,amphibolurus muricatus
15200934-6c3c-4002-be20-70f68e4fbb7f,sequenceID:787a2a79-d647-4d75-88dd-abf079098677,787a2a79-d647-4d75-88dd-abf079098677,787a2a79-d647-4d75-88dd-abf079098677,c1e11e45-d623-4d7e-b523-276232ecb843,,0.0,,Blank,blank,nan
f7828fa5-7fe2-4dde-9279-7e0fed7b531d,sequenceID:10be888b-8b06-4c91-939f-853a1c408c1f,10be888b-8b06-4c91-939f-853a1c408c1f,10be888b-8b06-4c91-939f-853a1c408c1f,c1e11e45-d623-4d7e-b523-276232ecb843,Myiopsitta monachus,0.54,AWC 135,Blank,blank,myiopsitta monachus
bda82283-aacc-440a-844c-a43fe9c1d9f0,sequenceID:52633ad0-03c7-46d5-bc9f-145ad3f599f3,52633ad0-03c7-46d5-bc9f-145ad3f599f3,52633ad0-03c7-46d5-bc9f-145ad3f599f3,c1e11e45-d623-4d7e-b523-276232ecb843,,0.0,,Blank,blank,nan
38a0c11d-f565-4728-9f19-630619dafee7,sequenceID:e8889c13-1b9e-4fe9-ab6a-f6ac9757e59c,e8889c13-1b9e-4fe9-ab6a-f6ac9757e59c,e8889c13-1b9e-4fe9-ab6a-f6ac9757e59c,c1e11e45-d623-4d7e-b523-276232ecb843,Aves,0.7,AWC 135,Blank,blank,aves
eecc90d5-f226-43ef-af99-c603ab6230aa,sequenceID:4c22abd0-cd17-4481-a15e-b3eb824520c1,4c22abd0-cd17-4481-a15e-b3eb824520c1,4c22abd0-cd17-4481-a15e-b3eb824520c1,c1e11e45-d623-4d7e-b523-276232ecb843,Aves,0.92,AWC 135,Blank,blank,aves
7ca7b62b-2221-41e9-8127-4bbf3cfc5cad,sequenceID:0b3a6455-9c01-4183-b8ce-3d09bcf40997,0b3a6455-9c01-4183-b8ce-3d09bcf40997,0b3a6455-9c01-4183-b8ce-3d09bcf40997,c1e11e45-d623-4d7e-b523-276232ecb843,Myiopsitta monachus,0.59,AWC 135,Blank,blank,myiopsitta monachus
120599c4-60a5-4966-823c-a51c47e7f0b5,sequenceID:8ede54eb-b5a6-40c1-8baf-5dedbd47de42,8ede54eb-b5a6-40c1-8baf-5dedbd47de42,8ede54eb-b5a6-40c1-8baf-5dedbd47de42,c1e11e45-d623-4d7e-b523-276232ecb843,,0.0,,Blank,blank,nan
a3d0d3a1-944a-41e7-8b4a-3fbd75ad335f,sequenceID:153ed61b-0932-46ad-84f1-db4e8dd65e48,153ed61b-0932-46ad-84f1-db4e8dd65e48,153ed61b-0932-46ad-84f1-db4e8dd65e48,c1e11e45-d623-4d7e-b523-276232ecb843,,0.0,,Blank,blank,nan
aaa611af-d4b4-4c5f-8dbd-7826769a2f57,sequenceID:17bcee91-d230-4a7b-98a0-c8a27e71f95a,17bcee91-d230-4a7b-98a0-c8a27e71f95a,17bcee91-d230-4a7b-98a0-c8a27e71f95a,c1e11e45-d623-4d7e-b523-276232ecb843,Manorina flavigula,0.86,AWC 135,Blank,blank,manorina flavigula
8215aa14-8da5-4c3d-930e-dc9d450bc249,sequenceID:094a57c5-5c07-457c-b0bd-90ffab030af3,094a57c5-5c07-457c-b0bd-90ffab030af3,094a57c5-5c07-457c-b0bd-90ffab030af3,c1e11e45-d623-4d7e-b523-276232ecb843,,0.0,,Blank,blank,nan
0e79e260-c29c-4dac-af6b-7594382391d8,sequenceID:8f9f1368-d2ac-4ee8-946b-8c5d75501c65,8f9f1368-d2ac-4ee8-946b-8c5d75501c65,8f9f1368-d2ac-4ee8-946b-8c5d75501c65,c1e11e45-d623-4d7e-b523-276232ecb843,Amphibolurus muricatus,0.56,AWC 135,Blank,blank,amphibolurus muricatus
009001a3-d56e-4e52-afa2-4e8f441f42dd,sequenceID:961a7e98-3778-4445-ac38-0c6677642415,961a7e98-3778-4445-ac38-0c6677642415,961a7e98-3778-4445-ac38-0c6677642415,c1e11e45-d623-4d7e-b523-276232ecb843,Aves,0.96,AWC 135,Blank,blank,aves
183192d6-509c-4e74-9bd3-425b1de8e70a,sequenceID:b75dfe96-bda1-4c0b-a481-bd1ed0361ee5,b75dfe96-bda1-4c0b-a481-bd1ed0361ee5,b75dfe96-bda1-4c0b-a481-bd1ed0361ee5,c1e11e45-d623-4d7e-b523-276232ecb843,,0.0,,Blank,blank,nan
1e7b0a0c-ab4b-4545-85e2-102c759d6a78,sequenceID:08476c60-915e-4dd9-aa9d-e38a7234b947,08476c60-915e-4dd9-aa9d-e38a7234b947,08476c60-915e-4dd9-aa9d-e38a7234b947,c1e11e45-d623-4d7e-b523-276232ecb843,Manorina flavigula,0.59,AWC 135,Blank,blank,manorina flavigula
3250b810-16ba-4c60-a49d-44bcacbbba74,sequenceID:8da4aeaa-e97e-4c37-a951-29404a87f3d5,8da4aeaa-e97e-4c37-a951-29404a87f3d5,8da4aeaa-e97e-4c37-a951-29404a87f3d5,c1e11e45-d623-4d7e-b523-276232ecb843,,0.0,,Blank,blank,nan
653782ac-0f21-4a74-b1b7-1e0de95ac966,sequenceID:5e88577c-e1a6-4212-aa00-d6a9f13c4a13,5e88577c-e1a6-4212-aa00-d6a9f13c4a13,5e88577c-e1a6-4212-aa00-d6a9f13c4a13,c1e11e45-d623-4d7e-b523-276232ecb843,Aves,0.53,AWC 135,Blank,blank,aves
892fce08-94ef-4144-a565-4f99259ff409,sequenceID:227ffb9b-cd4b-474f-935f-46526cdbec16,227ffb9b-cd4b-474f-935f-46526cdbec16,227ffb9b-cd4b-474f-935f-46526cdbec16,c1e11e45-d623-4d7e-b523-276232ecb843,tachyglossus aculeatus,0.99,AWC 135,Blank,blank,tachyglossus aculeatus
ef6d090a-fd4c-4d0c-9ed9-57fedc96e2dd,sequenceID:8e9a5a96-6ba4-4301-9fef-4ab376fd3788,8e9a5a96-6ba4-4301-9fef-4ab376fd3788,8e9a5a96-6ba4-4301-9fef-4ab376fd3788,c1e11e45-d623-4d7e-b523-276232ecb843,,0.5,AWC 135,Blank,blank,nan
423facf3-0cf3-44b7-93a6-67c98f873316,sequenceID:4e3e7989-7538-450b-aa75-31bf506ed32b,4e3e7989-7538-450b-aa75-31bf506ed32b,4e3e7989-7538-450b-aa75-31bf506ed32b,c1e11e45-d623-4d7e-b523-276232ecb843,Manorina flavigula,0.62,AWC 135,Blank,blank,manorina flavigula
85091e76-70b6-4eaf-b1c8-b5bd543bf9be,sequenceID:de256efa-f5dd-4fb1-bd91-fcf970a389ef,de256efa-f5dd-4fb1-bd91-fcf970a389ef,de256efa-f5dd-4fb1-bd91-fcf970a389ef,c1e11e45-d623-4d7e-b523-276232ecb843,Amphibolurus muricatus,0.51,AWC 135,Blank,blank,amphibolurus muricatus
50f32fb3-cff7-4eeb-9d1a-13fdcb85446b,sequenceID:3b093d4f-864e-4e36-889b-ff9cabf9ec77,3b093d4f-864e-4e36-889b-ff9cabf9ec77,3b093d4f-864e-4e36-889b-ff9cabf9ec77,c1e11e45-d623-4d7e-b523-276232ecb843,,0.5,AWC 135,Blank,blank,nan
c5f6e794-f1c3-4cb4-bdf8-505fd8eecc9b,sequenceID:65ad0ea3-dd68-4918-869c-174be864a724,65ad0ea3-dd68-4918-869c-174be864a724,65ad0ea3-dd68-4918-869c-174be864a724,c1e11e45-d623-4d7e-b523-276232ecb843,,0.5,AWC 135,Blank,blank,nan
9dc157ef-4097-45df-aef5-7dde4cfa2c55,sequenceID:23caf84a-6527-4bd9-a6c3-3bcfcada7a2f,23caf84a-6527-4bd9-a6c3-3bcfcada7a2f,23caf84a-6527-4bd9-a6c3-3bcfcada7a2f,c1e11e45-d623-4d7e-b523-276232ecb843,,0.5,AWC 135,Blank,blank,nan
beaeaf94-9e97-4bbe-93bd-dfb1616035e5,sequenceID:0d97cec8-4087-4bf2-96ad-f8b7b4b99bbd,0d97cec8-4087-4bf2-96ad-f8b7b4b99bbd,0d97cec8-4087-4bf2-96ad-f8b7b4b99bbd,c1e11e45-d623-4d7e-b523-276232ecb843,,0.0,,Blank,blank,nan
01c12644-680a-4cba-8f63-372d33341e4a,sequenceID:a547b7ba-3925-4b00-9ebb-80917bb165cf,a547b7ba-3925-4b00-9ebb-80917bb165cf,a547b7ba-3925-4b00-9ebb-80917bb165cf,c1e11e45-d623-4d7e-b523-276232ecb843,,0.5,AWC 135,Blank,blank,nan
578dbb7b-d516-4185-a080-66fad5f36322,sequenceID:c92583c5-9f51-4f2e-b163-9b812f3bcc2b,c92583c5-9f51-4f2e-b163-9b812f3bcc2b,c92583c5-9f51-4f2e-b163-9b812f3bcc2b,c1e11e45-d623-4d7e-b523-276232ecb843,,0.5,AWC 135,Blank,blank,nan
70cde61e-53c0-4c37-8930-13a553550895,sequenceID:d01d45d1-53e1-4862-9bda-192293fdc161,d01d45d1-53e1-4862-9bda-192293fdc161,d01d45d1-53e1-4862-9bda-192293fdc161,c1e11e45-d623-4d7e-b523-276232ecb843,,0.5,AWC 135,Blank,blank,nan
5f1c82df-44ef-4730-83cc-d4e78017d534,sequenceID:231bc06c-fdf5-4380-b01c-5da2680a74ef,231bc06c-fdf5-4380-b01c-5da2680a74ef,231bc06c-fdf5-4380-b01c-5da2680a74ef,c1e11e45-d623-4d7e-b523-276232ecb843,,0.5,AWC 135,Blank,blank,nan
d960b6cd-68f3-4dc0-a529-4f03e493de6c,sequenceID:e3ee0df4-c692-47d6-9bda-97e654da7963,e3ee0df4-c692-47d6-9bda-97e654da7963,e3ee0df4-c692-47d6-9bda-97e654da7963,c1e11e45-d623-4d7e-b523-276232ecb843,,0.5,AWC 135,Blank,blank,nan
30a29fbb-ee71-4f36-8a9a-2ab794ffcbab,sequenceID:25571f0e-a4fb-4823-8902-0604dbdb87c4,25571f0e-a4fb-4823-8902-0604dbdb87c4,25571f0e-a4fb-4823-8902-0604dbdb87c4,c1e11e45-d623-4d7e-b523-276232ecb843,,0.5,AWC 135,Blank,blank,nan
2f6e7094-fe46-4d56-8989-fe0f7753e689,sequenceID:d15b83f4-8c56-4dcc-9228-6c8f4e0349ed,d15b83f4-8c56-4dcc-9228-6c8f4e0349ed,d15b83f4-8c56-4dcc-9228-6c8f4e0349ed,c1e11e45-d623-4d7e-b523-276232ecb843,,0.5,AWC 135,Blank,blank,nan
6e46fc5c-4adb-46fd-8a5b-2de87659c8cf,sequenceID:cfb7c926-b155-4c05-b132-beb0c41108ee,cfb7c926-b155-4c05-b132-beb0c41108ee,cfb7c926-b155-4c05-b132-beb0c41108ee,c1e11e45-d623-4d7e-b523-276232ecb843,,0.5,AWC 135,Blank,blank,nan
4eaa15cb-5919-41ad-ba64-3e36faf3bf2e,sequenceID:7009939c-e5a0-499a-8ce4-dea4e902963e,7009939c-e5a0-499a-8ce4-dea4e902963e,7009939c-e5a0-499a-8ce4-dea4e902963e,c1e11e45-d623-4d7e-b523-276232ecb843,,0.5,AWC 135,Blank,blank,nan
cfae1f75-a6fd-4517-8a60-bd9c2d2d63e0,sequenceID:27c3c133-6351-4624-bed7-2cca9f82dd6e,27c3c133-6351-4624-bed7-2cca9f82dd6e,27c3c133-6351-4624-bed7-2cca9f82dd6e,c1e11e45-d623-4d7e-b523-276232ecb843,,0.5,AWC 135,Blank,blank,nan
82d2b0b2-2d1a-48ea-961f-04b27920ceed,sequenceID:8fb203c9-82db-4c3d-8663-3a2ce18bb751,8fb203c9-82db-4c3d-8663-3a2ce18bb751,8fb203c9-82db-4c3d-8663-3a2ce18bb751,c1e11e45-d623-4d7e-b523-276232ecb843,,0.5,AWC 135,Blank,blank,nan
eb1535ad-7d19-4968-ad4d-e2e9ad30c1dc,sequenceID:367e9edd-1cce-4897-a4a2-af571e769f0f,367e9edd-1cce-4897-a4a2-af571e769f0f,367e9edd-1cce-4897-a4a2-af571e769f0f,c1e11e45-d623-4d7e-b523-276232ecb843,,0.5,AWC 135,Blank,blank,nan
41c2f548-2cd0-41c1-9742-a55155764be9,sequenceID:dd9c633d-7277-4043-9c93-555d7ce14e15,dd9c633d-7277-4043-9c93-555d7ce14e15,dd9c633d-7277-4043-9c93-555d7ce14e15,c1e11e45-d623-4d7e-b523-276232ecb843,dromaius novaehollandiae,0.56,AWC 135,Blank,blank,dromaius novaehollandiae
3dcdf9a2-ea6e-427e-8c8c-87be4effed20,sequenceID:9684f094-1360-425c-a25e-ecb743d37467,9684f094-1360-425c-a25e-ecb743d37467,9684f094-1360-425c-a25e-ecb743d37467,c1e11e45-d623-4d7e-b523-276232ecb843,,0.5,AWC 135,Blank,blank,nan
ecfa29c9-b6cb-4100-916c-c5909d15bf69,sequenceID:9bba12f2-4d11-408d-b5f4-a519a46ef157,9bba12f2-4d11-408d-b5f4-a519a46ef157,9bba12f2-4d11-408d-b5f4-a519a46ef157,c1e11e45-d623-4d7e-b523-276232ecb843,,0.5,AWC 135,Blank,blank,nan
dd8cf2f5-d37c-4419-9cde-72492d70c83e,sequenceID:1b2ee6fa-81ee-44fa-ab9e-af6f241a4ec7,1b2ee6fa-81ee-44fa-ab9e-af6f241a4ec7,1b2ee6fa-81ee-44fa-ab9e-af6f241a4ec7,c1e11e45-d623-4d7e-b523-276232ecb843,,0.5,AWC 135,Blank,blank,nan
c2e740de-cac3-4a95-99e0-d911e3b3b66c,sequenceID:d0f839c5-c5ce-4907-a723-bb1c8c445fb8,d0f839c5-c5ce-4907-a723-bb1c8c445fb8,d0f839c5-c5ce-4907-a723-bb1c8c445fb8,c1e11e45-d623-4d7e-b523-276232ecb843,,0.5,AWC 135,Blank,blank,nan
ef7114bb-ad28-4f8d-9b76-af854b03bfe3,sequenceID:d6a94477-91a6-422a-a5cb-2fd383a01a10,d6a94477-91a6-422a-a5cb-2fd383a01a10,d6a94477-91a6-422a-a5cb-2fd383a01a10,c1e11e45-d623-4d7e-b523-276232ecb843,,0.5,AWC 135,Blank,blank,nan
9785f545-de9a-4c27-b889-5d49f0e7fc63,sequenceID:ef65650d-051d-41e4-b08b-ef477b85e694,ef65650d-051d-41e4-b08b-ef477b85e694,ef65650d-051d-41e4-b08b-ef477b85e694,c1e11e45-d623-4d7e-b523-276232ecb843,,0.5,AWC 135,Blank,blank,nan
f19205da-9419-4b1f-bf0d-483d24524cd0,sequenceID:04801b67-ec89-4ee5-ac15-0e7369c97159,04801b67-ec89-4ee5-ac15-0e7369c97159,04801b67-ec89-4ee5-ac15-0e7369c97159,c1e11e45-d623-4d7e-b523-276232ecb843,,0.5,AWC 135,Blank,blank,nan
5cad1620-e172-4dbf-bed1-8a01261fbf5e,sequenceID:6d436146-7110-45a3-9db1-72c7e456b21a,6d436146-7110-45a3-9db1-72c7e456b21a,6d436146-7110-45a3-9db1-72c7e456b21a,c1e11e45-d623-4d7e-b523-276232ecb843,,0.5,AWC 135,Blank,blank,nan
9369af33-d58a-400c-ab5a-c11740b6f695,sequenceID:ce8797da-94bf-45cd-a2c7-ed8fc408a5a8,ce8797da-94bf-45cd-a2c7-ed8fc408a5a8,ce8797da-94bf-45cd-a2c7-ed8fc408a5a8,c1e11e45-d623-4d7e-b523-276232ecb843,Bos taurus,0.5,AWC 135,Blank,blank,bos taurus
ee7c3930-9b4c-4e23-b2c3-68ce9fbbdc0f,sequenceID:8b2648d4-da2c-4354-b86f-0c2b2c254274,8b2648d4-da2c-4354-b86f-0c2b2c254274,8b2648d4-da2c-4354-b86f-0c2b2c254274,c1e11e45-d623-4d7e-b523-276232ecb843,Manorina flavigula,0.91,AWC 135,Blank,blank,manorina flavigula
a5c7bb4b-17b0-4ff1-bb87-d9d2932eb68d,sequenceID:3add6105-145a-4eb0-8d9c-fd9e39c8736d,3add6105-145a-4eb0-8d9c-fd9e39c8736d,3add6105-145a-4eb0-8d9c-fd9e39c8736d,c1e11e45-d623-4d7e-b523-276232ecb843,,0.5,AWC 135,Blank,blank,nan
c281cae0-df9f-4065-9b05-cac51a67af37,sequenceID:1ba4ddbe-b656-4992-a889-44881d4a082f,1ba4ddbe-b656-4992-a889-44881d4a082f,1ba4ddbe-b656-4992-a889-44881d4a082f,c1e11e45-d623-4d7e-b523-276232ecb843,,0.5,AWC 135,Blank,blank,nan
03011bba-3a91-4407-9c7a-2ef3a6527875,sequenceID:fde557b2-9017-4e42-831e-92e4269ac3eb,fde557b2-9017-4e42-831e-92e4269ac3eb,fde557b2-9017-4e42-831e-92e4269ac3eb,c1e11e45-d623-4d7e-b523-276232ecb843,,0.5,AWC 135,Blank,blank,nan
adcd55ca-ba42-4573-9a8f-502c618fd57e,sequenceID:7c1955f3-6f2e-4337-9fdf-ea877f2d776a,7c1955f3-6f2e-4337-9fdf-ea877f2d776a,7c1955f3-6f2e-4337-9fdf-ea877f2d776a,c1e11e45-d623-4d7e-b523-276232ecb843,,0.5,AWC 135,Blank,blank,nan
f2695489-b5fa-488a-b06f-a286c91a58aa,sequenceID:10765879-26c6-4038-87a9-a350359a42e7,10765879-26c6-4038-87a9-a350359a42e7,10765879-26c6-4038-87a9-a350359a42e7,c1e11e45-d623-4d7e-b523-276232ecb843,Bos taurus,0.76,AWC 135,Blank,blank,bos taurus
b39120e8-bbd3-4319-97ab-d625f285079d,sequenceID:88154204-1a9f-42b4-9bac-36eb4f742062,88154204-1a9f-42b4-9bac-36eb4f742062,88154204-1a9f-42b4-9bac-36eb4f742062,c1e11e45-d623-4d7e-b523-276232ecb843,,0.5,AWC 135,Blank,blank,nan
ad67dd23-1933-45f4-9a58-2e00b6b042da,sequenceID:0cc9362a-25dc-4bba-81a7-7da3ee483bed,0cc9362a-25dc-4bba-81a7-7da3ee483bed,0cc9362a-25dc-4bba-81a7-7da3ee483bed,c1e11e45-d623-4d7e-b523-276232ecb843,Myiopsitta monachus,0.63,AWC 135,Blank,blank,myiopsitta monachus
be0df8dc-2bf5-4350-87bb-9643d63c825f,sequenceID:0f4db996-872b-4f91-ae91-7261949dd5b4,0f4db996-872b-4f91-ae91-7261949dd5b4,0f4db996-872b-4f91-ae91-7261949dd5b4,c1e11e45-d623-4d7e-b523-276232ecb843,,0.5,AWC 135,Blank,blank,nan
4a6d2c30-56cb-4d49-b17b-abe15677ad7d,sequenceID:f95acb01-ea64-45dd-bd28-408d249c766f,f95acb01-ea64-45dd-bd28-408d249c766f,f95acb01-ea64-45dd-bd28-408d249c766f,c1e11e45-d623-4d7e-b523-276232ecb843,,0.5,AWC 135,Blank,blank,nan
fab9bda0-8970-4733-93d2-f4a884f8a633,sequenceID:d253b5eb-e56f-49e1-8030-4e854c025627,d253b5eb-e56f-49e1-8030-4e854c025627,d253b5eb-e56f-49e1-8030-4e854c025627,c1e11e45-d623-4d7e-b523-276232ecb843,,0.5,AWC 135,Blank,blank,nan
5e08759f-99ea-465f-88b8-848507cf9964,sequenceID:559e9a4b-45da-4fdd-871e-960460550c69,559e9a4b-45da-4fdd-871e-960460550c69,559e9a4b-45da-4fdd-871e-960460550c69,c1e11e45-d623-4d7e-b523-276232ecb843,Bos taurus,0.56,AWC 135,Blank,blank,bos taurus
41df4162-5159-4260-9c02-b5284cc691eb,sequenceID:dd6c9e16-3917-464e-b1c3-de8d2dbfa9c2,dd6c9e16-3917-464e-b1c3-de8d2dbfa9c2,dd6c9e16-3917-464e-b1c3-de8d2dbfa9c2,c1e11e45-d623-4d7e-b523-276232ecb843,,0.5,AWC 135,Blank,blank,nan
6d09805f-7123-453e-84c4-d572830aa3be,sequenceID:1d8a89ac-0049-4292-8ee8-4e09302e1d2f,1d8a89ac-0049-4292-8ee8-4e09302e1d2f,1d8a89ac-0049-4292-8ee8-4e09302e1d2f,c1e11e45-d623-4d7e-b523-276232ecb843,,0.5,AWC 135,Blank,blank,nan
e24b12b7-5cce-490f-9894-a2fa58785522,sequenceID:8f4fbf9f-d3b1-4bfd-9bb1-4a95f48dfb0c,8f4fbf9f-d3b1-4bfd-9bb1-4a95f48dfb0c,8f4fbf9f-d3b1-4bfd-9bb1-4a95f48dfb0c,c1e11e45-d623-4d7e-b523-276232ecb843,,0.5,AWC 135,Blank,blank,nan
f1906159-cf3f-483f-9959-cf73c4b1e93e,sequenceID:07a63694-0ca4-43e0-93a7-fe9a7b7cb3f4,07a63694-0ca4-43e0-93a7-fe9a7b7cb3f4,07a63694-0ca4-43e0-93a7-fe9a7b7cb3f4,c1e11e45-d623-4d7e-b523-276232ecb843,,0.0,,Blank,blank,nan
fb02d939-4a45-4a40-a44e-9a073ab89482,sequenceID:fecac81f-45b3-46f0-a30d-71bdab499824,fecac81f-45b3-46f0-a30d-71bdab499824,fecac81f-45b3-46f0-a30d-71bdab499824,c1e11e45-d623-4d7e-b523-276232ecb843,,0.0,,Blank,blank,nan
2e170a75-97f4-42d2-81fb-4f5929fd28b7,sequenceID:583e0924-e1e7-4f91-ac3d-d3bef845d282,583e0924-e1e7-4f91-ac3d-d3bef845d282,583e0924-e1e7-4f91-ac3d-d3bef845d282,c1e11e45-d623-4d7e-b523-276232ecb843,,0.0,,Blank,blank,nan
b931c5b2-405a-4d43-9d8b-7c4dc5d747f3,sequenceID:a7a95951-2fec-481d-9011-1451a22b6634,a7a95951-2fec-481d-9011-1451a22b6634,a7a95951-2fec-481d-9011-1451a22b6634,c1e11e45-d623-4d7e-b523-276232ecb843,,0.5,AWC 135,Blank,blank,nan
7adcdbd4-0cc6-4597-9953-e7d3af1a2059,sequenceID:b2d5af18-3b59-40ed-8831-851b3520e3a0,b2d5af18-3b59-40ed-8831-851b3520e3a0,b2d5af18-3b59-40ed-8831-851b3520e3a0,c1e11e45-d623-4d7e-b523-276232ecb843,,0.0,,Blank,blank,nan
c3577bd2-22f4-4e24-8404-d087664dde05,sequenceID:ecf38c02-ddb4-4611-8fe3-b0ecbb02e9cd,ecf38c02-ddb4-4611-8fe3-b0ecbb02e9cd,ecf38c02-ddb4-4611-8fe3-b0ecbb02e9cd,c1e11e45-d623-4d7e-b523-276232ecb843,Myiopsitta monachus,0.5,AWC 135,Blank,blank,myiopsitta monachus
76f23abf-5cf2-443e-ba9e-c04f6364a6c9,sequenceID:6ed2fde7-068e-4bad-9243-e327fca97f10,6ed2fde7-068e-4bad-9243-e327fca97f10,6ed2fde7-068e-4bad-9243-e327fca97f10,c1e11e45-d623-4d7e-b523-276232ecb843,grallina cyanoleuca,0.67,AWC 135,Blank,blank,grallina cyanoleuca
dbbbc7bb-72f8-4f22-a2f9-0e76b49578be,sequenceID:c1f3ec6e-c347-429c-a454-a2bdb0db2908,c1f3ec6e-c347-429c-a454-a2bdb0db2908,c1f3ec6e-c347-429c-a454-a2bdb0db2908,c1e11e45-d623-4d7e-b523-276232ecb843,Manorina flavigula,0.71,AWC 135,Blank,blank,manorina flavigula
a61675af-b98f-4c15-bbc0-f6236ef54466,sequenceID:efc04816-6783-49b4-941a-3e0d58b47cd8,efc04816-6783-49b4-941a-3e0d58b47cd8,efc04816-6783-49b4-941a-3e0d58b47cd8,c1e11e45-d623-4d7e-b523-276232ecb843,,0.0,,Blank,blank,nan
895d2da2-a8e7-4cb9-a445-674d7537a825,sequenceID:6c1bde8e-662b-47f4-b529-b5e505abd0b5,6c1bde8e-662b-47f4-b529-b5e505abd0b5,6c1bde8e-662b-47f4-b529-b5e505abd0b5,c1e11e45-d623-4d7e-b523-276232ecb843,,0.0,,Blank,blank,nan
ac9cfd4f-e825-4f73-b97e-dc4c5b46e3aa,sequenceID:13b31c74-1cbc-465f-b55a-383cc9b5355d,13b31c74-1cbc-465f-b55a-383cc9b5355d,13b31c74-1cbc-465f-b55a-383cc9b5355d,c1e11e45-d623-4d7e-b523-276232ecb843,,0.0,,Blank,blank,nan
d3fbee92-4d84-4da5-b5f4-2e0bb292e69f,sequenceID:4f5e5dcd-7e76-4ecb-97d7-ff89d9bf85c9,4f5e5dcd-7e76-4ecb-97d7-ff89d9bf85c9,4f5e5dcd-7e76-4ecb-97d7-ff89d9bf85c9,c1e11e45-d623-4d7e-b523-276232ecb843,,0.5,AWC 135,Blank,blank,nan
4551dee6-3647-4e9f-83b4-1e125dc86a2c,sequenceID:1cbb2f79-2a67-415c-bbd0-6f98b4230841,1cbb2f79-2a67-415c-bbd0-6f98b4230841,1cbb2f79-2a67-415c-bbd0-6f98b4230841,c1e11e45-d623-4d7e-b523-276232ecb843,,0.5,AWC 135,Blank,blank,nan
ddbc69a5-b258-4459-8ec3-137304c6fa5f,sequenceID:bcff62fd-c8c4-43f8-ad1c-b0b38e9ea13d,bcff62fd-c8c4-43f8-ad1c-b0b38e9ea13d,bcff62fd-c8c4-43f8-ad1c-b0b38e9ea13d,c1e11e45-d623-4d7e-b523-276232ecb843,,0.5,AWC 135,Blank,blank,nan
1322e610-296b-4052-a9ba-2120273a84c6,sequenceID:6f7b8d54-2aa5-401e-a4fb-deddd7c637da,6f7b8d54-2aa5-401e-a4fb-deddd7c637da,6f7b8d54-2aa5-401e-a4fb-deddd7c637da,c1e11e45-d623-4d7e-b523-276232ecb843,,0.5,AWC 135,Blank,blank,nan
79e6870e-a68e-43b8-9b0e-f0a39b496d44,sequenceID:eb1b11b8-7522-4f87-9989-036ca71d84ea,eb1b11b8-7522-4f87-9989-036ca71d84ea,eb1b11b8-7522-4f87-9989-036ca71d84ea,c1e11e45-d623-4d7e-b523-276232ecb843,,0.5,AWC 135,Blank,blank,nan
fdf12a83-f6bf-4f4d-88bf-e848270a87b4,sequenceID:59405eee-d52c-41e5-a376-a29ab40f8779,59405eee-d52c-41e5-a376-a29ab40f8779,59405eee-d52c-41e5-a376-a29ab40f8779,c1e11e45-d623-4d7e-b523-276232ecb843,,0.5,AWC 135,Blank,blank,nan
b950f06e-e656-4fc9-a967-65101e0423f4,sequenceID:f75e24c2-730c-453b-8ccd-a9ad804832f1,f75e24c2-730c-453b-8ccd-a9ad804832f1,f75e24c2-730c-453b-8ccd-a9ad804832f1,c1e11e45-d623-4d7e-b523-276232ecb843,Aves,0.51,AWC 135,Blank,blank,aves
e4ecfafc-e03e-48f8-b43d-895532bb7b17,sequenceID:4fdae608-2669-429f-a52d-be23edb39c26,4fdae608-2669-429f-a52d-be23edb39c26,4fdae608-2669-429f-a52d-be23edb39c26,c1e11e45-d623-4d7e-b523-276232ecb843,,0.5,AWC 135,Blank,blank,nan
82ea5158-d70b-4d5c-b995-6b25127e1ceb,sequenceID:befda831-fb91-4f23-a7fa-eb72128b6727,befda831-fb91-4f23-a7fa-eb72128b6727,befda831-fb91-4f23-a7fa-eb72128b6727,c1e11e45-d623-4d7e-b523-276232ecb843,Aves,0.52,AWC 135,Blank,blank,aves
945e4d83-26d1-452d-ac31-e32a3bf7a7fd,sequenceID:54425b45-7040-444e-bad9-602777a4b500,54425b45-7040-444e-bad9-602777a4b500,54425b45-7040-444e-bad9-602777a4b500,c1e11e45-d623-4d7e-b523-276232ecb843,,0.5,AWC 135,Blank,blank,nan
95c01833-9bad-44b8-8dd3-ff5b3fc85021,sequenceID:ecb93cde-a839-40c1-a65f-0e4b6781b6aa,ecb93cde-a839-40c1-a65f-0e4b6781b6aa,ecb93cde-a839-40c1-a65f-0e4b6781b6aa,c1e11e45-d623-4d7e-b523-276232ecb843,,0.5,AWC 135,Blank,blank,nan
548574b2-6556-49cf-8986-0dc3931d05f2,sequenceID:32a2a954-579d-4d8d-adff-b47507448cbc,32a2a954-579d-4d8d-adff-b47507448cbc,32a2a954-579d-4d8d-adff-b47507448cbc,c1e11e45-d623-4d7e-b523-276232ecb843,,0.5,AWC 135,Blank,blank,nan
fbe94260-4da0-4477-804f-9b69946a2cf8,sequenceID:83731270-4da7-4e91-9f6f-ea8d8c1de437,83731270-4da7-4e91-9f6f-ea8d8c1de437,83731270-4da7-4e91-9f6f-ea8d8c1de437,c1e11e45-d623-4d7e-b523-276232ecb843,,0.5,AWC 135,Blank,blank,nan
889b0e64-8cc4-4b1b-9a60-ba60242ef7cb,sequenceID:45586cb8-a001-41c8-9b8a-8b3522ea44c6,45586cb8-a001-41c8-9b8a-8b3522ea44c6,45586cb8-a001-41c8-9b8a-8b3522ea44c6,c1e11e45-d623-4d7e-b523-276232ecb843,,0.5,AWC 135,Blank,blank,nan
485dccc9-4699-4d4c-ac6b-2985e63db4c7,sequenceID:01ee6be2-5dea-456e-8744-5d92bb1b07fc,01ee6be2-5dea-456e-8744-5d92bb1b07fc,01ee6be2-5dea-456e-8744-5d92bb1b07fc,c1e11e45-d623-4d7e-b523-276232ecb843,,0.5,AWC 135,Blank,blank,nan
0b90441c-f4ce-4c61-aeeb-7e58cd7d4de2,sequenceID:5f0721df-f131-4bef-8619-5e6d263a8a5b,5f0721df-f131-4bef-8619-5e6d263a8a5b,5f0721df-f131-4bef-8619-5e6d263a8a5b,c1e11e45-d623-4d7e-b523-276232ecb843,,0.5,AWC 135,Blank,blank,nan
24cf8476-06aa-474c-a4bd-4961ffdcb8f8,sequenceID:f95a7c4f-f5e3-4910-b043-e9e0be97ec15,f95a7c4f-f5e3-4910-b043-e9e0be97ec15,f95a7c4f-f5e3-4910-b043-e9e0be97ec15,c1e11e45-d623-4d7e-b523-276232ecb843,,0.5,AWC 135,Blank,blank,nan
d11606f3-d844-4336-ae14-df177af5d30c,sequenceID:432961df-b354-463c-ad55-2076a80246c0,432961df-b354-463c-ad55-2076a80246c0,432961df-b354-463c-ad55-2076a80246c0,c1e11e45-d623-4d7e-b523-276232ecb843,Myiopsitta monachus,0.68,AWC 135,Blank,blank,myiopsitta monachus
29317970-697e-4a21-825f-9540038a3da2,sequenceID:6948ac5c-90e3-4197-bde4-56d245f8d272,6948ac5c-90e3-4197-bde4-56d245f8d272,6948ac5c-90e3-4197-bde4-56d245f8d272,c1e11e45-d623-4d7e-b523-276232ecb843,Amphibolurus muricatus,0.73,AWC 135,Blank,blank,amphibolurus muricatus
4a16ce27-a694-4b9e-be55-ccd22bcd5eb3,sequenceID:28884158-c34c-4e8e-9ad1-e960a77586a2,28884158-c34c-4e8e-9ad1-e960a77586a2,28884158-c34c-4e8e-9ad1-e960a77586a2,c1e11e45-d623-4d7e-b523-276232ecb843,Aves,0.64,AWC 135,Blank,blank,aves
f9ba91a1-0a3b-411e-a641-3544ea44fb23,sequenceID:8ee31618-d5d2-4198-af37-b0d0a878ad0a,8ee31618-d5d2-4198-af37-b0d0a878ad0a,8ee31618-d5d2-4198-af37-b0d0a878ad0a,c1e11e45-d623-4d7e-b523-276232ecb843,,0.5,AWC 135,Blank,blank,nan
f1e5d010-980e-4a98-b4ff-6ea77b302d9a,sequenceID:d313b179-e995-48c2-b4b4-061faf1f8048,d313b179-e995-48c2-b4b4-061faf1f8048,d313b179-e995-48c2-b4b4-061faf1f8048,c1e11e45-d623-4d7e-b523-276232ecb843,Myiopsitta monachus,0.59,AWC 135,Blank,blank,myiopsitta monachus
a9331326-b6f3-48b3-bee7-534fc71ac639,sequenceID:164e4ba9-45e2-47d7-957c-c9ce46b9bd3a,164e4ba9-45e2-47d7-957c-c9ce46b9bd3a,164e4ba9-45e2-47d7-957c-c9ce46b9bd3a,c1e11e45-d623-4d7e-b523-276232ecb843,,0.5,AWC 135,Blank,blank,nan
0f582399-b145-49ab-946d-be9bcb51ed78,sequenceID:663199ae-91fc-413d-9b06-98d4720bbbdc,663199ae-91fc-413d-9b06-98d4720bbbdc,663199ae-91fc-413d-9b06-98d4720bbbdc,c1e11e45-d623-4d7e-b523-276232ecb843,,0.0,,Blank,blank,nan
bc3ac8c0-c234-4ff4-b1d1-4c509f363423,sequenceID:4dec186d-1297-457e-8c4f-89bb6f1e088e,4dec186d-1297-457e-8c4f-89bb6f1e088e,4dec186d-1297-457e-8c4f-89bb6f1e088e,c1e11e45-d623-4d7e-b523-276232ecb843,Amphibolurus muricatus,0.64,AWC 135,Blank,blank,amphibolurus muricatus
d203a013-e7f9-495e-af69-bc784eaa938c,sequenceID:5e0a4b8e-6d65-4393-b245-bf9ca13abbe3,5e0a4b8e-6d65-4393-b245-bf9ca13abbe3,5e0a4b8e-6d65-4393-b245-bf9ca13abbe3,c1e11e45-d623-4d7e-b523-276232ecb843,,0.5,AWC 135,Blank,blank,nan
36323149-f436-4a3e-b51d-3bc171a1cf7c,sequenceID:828a9323-bf47-488e-8b26-aa261346d279,828a9323-bf47-488e-8b26-aa261346d279,828a9323-bf47-488e-8b26-aa261346d279,c1e11e45-d623-4d7e-b523-276232ecb843,,0.5,AWC 135,Blank,blank,nan
a9e10514-b6e9-444c-9ef3-a20c9b09cd31,sequenceID:af90a346-c796-4d8c-b3c2-6cbf8120dd21,af90a346-c796-4d8c-b3c2-6cbf8120dd21,af90a346-c796-4d8c-b3c2-6cbf8120dd21,c1e11e45-d623-4d7e-b523-276232ecb843,Macropus dorsalis,0.73,AWC 135,Blank,blank,macropus dorsalis
e3cbf63a-0e30-40f3-a592-af6cea3dc737,sequenceID:d20712b0-89e5-4392-8e74-44253b8fa04c,d20712b0-89e5-4392-8e74-44253b8fa04c,d20712b0-89e5-4392-8e74-44253b8fa04c,c1e11e45-d623-4d7e-b523-276232ecb843,Amphibolurus muricatus,0.85,AWC 135,Blank,blank,amphibolurus muricatus
ea9ec8d0-3846-4c33-99b7-4e362a9f1e35,sequenceID:95ba4121-8492-4495-847d-0c5d93b67faa,95ba4121-8492-4495-847d-0c5d93b67faa,95ba4121-8492-4495-847d-0c5d93b67faa,c1e11e45-d623-4d7e-b523-276232ecb843,grallina cyanoleuca,0.78,AWC 135,Blank,blank,grallina cyanoleuca
fbfbe40d-b9ed-45c3-b2d0-c8099accc5fb,sequenceID:471ce824-4d72-4a69-a005-5ed7afbfc100,471ce824-4d72-4a69-a005-5ed7afbfc100,471ce824-4d72-4a69-a005-5ed7afbfc100,c1e11e45-d623-4d7e-b523-276232ecb843,,0.0,,Blank,blank,nan
5baf807e-8c40-4753-ae2c-fbd3b42e7e40,sequenceID:cda3801e-20a4-4b03-a18f-e85c02bafcda,cda3801e-20a4-4b03-a18f-e85c02bafcda,cda3801e-20a4-4b03-a18f-e85c02bafcda,c1e11e45-d623-4d7e-b523-276232ecb843,,0.0,,Blank,blank,nan
ea2bfb26-6804-48dd-a5fb-483ed495c6b3,sequenceID:6b540106-4a94-49fc-b47a-53ca2e2a1442,6b540106-4a94-49fc-b47a-53ca2e2a1442,6b540106-4a94-49fc-b47a-53ca2e2a1442,c1e11e45-d623-4d7e-b523-276232ecb843,Amphibolurus muricatus,0.81,AWC 135,Blank,blank,amphibolurus muricatus
a9ed9db4-b7fe-4c2b-bdc7-b10fce446737,sequenceID:6126aa32-8a89-430b-b19d-7182e375fffc,6126aa32-8a89-430b-b19d-7182e375fffc,6126aa32-8a89-430b-b19d-7182e375fffc,c1e11e45-d623-4d7e-b523-276232ecb843,Capra hircus,0.6,AWC 135,Blank,blank,capra hircus
70cd22b5-803e-418f-9228-5070929df12e,sequenceID:a11910e9-4d89-4001-ac38-fca7bdb513bf,a11910e9-4d89-4001-ac38-fca7bdb513bf,a11910e9-4d89-4001-ac38-fca7bdb513bf,c1e11e45-d623-4d7e-b523-276232ecb843,Amphibolurus muricatus,0.78,AWC 135,Blank,blank,amphibolurus muricatus
81803b37-f2b7-41fc-b3d8-f773e89c0649,sequenceID:f5f203e3-a864-4e82-98f0-d99aa8754bda,f5f203e3-a864-4e82-98f0-d99aa8754bda,f5f203e3-a864-4e82-98f0-d99aa8754bda,c1e11e45-d623-4d7e-b523-276232ecb843,Amphibolurus muricatus,0.7,AWC 135,Blank,blank,amphibolurus muricatus
89f1176f-2523-4a07-a751-6805d8f9eb89,sequenceID:5e9d8879-46bd-4d5e-9d52-7ec8be9e2bf1,5e9d8879-46bd-4d5e-9d52-7ec8be9e2bf1,5e9d8879-46bd-4d5e-9d52-7ec8be9e2bf1,c1e11e45-d623-4d7e-b523-276232ecb843,Amphibolurus muricatus,0.82,AWC 135,Blank,blank,amphibolurus muricatus
d870c08e-2134-4089-8dc5-2c5c0523ef0b,sequenceID:1fa3c0a6-3d35-4cb8-a78a-2b11d71739e8,1fa3c0a6-3d35-4cb8-a78a-2b11d71739e8,1fa3c0a6-3d35-4cb8-a78a-2b11d71739e8,c1e11e45-d623-4d7e-b523-276232ecb843,Sus scrofa,0.59,AWC 135,Blank,blank,sus scrofa
d870c08e-2134-4089-8dc5-2c5c0523ef0b,sequenceID:1fa3c0a6-3d35-4cb8-a78a-2b11d71739e8,1fa3c0a6-3d35-4cb8-a78a-2b11d71739e8,1fa3c0a6-3d35-4cb8-a78a-2b11d71739e8,c1e11e45-d623-4d7e-b523-276232ecb843,Aves,0.93,AWC 135,Blank,blank,aves
66645829-abcd-414a-b2ef-bd19ea44ffef,sequenceID:3844c442-f48e-43c1-9e29-8270f8a183c5,3844c442-f48e-43c1-9e29-8270f8a183c5,3844c442-f48e-43c1-9e29-8270f8a183c5,c1e11e45-d623-4d7e-b523-276232ecb843,Amphibolurus muricatus,0.89,AWC 135,Blank,blank,amphibolurus muricatus
147a46ce-4af3-42bd-a0f2-752e61601b7c,sequenceID:1613282c-914d-4b24-a326-04daf992e234,1613282c-914d-4b24-a326-04daf992e234,1613282c-914d-4b24-a326-04daf992e234,c1e11e45-d623-4d7e-b523-276232ecb843,Amphibolurus muricatus,0.7,AWC 135,Blank,blank,amphibolurus muricatus
9d3d0871-bd3a-4da4-b21c-11e283fbc3b1,sequenceID:bbf7d580-b666-411b-8952-30dbd1813113,bbf7d580-b666-411b-8952-30dbd1813113,bbf7d580-b666-411b-8952-30dbd1813113,c1e11e45-d623-4d7e-b523-276232ecb843,Amphibolurus muricatus,0.51,AWC 135,Blank,blank,amphibolurus muricatus
d4740f88-82ac-4484-87fc-ced6504ac526,sequenceID:408028f0-41be-4950-a7ac-f73dfb375276,408028f0-41be-4950-a7ac-f73dfb375276,408028f0-41be-4950-a7ac-f73dfb375276,c1e11e45-d623-4d7e-b523-276232ecb843,,0.5,AWC 135,Blank,blank,nan
24e8c987-357c-4a70-a35d-758fd674e965,sequenceID:86be9307-0ac5-403e-b05f-ba667c1ba8d7,86be9307-0ac5-403e-b05f-ba667c1ba8d7,86be9307-0ac5-403e-b05f-ba667c1ba8d7,c1e11e45-d623-4d7e-b523-276232ecb843,Amphibolurus muricatus,0.66,AWC 135,Blank,blank,amphibolurus muricatus
5b7f8ad3-0c8a-4fae-9dad-20b7ea3f0d9b,sequenceID:c4164b25-f6ab-4623-abd4-10e0ea180b9f,c4164b25-f6ab-4623-abd4-10e0ea180b9f,c4164b25-f6ab-4623-abd4-10e0ea180b9f,c1e11e45-d623-4d7e-b523-276232ecb843,Amphibolurus muricatus,0.57,AWC 135,Blank,blank,amphibolurus muricatus
63515edd-1657-459a-8b82-b617a19be446,sequenceID:e6fa6201-cad0-43f8-ab37-44c58b8bde53,e6fa6201-cad0-43f8-ab37-44c58b8bde53,e6fa6201-cad0-43f8-ab37-44c58b8bde53,c1e11e45-d623-4d7e-b523-276232ecb843,,0.5,AWC 135,Blank,blank,nan
886bf8e9-9b98-420b-8f39-55f22ecaec36,sequenceID:8be1fa73-21f2-4587-a1a9-bf415a60f8f4,8be1fa73-21f2-4587-a1a9-bf415a60f8f4,8be1fa73-21f2-4587-a1a9-bf415a60f8f4,c1e11e45-d623-4d7e-b523-276232ecb843,Capra hircus,0.56,AWC 135,Blank,blank,capra hircus
63d5e0dd-e830-4d5f-94f7-4c74a0041632,sequenceID:689b6ac2-456c-4356-8e54-3d058c9dec0e,689b6ac2-456c-4356-8e54-3d058c9dec0e,689b6ac2-456c-4356-8e54-3d058c9dec0e,c1e11e45-d623-4d7e-b523-276232ecb843,,0.0,,Blank,blank,nan
b38dadde-d6aa-4454-9c8b-54839af5e7ba,sequenceID:9d0743c9-9335-426d-b4a3-8cd639f62409,9d0743c9-9335-426d-b4a3-8cd639f62409,9d0743c9-9335-426d-b4a3-8cd639f62409,c1e11e45-d623-4d7e-b523-276232ecb843,Amphibolurus muricatus,0.85,AWC 135,Blank,blank,amphibolurus muricatus
d6c0bdd9-1503-434c-a743-e84135c064dc,sequenceID:37f16569-4e3d-429c-8ded-da8154af4b89,37f16569-4e3d-429c-8ded-da8154af4b89,37f16569-4e3d-429c-8ded-da8154af4b89,c1e11e45-d623-4d7e-b523-276232ecb843,ocyphaps lophotes,0.54,AWC 135,Blank,blank,ocyphaps lophotes
4736abac-22f9-48d1-aed7-0c04ac960f2b,sequenceID:05ee566e-31fb-4abd-a659-4c88bb4017f1,05ee566e-31fb-4abd-a659-4c88bb4017f1,05ee566e-31fb-4abd-a659-4c88bb4017f1,c1e11e45-d623-4d7e-b523-276232ecb843,,0.0,,Blank,blank,nan
638894d0-7ab4-4b88-9a31-ce5a74634cde,sequenceID:6c716e3d-ecc4-444d-9a7a-5b80543e420f,6c716e3d-ecc4-444d-9a7a-5b80543e420f,6c716e3d-ecc4-444d-9a7a-5b80543e420f,c1e11e45-d623-4d7e-b523-276232ecb843,,0.0,,Blank,blank,nan
cda0b24a-5cb2-4ef9-a59b-364704491f7b,sequenceID:923cf1e7-d95e-432c-86a3-8359e98e4202,923cf1e7-d95e-432c-86a3-8359e98e4202,923cf1e7-d95e-432c-86a3-8359e98e4202,c1e11e45-d623-4d7e-b523-276232ecb843,Amphibolurus muricatus,0.59,AWC 135,Blank,blank,amphibolurus muricatus
31c27640-096e-4faf-961e-f53dd424ac51,sequenceID:692329fc-c4f1-42ea-948c-7167565a01cf,692329fc-c4f1-42ea-948c-7167565a01cf,692329fc-c4f1-42ea-948c-7167565a01cf,c1e11e45-d623-4d7e-b523-276232ecb843,,0.0,,Blank,blank,nan
5a5aa07b-1567-4619-879c-1c99eb338007,sequenceID:38cebaef-2e75-4e93-bf3c-a16d86033324,38cebaef-2e75-4e93-bf3c-a16d86033324,38cebaef-2e75-4e93-bf3c-a16d86033324,c1e11e45-d623-4d7e-b523-276232ecb843,,0.0,,Blank,blank,nan
c6bb1804-6c8b-413f-9524-0857a0527fcb,sequenceID:4438abc7-f3dd-46d7-b374-ff872ac9be4a,4438abc7-f3dd-46d7-b374-ff872ac9be4a,4438abc7-f3dd-46d7-b374-ff872ac9be4a,c1e11e45-d623-4d7e-b523-276232ecb843,,0.0,,Blank,blank,nan
5ef54b81-6c4f-4fa1-9aa7-4728b51cabf6,sequenceID:ed389cc1-283e-4552-8c8b-ce8a0aedbe34,ed389cc1-283e-4552-8c8b-ce8a0aedbe34,ed389cc1-283e-4552-8c8b-ce8a0aedbe34,c1e11e45-d623-4d7e-b523-276232ecb843,Myiopsitta monachus,0.51,AWC 135,Blank,blank,myiopsitta monachus
c9aaac56-30bb-445c-a621-2fadced6635d,sequenceID:89ad57af-f49c-4070-afff-b0a801e36199,89ad57af-f49c-4070-afff-b0a801e36199,89ad57af-f49c-4070-afff-b0a801e36199,c1e11e45-d623-4d7e-b523-276232ecb843,,0.0,,Blank,blank,nan
2dd22eab-07e1-4f05-978f-42e18a8e3581,sequenceID:cb5a183b-275b-455f-a49c-d28074b92e53,cb5a183b-275b-455f-a49c-d28074b92e53,cb5a183b-275b-455f-a49c-d28074b92e53,c1e11e45-d623-4d7e-b523-276232ecb843,,0.0,,Blank,blank,nan
3bbaa0a4-bf9e-4535-a631-13c152a47abe,sequenceID:1b4ee86d-3f2e-4239-a5a5-275eece8c232,1b4ee86d-3f2e-4239-a5a5-275eece8c232,1b4ee86d-3f2e-4239-a5a5-275eece8c232,c1e11e45-d623-4d7e-b523-276232ecb843,Amphibolurus muricatus,0.8,AWC 135,Blank,blank,amphibolurus muricatus
42bea099-db38-44ec-a433-21816d3b0858,sequenceID:df6e35e8-0f01-4c04-8b08-e3adb84ac0ef,df6e35e8-0f01-4c04-8b08-e3adb84ac0ef,df6e35e8-0f01-4c04-8b08-e3adb84ac0ef,c1e11e45-d623-4d7e-b523-276232ecb843,Aves,0.78,AWC 135,Blank,blank,aves
42bea099-db38-44ec-a433-21816d3b0858,sequenceID:df6e35e8-0f01-4c04-8b08-e3adb84ac0ef,df6e35e8-0f01-4c04-8b08-e3adb84ac0ef,df6e35e8-0f01-4c04-8b08-e3adb84ac0ef,c1e11e45-d623-4d7e-b523-276232ecb843,Amphibolurus muricatus,0.73,AWC 135,Blank,blank,amphibolurus muricatus
b4963cc3-77bc-42da-8705-ebe7141976d4,sequenceID:7eeb1664-62e9-4470-9856-cd9e26860944,7eeb1664-62e9-4470-9856-cd9e26860944,7eeb1664-62e9-4470-9856-cd9e26860944,c1e11e45-d623-4d7e-b523-276232ecb843,,0.0,,Blank,blank,nan
40c37acb-8fc2-422c-ad9f-84648114b3f0,sequenceID:e5351b33-e05b-4b0c-958e-82cc75cdac03,e5351b33-e05b-4b0c-958e-82cc75cdac03,e5351b33-e05b-4b0c-958e-82cc75cdac03,c1e11e45-d623-4d7e-b523-276232ecb843,geophaps plumifera,0.58,AWC 135,Blank,blank,geophaps plumifera
e723b978-32ca-4fa4-8b59-b2a3d31d2974,sequenceID:f0098032-c3af-4071-af8f-0ef3c839e450,f0098032-c3af-4071-af8f-0ef3c839e450,f0098032-c3af-4071-af8f-0ef3c839e450,c1e11e45-d623-4d7e-b523-276232ecb843,Myiopsitta monachus,0.59,AWC 135,Blank,blank,myiopsitta monachus
c7cc524d-8d9d-47f7-8399-36093961472e,sequenceID:f9e46f94-8660-42cf-b2d2-c3935bbb6180,f9e46f94-8660-42cf-b2d2-c3935bbb6180,f9e46f94-8660-42cf-b2d2-c3935bbb6180,c1e11e45-d623-4d7e-b523-276232ecb843,,0.5,AWC 135,Blank,blank,nan
95d87c38-e2be-4a96-9b1e-db65771cdc54,sequenceID:b32f10bb-db63-4fcf-96d8-7987375e524e,b32f10bb-db63-4fcf-96d8-7987375e524e,b32f10bb-db63-4fcf-96d8-7987375e524e,c1e11e45-d623-4d7e-b523-276232ecb843,Capra hircus,0.94,AWC 135,Blank,blank,capra hircus
04f00039-7e46-4237-a5eb-157c22188826,sequenceID:2f965cc2-f6fc-4734-951a-af76bb926d8d,2f965cc2-f6fc-4734-951a-af76bb926d8d,2f965cc2-f6fc-4734-951a-af76bb926d8d,c1e11e45-d623-4d7e-b523-276232ecb843,Amphibolurus muricatus,0.87,AWC 135,Blank,blank,amphibolurus muricatus
1dae30ef-ab83-4cc0-bb99-9f03af392593,sequenceID:6022151b-f061-42a5-b967-d8bf7e968a51,6022151b-f061-42a5-b967-d8bf7e968a51,6022151b-f061-42a5-b967-d8bf7e968a51,c1e11e45-d623-4d7e-b523-276232ecb843,Amphibolurus muricatus,0.77,AWC 135,Blank,blank,amphibolurus muricatus
c8a111ad-8516-4229-a364-ba3239d60b75,sequenceID:015ab3e1-7a4f-4af1-8ce9-ab3e32dcacf6,015ab3e1-7a4f-4af1-8ce9-ab3e32dcacf6,015ab3e1-7a4f-4af1-8ce9-ab3e32dcacf6,c1e11e45-d623-4d7e-b523-276232ecb843,Bos taurus,0.53,AWC 135,Blank,blank,bos taurus
c8a111ad-8516-4229-a364-ba3239d60b75,sequenceID:015ab3e1-7a4f-4af1-8ce9-ab3e32dcacf6,015ab3e1-7a4f-4af1-8ce9-ab3e32dcacf6,015ab3e1-7a4f-4af1-8ce9-ab3e32dcacf6,c1e11e45-d623-4d7e-b523-276232ecb843,Amphibolurus muricatus,0.95,AWC 135,Blank,blank,amphibolurus muricatus
1dc26924-d02b-4641-be78-880ee03e5fcf,sequenceID:6fee694a-1e75-4669-86cb-ab611df21d7e,6fee694a-1e75-4669-86cb-ab611df21d7e,6fee694a-1e75-4669-86cb-ab611df21d7e,c1e11e45-d623-4d7e-b523-276232ecb843,,0.0,,Blank,blank,nan
2f5f8359-3b07-4b4e-8d98-17f034de9bc9,sequenceID:9dac6c15-2cce-41e4-837e-cdd3042baea8,9dac6c15-2cce-41e4-837e-cdd3042baea8,9dac6c15-2cce-41e4-837e-cdd3042baea8,c1e11e45-d623-4d7e-b523-276232ecb843,grallina cyanoleuca,0.5,AWC 135,Blank,blank,grallina cyanoleuca
0140ac5b-273a-4b29-ac23-03b64cfdb1ff,sequenceID:6643e41b-3d7d-4095-bafc-992e3b5369f4,6643e41b-3d7d-4095-bafc-992e3b5369f4,6643e41b-3d7d-4095-bafc-992e3b5369f4,c1e11e45-d623-4d7e-b523-276232ecb843,grallina cyanoleuca,0.87,AWC 135,Blank,blank,grallina cyanoleuca
c8b3e104-0cd8-4fcb-aec7-8ef82fbb242f,sequenceID:29ce45d3-d5a3-4830-896c-ab62eab29b2f,29ce45d3-d5a3-4830-896c-ab62eab29b2f,29ce45d3-d5a3-4830-896c-ab62eab29b2f,c1e11e45-d623-4d7e-b523-276232ecb843,Myiopsitta monachus,0.71,AWC 135,Blank,blank,myiopsitta monachus
cf0c21be-1560-4e86-bfae-0217c7771c25,sequenceID:99993f1a-0acf-4a40-a282-e421a4931c75,99993f1a-0acf-4a40-a282-e421a4931c75,99993f1a-0acf-4a40-a282-e421a4931c75,c1e11e45-d623-4d7e-b523-276232ecb843,,0.0,,Blank,blank,nan
0878aac7-7ac0-4319-ba0a-62967fe5094f,sequenceID:14f18dd2-b678-4aca-92e9-e8efbe3a1b65,14f18dd2-b678-4aca-92e9-e8efbe3a1b65,14f18dd2-b678-4aca-92e9-e8efbe3a1b65,c1e11e45-d623-4d7e-b523-276232ecb843,,0.0,,Blank,blank,nan
c5b4cce1-850c-437f-8caf-cfec82309369,sequenceID:c9e57ac7-7f32-45d9-980f-308d90c1f0fa,c9e57ac7-7f32-45d9-980f-308d90c1f0fa,c9e57ac7-7f32-45d9-980f-308d90c1f0fa,c1e11e45-d623-4d7e-b523-276232ecb843,Aves,0.73,AWC 135,Blank,blank,aves
aa936549-bf5e-43ae-832b-6f4a14d99437,sequenceID:3f554cd1-ea1c-4b5d-b326-7f3f8d2cec7a,3f554cd1-ea1c-4b5d-b326-7f3f8d2cec7a,3f554cd1-ea1c-4b5d-b326-7f3f8d2cec7a,c1e11e45-d623-4d7e-b523-276232ecb843,Myiopsitta monachus,0.81,AWC 135,Blank,blank,myiopsitta monachus
92c25d54-1875-4854-8a14-574e297a2705,sequenceID:5dbc6ba3-a55f-4934-a44b-c7e82fef114a,5dbc6ba3-a55f-4934-a44b-c7e82fef114a,5dbc6ba3-a55f-4934-a44b-c7e82fef114a,c1e11e45-d623-4d7e-b523-276232ecb843,Lasiorhinus latifrons,0.59,AWC 135,Blank,blank,lasiorhinus latifrons
4a11998d-5ceb-4034-be49-ce0a427b7879,sequenceID:ba0a11d7-99a8-43bc-9fbd-90c102b7b3fc,ba0a11d7-99a8-43bc-9fbd-90c102b7b3fc,ba0a11d7-99a8-43bc-9fbd-90c102b7b3fc,c1e11e45-d623-4d7e-b523-276232ecb843,Amphibolurus muricatus,0.89,AWC 135,Blank,blank,amphibolurus muricatus
97ced2db-4714-46a1-99f0-be0c280e93ee,sequenceID:28cf6146-ef5f-4b57-96be-f1d6221a3147,28cf6146-ef5f-4b57-96be-f1d6221a3147,28cf6146-ef5f-4b57-96be-f1d6221a3147,c1e11e45-d623-4d7e-b523-276232ecb843,Aves,0.71,AWC 135,Blank,blank,aves
8fd3a0f0-1bfe-48f7-93ed-6328d329b9e6,sequenceID:362fd06d-d17e-4617-bf0d-767c4b35bae5,362fd06d-d17e-4617-bf0d-767c4b35bae5,362fd06d-d17e-4617-bf0d-767c4b35bae5,c1e11e45-d623-4d7e-b523-276232ecb843,,0.5,AWC 135,Blank,blank,nan
6f276d8d-96dd-41d7-b61a-d34f9d2e22ef,sequenceID:81acdf69-939e-403e-96a2-caaa5bc39ad4,81acdf69-939e-403e-96a2-caaa5bc39ad4,81acdf69-939e-403e-96a2-caaa5bc39ad4,c1e11e45-d623-4d7e-b523-276232ecb843,,0.0,,Blank,blank,nan
8d5a0681-1ba4-47ea-98dc-d64ee4d57da0,sequenceID:843c329d-44b0-4870-b10a-41b524235e60,843c329d-44b0-4870-b10a-41b524235e60,843c329d-44b0-4870-b10a-41b524235e60,c1e11e45-d623-4d7e-b523-276232ecb843,,0.5,AWC 135,Blank,blank,nan
2f131b0c-8a9a-44ca-bde9-6b92676d2652,sequenceID:b0d137da-ffb4-47ad-878c-f621b34a5865,b0d137da-ffb4-47ad-878c-f621b34a5865,b0d137da-ffb4-47ad-878c-f621b34a5865,c1e11e45-d623-4d7e-b523-276232ecb843,,0.5,AWC 135,Blank,blank,nan
447c1cd0-302e-488e-9530-577663df7bf2,sequenceID:a4f500ee-72cd-49dc-a9dc-bf827db4dfec,a4f500ee-72cd-49dc-a9dc-bf827db4dfec,a4f500ee-72cd-49dc-a9dc-bf827db4dfec,c1e11e45-d623-4d7e-b523-276232ecb843,,0.5,AWC 135,Blank,blank,nan
061078da-fdd6-4b1c-9186-126be7ce5d3f,sequenceID:713de132-f6ef-421a-b996-57075a496a3a,713de132-f6ef-421a-b996-57075a496a3a,713de132-f6ef-421a-b996-57075a496a3a,c1e11e45-d623-4d7e-b523-276232ecb843,,0.5,AWC 135,Blank,blank,nan
76a4d157-f574-4c4e-b14d-5e27c3d45989,sequenceID:bb63f013-1d5c-4907-849e-40f17b9df8ca,bb63f013-1d5c-4907-849e-40f17b9df8ca,bb63f013-1d5c-4907-849e-40f17b9df8ca,c1e11e45-d623-4d7e-b523-276232ecb843,,0.5,AWC 135,Blank,blank,nan
ed193e46-5b59-4156-be85-fcfd19863ef3,sequenceID:20fc9e79-16f5-4534-8c89-989ecb401b32,20fc9e79-16f5-4534-8c89-989ecb401b32,20fc9e79-16f5-4534-8c89-989ecb401b32,c1e11e45-d623-4d7e-b523-276232ecb843,,0.5,AWC 135,Blank,blank,nan
3bbbfa59-bdb6-4266-9ba4-5cf5d4c59d2a,sequenceID:5d89db8e-bade-4142-9647-ed68c99df139,5d89db8e-bade-4142-9647-ed68c99df139,5d89db8e-bade-4142-9647-ed68c99df139,c1e11e45-d623-4d7e-b523-276232ecb843,Amphibolurus muricatus,0.87,AWC 135,Blank,blank,amphibolurus muricatus
3bbbfa59-bdb6-4266-9ba4-5cf5d4c59d2a,sequenceID:5d89db8e-bade-4142-9647-ed68c99df139,5d89db8e-bade-4142-9647-ed68c99df139,5d89db8e-bade-4142-9647-ed68c99df139,c1e11e45-d623-4d7e-b523-276232ecb843,grallina cyanoleuca,0.91,AWC 135,Blank,blank,grallina cyanoleuca
b5005988-bfdf-4151-b3f1-0ebf6c4f8c63,sequenceID:d3bcbcd8-f9b3-498c-89da-77db3cf7471c,d3bcbcd8-f9b3-498c-89da-77db3cf7471c,d3bcbcd8-f9b3-498c-89da-77db3cf7471c,c1e11e45-d623-4d7e-b523-276232ecb843,,0.5,AWC 135,Blank,blank,nan
3c39a011-801b-439c-8ba6-eb35130fd3e9,sequenceID:fdb0a5e3-4d1e-456c-947b-15e0c647c45b,fdb0a5e3-4d1e-456c-947b-15e0c647c45b,fdb0a5e3-4d1e-456c-947b-15e0c647c45b,c1e11e45-d623-4d7e-b523-276232ecb843,,0.5,AWC 135,Blank,blank,nan
2f01c09a-1041-46fb-bfca-22a095280bd8,sequenceID:30c2ecef-54f9-4c64-9225-7d1d10acf9b1,30c2ecef-54f9-4c64-9225-7d1d10acf9b1,30c2ecef-54f9-4c64-9225-7d1d10acf9b1,c1e11e45-d623-4d7e-b523-276232ecb843,Amphibolurus muricatus,0.81,AWC 135,Blank,blank,amphibolurus muricatus
d1f95a89-3f15-4108-939f-2d3d85f22296,sequenceID:f0bfefae-09f0-4b49-9a91-9dd16d621da4,f0bfefae-09f0-4b49-9a91-9dd16d621da4,f0bfefae-09f0-4b49-9a91-9dd16d621da4,c1e11e45-d623-4d7e-b523-276232ecb843,tachyglossus aculeatus,0.97,AWC 135,Blank,blank,tachyglossus aculeatus
092aab1a-e221-4a42-ae37-b580b8859b44,sequenceID:0e5bb3e7-8670-4fc0-b07a-704619d0cbd5,0e5bb3e7-8670-4fc0-b07a-704619d0cbd5,0e5bb3e7-8670-4fc0-b07a-704619d0cbd5,c1e11e45-d623-4d7e-b523-276232ecb843,,0.0,,Blank,blank,nan
759a860a-7b14-4bb1-b3e7-5bedf5ab3288,sequenceID:7317822f-a4bb-40e8-9bbd-70bff8a17de2,7317822f-a4bb-40e8-9bbd-70bff8a17de2,7317822f-a4bb-40e8-9bbd-70bff8a17de2,c1e11e45-d623-4d7e-b523-276232ecb843,,0.5,AWC 135,Blank,blank,nan
fc50b23c-66d3-44ad-8e9e-ff6c662fe454,sequenceID:67a38ec7-2f6d-411b-ad42-08321ff8ff5f,67a38ec7-2f6d-411b-ad42-08321ff8ff5f,67a38ec7-2f6d-411b-ad42-08321ff8ff5f,c1e11e45-d623-4d7e-b523-276232ecb843,,0.5,AWC 135,Blank,blank,nan
9c9c7a18-7cab-45f8-acab-4ac7f33bded0,sequenceID:3149c1ae-7b4e-4ddf-836d-1d4b2e828933,3149c1ae-7b4e-4ddf-836d-1d4b2e828933,3149c1ae-7b4e-4ddf-836d-1d4b2e828933,c1e11e45-d623-4d7e-b523-276232ecb843,,0.0,,Blank,blank,nan
50c1b148-2523-4629-8d4f-caefe65da51a,sequenceID:2b1463e9-9936-4998-abbb-6e372d9292c1,2b1463e9-9936-4998-abbb-6e372d9292c1,2b1463e9-9936-4998-abbb-6e372d9292c1,c1e11e45-d623-4d7e-b523-276232ecb843,Myiopsitta monachus,0.95,AWC 135,Blank,blank,myiopsitta monachus
5cf886af-57cf-42d5-a3ac-7ab5542ca206,sequenceID:8fd5b355-997b-482e-91ed-cc251c54139a,8fd5b355-997b-482e-91ed-cc251c54139a,8fd5b355-997b-482e-91ed-cc251c54139a,c1e11e45-d623-4d7e-b523-276232ecb843,,0.0,,Blank,blank,nan
e2a2b406-e401-49a2-8e7a-a29b477a17a0,sequenceID:b943d273-5fb6-4abd-abeb-fb36dca8a420,b943d273-5fb6-4abd-abeb-fb36dca8a420,b943d273-5fb6-4abd-abeb-fb36dca8a420,c1e11e45-d623-4d7e-b523-276232ecb843,,0.0,,Blank,blank,nan
35e721ea-68e3-4fe4-aeba-5c769b098c56,sequenceID:39759124-75e8-40fb-a754-fc3e1be476f8,39759124-75e8-40fb-a754-fc3e1be476f8,39759124-75e8-40fb-a754-fc3e1be476f8,c1e11e45-d623-4d7e-b523-276232ecb843,,0.5,AWC 135,Blank,blank,nan
ce2d8b46-d057-4315-b20f-7f3a0f8fb6cf,sequenceID:afb2bcc7-04ec-4eef-8291-a684f71b4a18,afb2bcc7-04ec-4eef-8291-a684f71b4a18,afb2bcc7-04ec-4eef-8291-a684f71b4a18,c1e11e45-d623-4d7e-b523-276232ecb843,,0.5,AWC 135,Blank,blank,nan
0db23d07-e1ba-4591-bc0c-bd9b5aeeaa35,sequenceID:49a49073-bb01-4446-9a5e-eb0dbd2d9ee3,49a49073-bb01-4446-9a5e-eb0dbd2d9ee3,49a49073-bb01-4446-9a5e-eb0dbd2d9ee3,c1e11e45-d623-4d7e-b523-276232ecb843,,0.5,AWC 135,Blank,blank,nan
9e5d856f-5025-4a59-826c-96f163d68d6d,sequenceID:f9c385de-864d-4e6c-95d0-8ca1005cfe1c,f9c385de-864d-4e6c-95d0-8ca1005cfe1c,f9c385de-864d-4e6c-95d0-8ca1005cfe1c,c1e11e45-d623-4d7e-b523-276232ecb843,Aves,0.57,AWC 135,Blank,blank,aves
42a77dd8-8aef-46ae-9c83-c9b033c340c4,sequenceID:c676413a-61d9-4ffc-a02b-0bc9b2d86d62,c676413a-61d9-4ffc-a02b-0bc9b2d86d62,c676413a-61d9-4ffc-a02b-0bc9b2d86d62,c1e11e45-d623-4d7e-b523-276232ecb843,Amphibolurus muricatus,0.62,AWC 135,Blank,blank,amphibolurus muricatus
ce10deb2-c0b4-4d9f-a7f0-50c51bf3fdc3,sequenceID:41815736-3ad5-444b-8aa3-5f4045180c89,41815736-3ad5-444b-8aa3-5f4045180c89,41815736-3ad5-444b-8aa3-5f4045180c89,c1e11e45-d623-4d7e-b523-276232ecb843,Bos taurus,0.79,AWC 135,Blank,blank,bos taurus
b068ed57-ce94-4cf5-b8f0-eb04cb58ca67,sequenceID:6a558f9c-1e19-49fe-a544-e8f75904c9a4,6a558f9c-1e19-49fe-a544-e8f75904c9a4,6a558f9c-1e19-49fe-a544-e8f75904c9a4,c1e11e45-d623-4d7e-b523-276232ecb843,Amphibolurus muricatus,0.83,AWC 135,Blank,blank,amphibolurus muricatus
b068ed57-ce94-4cf5-b8f0-eb04cb58ca67,sequenceID:6a558f9c-1e19-49fe-a544-e8f75904c9a4,6a558f9c-1e19-49fe-a544-e8f75904c9a4,6a558f9c-1e19-49fe-a544-e8f75904c9a4,c1e11e45-d623-4d7e-b523-276232ecb843,Corcorax melanorhamphos,0.76,AWC 135,Blank,blank,corcorax melanorhamphos
281efdd0-587a-43f4-8e92-b3376c37669c,sequenceID:1af0e293-3700-4aa5-9f18-cd14435331e1,1af0e293-3700-4aa5-9f18-cd14435331e1,1af0e293-3700-4aa5-9f18-cd14435331e1,c1e11e45-d623-4d7e-b523-276232ecb843,,0.5,AWC 135,Blank,blank,nan
3bf28b90-eda9-42d1-801d-f14341d35ecc,sequenceID:ed92ab71-9698-4cee-847a-54b2d18e2f0e,ed92ab71-9698-4cee-847a-54b2d18e2f0e,ed92ab71-9698-4cee-847a-54b2d18e2f0e,c1e11e45-d623-4d7e-b523-276232ecb843,Amphibolurus muricatus,0.76,AWC 135,Blank,blank,amphibolurus muricatus
f03a35fa-06e9-4c9a-86e2-774328577769,sequenceID:7e16eac9-30ba-4e20-a9e9-b9a80bf2e2b7,7e16eac9-30ba-4e20-a9e9-b9a80bf2e2b7,7e16eac9-30ba-4e20-a9e9-b9a80bf2e2b7,c1e11e45-d623-4d7e-b523-276232ecb843,Aves,0.83,AWC 135,Blank,blank,aves
9e53a8bc-2e5b-48b2-8879-a72c77290807,sequenceID:577f0bc0-db1d-48e8-b760-aa8ee6f32fb5,577f0bc0-db1d-48e8-b760-aa8ee6f32fb5,577f0bc0-db1d-48e8-b760-aa8ee6f32fb5,c1e11e45-d623-4d7e-b523-276232ecb843,Amphibolurus muricatus,0.58,AWC 135,Blank,blank,amphibolurus muricatus
dd1e9e6f-a410-45f9-ac25-1321c9279e7d,sequenceID:456a0b68-02ad-4a9c-9107-a9c646705577,456a0b68-02ad-4a9c-9107-a9c646705577,456a0b68-02ad-4a9c-9107-a9c646705577,c1e11e45-d623-4d7e-b523-276232ecb843,,0.0,,Blank,blank,nan
0a925bb2-153b-4b99-8a31-3d9f7e0bf1d4,sequenceID:fc4def69-f46a-4132-9fdf-be4347370752,fc4def69-f46a-4132-9fdf-be4347370752,fc4def69-f46a-4132-9fdf-be4347370752,c1e11e45-d623-4d7e-b523-276232ecb843,Amphibolurus muricatus,0.77,AWC 135,Blank,blank,amphibolurus muricatus
83572c3a-4f86-400e-bf4e-e420d6a199b4,sequenceID:bb0abe45-7600-43b9-b30b-c90edbb1a2dd,bb0abe45-7600-43b9-b30b-c90edbb1a2dd,bb0abe45-7600-43b9-b30b-c90edbb1a2dd,c1e11e45-d623-4d7e-b523-276232ecb843,,0.0,,Blank,blank,nan
470c4b76-706f-4fad-ba4e-95b5ae6ae5fe,sequenceID:c2db6ec0-4a93-40f1-8fd2-3eeebbceccee,c2db6ec0-4a93-40f1-8fd2-3eeebbceccee,c2db6ec0-4a93-40f1-8fd2-3eeebbceccee,c1e11e45-d623-4d7e-b523-276232ecb843,Equus,0.67,AWC 135,Blank,blank,equus
470c4b76-706f-4fad-ba4e-95b5ae6ae5fe,sequenceID:c2db6ec0-4a93-40f1-8fd2-3eeebbceccee,c2db6ec0-4a93-40f1-8fd2-3eeebbceccee,c2db6ec0-4a93-40f1-8fd2-3eeebbceccee,c1e11e45-d623-4d7e-b523-276232ecb843,Macropus dorsalis,0.73,AWC 135,Blank,blank,macropus dorsalis
616d01c8-86a3-4466-b6ef-fd66d33f9577,sequenceID:db9b6704-223a-4d9b-8c6a-eaf38b13a267,db9b6704-223a-4d9b-8c6a-eaf38b13a267,db9b6704-223a-4d9b-8c6a-eaf38b13a267,c1e11e45-d623-4d7e-b523-276232ecb843,,0.0,,Blank,blank,nan
36e71472-1d51-4c4c-8c80-fe278f284b91,sequenceID:4eb13fa2-2458-48be-8b93-8b247a209f20,4eb13fa2-2458-48be-8b93-8b247a209f20,4eb13fa2-2458-48be-8b93-8b247a209f20,c1e11e45-d623-4d7e-b523-276232ecb843,,0.5,AWC 135,Blank,blank,nan
1048cbde-af1d-4352-b180-2192c7ff1d12,sequenceID:7dd56f50-33f5-42b9-9c1a-fedeb6a4bfcd,7dd56f50-33f5-42b9-9c1a-fedeb6a4bfcd,7dd56f50-33f5-42b9-9c1a-fedeb6a4bfcd,c1e11e45-d623-4d7e-b523-276232ecb843,,0.0,,Blank,blank,nan
20f653f4-9aff-4c62-bebe-fe11e45396cc,sequenceID:a176b732-2793-46e1-b82f-5e5be29aef7a,a176b732-2793-46e1-b82f-5e5be29aef7a,a176b732-2793-46e1-b82f-5e5be29aef7a,c1e11e45-d623-4d7e-b523-276232ecb843,Amphibolurus muricatus,0.71,AWC 135,Blank,blank,amphibolurus muricatus
e9b6050b-8a06-4a7c-85cc-6efcd27bc071,sequenceID:dae3c062-02ca-41b3-b013-bc01e6ba9407,dae3c062-02ca-41b3-b013-bc01e6ba9407,dae3c062-02ca-41b3-b013-bc01e6ba9407,c1e11e45-d623-4d7e-b523-276232ecb843,,0.0,,Blank,blank,nan
39dbc5bf-490d-47ff-bce1-7120aaa0048b,sequenceID:e51d3486-6b34-4a82-aca0-622266e63b0d,e51d3486-6b34-4a82-aca0-622266e63b0d,e51d3486-6b34-4a82-aca0-622266e63b0d,c1e11e45-d623-4d7e-b523-276232ecb843,Equus,0.9,AWC 135,Blank,blank,equus
a1f776d2-7e00-4774-abef-c95542f5166f,sequenceID:1ca982a9-f1df-4a31-a1fd-da6459eb16a3,1ca982a9-f1df-4a31-a1fd-da6459eb16a3,1ca982a9-f1df-4a31-a1fd-da6459eb16a3,c1e11e45-d623-4d7e-b523-276232ecb843,Amphibolurus muricatus,0.69,AWC 135,Blank,blank,amphibolurus muricatus
43f0cbd3-fbe7-42ee-ad1b-6e8386a39f41,sequenceID:8c5351ad-1c5c-4552-a22a-74d173e8d799,8c5351ad-1c5c-4552-a22a-74d173e8d799,8c5351ad-1c5c-4552-a22a-74d173e8d799,c1e11e45-d623-4d7e-b523-276232ecb843,,0.0,,Blank,blank,nan
e86b575d-1b15-4903-977f-3361d47ba8c2,sequenceID:71cbbf57-e163-464f-8adb-925fbc89a2d2,71cbbf57-e163-464f-8adb-925fbc89a2d2,71cbbf57-e163-464f-8adb-925fbc89a2d2,c1e11e45-d623-4d7e-b523-276232ecb843,Aves,0.55,AWC 135,Blank,blank,aves
c8b94ed7-fda1-4b82-b4d5-435181878303,sequenceID:1cad9775-0f85-4938-9566-8fd937768429,1cad9775-0f85-4938-9566-8fd937768429,1cad9775-0f85-4938-9566-8fd937768429,c1e11e45-d623-4d7e-b523-276232ecb843,,0.0,,Blank,blank,nan
f4ab36d7-9cb6-47a7-ba50-fae5aad67009,sequenceID:7ec538c5-43b3-4235-bd9f-04d5e4c654b6,7ec538c5-43b3-4235-bd9f-04d5e4c654b6,7ec538c5-43b3-4235-bd9f-04d5e4c654b6,c1e11e45-d623-4d7e-b523-276232ecb843,,0.5,AWC 135,Blank,blank,nan
de6a6d4a-15b6-41be-b36b-f9f7c4d0e7d7,sequenceID:76a4790a-8d27-4b84-ab34-9ac8e3512f0f,76a4790a-8d27-4b84-ab34-9ac8e3512f0f,76a4790a-8d27-4b84-ab34-9ac8e3512f0f,c1e11e45-d623-4d7e-b523-276232ecb843,Equus,0.64,AWC 135,Blank,blank,equus
0b28a6b4-a4e4-4e35-ab48-6c8d1efbb021,sequenceID:2168af1c-3530-4c43-934e-52a5639a19a5,2168af1c-3530-4c43-934e-52a5639a19a5,2168af1c-3530-4c43-934e-52a5639a19a5,c1e11e45-d623-4d7e-b523-276232ecb843,Vulpes vulpes,0.52,AWC 135,Blank,blank,vulpes vulpes
9b676ec5-a235-495e-82a9-a8ecfad5a7ff,sequenceID:77ccc01e-abbb-46ce-b001-326c5c0fedb8,77ccc01e-abbb-46ce-b001-326c5c0fedb8,77ccc01e-abbb-46ce-b001-326c5c0fedb8,c1e11e45-d623-4d7e-b523-276232ecb843,Bettongia lesueur,0.9,AWC 135,Blank,blank,bettongia lesueur
04b4b902-88f5-43d2-a0df-93abed450281,sequenceID:bd0c03db-c2f7-440d-bc93-59fd7372f71d,bd0c03db-c2f7-440d-bc93-59fd7372f71d,bd0c03db-c2f7-440d-bc93-59fd7372f71d,c1e11e45-d623-4d7e-b523-276232ecb843,,0.5,AWC 135,Blank,blank,nan
80796dff-291c-4773-8627-87837ce6c95b,sequenceID:a28bc502-16a9-4d87-b9ca-988620b2c37b,a28bc502-16a9-4d87-b9ca-988620b2c37b,a28bc502-16a9-4d87-b9ca-988620b2c37b,c1e11e45-d623-4d7e-b523-276232ecb843,Amphibolurus muricatus,0.5,AWC 135,Blank,blank,amphibolurus muricatus
8e8a9471-639a-4895-a58e-3bb7ffc7f93a,sequenceID:aa6fcc0e-f030-4c49-b94d-6f68b19d3a48,aa6fcc0e-f030-4c49-b94d-6f68b19d3a48,aa6fcc0e-f030-4c49-b94d-6f68b19d3a48,c1e11e45-d623-4d7e-b523-276232ecb843,Aves,0.73,AWC 135,Blank,blank,aves
1ca951b9-edfa-4864-89fd-7024d976c42e,sequenceID:bcac49cf-a372-439f-95ca-e756a2103cb3,bcac49cf-a372-439f-95ca-e756a2103cb3,bcac49cf-a372-439f-95ca-e756a2103cb3,c1e11e45-d623-4d7e-b523-276232ecb843,Bos taurus,0.85,AWC 135,Blank,blank,bos taurus
fc1f435d-aa91-4c03-a16b-50e8df74d48a,sequenceID:053fcac9-deae-40d3-904c-964b416ba0f5,053fcac9-deae-40d3-904c-964b416ba0f5,053fcac9-deae-40d3-904c-964b416ba0f5,c1e11e45-d623-4d7e-b523-276232ecb843,Aves,0.68,AWC 135,Blank,blank,aves
977a9de2-2027-4653-9120-24d5eee46f3a,sequenceID:8162de65-140f-4e01-8f85-f0febf5c6d44,8162de65-140f-4e01-8f85-f0febf5c6d44,8162de65-140f-4e01-8f85-f0febf5c6d44,c1e11e45-d623-4d7e-b523-276232ecb843,,0.0,,Blank,blank,nan
f1d5d557-c306-4dd4-a774-484a0eee83ec,sequenceID:20811e83-def9-4768-a3e4-10e8271a5cde,20811e83-def9-4768-a3e4-10e8271a5cde,20811e83-def9-4768-a3e4-10e8271a5cde,c1e11e45-d623-4d7e-b523-276232ecb843,,0.5,AWC 135,Blank,blank,nan
56135c8b-c8c7-409c-8c79-eeab9d3dfa31,sequenceID:beaac5b0-69d2-4282-8547-206c279d5afd,beaac5b0-69d2-4282-8547-206c279d5afd,beaac5b0-69d2-4282-8547-206c279d5afd,c1e11e45-d623-4d7e-b523-276232ecb843,Rhipidura leucophrys,0.85,AWC 135,Blank,blank,rhipidura leucophrys
95edf720-6147-4cd3-a76d-8d0c1f62c3bc,sequenceID:3b3ac3bf-2e00-45d8-bc9f-993ecf3e68df,3b3ac3bf-2e00-45d8-bc9f-993ecf3e68df,3b3ac3bf-2e00-45d8-bc9f-993ecf3e68df,c1e11e45-d623-4d7e-b523-276232ecb843,Myiopsitta monachus,0.6,AWC 135,Blank,blank,myiopsitta monachus
a7ae1e0b-df29-47eb-acae-ebce43ef64ea,sequenceID:07422439-4457-447e-a3fa-157c57fcad74,07422439-4457-447e-a3fa-157c57fcad74,07422439-4457-447e-a3fa-157c57fcad74,c1e11e45-d623-4d7e-b523-276232ecb843,Aves,0.94,AWC 135,Blank,blank,aves
a227b801-d0db-4798-a3b9-690e255045cf,sequenceID:46549c24-9bdd-4442-b83a-ff5ffce26448,46549c24-9bdd-4442-b83a-ff5ffce26448,46549c24-9bdd-4442-b83a-ff5ffce26448,c1e11e45-d623-4d7e-b523-276232ecb843,Aves,0.6,AWC 135,Blank,blank,aves
5f0b8362-144a-4693-8619-e656e408977c,sequenceID:e85ffa0f-a365-45d8-8dcd-372661e3f1c3,e85ffa0f-a365-45d8-8dcd-372661e3f1c3,e85ffa0f-a365-45d8-8dcd-372661e3f1c3,c1e11e45-d623-4d7e-b523-276232ecb843,,0.0,,Blank,blank,nan
0367736f-5828-4b95-93a9-38cb99ece0ee,sequenceID:e520f49f-4034-43e8-b189-5db9e187f9a4,e520f49f-4034-43e8-b189-5db9e187f9a4,e520f49f-4034-43e8-b189-5db9e187f9a4,c1e11e45-d623-4d7e-b523-276232ecb843,Rhipidura leucophrys,0.71,AWC 135,Blank,blank,rhipidura leucophrys
75dbf915-bd1c-479e-be4d-b4da789df5de,sequenceID:7b275a52-e518-4ae8-9dfb-c500fce3d19d,7b275a52-e518-4ae8-9dfb-c500fce3d19d,7b275a52-e518-4ae8-9dfb-c500fce3d19d,c1e11e45-d623-4d7e-b523-276232ecb843,Aves,0.56,AWC 135,Blank,blank,aves
2f2dd9b8-1ed5-4917-8780-d39ac8930c7e,sequenceID:24864635-1b27-4109-9822-3fb8fe69058c,24864635-1b27-4109-9822-3fb8fe69058c,24864635-1b27-4109-9822-3fb8fe69058c,c1e11e45-d623-4d7e-b523-276232ecb843,Aves,0.68,AWC 135,Blank,blank,aves
306fdbb9-21cc-4aef-90d7-b136505b3ec4,sequenceID:edad9263-d722-4ab7-b153-2e1399e02892,edad9263-d722-4ab7-b153-2e1399e02892,edad9263-d722-4ab7-b153-2e1399e02892,c1e11e45-d623-4d7e-b523-276232ecb843,,0.0,,Blank,blank,nan
4a588545-06d3-4c3b-bae4-a0b5ac88b599,sequenceID:241d6b85-8c4c-4960-b79b-eac223f1cf9c,241d6b85-8c4c-4960-b79b-eac223f1cf9c,241d6b85-8c4c-4960-b79b-eac223f1cf9c,c1e11e45-d623-4d7e-b523-276232ecb843,,0.0,,Blank,blank,nan
f65ac5ab-a63c-4dc8-932b-d3c8f7d5152a,sequenceID:8489af80-4c37-440a-aa6f-bd2b9ce2b619,8489af80-4c37-440a-aa6f-bd2b9ce2b619,8489af80-4c37-440a-aa6f-bd2b9ce2b619,c1e11e45-d623-4d7e-b523-276232ecb843,Rhipidura leucophrys,0.7,AWC 135,Blank,blank,rhipidura leucophrys
bfeee306-b355-4b40-bf37-1d1e9814937f,sequenceID:13b6db4f-2bf2-4070-be2f-52a52a6214c7,13b6db4f-2bf2-4070-be2f-52a52a6214c7,13b6db4f-2bf2-4070-be2f-52a52a6214c7,c1e11e45-d623-4d7e-b523-276232ecb843,,0.0,,Blank,blank,nan
5f6d4208-3cc5-442e-81d8-408f05970882,sequenceID:91bb4f49-4cc1-453a-b793-03791e082af6,91bb4f49-4cc1-453a-b793-03791e082af6,91bb4f49-4cc1-453a-b793-03791e082af6,c1e11e45-d623-4d7e-b523-276232ecb843,Rhipidura leucophrys,0.71,AWC 135,Blank,blank,rhipidura leucophrys
6463ad50-f984-441e-a31a-380c995d51eb,sequenceID:ec777ff7-5279-4118-bd7e-9a82b05cfe59,ec777ff7-5279-4118-bd7e-9a82b05cfe59,ec777ff7-5279-4118-bd7e-9a82b05cfe59,c1e11e45-d623-4d7e-b523-276232ecb843,Rhipidura leucophrys,0.65,AWC 135,Blank,blank,rhipidura leucophrys
84d13cd5-6269-40a2-9446-3e183108e59d,sequenceID:2fd37722-db55-42f4-8c86-3aa9730e8b7e,2fd37722-db55-42f4-8c86-3aa9730e8b7e,2fd37722-db55-42f4-8c86-3aa9730e8b7e,c1e11e45-d623-4d7e-b523-276232ecb843,,0.0,,Blank,blank,nan
221a32a9-ec86-4033-a9ec-a3b1a3feebf3,sequenceID:a078abc2-b3dd-4ac0-897d-3ec6a74890d7,a078abc2-b3dd-4ac0-897d-3ec6a74890d7,a078abc2-b3dd-4ac0-897d-3ec6a74890d7,c1e11e45-d623-4d7e-b523-276232ecb843,Rhipidura leucophrys,0.89,AWC 135,Blank,blank,rhipidura leucophrys
c593b0c4-39f1-4f4c-9dfa-dd8340def4fe,sequenceID:870f8b96-ca4d-4f7f-8102-4f3dc4cc1a42,870f8b96-ca4d-4f7f-8102-4f3dc4cc1a42,870f8b96-ca4d-4f7f-8102-4f3dc4cc1a42,c1e11e45-d623-4d7e-b523-276232ecb843,Rhipidura leucophrys,0.82,AWC 135,Blank,blank,rhipidura leucophrys
85482bc3-a333-44aa-a9d8-2b43ac2de822,sequenceID:6b8ecb10-f553-434e-8702-a0fa0b0a8a83,6b8ecb10-f553-434e-8702-a0fa0b0a8a83,6b8ecb10-f553-434e-8702-a0fa0b0a8a83,c1e11e45-d623-4d7e-b523-276232ecb843,Rhipidura leucophrys,0.71,AWC 135,Blank,blank,rhipidura leucophrys
6c6d95d5-90b5-4d15-9360-375cb0a562dd,sequenceID:eeb3bea9-5f5c-4727-85d1-63920c75f52a,eeb3bea9-5f5c-4727-85d1-63920c75f52a,eeb3bea9-5f5c-4727-85d1-63920c75f52a,c1e11e45-d623-4d7e-b523-276232ecb843,Aves,0.98,AWC 135,Blank,blank,aves
e3317c17-0bce-4341-b6f9-61dd1778f158,sequenceID:a3de3e27-edf7-4d8d-b904-52f9afad14ca,a3de3e27-edf7-4d8d-b904-52f9afad14ca,a3de3e27-edf7-4d8d-b904-52f9afad14ca,c1e11e45-d623-4d7e-b523-276232ecb843,,0.5,AWC 135,Blank,blank,nan
dc33adb2-628c-4e30-a630-3113ee65a33a,sequenceID:898a5037-5466-45d3-8a2c-182cff69bf2b,898a5037-5466-45d3-8a2c-182cff69bf2b,898a5037-5466-45d3-8a2c-182cff69bf2b,c1e11e45-d623-4d7e-b523-276232ecb843,Rhipidura leucophrys,0.73,AWC 135,Blank,blank,rhipidura leucophrys
07a8010f-caef-42bb-8cb9-582ad604a9ed,sequenceID:ce23ae38-9791-4d63-b644-33df52f46137,ce23ae38-9791-4d63-b644-33df52f46137,ce23ae38-9791-4d63-b644-33df52f46137,c1e11e45-d623-4d7e-b523-276232ecb843,,0.5,AWC 135,Blank,blank,nan
0f1671c8-aece-46fe-9994-11287cdba49c,sequenceID:e3fd6936-8b03-4ae1-8220-802bac5a8f28,e3fd6936-8b03-4ae1-8220-802bac5a8f28,e3fd6936-8b03-4ae1-8220-802bac5a8f28,c1e11e45-d623-4d7e-b523-276232ecb843,Amphibolurus muricatus,0.79,AWC 135,Blank,blank,amphibolurus muricatus
6f959678-3ef2-40e9-bad6-a5ea8a23c809,sequenceID:1e322ae5-aeca-4ce5-8151-3505f086ad76,1e322ae5-aeca-4ce5-8151-3505f086ad76,1e322ae5-aeca-4ce5-8151-3505f086ad76,c1e11e45-d623-4d7e-b523-276232ecb843,,0.0,,Blank,blank,nan
437e5f9c-843e-4ae5-95a1-58269bdc480d,sequenceID:e339bbea-b966-4dbe-9c86-b54daa99f29b,e339bbea-b966-4dbe-9c86-b54daa99f29b,e339bbea-b966-4dbe-9c86-b54daa99f29b,c1e11e45-d623-4d7e-b523-276232ecb843,,0.0,,Blank,blank,nan
4effed93-87cd-4ca6-89e8-315c14a654cb,sequenceID:c625a159-ce1e-4efc-91ac-846f035e2fb8,c625a159-ce1e-4efc-91ac-846f035e2fb8,c625a159-ce1e-4efc-91ac-846f035e2fb8,c1e11e45-d623-4d7e-b523-276232ecb843,,0.0,,Blank,blank,nan
43146541-1eb7-411e-b78d-f1b8f1b28db5,sequenceID:72bd3623-e4ec-44a7-a74c-a971ec5d6ef0,72bd3623-e4ec-44a7-a74c-a971ec5d6ef0,72bd3623-e4ec-44a7-a74c-a971ec5d6ef0,c1e11e45-d623-4d7e-b523-276232ecb843,Aves,0.58,AWC 135,Blank,blank,aves
6f903306-f30e-4f17-b7e7-e19578ffdf91,sequenceID:3359a775-7b02-428b-9102-d574abad1b9b,3359a775-7b02-428b-9102-d574abad1b9b,3359a775-7b02-428b-9102-d574abad1b9b,c1e11e45-d623-4d7e-b523-276232ecb843,,0.5,AWC 135,Blank,blank,nan
555ff2bc-f43d-40ad-9c32-860b5698f72f,sequenceID:63022906-6c75-40b2-9fdf-ff3fac045c5e,63022906-6c75-40b2-9fdf-ff3fac045c5e,63022906-6c75-40b2-9fdf-ff3fac045c5e,c1e11e45-d623-4d7e-b523-276232ecb843,Aves,0.87,AWC 135,Blank,blank,aves
25f3268c-1263-4848-b2a7-3bca99a5acb5,sequenceID:13fd9711-af89-4d1f-a716-5d7ac994c8db,13fd9711-af89-4d1f-a716-5d7ac994c8db,13fd9711-af89-4d1f-a716-5d7ac994c8db,c1e11e45-d623-4d7e-b523-276232ecb843,,0.0,,Blank,blank,nan
ad15ea03-4d8b-4c45-adc2-8c5c6e8be2eb,sequenceID:b5e78b25-0ae6-4652-944d-7f8e159fd47f,b5e78b25-0ae6-4652-944d-7f8e159fd47f,b5e78b25-0ae6-4652-944d-7f8e159fd47f,c1e11e45-d623-4d7e-b523-276232ecb843,Rhipidura leucophrys,0.59,AWC 135,Blank,blank,rhipidura leucophrys
3481d27a-f125-4b19-82a6-5f42867c0a47,sequenceID:6d95c914-7dfe-4128-93fc-e0b1c1094c31,6d95c914-7dfe-4128-93fc-e0b1c1094c31,6d95c914-7dfe-4128-93fc-e0b1c1094c31,c1e11e45-d623-4d7e-b523-276232ecb843,,0.0,,Blank,blank,nan
24f47847-6637-40de-ba20-ba283c2a939d,sequenceID:1635b5cb-351c-48cc-8ced-68291e4652ca,1635b5cb-351c-48cc-8ced-68291e4652ca,1635b5cb-351c-48cc-8ced-68291e4652ca,c1e11e45-d623-4d7e-b523-276232ecb843,geopelia cuneata,0.55,AWC 135,Blank,blank,geopelia cuneata
913961f1-832e-4406-bb4e-df97587f41d2,sequenceID:1ab72bc1-0eea-4ece-8eb7-e2464c29601b,1ab72bc1-0eea-4ece-8eb7-e2464c29601b,1ab72bc1-0eea-4ece-8eb7-e2464c29601b,c1e11e45-d623-4d7e-b523-276232ecb843,,0.0,,Blank,blank,nan
46ef8c91-1057-4eb0-9252-bb584760d5d6,sequenceID:ce8a19ac-792d-4fe8-96de-8bad48bf4e90,ce8a19ac-792d-4fe8-96de-8bad48bf4e90,ce8a19ac-792d-4fe8-96de-8bad48bf4e90,c1e11e45-d623-4d7e-b523-276232ecb843,,0.0,,Blank,blank,nan
2c01d09a-4dc7-498c-b3d9-9f3e70a6bd5c,sequenceID:655d084b-587d-4962-9d3f-1c11aa696a51,655d084b-587d-4962-9d3f-1c11aa696a51,655d084b-587d-4962-9d3f-1c11aa696a51,c1e11e45-d623-4d7e-b523-276232ecb843,geopelia cuneata,0.71,AWC 135,Blank,blank,geopelia cuneata
42ccbfe0-1134-4cee-98e9-f1ef5d95e20c,sequenceID:c9d2cf46-af16-4e9d-be3d-fb3b89073398,c9d2cf46-af16-4e9d-be3d-fb3b89073398,c9d2cf46-af16-4e9d-be3d-fb3b89073398,c1e11e45-d623-4d7e-b523-276232ecb843,geopelia cuneata,0.73,AWC 135,Blank,blank,geopelia cuneata
7d944338-fbc6-4fcd-8ef8-d62e21f60a35,sequenceID:76ef9bfd-e667-4979-9dfb-a52ce090c22b,76ef9bfd-e667-4979-9dfb-a52ce090c22b,76ef9bfd-e667-4979-9dfb-a52ce090c22b,c1e11e45-d623-4d7e-b523-276232ecb843,Rhipidura leucophrys,0.66,AWC 135,Blank,blank,rhipidura leucophrys
d30e14a6-1d81-4351-b3e4-03bc1d3f9bfd,sequenceID:696fde48-9e87-4d0b-a82a-c83cd2b47441,696fde48-9e87-4d0b-a82a-c83cd2b47441,696fde48-9e87-4d0b-a82a-c83cd2b47441,c1e11e45-d623-4d7e-b523-276232ecb843,,0.0,,Blank,blank,nan
50c5ad5e-7f17-4478-b61b-94278dbb6f73,sequenceID:65592b4e-7992-47da-8f73-4ac4a44d5598,65592b4e-7992-47da-8f73-4ac4a44d5598,65592b4e-7992-47da-8f73-4ac4a44d5598,c1e11e45-d623-4d7e-b523-276232ecb843,,0.0,,Blank,blank,nan
09018974-29f5-4eda-8bff-4d6d16046bdf,sequenceID:b7cefe22-1149-47cf-b0ba-0380dc7f2fb2,b7cefe22-1149-47cf-b0ba-0380dc7f2fb2,b7cefe22-1149-47cf-b0ba-0380dc7f2fb2,c1e11e45-d623-4d7e-b523-276232ecb843,,0.0,,Blank,blank,nan
e3790cb1-1fbb-44f7-9768-439be73577bc,sequenceID:f31ca97a-6f0c-4551-9722-c021116ead63,f31ca97a-6f0c-4551-9722-c021116ead63,f31ca97a-6f0c-4551-9722-c021116ead63,c1e11e45-d623-4d7e-b523-276232ecb843,Aves,0.95,AWC 135,Blank,blank,aves
ba5e130a-385d-4131-8f43-f2811cad6d2d,sequenceID:59ed2308-cafc-455f-bc92-ada6e520441e,59ed2308-cafc-455f-bc92-ada6e520441e,59ed2308-cafc-455f-bc92-ada6e520441e,c1e11e45-d623-4d7e-b523-276232ecb843,Myiopsitta monachus,0.66,AWC 135,Blank,blank,myiopsitta monachus
aa5366f0-33e7-413f-aef6-548cba595986,sequenceID:12650357-052d-4a04-a35d-6026ac85f8e3,12650357-052d-4a04-a35d-6026ac85f8e3,12650357-052d-4a04-a35d-6026ac85f8e3,c1e11e45-d623-4d7e-b523-276232ecb843,Rhipidura leucophrys,0.62,AWC 135,Blank,blank,rhipidura leucophrys
881ebbde-4bff-48b8-80e0-28f06c7c962b,sequenceID:128d90e4-30f4-40bf-9189-d62e943a6f54,128d90e4-30f4-40bf-9189-d62e943a6f54,128d90e4-30f4-40bf-9189-d62e943a6f54,c1e11e45-d623-4d7e-b523-276232ecb843,Rhipidura leucophrys,0.99,AWC 135,Blank,blank,rhipidura leucophrys
41e59d1d-8dff-4f08-84c2-1aeecad91118,sequenceID:b5a16f63-b860-46ee-9e5d-582f5bedbc62,b5a16f63-b860-46ee-9e5d-582f5bedbc62,b5a16f63-b860-46ee-9e5d-582f5bedbc62,c1e11e45-d623-4d7e-b523-276232ecb843,,0.5,AWC 135,Blank,blank,nan
a4b05be3-f7fa-415c-83ec-face183645c9,sequenceID:37e2028b-02b6-401d-aa74-757a194b8c2c,37e2028b-02b6-401d-aa74-757a194b8c2c,37e2028b-02b6-401d-aa74-757a194b8c2c,c1e11e45-d623-4d7e-b523-276232ecb843,Amphibolurus muricatus,0.94,AWC 135,Blank,blank,amphibolurus muricatus
dc3e87e2-704e-49f5-bc1c-2edf72f5f3cf,sequenceID:906d0965-2198-458b-b311-95235fb8736b,906d0965-2198-458b-b311-95235fb8736b,906d0965-2198-458b-b311-95235fb8736b,c1e11e45-d623-4d7e-b523-276232ecb843,,0.0,,Blank,blank,nan
4a393b34-9a8c-457d-8b3b-df462bf09908,sequenceID:d889a11b-c103-4ab8-94a0-78fe1beb31ba,d889a11b-c103-4ab8-94a0-78fe1beb31ba,d889a11b-c103-4ab8-94a0-78fe1beb31ba,c1e11e45-d623-4d7e-b523-276232ecb843,,0.5,AWC 135,Blank,blank,nan
413f80a2-fd34-46e2-9700-c1d933ab26db,sequenceID:0e63bcb6-b2f9-4fa4-a19b-74cea366c83b,0e63bcb6-b2f9-4fa4-a19b-74cea366c83b,0e63bcb6-b2f9-4fa4-a19b-74cea366c83b,c1e11e45-d623-4d7e-b523-276232ecb843,varanus gouldii,0.61,AWC 135,Blank,blank,varanus gouldii
4c1f8e8e-0b64-4dd9-a5e9-0fba288335e3,sequenceID:e175ceee-df80-4706-b13e-6ddf6cb11832,e175ceee-df80-4706-b13e-6ddf6cb11832,e175ceee-df80-4706-b13e-6ddf6cb11832,c1e11e45-d623-4d7e-b523-276232ecb843,Capra hircus,0.95,AWC 135,Blank,blank,capra hircus
10d7f2bf-3b7d-4c3e-b4e1-f1bae90983be,sequenceID:300634e2-42a8-4e5b-bfc1-bbdcf98175d6,300634e2-42a8-4e5b-bfc1-bbdcf98175d6,300634e2-42a8-4e5b-bfc1-bbdcf98175d6,c1e11e45-d623-4d7e-b523-276232ecb843,,0.5,AWC 135,Blank,blank,nan
9392f939-bc40-480b-960e-4340be71e089,sequenceID:c4970dcc-b445-4758-994b-d26ab284dd3d,c4970dcc-b445-4758-994b-d26ab284dd3d,c4970dcc-b445-4758-994b-d26ab284dd3d,c1e11e45-d623-4d7e-b523-276232ecb843,Amphibolurus muricatus,0.88,AWC 135,Blank,blank,amphibolurus muricatus
5114cb05-350a-4be8-9034-d9984237106b,sequenceID:0926d92f-692b-472d-a00b-d53349c013f0,0926d92f-692b-472d-a00b-d53349c013f0,0926d92f-692b-472d-a00b-d53349c013f0,c1e11e45-d623-4d7e-b523-276232ecb843,Amphibolurus muricatus,0.55,AWC 135,Blank,blank,amphibolurus muricatus
3a85b0bf-453e-421e-8641-a795416e8799,sequenceID:237f87e8-5042-40d6-a893-1d6abcf0e438,237f87e8-5042-40d6-a893-1d6abcf0e438,237f87e8-5042-40d6-a893-1d6abcf0e438,c1e11e45-d623-4d7e-b523-276232ecb843,Equus,0.96,AWC 135,Blank,blank,equus
3a85b0bf-453e-421e-8641-a795416e8799,sequenceID:237f87e8-5042-40d6-a893-1d6abcf0e438,237f87e8-5042-40d6-a893-1d6abcf0e438,237f87e8-5042-40d6-a893-1d6abcf0e438,c1e11e45-d623-4d7e-b523-276232ecb843,Capra hircus,0.68,AWC 135,Blank,blank,capra hircus
c5da2fde-c3ee-4854-83b3-ce93bfaad3cc,sequenceID:cb17c8de-8019-4f47-b352-f0681d5f1e36,cb17c8de-8019-4f47-b352-f0681d5f1e36,cb17c8de-8019-4f47-b352-f0681d5f1e36,c1e11e45-d623-4d7e-b523-276232ecb843,,0.0,,Blank,blank,nan
ac4b01a4-9594-4756-a2ac-1e6216f6ddf3,sequenceID:c59220e7-4fba-4836-8f68-d38dbc76b5a8,c59220e7-4fba-4836-8f68-d38dbc76b5a8,c59220e7-4fba-4836-8f68-d38dbc76b5a8,c1e11e45-d623-4d7e-b523-276232ecb843,,0.5,AWC 135,Blank,blank,nan
63b6c8dd-f07f-4fea-b5e6-5a4cb3e1bbdc,sequenceID:cd5d24fb-4aa9-4850-aabb-c7a50476a33e,cd5d24fb-4aa9-4850-aabb-c7a50476a33e,cd5d24fb-4aa9-4850-aabb-c7a50476a33e,c1e11e45-d623-4d7e-b523-276232ecb843,,0.5,AWC 135,Blank,blank,nan
e1e0e570-bd33-4b48-accd-5790c58dee72,sequenceID:77ab1bf4-822d-4ae7-b251-6bd6323a6846,77ab1bf4-822d-4ae7-b251-6bd6323a6846,77ab1bf4-822d-4ae7-b251-6bd6323a6846,c1e11e45-d623-4d7e-b523-276232ecb843,Myiopsitta monachus,0.57,AWC 135,Blank,blank,myiopsitta monachus
86a99dfe-25a2-4661-96f1-6017e722a39b,sequenceID:5e70e649-eaea-4520-a753-e7408b763655,5e70e649-eaea-4520-a753-e7408b763655,5e70e649-eaea-4520-a753-e7408b763655,c1e11e45-d623-4d7e-b523-276232ecb843,,0.5,AWC 135,Blank,blank,nan
16db6569-5339-4455-84a7-60ae03b384c9,sequenceID:0f412bb1-243a-4efa-ac17-31872eab5649,0f412bb1-243a-4efa-ac17-31872eab5649,0f412bb1-243a-4efa-ac17-31872eab5649,c1e11e45-d623-4d7e-b523-276232ecb843,,0.5,AWC 135,Blank,blank,nan
c2385cac-a8e8-4d30-9830-58f471e59993,sequenceID:882ed9c7-8655-4452-b19d-86745aa2e785,882ed9c7-8655-4452-b19d-86745aa2e785,882ed9c7-8655-4452-b19d-86745aa2e785,c1e11e45-d623-4d7e-b523-276232ecb843,,0.5,AWC 135,Blank,blank,nan
adb91534-c71e-4ab2-822c-b99d82e8ee17,sequenceID:ce4223be-3b75-404a-8cf4-e989f6a6a690,ce4223be-3b75-404a-8cf4-e989f6a6a690,ce4223be-3b75-404a-8cf4-e989f6a6a690,c1e11e45-d623-4d7e-b523-276232ecb843,,0.0,,Blank,blank,nan
9afb1ea0-5c4a-4de7-a57a-21f0026cf31f,sequenceID:6e30f47f-6a32-49b6-aa30-1660b7aecb92,6e30f47f-6a32-49b6-aa30-1660b7aecb92,6e30f47f-6a32-49b6-aa30-1660b7aecb92,c1e11e45-d623-4d7e-b523-276232ecb843,,0.0,,Blank,blank,nan
b11d5dc4-0a37-45df-8126-1914dcc9b624,sequenceID:3bffb8c6-b3ad-4f3e-b720-0c88c643f6c0,3bffb8c6-b3ad-4f3e-b720-0c88c643f6c0,3bffb8c6-b3ad-4f3e-b720-0c88c643f6c0,c1e11e45-d623-4d7e-b523-276232ecb843,,0.5,AWC 135,Blank,blank,nan
342843e3-94cd-4c12-802f-db6ffd2e2d8f,sequenceID:92969c27-0e22-49f7-aedd-372a829ed0bd,92969c27-0e22-49f7-aedd-372a829ed0bd,92969c27-0e22-49f7-aedd-372a829ed0bd,c1e11e45-d623-4d7e-b523-276232ecb843,,0.5,AWC 135,Blank,blank,nan
41a0ab0f-b5c3-4d31-97c8-c021df5a8788,sequenceID:de2cb7b6-c214-462c-8ca2-6c731119b023,de2cb7b6-c214-462c-8ca2-6c731119b023,de2cb7b6-c214-462c-8ca2-6c731119b023,c1e11e45-d623-4d7e-b523-276232ecb843,,0.0,,Blank,blank,nan
401e309f-b739-479b-9a2b-9f3a2f95036f,sequenceID:15440bd4-ac4e-4150-ab38-0e1d318be4ab,15440bd4-ac4e-4150-ab38-0e1d318be4ab,15440bd4-ac4e-4150-ab38-0e1d318be4ab,c1e11e45-d623-4d7e-b523-276232ecb843,Aves,0.87,AWC 135,Blank,blank,aves
3f9b29ec-3584-40ab-a06f-8b4955896a42,sequenceID:a3d76760-fe4c-457b-aa33-2c32727833cf,a3d76760-fe4c-457b-aa33-2c32727833cf,a3d76760-fe4c-457b-aa33-2c32727833cf,c1e11e45-d623-4d7e-b523-276232ecb843,geopelia cuneata,0.55,AWC 135,Blank,blank,geopelia cuneata
3f9b29ec-3584-40ab-a06f-8b4955896a42,sequenceID:a3d76760-fe4c-457b-aa33-2c32727833cf,a3d76760-fe4c-457b-aa33-2c32727833cf,a3d76760-fe4c-457b-aa33-2c32727833cf,c1e11e45-d623-4d7e-b523-276232ecb843,Amphibolurus muricatus,0.88,AWC 135,Blank,blank,amphibolurus muricatus
a7e6c272-3830-4cc2-9770-2512bbf275f5,sequenceID:a6efdff5-c2ad-436d-9b16-607b09b05dcb,a6efdff5-c2ad-436d-9b16-607b09b05dcb,a6efdff5-c2ad-436d-9b16-607b09b05dcb,c1e11e45-d623-4d7e-b523-276232ecb843,Amphibolurus muricatus,0.7,AWC 135,Blank,blank,amphibolurus muricatus
a7e6c272-3830-4cc2-9770-2512bbf275f5,sequenceID:a6efdff5-c2ad-436d-9b16-607b09b05dcb,a6efdff5-c2ad-436d-9b16-607b09b05dcb,a6efdff5-c2ad-436d-9b16-607b09b05dcb,c1e11e45-d623-4d7e-b523-276232ecb843,Aves,0.76,AWC 135,Blank,blank,aves
8ecd6a95-ad10-4418-a7cf-cf6de6abebdf,sequenceID:2b9f4569-1695-46bc-a17d-4488ba9c19a8,2b9f4569-1695-46bc-a17d-4488ba9c19a8,2b9f4569-1695-46bc-a17d-4488ba9c19a8,c1e11e45-d623-4d7e-b523-276232ecb843,Amphibolurus muricatus,0.82,AWC 135,Blank,blank,amphibolurus muricatus
6a17c08b-7685-4fc3-ade1-53de11ea976d,sequenceID:55b792b7-72d7-4002-93b0-0f65d0618ebc,55b792b7-72d7-4002-93b0-0f65d0618ebc,55b792b7-72d7-4002-93b0-0f65d0618ebc,c1e11e45-d623-4d7e-b523-276232ecb843,Petrogale lateralis,0.95,AWC 135,Blank,blank,petrogale lateralis
952130c0-cdf4-4075-88bc-5c6e8a07c625,sequenceID:c9af6f61-c721-424e-8789-24adc697c474,c9af6f61-c721-424e-8789-24adc697c474,c9af6f61-c721-424e-8789-24adc697c474,c1e11e45-d623-4d7e-b523-276232ecb843,,0.5,AWC 135,Blank,blank,nan
b2af1271-060c-49e1-ba05-78ca69dfbcee,sequenceID:950e3330-e11d-4012-8f2b-65d43fd5a4c8,950e3330-e11d-4012-8f2b-65d43fd5a4c8,950e3330-e11d-4012-8f2b-65d43fd5a4c8,c1e11e45-d623-4d7e-b523-276232ecb843,Amphibolurus muricatus,0.79,AWC 135,Blank,blank,amphibolurus muricatus
cfc85855-fb81-4dd6-bb8f-c97cc492253c,sequenceID:104f4f0d-479d-4aa0-bf46-a5161d76519e,104f4f0d-479d-4aa0-bf46-a5161d76519e,104f4f0d-479d-4aa0-bf46-a5161d76519e,c1e11e45-d623-4d7e-b523-276232ecb843,,0.5,AWC 135,Blank,blank,nan
de44a671-566e-40fd-ab78-5c5cff269de7,sequenceID:368f7022-37ff-4abc-9083-a61440522b34,368f7022-37ff-4abc-9083-a61440522b34,368f7022-37ff-4abc-9083-a61440522b34,c1e11e45-d623-4d7e-b523-276232ecb843,,0.0,,Blank,blank,nan
386b5bb2-91cd-4888-8317-76d77ee2f619,sequenceID:a5cb78db-d41c-4b15-8515-f5fc584088d4,a5cb78db-d41c-4b15-8515-f5fc584088d4,a5cb78db-d41c-4b15-8515-f5fc584088d4,c1e11e45-d623-4d7e-b523-276232ecb843,,0.0,,Blank,blank,nan
439869b8-17ad-41d8-b221-38385343d07f,sequenceID:be7d36c3-e300-4ee2-86a9-b21d9f1a0013,be7d36c3-e300-4ee2-86a9-b21d9f1a0013,be7d36c3-e300-4ee2-86a9-b21d9f1a0013,c1e11e45-d623-4d7e-b523-276232ecb843,,0.0,,Blank,blank,nan
c4b90f38-0b7a-4aa0-9f6a-23345edb0b6f,sequenceID:f3b32431-e184-40d4-9b2c-3adc2ae59c55,f3b32431-e184-40d4-9b2c-3adc2ae59c55,f3b32431-e184-40d4-9b2c-3adc2ae59c55,c1e11e45-d623-4d7e-b523-276232ecb843,Bos taurus,0.57,AWC 135,Blank,blank,bos taurus
991ee850-3198-40f7-b15c-f724bdc563fd,sequenceID:e6c62cab-81c4-446c-a37a-9fd50a755dba,e6c62cab-81c4-446c-a37a-9fd50a755dba,e6c62cab-81c4-446c-a37a-9fd50a755dba,c1e11e45-d623-4d7e-b523-276232ecb843,Amphibolurus muricatus,0.93,AWC 135,Blank,blank,amphibolurus muricatus
35e80357-7bb7-4382-84c2-9de57adbbf39,sequenceID:c37fcefa-2de2-41fb-8eee-c702b880321a,c37fcefa-2de2-41fb-8eee-c702b880321a,c37fcefa-2de2-41fb-8eee-c702b880321a,c1e11e45-d623-4d7e-b523-276232ecb843,,0.5,AWC 135,Blank,blank,nan
34a47dcf-b29a-48aa-bc35-6225ef3281f7,sequenceID:31653951-cfe6-493b-a38c-94ac50f575c4,31653951-cfe6-493b-a38c-94ac50f575c4,31653951-cfe6-493b-a38c-94ac50f575c4,c1e11e45-d623-4d7e-b523-276232ecb843,,0.5,AWC 135,Blank,blank,nan
693e27ab-227c-4142-bc6f-1e9b44b9b679,sequenceID:870dbc41-0eb1-4aa5-8015-12fe0a4549b7,870dbc41-0eb1-4aa5-8015-12fe0a4549b7,870dbc41-0eb1-4aa5-8015-12fe0a4549b7,c1e11e45-d623-4d7e-b523-276232ecb843,,0.5,AWC 135,Blank,blank,nan
c873ce3e-5661-41e1-917c-f1f33a03968b,sequenceID:b2d0862e-c140-4637-bf71-3c282b0502f3,b2d0862e-c140-4637-bf71-3c282b0502f3,b2d0862e-c140-4637-bf71-3c282b0502f3,c1e11e45-d623-4d7e-b523-276232ecb843,,0.5,AWC 135,Blank,blank,nan
6d927c1b-7038-4acb-8c9f-a91ce4bb1119,sequenceID:ae922ac6-984c-4018-a8dc-e9a47d953ee0,ae922ac6-984c-4018-a8dc-e9a47d953ee0,ae922ac6-984c-4018-a8dc-e9a47d953ee0,c1e11e45-d623-4d7e-b523-276232ecb843,,0.5,AWC 135,Blank,blank,nan
81e65ada-f4cb-4593-83f5-5719da97e718,sequenceID:abbbe53d-70b2-4929-b7ac-4505879e20bc,abbbe53d-70b2-4929-b7ac-4505879e20bc,abbbe53d-70b2-4929-b7ac-4505879e20bc,c1e11e45-d623-4d7e-b523-276232ecb843,,0.5,AWC 135,Blank,blank,nan
4887e35f-c526-47e0-ac70-980446eaa970,sequenceID:520f10dc-b043-4819-a75a-8b42e8598134,520f10dc-b043-4819-a75a-8b42e8598134,520f10dc-b043-4819-a75a-8b42e8598134,c1e11e45-d623-4d7e-b523-276232ecb843,,0.5,AWC 135,Blank,blank,nan
d5a2115a-c926-4c72-aaf7-aeec8d17e221,sequenceID:20969faf-b3d6-4289-a756-57958ae38e0f,20969faf-b3d6-4289-a756-57958ae38e0f,20969faf-b3d6-4289-a756-57958ae38e0f,c1e11e45-d623-4d7e-b523-276232ecb843,Amphibolurus muricatus,0.97,AWC 135,Blank,blank,amphibolurus muricatus
33d9dbd4-cefe-4ef3-bc9e-76fcab6a9191,sequenceID:73a6bcb5-8eb3-4ef4-a60f-cd1d7547f414,73a6bcb5-8eb3-4ef4-a60f-cd1d7547f414,73a6bcb5-8eb3-4ef4-a60f-cd1d7547f414,c1e11e45-d623-4d7e-b523-276232ecb843,,0.0,,Blank,blank,nan
f35308e9-759a-42fc-b3d1-044ae9018bdb,sequenceID:400fa5ad-6144-476a-9784-713a09c5fb8c,400fa5ad-6144-476a-9784-713a09c5fb8c,400fa5ad-6144-476a-9784-713a09c5fb8c,c1e11e45-d623-4d7e-b523-276232ecb843,,0.5,AWC 135,Blank,blank,nan
3bf1cc20-325a-4d19-bfd7-02c9ba4f336f,sequenceID:3af937a9-549f-43cf-82ac-52661d508a65,3af937a9-549f-43cf-82ac-52661d508a65,3af937a9-549f-43cf-82ac-52661d508a65,c1e11e45-d623-4d7e-b523-276232ecb843,,0.5,AWC 135,Blank,blank,nan
ed614264-62dd-402c-966d-4d7d53bce9b5,sequenceID:88da53ca-f627-4668-adaf-e13b2f3d3877,88da53ca-f627-4668-adaf-e13b2f3d3877,88da53ca-f627-4668-adaf-e13b2f3d3877,c1e11e45-d623-4d7e-b523-276232ecb843,,0.5,AWC 135,Blank,blank,nan
214c37ef-4d21-4265-a7c0-958ef3a8b39a,sequenceID:d8dec6b3-a78e-4bd4-842f-177a2cbfede8,d8dec6b3-a78e-4bd4-842f-177a2cbfede8,d8dec6b3-a78e-4bd4-842f-177a2cbfede8,c1e11e45-d623-4d7e-b523-276232ecb843,,0.0,,Blank,blank,nan
6c9708e8-369f-4993-befe-3b45b579b337,sequenceID:d3aa5bbd-fcfc-4c38-91d1-e2fc4f9b9783,d3aa5bbd-fcfc-4c38-91d1-e2fc4f9b9783,d3aa5bbd-fcfc-4c38-91d1-e2fc4f9b9783,c1e11e45-d623-4d7e-b523-276232ecb843,,0.5,AWC 135,Blank,blank,nan
82ee7967-7775-43ec-970c-23038f649ca0,sequenceID:04d91db5-0de0-403a-9dc9-3109d6ba1f79,04d91db5-0de0-403a-9dc9-3109d6ba1f79,04d91db5-0de0-403a-9dc9-3109d6ba1f79,c1e11e45-d623-4d7e-b523-276232ecb843,Amphibolurus muricatus,0.61,AWC 135,Blank,blank,amphibolurus muricatus
a4909334-9508-4812-9eeb-38c817d3ebf8,sequenceID:3c0b9240-21b1-4656-896c-c0d91cd7ed1f,3c0b9240-21b1-4656-896c-c0d91cd7ed1f,3c0b9240-21b1-4656-896c-c0d91cd7ed1f,c1e11e45-d623-4d7e-b523-276232ecb843,,0.5,AWC 135,Blank,blank,nan
f9e6c758-d3e0-44fa-ad1b-e611ad005e3f,sequenceID:86f00f60-ccc5-46b1-908a-ce559932af39,86f00f60-ccc5-46b1-908a-ce559932af39,86f00f60-ccc5-46b1-908a-ce559932af39,c1e11e45-d623-4d7e-b523-276232ecb843,,0.5,AWC 135,Blank,blank,nan
54234f74-ecb5-448e-800f-3b07d07aa9c1,sequenceID:529e900d-5307-4384-81fe-cd6c4c8e2119,529e900d-5307-4384-81fe-cd6c4c8e2119,529e900d-5307-4384-81fe-cd6c4c8e2119,c1e11e45-d623-4d7e-b523-276232ecb843,,0.5,AWC 135,Blank,blank,nan
131cb0f4-6ed0-4ed9-9b69-fa92e9e8f3eb,sequenceID:cc5b49c0-c4e1-43c3-806b-8f095f251c15,cc5b49c0-c4e1-43c3-806b-8f095f251c15,cc5b49c0-c4e1-43c3-806b-8f095f251c15,c1e11e45-d623-4d7e-b523-276232ecb843,Capra hircus,0.63,AWC 135,Blank,blank,capra hircus
db6e27b0-cc59-46b2-ab97-b03c9c1abb48,sequenceID:bf8a6423-b24d-4b80-b41c-b568b29c731f,bf8a6423-b24d-4b80-b41c-b568b29c731f,bf8a6423-b24d-4b80-b41c-b568b29c731f,c1e11e45-d623-4d7e-b523-276232ecb843,,0.0,,Blank,blank,nan
7c50c886-5030-4069-b4ac-20312cee2185,sequenceID:c713af2c-3da6-4c76-b41a-8a32b438e230,c713af2c-3da6-4c76-b41a-8a32b438e230,c713af2c-3da6-4c76-b41a-8a32b438e230,c1e11e45-d623-4d7e-b523-276232ecb843,Myiopsitta monachus,0.62,AWC 135,Blank,blank,myiopsitta monachus
92d43355-62a3-4718-a786-04535b3b4ea2,sequenceID:1f86bcf6-6dda-4327-a125-76d32b92da17,1f86bcf6-6dda-4327-a125-76d32b92da17,1f86bcf6-6dda-4327-a125-76d32b92da17,c1e11e45-d623-4d7e-b523-276232ecb843,,0.5,AWC 135,Blank,blank,nan
c62f5859-3feb-4c78-8fe8-c018ee2c2331,sequenceID:f22f3d37-4624-486e-ab17-cb5d10fc7cab,f22f3d37-4624-486e-ab17-cb5d10fc7cab,f22f3d37-4624-486e-ab17-cb5d10fc7cab,c1e11e45-d623-4d7e-b523-276232ecb843,Bos taurus,0.85,AWC 135,Blank,blank,bos taurus
7e1046fd-7b56-4f45-b03b-0a85fcde85e2,sequenceID:92af5eaf-99b5-40fc-a6d9-9e10eb8779b3,92af5eaf-99b5-40fc-a6d9-9e10eb8779b3,92af5eaf-99b5-40fc-a6d9-9e10eb8779b3,c1e11e45-d623-4d7e-b523-276232ecb843,,0.0,,Blank,blank,nan
7496b28e-5ee2-4aef-9930-5f3dbca2f090,sequenceID:8d9adc25-de35-40d2-ba88-df9d4fa0f53b,8d9adc25-de35-40d2-ba88-df9d4fa0f53b,8d9adc25-de35-40d2-ba88-df9d4fa0f53b,c1e11e45-d623-4d7e-b523-276232ecb843,,0.0,,Blank,blank,nan
ae2f22bc-cfd0-4389-a151-663a54ee6cbc,sequenceID:85c82b27-c568-412f-8f39-8f0460d1b01c,85c82b27-c568-412f-8f39-8f0460d1b01c,85c82b27-c568-412f-8f39-8f0460d1b01c,c1e11e45-d623-4d7e-b523-276232ecb843,,0.0,,Blank,blank,nan
e3f7f775-3965-468b-87d8-0893aef5dea0,sequenceID:6e1daa34-a2e9-4f74-bbab-b2017758585e,6e1daa34-a2e9-4f74-bbab-b2017758585e,6e1daa34-a2e9-4f74-bbab-b2017758585e,c1e11e45-d623-4d7e-b523-276232ecb843,Alectura lathami,0.66,AWC 135,Blank,blank,alectura lathami
ade4f120-f16b-432d-b657-a479310a49fd,sequenceID:f98abc1e-c21c-4916-8187-a5291bfdc076,f98abc1e-c21c-4916-8187-a5291bfdc076,f98abc1e-c21c-4916-8187-a5291bfdc076,c1e11e45-d623-4d7e-b523-276232ecb843,,0.5,AWC 135,Blank,blank,nan
9ccea19d-e582-4766-8887-3424be28204a,sequenceID:e9f1cc19-48e5-4774-9444-3eaf342c0e22,e9f1cc19-48e5-4774-9444-3eaf342c0e22,e9f1cc19-48e5-4774-9444-3eaf342c0e22,c1e11e45-d623-4d7e-b523-276232ecb843,,0.0,,Blank,blank,nan
16c130c3-bd39-4821-89b3-cea6f4793592,sequenceID:3132081e-aebd-432b-b184-975e57013af5,3132081e-aebd-432b-b184-975e57013af5,3132081e-aebd-432b-b184-975e57013af5,c1e11e45-d623-4d7e-b523-276232ecb843,,0.5,AWC 135,Blank,blank,nan
ef1cdd09-923b-4c0b-bac8-4fe1be4bb396,sequenceID:0f150551-1690-4ffd-88ae-1702cd40693e,0f150551-1690-4ffd-88ae-1702cd40693e,0f150551-1690-4ffd-88ae-1702cd40693e,c1e11e45-d623-4d7e-b523-276232ecb843,Myiopsitta monachus,0.74,AWC 135,Blank,blank,myiopsitta monachus
b643b657-7413-4c47-bcf1-c183edb31758,sequenceID:d768f896-eaf3-41c4-b347-2dc4ca07cf89,d768f896-eaf3-41c4-b347-2dc4ca07cf89,d768f896-eaf3-41c4-b347-2dc4ca07cf89,c1e11e45-d623-4d7e-b523-276232ecb843,,0.0,,Blank,blank,nan
d470928f-7d5b-4f6b-8a29-f33d7f21fa5a,sequenceID:cf1150db-45eb-421a-a360-dba9fe5a6a2b,cf1150db-45eb-421a-a360-dba9fe5a6a2b,cf1150db-45eb-421a-a360-dba9fe5a6a2b,c1e11e45-d623-4d7e-b523-276232ecb843,,0.0,,Blank,blank,nan
69859987-736d-4590-a2e0-72dae7c6c67f,sequenceID:a1c8c6be-3c2b-4f47-9d8f-f0b737a40559,a1c8c6be-3c2b-4f47-9d8f-f0b737a40559,a1c8c6be-3c2b-4f47-9d8f-f0b737a40559,c1e11e45-d623-4d7e-b523-276232ecb843,Bettongia lesueur,0.87,AWC 135,Blank,blank,bettongia lesueur
3fb998d4-82dd-418e-ba70-50b9d35ab32c,sequenceID:fa440b82-f4c8-4747-a25b-c19dbde2185e,fa440b82-f4c8-4747-a25b-c19dbde2185e,fa440b82-f4c8-4747-a25b-c19dbde2185e,c1e11e45-d623-4d7e-b523-276232ecb843,Capra hircus,0.53,AWC 135,Blank,blank,capra hircus
cb1d162e-d7f9-4101-9118-6eee9f3e721c,sequenceID:1e83bba8-506e-4386-8c21-379d0be527f8,1e83bba8-506e-4386-8c21-379d0be527f8,1e83bba8-506e-4386-8c21-379d0be527f8,c1e11e45-d623-4d7e-b523-276232ecb843,,0.5,AWC 135,Blank,blank,nan
209e1816-cac7-49cd-89f7-bee0aeeb96e8,sequenceID:4c6921fd-8dda-4277-9a24-25b14bc50724,4c6921fd-8dda-4277-9a24-25b14bc50724,4c6921fd-8dda-4277-9a24-25b14bc50724,c1e11e45-d623-4d7e-b523-276232ecb843,,0.0,,Blank,blank,nan
6790d4ab-135f-4cec-84a0-d1be249bedf3,sequenceID:3646119f-66e7-461d-94aa-07286b712fe4,3646119f-66e7-461d-94aa-07286b712fe4,3646119f-66e7-461d-94aa-07286b712fe4,c1e11e45-d623-4d7e-b523-276232ecb843,,0.0,,Blank,blank,nan
55512c24-8e0e-4ce5-b692-9fddb667b77d,sequenceID:804996b7-06d3-42c2-b6d5-853cb329f2fa,804996b7-06d3-42c2-b6d5-853cb329f2fa,804996b7-06d3-42c2-b6d5-853cb329f2fa,c1e11e45-d623-4d7e-b523-276232ecb843,,0.5,AWC 135,Blank,blank,nan
17089ce2-fa38-4469-a1e2-f85493bb8a59,sequenceID:09e7ad75-56b9-49b2-9ad5-7104878bf5ea,09e7ad75-56b9-49b2-9ad5-7104878bf5ea,09e7ad75-56b9-49b2-9ad5-7104878bf5ea,c1e11e45-d623-4d7e-b523-276232ecb843,Bos taurus,0.62,AWC 135,Blank,blank,bos taurus
17089ce2-fa38-4469-a1e2-f85493bb8a59,sequenceID:09e7ad75-56b9-49b2-9ad5-7104878bf5ea,09e7ad75-56b9-49b2-9ad5-7104878bf5ea,09e7ad75-56b9-49b2-9ad5-7104878bf5ea,c1e11e45-d623-4d7e-b523-276232ecb843,Manorina flavigula,0.75,AWC 135,Blank,blank,manorina flavigula
17089ce2-fa38-4469-a1e2-f85493bb8a59,sequenceID:09e7ad75-56b9-49b2-9ad5-7104878bf5ea,09e7ad75-56b9-49b2-9ad5-7104878bf5ea,09e7ad75-56b9-49b2-9ad5-7104878bf5ea,c1e11e45-d623-4d7e-b523-276232ecb843,Alectura lathami,0.81,AWC 135,Blank,blank,alectura lathami
f197d96c-1351-4238-8f39-3dbf989a2f9e,sequenceID:bcbd454d-f5e0-4b03-9a26-5fb613c13121,bcbd454d-f5e0-4b03-9a26-5fb613c13121,bcbd454d-f5e0-4b03-9a26-5fb613c13121,c1e11e45-d623-4d7e-b523-276232ecb843,Amphibolurus muricatus,0.64,AWC 135,Blank,blank,amphibolurus muricatus
8cb9af0a-9047-4d8b-ab04-ca8d80edbac6,sequenceID:7f3c75f3-8811-414b-9856-bd4484815329,7f3c75f3-8811-414b-9856-bd4484815329,7f3c75f3-8811-414b-9856-bd4484815329,c1e11e45-d623-4d7e-b523-276232ecb843,,0.5,AWC 135,Blank,blank,nan
c55b252f-afd9-4a91-bd29-31c17165c952,sequenceID:17c78154-f8f1-41c1-ad1d-534debdb0bf9,17c78154-f8f1-41c1-ad1d-534debdb0bf9,17c78154-f8f1-41c1-ad1d-534debdb0bf9,c1e11e45-d623-4d7e-b523-276232ecb843,Bos taurus,0.71,AWC 135,Blank,blank,bos taurus
15f24b8e-158c-4318-8848-f2a8f6d72116,sequenceID:b0121ffc-cea1-4e19-963e-7f321d9da7b4,b0121ffc-cea1-4e19-963e-7f321d9da7b4,b0121ffc-cea1-4e19-963e-7f321d9da7b4,c1e11e45-d623-4d7e-b523-276232ecb843,,0.0,,Blank,blank,nan
b097dffd-0781-43ab-9c7e-3ea7fe25ab00,sequenceID:d6d72a07-d873-41b4-84f8-4f5e1f592f38,d6d72a07-d873-41b4-84f8-4f5e1f592f38,d6d72a07-d873-41b4-84f8-4f5e1f592f38,c1e11e45-d623-4d7e-b523-276232ecb843,Myiopsitta monachus,0.85,AWC 135,Blank,blank,myiopsitta monachus
c1d2e356-6ded-4ab1-bbd1-2b586dabd06b,sequenceID:1ee6cc77-d35e-4114-a809-3f2d4ea70a22,1ee6cc77-d35e-4114-a809-3f2d4ea70a22,1ee6cc77-d35e-4114-a809-3f2d4ea70a22,c1e11e45-d623-4d7e-b523-276232ecb843,,0.0,,Blank,blank,nan
5a8650e2-d976-4f13-8488-a902d63655c0,sequenceID:402d3ff4-3fce-4504-a1e3-7b23b738ec87,402d3ff4-3fce-4504-a1e3-7b23b738ec87,402d3ff4-3fce-4504-a1e3-7b23b738ec87,c1e11e45-d623-4d7e-b523-276232ecb843,,0.5,AWC 135,Blank,blank,nan
73c015c8-9808-41bb-b677-6a70614bff91,sequenceID:c0c5b5e3-caee-4a07-8063-bc14f6ce1ea0,c0c5b5e3-caee-4a07-8063-bc14f6ce1ea0,c0c5b5e3-caee-4a07-8063-bc14f6ce1ea0,c1e11e45-d623-4d7e-b523-276232ecb843,,0.5,AWC 135,Blank,blank,nan
100ce77a-96c6-4361-87f8-4782d31e476a,sequenceID:ae171f1f-74e1-41ed-a579-84009fcd0076,ae171f1f-74e1-41ed-a579-84009fcd0076,ae171f1f-74e1-41ed-a579-84009fcd0076,c1e11e45-d623-4d7e-b523-276232ecb843,Bos taurus,0.68,AWC 135,Blank,blank,bos taurus
39828f28-41b3-4e95-9227-9d83a86d7784,sequenceID:d8176e78-ad43-4b85-8f6d-31a3549adb22,d8176e78-ad43-4b85-8f6d-31a3549adb22,d8176e78-ad43-4b85-8f6d-31a3549adb22,c1e11e45-d623-4d7e-b523-276232ecb843,Capra hircus,0.51,AWC 135,Blank,blank,capra hircus
90a9302a-3010-4478-ab32-25ecf44e0f17,sequenceID:b67a5d12-b1cb-4437-be46-5caf8945ecc0,b67a5d12-b1cb-4437-be46-5caf8945ecc0,b67a5d12-b1cb-4437-be46-5caf8945ecc0,c1e11e45-d623-4d7e-b523-276232ecb843,Bos taurus,0.68,AWC 135,Blank,blank,bos taurus
3ec4abd2-c4ee-4ab4-8e37-d6eceabbb77e,sequenceID:1443ac88-67e0-4d58-b89e-319a71005e17,1443ac88-67e0-4d58-b89e-319a71005e17,1443ac88-67e0-4d58-b89e-319a71005e17,c1e11e45-d623-4d7e-b523-276232ecb843,,0.5,AWC 135,Blank,blank,nan
29873bd2-1dc6-4d44-935e-df7e3de6a17c,sequenceID:df937833-75aa-4af5-b1d2-7eb04a1a6c28,df937833-75aa-4af5-b1d2-7eb04a1a6c28,df937833-75aa-4af5-b1d2-7eb04a1a6c28,c1e11e45-d623-4d7e-b523-276232ecb843,,0.0,,Blank,blank,nan
6bfb0a88-2c78-477f-b7d4-9712f04c38ce,sequenceID:7a7cac00-77a3-4d12-9db9-66ecbdd997ac,7a7cac00-77a3-4d12-9db9-66ecbdd997ac,7a7cac00-77a3-4d12-9db9-66ecbdd997ac,c1e11e45-d623-4d7e-b523-276232ecb843,,0.5,AWC 135,Blank,blank,nan
b05404f5-92fd-4abc-9f78-01b0cbf907b1,sequenceID:715167aa-58e8-405e-aea7-630c5978e143,715167aa-58e8-405e-aea7-630c5978e143,715167aa-58e8-405e-aea7-630c5978e143,c1e11e45-d623-4d7e-b523-276232ecb843,,0.5,AWC 135,Blank,blank,nan
752911bc-bf50-4fcd-b1da-a9d39d79107e,sequenceID:b1176211-e7b8-43f2-98e4-617927e1f9c3,b1176211-e7b8-43f2-98e4-617927e1f9c3,b1176211-e7b8-43f2-98e4-617927e1f9c3,c1e11e45-d623-4d7e-b523-276232ecb843,,0.5,AWC 135,Blank,blank,nan
ab59b3d6-31fa-4bb0-b3e8-fcac7b82cd93,sequenceID:1a05d991-c8dc-4250-99a9-da7685ff522d,1a05d991-c8dc-4250-99a9-da7685ff522d,1a05d991-c8dc-4250-99a9-da7685ff522d,c1e11e45-d623-4d7e-b523-276232ecb843,,0.5,AWC 135,Blank,blank,nan
6f8b4eda-dd9a-4a3f-adf3-b031f4ceb812,sequenceID:aa852d86-2150-4705-9747-7b844a9aa35b,aa852d86-2150-4705-9747-7b844a9aa35b,aa852d86-2150-4705-9747-7b844a9aa35b,c1e11e45-d623-4d7e-b523-276232ecb843,,0.5,AWC 135,Blank,blank,nan
fa13b7f8-e5c3-4086-b2fe-866e528a2666,sequenceID:4f7a05db-4fc0-4ce9-8192-6e5fc616aa51,4f7a05db-4fc0-4ce9-8192-6e5fc616aa51,4f7a05db-4fc0-4ce9-8192-6e5fc616aa51,c1e11e45-d623-4d7e-b523-276232ecb843,,0.0,,Blank,blank,nan
5bd4bbb3-da1c-4804-a527-c73294cbc590,sequenceID:dec6c0f6-fc83-47aa-89ec-7f78fa7567f1,dec6c0f6-fc83-47aa-89ec-7f78fa7567f1,dec6c0f6-fc83-47aa-89ec-7f78fa7567f1,c1e11e45-d623-4d7e-b523-276232ecb843,Capra hircus,0.5,AWC 135,Blank,blank,capra hircus
16bf7cc6-a87c-4d12-a18a-a52eefa0379d,sequenceID:171a2fa4-d432-4e07-876f-ec2340d2a602,171a2fa4-d432-4e07-876f-ec2340d2a602,171a2fa4-d432-4e07-876f-ec2340d2a602,c1e11e45-d623-4d7e-b523-276232ecb843,,0.0,,Blank,blank,nan
83cf8834-3673-4686-9adb-18c56bfd254d,sequenceID:64ac1320-ff64-491d-ac8d-2c682ab942bb,64ac1320-ff64-491d-ac8d-2c682ab942bb,64ac1320-ff64-491d-ac8d-2c682ab942bb,c1e11e45-d623-4d7e-b523-276232ecb843,,0.0,,Blank,blank,nan
ef8fbc94-5faa-4202-bba2-1e65306a2c62,sequenceID:d39a26b9-4580-426c-8510-d421a55f351e,d39a26b9-4580-426c-8510-d421a55f351e,d39a26b9-4580-426c-8510-d421a55f351e,c1e11e45-d623-4d7e-b523-276232ecb843,,0.5,AWC 135,Blank,blank,nan
5cdddc01-6bf2-43c1-b059-90e066559207,sequenceID:dc064e80-474d-4ce8-bb06-2a2a34f3cbf8,dc064e80-474d-4ce8-bb06-2a2a34f3cbf8,dc064e80-474d-4ce8-bb06-2a2a34f3cbf8,c1e11e45-d623-4d7e-b523-276232ecb843,varanus gouldii,0.9,AWC 135,Blank,blank,varanus gouldii
77686cf7-f7e8-4435-b01f-e7fce50b723b,sequenceID:d20747eb-53b5-417f-a12a-e2a1f046d54a,d20747eb-53b5-417f-a12a-e2a1f046d54a,d20747eb-53b5-417f-a12a-e2a1f046d54a,c1e11e45-d623-4d7e-b523-276232ecb843,,0.5,AWC 135,Blank,blank,nan
04703ba5-63d2-4a78-a063-8f9b0a2ebf9a,sequenceID:361aa4df-03a0-42c9-92ea-db8fb6bed30b,361aa4df-03a0-42c9-92ea-db8fb6bed30b,361aa4df-03a0-42c9-92ea-db8fb6bed30b,c1e11e45-d623-4d7e-b523-276232ecb843,,0.5,AWC 135,Blank,blank,nan
b947eea1-bdb4-485a-bd17-d697d25f5e80,sequenceID:9eacdc16-a9d5-468f-a750-2493f460056a,9eacdc16-a9d5-468f-a750-2493f460056a,9eacdc16-a9d5-468f-a750-2493f460056a,c1e11e45-d623-4d7e-b523-276232ecb843,,0.5,AWC 135,Blank,blank,nan
763fa0fc-f8c9-4b56-97a3-093326d8a3c9,sequenceID:97f8d9e7-bfa6-4216-a031-662703fd140f,97f8d9e7-bfa6-4216-a031-662703fd140f,97f8d9e7-bfa6-4216-a031-662703fd140f,c1e11e45-d623-4d7e-b523-276232ecb843,Amphibolurus muricatus,0.8,AWC 135,Blank,blank,amphibolurus muricatus
44ab688c-1f87-4d18-a48b-ce12e02c7b72,sequenceID:37f9a462-ab3f-4246-8fc2-02330db61c07,37f9a462-ab3f-4246-8fc2-02330db61c07,37f9a462-ab3f-4246-8fc2-02330db61c07,c1e11e45-d623-4d7e-b523-276232ecb843,,0.5,AWC 135,Blank,blank,nan
1ae6e91a-cc54-4daf-8761-923c5c871060,sequenceID:a94b2258-b685-4d5d-aade-ba0eb3cc1020,a94b2258-b685-4d5d-aade-ba0eb3cc1020,a94b2258-b685-4d5d-aade-ba0eb3cc1020,c1e11e45-d623-4d7e-b523-276232ecb843,,0.5,AWC 135,Blank,blank,nan
7a1ce6f5-8f7d-47c6-9bd5-ef8f1bde0cc6,sequenceID:08a88504-a47c-4ad7-95cf-32aef4c21707,08a88504-a47c-4ad7-95cf-32aef4c21707,08a88504-a47c-4ad7-95cf-32aef4c21707,c1e11e45-d623-4d7e-b523-276232ecb843,,0.5,AWC 135,Blank,blank,nan
5abb6b4c-0c12-4d63-a699-04e344a5c6c7,sequenceID:6af5eda7-a30d-4f03-ab49-eb1829c91360,6af5eda7-a30d-4f03-ab49-eb1829c91360,6af5eda7-a30d-4f03-ab49-eb1829c91360,c1e11e45-d623-4d7e-b523-276232ecb843,,0.5,AWC 135,Blank,blank,nan
c0b21939-9749-44fe-aad4-475159b20a1f,sequenceID:aea5d410-f179-4e01-a142-655337568512,aea5d410-f179-4e01-a142-655337568512,aea5d410-f179-4e01-a142-655337568512,c1e11e45-d623-4d7e-b523-276232ecb843,,0.5,AWC 135,Blank,blank,nan
3564ae0a-4f8d-4089-b388-455e254124d7,sequenceID:252b0f76-33e5-4acc-bb45-6556fb74b04d,252b0f76-33e5-4acc-bb45-6556fb74b04d,252b0f76-33e5-4acc-bb45-6556fb74b04d,c1e11e45-d623-4d7e-b523-276232ecb843,,0.5,AWC 135,Blank,blank,nan
0caf7a82-f84c-4b4a-a384-9c826cb5cfa6,sequenceID:1403d526-2802-46f3-8c1d-145bd9979e4b,1403d526-2802-46f3-8c1d-145bd9979e4b,1403d526-2802-46f3-8c1d-145bd9979e4b,c1e11e45-d623-4d7e-b523-276232ecb843,varanus gouldii,0.96,AWC 135,Blank,blank,varanus gouldii
d92ca3b4-1ab0-4424-b4f9-cea2c7501017,sequenceID:5c001cd3-9fe6-49b8-a335-6ad1b8e76434,5c001cd3-9fe6-49b8-a335-6ad1b8e76434,5c001cd3-9fe6-49b8-a335-6ad1b8e76434,c1e11e45-d623-4d7e-b523-276232ecb843,,0.5,AWC 135,Blank,blank,nan
7b357e22-3736-43eb-bf9d-f7e098b39f83,sequenceID:1584e6e7-b6fe-4387-af64-e7c9d10f4c9d,1584e6e7-b6fe-4387-af64-e7c9d10f4c9d,1584e6e7-b6fe-4387-af64-e7c9d10f4c9d,c1e11e45-d623-4d7e-b523-276232ecb843,Bos taurus,0.57,AWC 135,Blank,blank,bos taurus
9d36073e-4a75-48c4-9eda-61ef4124da99,sequenceID:3f1d5c87-6247-490e-87be-722213d2761f,3f1d5c87-6247-490e-87be-722213d2761f,3f1d5c87-6247-490e-87be-722213d2761f,c1e11e45-d623-4d7e-b523-276232ecb843,,0.0,,Blank,blank,nan
11153bdc-995d-4d33-8122-1d15fe8f219a,sequenceID:2d21a501-2956-4b78-8a19-78d32f734c86,2d21a501-2956-4b78-8a19-78d32f734c86,2d21a501-2956-4b78-8a19-78d32f734c86,c1e11e45-d623-4d7e-b523-276232ecb843,,0.5,AWC 135,Blank,blank,nan
417ae256-fd06-4f94-9944-eb322a7a9102,sequenceID:2d4b8993-755b-4b22-8833-4c5af49780d4,2d4b8993-755b-4b22-8833-4c5af49780d4,2d4b8993-755b-4b22-8833-4c5af49780d4,c1e11e45-d623-4d7e-b523-276232ecb843,Amphibolurus muricatus,0.96,AWC 135,Blank,blank,amphibolurus muricatus
c4f60730-7d7a-484e-a90a-9256b77072e4,sequenceID:7a576c90-582e-45d1-b433-c8173871ec3c,7a576c90-582e-45d1-b433-c8173871ec3c,7a576c90-582e-45d1-b433-c8173871ec3c,c1e11e45-d623-4d7e-b523-276232ecb843,,0.5,AWC 135,Blank,blank,nan
7593ba7c-766b-47e0-be8b-4609593e5552,sequenceID:4b4a92ac-e479-4db3-aa1e-d606fc616a27,4b4a92ac-e479-4db3-aa1e-d606fc616a27,4b4a92ac-e479-4db3-aa1e-d606fc616a27,c1e11e45-d623-4d7e-b523-276232ecb843,,0.0,,Blank,blank,nan
94aca837-f172-4199-bd7f-7763c55d7390,sequenceID:d6b870d7-c319-4aa8-acd6-aa6b63236215,d6b870d7-c319-4aa8-acd6-aa6b63236215,d6b870d7-c319-4aa8-acd6-aa6b63236215,c1e11e45-d623-4d7e-b523-276232ecb843,,0.5,AWC 135,Blank,blank,nan
8f43cd35-9d88-45d6-83ee-a83069d492ae,sequenceID:b14bb1bd-e554-49d8-a3e3-fcc31f41685a,b14bb1bd-e554-49d8-a3e3-fcc31f41685a,b14bb1bd-e554-49d8-a3e3-fcc31f41685a,c1e11e45-d623-4d7e-b523-276232ecb843,Alectura lathami,0.67,AWC 135,Blank,blank,alectura lathami
6331905f-5d64-40e7-a970-5c7bacad61ec,sequenceID:dd67d52a-78a3-4af6-8224-b73f32abe77c,dd67d52a-78a3-4af6-8224-b73f32abe77c,dd67d52a-78a3-4af6-8224-b73f32abe77c,c1e11e45-d623-4d7e-b523-276232ecb843,,0.0,,Blank,blank,nan
3cbd3aaa-b0f2-4dc5-b328-83f9db58ac81,sequenceID:930a8734-23e5-4558-8bc0-4042934d3015,930a8734-23e5-4558-8bc0-4042934d3015,930a8734-23e5-4558-8bc0-4042934d3015,c1e11e45-d623-4d7e-b523-276232ecb843,Bos taurus,0.87,AWC 135,Blank,blank,bos taurus
9bb440ef-6993-48f0-ae88-34b25b34254d,sequenceID:40285987-a500-4ccc-b4c9-cbe6ec7ba46c,40285987-a500-4ccc-b4c9-cbe6ec7ba46c,40285987-a500-4ccc-b4c9-cbe6ec7ba46c,c1e11e45-d623-4d7e-b523-276232ecb843,,0.5,AWC 135,Blank,blank,nan
4698564f-b6cc-4e0d-9130-38ab84b17477,sequenceID:302561c3-ee19-43cb-ac01-44fd0cd04624,302561c3-ee19-43cb-ac01-44fd0cd04624,302561c3-ee19-43cb-ac01-44fd0cd04624,c1e11e45-d623-4d7e-b523-276232ecb843,Rhipidura leucophrys,0.65,AWC 135,Blank,blank,rhipidura leucophrys
f5186118-fb36-4847-8d91-30b942e4e1ce,sequenceID:740e7286-4cea-4086-8540-908168da6e16,740e7286-4cea-4086-8540-908168da6e16,740e7286-4cea-4086-8540-908168da6e16,c1e11e45-d623-4d7e-b523-276232ecb843,,0.0,,Blank,blank,nan
9caf66e9-957c-44b6-b007-06a0c06f2302,sequenceID:07bbbe17-8218-425e-872d-2fd376059a98,07bbbe17-8218-425e-872d-2fd376059a98,07bbbe17-8218-425e-872d-2fd376059a98,c1e11e45-d623-4d7e-b523-276232ecb843,Bos taurus,0.67,AWC 135,Blank,blank,bos taurus
e72bcdaa-eac0-4c4f-88d7-0f9f7dcf7757,sequenceID:b7866a0c-f85b-4b84-b843-397eed878704,b7866a0c-f85b-4b84-b843-397eed878704,b7866a0c-f85b-4b84-b843-397eed878704,c1e11e45-d623-4d7e-b523-276232ecb843,,0.0,,Blank,blank,nan
cbb20c86-a61f-411b-8bda-9ae74bf4844a,sequenceID:94c8d971-b3bb-4fef-89b9-7cc9cb30868c,94c8d971-b3bb-4fef-89b9-7cc9cb30868c,94c8d971-b3bb-4fef-89b9-7cc9cb30868c,c1e11e45-d623-4d7e-b523-276232ecb843,,0.0,,Blank,blank,nan
2067446a-4f19-41f3-a31d-abc8a3f128eb,sequenceID:542128e3-d702-41d1-8256-aba88a45b86a,542128e3-d702-41d1-8256-aba88a45b86a,542128e3-d702-41d1-8256-aba88a45b86a,c1e11e45-d623-4d7e-b523-276232ecb843,,0.0,,Blank,blank,nan
9de87a0a-9db8-4286-b028-1dbfd24b9765,sequenceID:2a1f8d92-4bb4-4f4a-a537-5fa96b844078,2a1f8d92-4bb4-4f4a-a537-5fa96b844078,2a1f8d92-4bb4-4f4a-a537-5fa96b844078,c1e11e45-d623-4d7e-b523-276232ecb843,Bos taurus,0.74,AWC 135,Blank,blank,bos taurus
90cd1856-c701-4d36-a178-108e7300ace9,sequenceID:5d628109-2619-4e98-baa9-669fdba01f5d,5d628109-2619-4e98-baa9-669fdba01f5d,5d628109-2619-4e98-baa9-669fdba01f5d,c1e11e45-d623-4d7e-b523-276232ecb843,,0.0,,Blank,blank,nan
e0ae036a-8e9d-4cfa-9e6d-c658158f8cb1,sequenceID:f9111e1a-50f1-4246-8994-e1ec0e33eff9,f9111e1a-50f1-4246-8994-e1ec0e33eff9,f9111e1a-50f1-4246-8994-e1ec0e33eff9,c1e11e45-d623-4d7e-b523-276232ecb843,,0.5,AWC 135,Blank,blank,nan
44897330-9cbf-444c-9143-e52255656079,sequenceID:ea2ee2b1-27f2-4882-8d85-129d51926fe1,ea2ee2b1-27f2-4882-8d85-129d51926fe1,ea2ee2b1-27f2-4882-8d85-129d51926fe1,c1e11e45-d623-4d7e-b523-276232ecb843,,0.5,AWC 135,Blank,blank,nan
247c1d0a-f91a-496f-876c-ea541fb89d58,sequenceID:b67dd611-4aee-4f7d-a0b3-24a3e4f7a5e8,b67dd611-4aee-4f7d-a0b3-24a3e4f7a5e8,b67dd611-4aee-4f7d-a0b3-24a3e4f7a5e8,c1e11e45-d623-4d7e-b523-276232ecb843,,0.5,AWC 135,Blank,blank,nan
b2def9ca-f9d8-4bf9-b694-962b14396711,sequenceID:2eb50098-c175-4981-9334-3ecebdd60ad5,2eb50098-c175-4981-9334-3ecebdd60ad5,2eb50098-c175-4981-9334-3ecebdd60ad5,c1e11e45-d623-4d7e-b523-276232ecb843,Amphibolurus muricatus,0.55,AWC 135,Blank,blank,amphibolurus muricatus
c680a4b2-97b8-4335-a5dc-33727b94accf,sequenceID:36d38839-4276-49c5-a9bd-a0987dc2d9a4,36d38839-4276-49c5-a9bd-a0987dc2d9a4,36d38839-4276-49c5-a9bd-a0987dc2d9a4,c1e11e45-d623-4d7e-b523-276232ecb843,Amphibolurus muricatus,0.71,AWC 135,Blank,blank,amphibolurus muricatus
79231625-05bb-4964-aa9e-24195dbcc5d6,sequenceID:978bb151-1601-4a83-b5e3-5f8302fec49a,978bb151-1601-4a83-b5e3-5f8302fec49a,978bb151-1601-4a83-b5e3-5f8302fec49a,c1e11e45-d623-4d7e-b523-276232ecb843,Capra hircus,0.91,AWC 135,Blank,blank,capra hircus
6b02338c-5a4d-4ea8-adca-7736094647c5,sequenceID:075744c8-2b7f-46c0-ac5b-0aefc25a5e99,075744c8-2b7f-46c0-ac5b-0aefc25a5e99,075744c8-2b7f-46c0-ac5b-0aefc25a5e99,c1e11e45-d623-4d7e-b523-276232ecb843,,0.0,,Blank,blank,nan
c7018dd4-4832-4a19-983c-34371364a225,sequenceID:be2f2b86-b23a-40a2-8ffd-0475e7c75e81,be2f2b86-b23a-40a2-8ffd-0475e7c75e81,be2f2b86-b23a-40a2-8ffd-0475e7c75e81,c1e11e45-d623-4d7e-b523-276232ecb843,,0.5,AWC 135,Blank,blank,nan
5b0fe456-4a02-4e1e-aef7-a7caf88804c8,sequenceID:eba679f6-8e9b-4359-864b-c6b851d2a633,eba679f6-8e9b-4359-864b-c6b851d2a633,eba679f6-8e9b-4359-864b-c6b851d2a633,c1e11e45-d623-4d7e-b523-276232ecb843,,0.5,AWC 135,Blank,blank,nan
0e322993-420c-4d36-9260-1c2c6eff5733,sequenceID:b02b2429-fe7f-46ec-ba79-8935d105c73c,b02b2429-fe7f-46ec-ba79-8935d105c73c,b02b2429-fe7f-46ec-ba79-8935d105c73c,c1e11e45-d623-4d7e-b523-276232ecb843,,0.0,,Blank,blank,nan
894160d9-b2ce-46d0-bbb3-fbff9dc20495,sequenceID:8a43f87a-f958-4a3f-85bc-a30c2fd92806,8a43f87a-f958-4a3f-85bc-a30c2fd92806,8a43f87a-f958-4a3f-85bc-a30c2fd92806,c1e11e45-d623-4d7e-b523-276232ecb843,Capra hircus,0.58,AWC 135,Blank,blank,capra hircus
288c515a-354c-4356-9781-1ba37cc91d5d,sequenceID:63f83850-7a73-427e-b284-ee694b6f6af5,63f83850-7a73-427e-b284-ee694b6f6af5,63f83850-7a73-427e-b284-ee694b6f6af5,c1e11e45-d623-4d7e-b523-276232ecb843,,0.5,AWC 135,Blank,blank,nan
2025ac41-41ac-4801-b82a-4b3d28a79e48,sequenceID:da41a143-4f58-4a78-a0a0-2ad7379fa124,da41a143-4f58-4a78-a0a0-2ad7379fa124,da41a143-4f58-4a78-a0a0-2ad7379fa124,c1e11e45-d623-4d7e-b523-276232ecb843,Amphibolurus muricatus,0.79,AWC 135,Blank,blank,amphibolurus muricatus
9ba941ec-1243-4f9d-ab3b-80c4453becfa,sequenceID:15d5619c-6ee1-4e4d-b308-a2b845299815,15d5619c-6ee1-4e4d-b308-a2b845299815,15d5619c-6ee1-4e4d-b308-a2b845299815,c1e11e45-d623-4d7e-b523-276232ecb843,,0.0,,Blank,blank,nan
882d40e4-c91e-40fd-b027-98bfe5ee1684,sequenceID:78b9ef36-af2a-43d8-a733-82cbeee68c84,78b9ef36-af2a-43d8-a733-82cbeee68c84,78b9ef36-af2a-43d8-a733-82cbeee68c84,c1e11e45-d623-4d7e-b523-276232ecb843,Capra hircus,0.97,AWC 135,Blank,blank,capra hircus
34b74c12-f223-443a-b89b-81ffb9633e00,sequenceID:6c8eb07b-4362-46c6-bc88-09dae1bcbfd6,6c8eb07b-4362-46c6-bc88-09dae1bcbfd6,6c8eb07b-4362-46c6-bc88-09dae1bcbfd6,c1e11e45-d623-4d7e-b523-276232ecb843,,0.0,,Blank,blank,nan
412f2ace-e2cd-4195-9ed5-b6e7000c2dea,sequenceID:35919baa-2829-40d3-917a-512625a4c6e0,35919baa-2829-40d3-917a-512625a4c6e0,35919baa-2829-40d3-917a-512625a4c6e0,c1e11e45-d623-4d7e-b523-276232ecb843,,0.5,AWC 135,Blank,blank,nan
cf839bb6-3a28-4ae6-88ff-9eb6ad0685c3,sequenceID:e3feb171-891d-4270-b936-2b8830447b4c,e3feb171-891d-4270-b936-2b8830447b4c,e3feb171-891d-4270-b936-2b8830447b4c,c1e11e45-d623-4d7e-b523-276232ecb843,Amphibolurus muricatus,0.99,AWC 135,Blank,blank,amphibolurus muricatus
27638c74-030e-4051-8e4f-e62c1127ec6f,sequenceID:65459376-fb53-42d6-b1e9-543ffd284dd9,65459376-fb53-42d6-b1e9-543ffd284dd9,65459376-fb53-42d6-b1e9-543ffd284dd9,c1e11e45-d623-4d7e-b523-276232ecb843,Rhipidura leucophrys,0.77,AWC 135,Blank,blank,rhipidura leucophrys
770549e3-7686-437b-98c8-af9e41674a2b,sequenceID:f3587674-297f-4ca5-b36f-2ed8b358c3db,f3587674-297f-4ca5-b36f-2ed8b358c3db,f3587674-297f-4ca5-b36f-2ed8b358c3db,c1e11e45-d623-4d7e-b523-276232ecb843,Amphibolurus muricatus,0.86,AWC 135,Blank,blank,amphibolurus muricatus
25483b7f-44e3-4eff-86dd-8048254c83ec,sequenceID:ae34f9e3-f3ed-490e-b26f-1863b4c9d680,ae34f9e3-f3ed-490e-b26f-1863b4c9d680,ae34f9e3-f3ed-490e-b26f-1863b4c9d680,c1e11e45-d623-4d7e-b523-276232ecb843,Amphibolurus muricatus,0.77,AWC 135,Blank,blank,amphibolurus muricatus
889fba37-4a8a-46bd-ad78-24718aad4b76,sequenceID:4ff3420d-e3d3-43e9-941c-a874b1785074,4ff3420d-e3d3-43e9-941c-a874b1785074,4ff3420d-e3d3-43e9-941c-a874b1785074,c1e11e45-d623-4d7e-b523-276232ecb843,Amphibolurus muricatus,0.55,AWC 135,Blank,blank,amphibolurus muricatus
4f3e0336-3f04-4ea2-ba73-1f313357b9fa,sequenceID:1ab3a04d-e758-4d83-b494-6048009178fe,1ab3a04d-e758-4d83-b494-6048009178fe,1ab3a04d-e758-4d83-b494-6048009178fe,c1e11e45-d623-4d7e-b523-276232ecb843,,0.5,AWC 135,Blank,blank,nan
56425524-a2a6-44d6-9a2a-413eea1bc65a,sequenceID:41763a98-039a-4c79-b11d-6ab488b74a74,41763a98-039a-4c79-b11d-6ab488b74a74,41763a98-039a-4c79-b11d-6ab488b74a74,c1e11e45-d623-4d7e-b523-276232ecb843,,0.0,,Blank,blank,nan
61433307-60e9-4ee7-a54a-7da449ac8a65,sequenceID:150b469b-21b3-439f-9829-9b7ca6bc53b3,150b469b-21b3-439f-9829-9b7ca6bc53b3,150b469b-21b3-439f-9829-9b7ca6bc53b3,c1e11e45-d623-4d7e-b523-276232ecb843,Rhipidura leucophrys,0.61,AWC 135,Blank,blank,rhipidura leucophrys
9cf8240a-80c4-4ae5-8bf8-869d239ce93f,sequenceID:977345f6-c783-49d3-afc1-17b921c4d842,977345f6-c783-49d3-afc1-17b921c4d842,977345f6-c783-49d3-afc1-17b921c4d842,c1e11e45-d623-4d7e-b523-276232ecb843,Amphibolurus muricatus,0.79,AWC 135,Blank,blank,amphibolurus muricatus
0c9918b6-ce8d-4841-816b-0088659a2b82,sequenceID:b057d444-ba24-4dd5-838f-9f66c75333f0,b057d444-ba24-4dd5-838f-9f66c75333f0,b057d444-ba24-4dd5-838f-9f66c75333f0,c1e11e45-d623-4d7e-b523-276232ecb843,,0.0,,Blank,blank,nan
bb9489ef-8623-4925-bb1c-302234ca76ca,sequenceID:d134492d-e8ce-4385-9ccd-fe3000a58a89,d134492d-e8ce-4385-9ccd-fe3000a58a89,d134492d-e8ce-4385-9ccd-fe3000a58a89,c1e11e45-d623-4d7e-b523-276232ecb843,Amphibolurus muricatus,0.96,AWC 135,Blank,blank,amphibolurus muricatus
eb865231-ffd2-43ad-8b70-fb0d7f1f0add,sequenceID:aca4b5ad-1c38-4c7b-b9cc-2e96bba7150e,aca4b5ad-1c38-4c7b-b9cc-2e96bba7150e,aca4b5ad-1c38-4c7b-b9cc-2e96bba7150e,c1e11e45-d623-4d7e-b523-276232ecb843,varanus gouldii,0.52,AWC 135,Blank,blank,varanus gouldii
c51bd578-04cf-4215-886f-ffa384334044,sequenceID:04274794-18dd-464c-a5c7-003a5a0698d2,04274794-18dd-464c-a5c7-003a5a0698d2,04274794-18dd-464c-a5c7-003a5a0698d2,c1e11e45-d623-4d7e-b523-276232ecb843,Capra hircus,0.6,AWC 135,Blank,blank,capra hircus
ae6aa318-2235-494e-9f36-f12cd4077aab,sequenceID:39a62d99-0dfa-4368-92d5-b912aa12c21a,39a62d99-0dfa-4368-92d5-b912aa12c21a,39a62d99-0dfa-4368-92d5-b912aa12c21a,c1e11e45-d623-4d7e-b523-276232ecb843,,0.5,AWC 135,Blank,blank,nan
2080c6fa-2d10-4ed9-a800-b85ba93da9e3,sequenceID:24139470-5983-4f92-b170-2a3d10b49f27,24139470-5983-4f92-b170-2a3d10b49f27,24139470-5983-4f92-b170-2a3d10b49f27,c1e11e45-d623-4d7e-b523-276232ecb843,Bos taurus,0.75,AWC 135,Blank,blank,bos taurus
c8531224-6620-4f83-b0e3-f3406a88288c,sequenceID:dd489d8a-852f-4705-b5bf-1f973da97367,dd489d8a-852f-4705-b5bf-1f973da97367,dd489d8a-852f-4705-b5bf-1f973da97367,c1e11e45-d623-4d7e-b523-276232ecb843,,0.0,,Blank,blank,nan
fc95982a-1b35-4c68-bcf2-77d7f5913353,sequenceID:f2d2c7c8-2cf2-47f7-b344-f5bca9536707,f2d2c7c8-2cf2-47f7-b344-f5bca9536707,f2d2c7c8-2cf2-47f7-b344-f5bca9536707,c1e11e45-d623-4d7e-b523-276232ecb843,,0.0,,Blank,blank,nan
8480a6ed-c6eb-4a08-8436-b562f8e9b968,sequenceID:330e57f8-405a-4f8a-9549-f13bc9a91d5f,330e57f8-405a-4f8a-9549-f13bc9a91d5f,330e57f8-405a-4f8a-9549-f13bc9a91d5f,c1e11e45-d623-4d7e-b523-276232ecb843,Bos taurus,0.92,AWC 135,Blank,blank,bos taurus
4e2ff833-2a7f-4571-9fcf-9e1e10ad6b03,sequenceID:6b57b158-c755-4d5e-936a-9de334ff4268,6b57b158-c755-4d5e-936a-9de334ff4268,6b57b158-c755-4d5e-936a-9de334ff4268,c1e11e45-d623-4d7e-b523-276232ecb843,Bos taurus,0.9,AWC 135,Blank,blank,bos taurus
38cdce7a-89d6-4f7d-9f5d-fe1080c3b1c3,sequenceID:e51ba090-8297-48f8-b034-84de226d931c,e51ba090-8297-48f8-b034-84de226d931c,e51ba090-8297-48f8-b034-84de226d931c,c1e11e45-d623-4d7e-b523-276232ecb843,,0.0,,Blank,blank,nan
8f920435-0145-4bd4-8507-7a3f04e501c5,sequenceID:11d4155b-c33b-4be7-8a1a-c809c3cc324e,11d4155b-c33b-4be7-8a1a-c809c3cc324e,11d4155b-c33b-4be7-8a1a-c809c3cc324e,c1e11e45-d623-4d7e-b523-276232ecb843,,0.0,,Blank,blank,nan
976e4472-db3b-449c-b544-fdfe4931f2de,sequenceID:96580037-376f-41bf-8636-d7c1bb22b6d3,96580037-376f-41bf-8636-d7c1bb22b6d3,96580037-376f-41bf-8636-d7c1bb22b6d3,c1e11e45-d623-4d7e-b523-276232ecb843,Amphibolurus muricatus,0.76,AWC 135,Blank,blank,amphibolurus muricatus
cd72a092-55a2-4f41-8053-638beee9c27c,sequenceID:988310a1-e98b-40dd-bbdc-cd0d943d539e,988310a1-e98b-40dd-bbdc-cd0d943d539e,988310a1-e98b-40dd-bbdc-cd0d943d539e,c1e11e45-d623-4d7e-b523-276232ecb843,,0.0,,Blank,blank,nan
ba3d284c-4583-457e-9f6b-3a8a6d600018,sequenceID:bde7717a-4f97-40ff-aaff-599b38d1e142,bde7717a-4f97-40ff-aaff-599b38d1e142,bde7717a-4f97-40ff-aaff-599b38d1e142,c1e11e45-d623-4d7e-b523-276232ecb843,Bos taurus,0.94,AWC 135,Blank,blank,bos taurus
16b4129d-03a5-41db-8bf6-1d37fac1448d,sequenceID:df8b397d-3293-4e69-8216-f15a738ef7f0,df8b397d-3293-4e69-8216-f15a738ef7f0,df8b397d-3293-4e69-8216-f15a738ef7f0,c1e11e45-d623-4d7e-b523-276232ecb843,varanus gouldii,0.6,AWC 135,Blank,blank,varanus gouldii
f3f4f7a6-c315-42bc-a2f5-81d5f818084a,sequenceID:9e4f8082-a33a-49f5-869a-8c49759ea52b,9e4f8082-a33a-49f5-869a-8c49759ea52b,9e4f8082-a33a-49f5-869a-8c49759ea52b,c1e11e45-d623-4d7e-b523-276232ecb843,Bos taurus,0.96,AWC 135,Blank,blank,bos taurus
e927b3fe-335d-4a7e-902d-495c4b76e5cb,sequenceID:d2184ec7-334b-4f1a-89b3-94cba0764f77,d2184ec7-334b-4f1a-89b3-94cba0764f77,d2184ec7-334b-4f1a-89b3-94cba0764f77,c1e11e45-d623-4d7e-b523-276232ecb843,Amphibolurus muricatus,0.83,AWC 135,Blank,blank,amphibolurus muricatus
d30441cd-34c8-4031-a2e1-5438eedb39e5,sequenceID:3fae5eb3-1687-4f50-bc15-9ffef0ebf875,3fae5eb3-1687-4f50-bc15-9ffef0ebf875,3fae5eb3-1687-4f50-bc15-9ffef0ebf875,c1e11e45-d623-4d7e-b523-276232ecb843,,0.0,,Blank,blank,nan
9f0c9d25-5172-4911-8cd9-44cee6fd119b,sequenceID:042ae044-767f-4df0-8876-bec548cab306,042ae044-767f-4df0-8876-bec548cab306,042ae044-767f-4df0-8876-bec548cab306,c1e11e45-d623-4d7e-b523-276232ecb843,varanus gouldii,0.73,AWC 135,Blank,blank,varanus gouldii
6c3ea0ce-c3f2-4b6d-86b5-a810e45ee48f,sequenceID:98ce22fd-1c2b-4ccb-938c-3721a235fc79,98ce22fd-1c2b-4ccb-938c-3721a235fc79,98ce22fd-1c2b-4ccb-938c-3721a235fc79,c1e11e45-d623-4d7e-b523-276232ecb843,Amphibolurus muricatus,0.92,AWC 135,Blank,blank,amphibolurus muricatus
4a865bc3-e81c-49df-8d82-1d2c06ac9612,sequenceID:de7d39ad-3cc6-4755-9363-85c10cc4422e,de7d39ad-3cc6-4755-9363-85c10cc4422e,de7d39ad-3cc6-4755-9363-85c10cc4422e,c1e11e45-d623-4d7e-b523-276232ecb843,Capra hircus,0.92,AWC 135,Blank,blank,capra hircus
a0dd518f-c273-41e1-afe7-cb277db27b60,sequenceID:4de56409-f89c-4018-beda-f1c7ee116ef4,4de56409-f89c-4018-beda-f1c7ee116ef4,4de56409-f89c-4018-beda-f1c7ee116ef4,c1e11e45-d623-4d7e-b523-276232ecb843,,0.5,AWC 135,Blank,blank,nan
c3f0d119-402c-4366-8088-a0d145304abe,sequenceID:97ca6f6f-ac1f-4d5e-a29b-d2702c38f2a7,97ca6f6f-ac1f-4d5e-a29b-d2702c38f2a7,97ca6f6f-ac1f-4d5e-a29b-d2702c38f2a7,c1e11e45-d623-4d7e-b523-276232ecb843,Capra hircus,0.69,AWC 135,Blank,blank,capra hircus
eaa49e82-a287-4b54-bd05-fd19fe3e4117,sequenceID:061c0e0a-3ecf-448e-a13a-9ff462599b91,061c0e0a-3ecf-448e-a13a-9ff462599b91,061c0e0a-3ecf-448e-a13a-9ff462599b91,c1e11e45-d623-4d7e-b523-276232ecb843,Amphibolurus muricatus,1.0,AWC 135,Blank,blank,amphibolurus muricatus
9825d840-b548-4ce0-9d13-bf4b35db4737,sequenceID:a92c3c7a-e428-44eb-9e42-4848e72ae66a,a92c3c7a-e428-44eb-9e42-4848e72ae66a,a92c3c7a-e428-44eb-9e42-4848e72ae66a,c1e11e45-d623-4d7e-b523-276232ecb843,Amphibolurus muricatus,0.98,AWC 135,Blank,blank,amphibolurus muricatus
9affc3ba-759e-4861-ad96-9db463c7db36,sequenceID:e7f029ee-2407-4005-8927-af59b5080ee6,e7f029ee-2407-4005-8927-af59b5080ee6,e7f029ee-2407-4005-8927-af59b5080ee6,c1e11e45-d623-4d7e-b523-276232ecb843,,0.5,AWC 135,Blank,blank,nan
35ac16da-8c71-4ce3-94ee-3954c2a4a611,sequenceID:2df3f7e1-8073-4f88-9c36-8a24cfb632e6,2df3f7e1-8073-4f88-9c36-8a24cfb632e6,2df3f7e1-8073-4f88-9c36-8a24cfb632e6,c1e11e45-d623-4d7e-b523-276232ecb843,,0.0,,Blank,blank,nan
0aad0a19-9503-464d-86e1-9a5c661202a0,sequenceID:1fef406b-6bbc-4a56-bc33-cf5f522f5e03,1fef406b-6bbc-4a56-bc33-cf5f522f5e03,1fef406b-6bbc-4a56-bc33-cf5f522f5e03,c1e11e45-d623-4d7e-b523-276232ecb843,Amphibolurus muricatus,0.7,AWC 135,Blank,blank,amphibolurus muricatus
6a4d320d-7540-46a9-af1c-a01ddb68ea04,sequenceID:ebbb3426-3e26-456a-afaf-3f502384aa89,ebbb3426-3e26-456a-afaf-3f502384aa89,ebbb3426-3e26-456a-afaf-3f502384aa89,c1e11e45-d623-4d7e-b523-276232ecb843,,0.0,,Blank,blank,nan
efaa7477-abbe-4dd5-bab9-c3f0872894a2,sequenceID:42435fd5-9996-4a96-a3ad-3d8bd86922ee,42435fd5-9996-4a96-a3ad-3d8bd86922ee,42435fd5-9996-4a96-a3ad-3d8bd86922ee,c1e11e45-d623-4d7e-b523-276232ecb843,,0.5,AWC 135,Blank,blank,nan
1ffe24dd-4c50-4b7b-871d-090f49c73693,sequenceID:ca658ae8-e91c-44bc-a23b-cb598ddf08bb,ca658ae8-e91c-44bc-a23b-cb598ddf08bb,ca658ae8-e91c-44bc-a23b-cb598ddf08bb,c1e11e45-d623-4d7e-b523-276232ecb843,Rhinella marina,0.97,AWC 135,Blank,blank,rhinella marina
b8b7ec52-f7bb-47fa-8a70-8d463c03a5c3,sequenceID:adf4f84f-196d-48ab-8f5f-a44bf22889f1,adf4f84f-196d-48ab-8f5f-a44bf22889f1,adf4f84f-196d-48ab-8f5f-a44bf22889f1,c1e11e45-d623-4d7e-b523-276232ecb843,Amphibolurus muricatus,0.52,AWC 135,Blank,blank,amphibolurus muricatus
6837240b-a9e1-4ab9-8a74-5252a9e4750b,sequenceID:92feeb46-ded1-41ff-85ac-fdf5061b90cb,92feeb46-ded1-41ff-85ac-fdf5061b90cb,92feeb46-ded1-41ff-85ac-fdf5061b90cb,c1e11e45-d623-4d7e-b523-276232ecb843,Bos taurus,0.58,AWC 135,Blank,blank,bos taurus
ec7f8094-bdd1-48fa-bfcb-3b824bed4f98,sequenceID:bf98b401-9cdc-478f-92b4-6fa9a2226d6f,bf98b401-9cdc-478f-92b4-6fa9a2226d6f,bf98b401-9cdc-478f-92b4-6fa9a2226d6f,c1e11e45-d623-4d7e-b523-276232ecb843,Amphibolurus muricatus,0.98,AWC 135,Blank,blank,amphibolurus muricatus
c1ea0349-64a8-437b-b82c-a6e60679f177,sequenceID:d5908a9c-6da8-4b0c-b721-72ee741e8015,d5908a9c-6da8-4b0c-b721-72ee741e8015,d5908a9c-6da8-4b0c-b721-72ee741e8015,c1e11e45-d623-4d7e-b523-276232ecb843,Bos taurus,0.77,AWC 135,Blank,blank,bos taurus
1386c812-c8bd-40b5-a4e5-808ba065e928,sequenceID:46f92b93-3cb9-4fa7-b522-87fd6e155f33,46f92b93-3cb9-4fa7-b522-87fd6e155f33,46f92b93-3cb9-4fa7-b522-87fd6e155f33,c1e11e45-d623-4d7e-b523-276232ecb843,,0.0,,Blank,blank,nan
6ad55a61-87c8-4f6f-a3b2-f7dfb152cbb1,sequenceID:c787a7e6-9a4a-425e-8e61-d3ba4dd9c7d2,c787a7e6-9a4a-425e-8e61-d3ba4dd9c7d2,c787a7e6-9a4a-425e-8e61-d3ba4dd9c7d2,c1e11e45-d623-4d7e-b523-276232ecb843,Capra hircus,0.85,AWC 135,Blank,blank,capra hircus
d27f7338-a7c9-4f07-8e45-0eae7b8c630a,sequenceID:25f21922-952e-4447-85c2-67f2d74f6c51,25f21922-952e-4447-85c2-67f2d74f6c51,25f21922-952e-4447-85c2-67f2d74f6c51,c1e11e45-d623-4d7e-b523-276232ecb843,Amphibolurus muricatus,0.99,AWC 135,Blank,blank,amphibolurus muricatus
cf79304a-daa5-483b-ab68-c249314bda68,sequenceID:184901e7-bb80-40b7-b1e7-b012f62f67e2,184901e7-bb80-40b7-b1e7-b012f62f67e2,184901e7-bb80-40b7-b1e7-b012f62f67e2,c1e11e45-d623-4d7e-b523-276232ecb843,Amphibolurus muricatus,0.99,AWC 135,Blank,blank,amphibolurus muricatus
f95133f0-848d-40e0-9e0e-065e56dbd88a,sequenceID:d4286f9b-1cc5-4c41-84e0-758e93bd3c33,d4286f9b-1cc5-4c41-84e0-758e93bd3c33,d4286f9b-1cc5-4c41-84e0-758e93bd3c33,c1e11e45-d623-4d7e-b523-276232ecb843,Capra hircus,0.65,AWC 135,Blank,blank,capra hircus
d678d3d0-a3f1-49ee-bca1-38878b40b7ed,sequenceID:6224408c-1298-43c0-b2ba-61350be3b63f,6224408c-1298-43c0-b2ba-61350be3b63f,6224408c-1298-43c0-b2ba-61350be3b63f,c1e11e45-d623-4d7e-b523-276232ecb843,,0.0,,Blank,blank,nan
ab5296ea-ef71-4399-8e3a-cfbd8aaa3c59,sequenceID:141ae117-ca4c-4433-a8ed-8dfb01910431,141ae117-ca4c-4433-a8ed-8dfb01910431,141ae117-ca4c-4433-a8ed-8dfb01910431,c1e11e45-d623-4d7e-b523-276232ecb843,,0.0,,Blank,blank,nan
f6e31034-59e4-48d7-97a7-bb9725a4cb2b,sequenceID:f4f58fc9-217e-4a92-be46-ce1eafb7c939,f4f58fc9-217e-4a92-be46-ce1eafb7c939,f4f58fc9-217e-4a92-be46-ce1eafb7c939,c1e11e45-d623-4d7e-b523-276232ecb843,,0.0,,Blank,blank,nan
070dfa27-62ff-4b88-9fa5-34130a087fc4,sequenceID:a004f4d2-b7e1-4c0f-b9f1-48417465381c,a004f4d2-b7e1-4c0f-b9f1-48417465381c,a004f4d2-b7e1-4c0f-b9f1-48417465381c,c1e11e45-d623-4d7e-b523-276232ecb843,,0.5,AWC 135,Blank,blank,nan
c51fed90-ed55-4b5c-b82a-08abdc4bed58,sequenceID:88b6a2d7-c2b0-4db4-b056-af4297ca1a17,88b6a2d7-c2b0-4db4-b056-af4297ca1a17,88b6a2d7-c2b0-4db4-b056-af4297ca1a17,c1e11e45-d623-4d7e-b523-276232ecb843,,0.0,,Blank,blank,nan
ceb10378-b2ad-4ace-a3a8-cab02b3f6643,sequenceID:179c5bbe-13e8-41a3-a2ef-154dfb0ebbfe,179c5bbe-13e8-41a3-a2ef-154dfb0ebbfe,179c5bbe-13e8-41a3-a2ef-154dfb0ebbfe,c1e11e45-d623-4d7e-b523-276232ecb843,,0.0,,Blank,blank,nan
6a63cd82-182e-44bb-ba12-91e776d911b4,sequenceID:92fdfab1-c315-46f4-ab80-59cfd9645ad6,92fdfab1-c315-46f4-ab80-59cfd9645ad6,92fdfab1-c315-46f4-ab80-59cfd9645ad6,c1e11e45-d623-4d7e-b523-276232ecb843,Amphibolurus muricatus,0.99,AWC 135,Blank,blank,amphibolurus muricatus
7e91f9b5-9c59-4318-bebb-a2d827962ca7,sequenceID:06bf0ae5-444f-430f-a4bc-aa080a3ea7b0,06bf0ae5-444f-430f-a4bc-aa080a3ea7b0,06bf0ae5-444f-430f-a4bc-aa080a3ea7b0,c1e11e45-d623-4d7e-b523-276232ecb843,Amphibolurus muricatus,0.66,AWC 135,Blank,blank,amphibolurus muricatus
e861805f-d017-4469-a7b8-97014ea4ca24,sequenceID:00bba61a-8e40-43c5-ba07-9193a3f84453,00bba61a-8e40-43c5-ba07-9193a3f84453,00bba61a-8e40-43c5-ba07-9193a3f84453,c1e11e45-d623-4d7e-b523-276232ecb843,Capra hircus,0.91,AWC 135,Blank,blank,capra hircus
777c01d9-ce9e-4c0c-a523-4d2a7aa5c4e1,sequenceID:23938905-9a7d-4c1a-aaea-5d6a69c2114f,23938905-9a7d-4c1a-aaea-5d6a69c2114f,23938905-9a7d-4c1a-aaea-5d6a69c2114f,c1e11e45-d623-4d7e-b523-276232ecb843,Amphibolurus muricatus,1.0,AWC 135,Blank,blank,amphibolurus muricatus
63a2c578-abf7-471b-bd48-d34318d29687,sequenceID:0759839c-efe5-41f9-ad45-996a5d4d3730,0759839c-efe5-41f9-ad45-996a5d4d3730,0759839c-efe5-41f9-ad45-996a5d4d3730,c1e11e45-d623-4d7e-b523-276232ecb843,,0.5,AWC 135,Blank,blank,nan
21205196-4bf4-4605-a8ec-a073ef30a0a2,sequenceID:26c09e6e-a003-419e-8adc-7b79273eb5e5,26c09e6e-a003-419e-8adc-7b79273eb5e5,26c09e6e-a003-419e-8adc-7b79273eb5e5,c1e11e45-d623-4d7e-b523-276232ecb843,Amphibolurus muricatus,0.63,AWC 135,Blank,blank,amphibolurus muricatus
c66d763f-56f1-44b8-a9a8-5b2cf7975e52,sequenceID:4c12f401-ce08-4f32-b25b-5f53c3541776,4c12f401-ce08-4f32-b25b-5f53c3541776,4c12f401-ce08-4f32-b25b-5f53c3541776,c1e11e45-d623-4d7e-b523-276232ecb843,,0.0,,Blank,blank,nan
b6292fb9-174c-4347-9226-fe4bd7583b72,sequenceID:b08dd798-9a34-4363-9593-ba952760077a,b08dd798-9a34-4363-9593-ba952760077a,b08dd798-9a34-4363-9593-ba952760077a,c1e11e45-d623-4d7e-b523-276232ecb843,Amphibolurus muricatus,0.96,AWC 135,Blank,blank,amphibolurus muricatus
3c3629ea-43fc-4322-8479-144f5aac986d,sequenceID:85d7a86d-93ea-47ab-85f1-3bc8255bbde1,85d7a86d-93ea-47ab-85f1-3bc8255bbde1,85d7a86d-93ea-47ab-85f1-3bc8255bbde1,c1e11e45-d623-4d7e-b523-276232ecb843,Pomatostomus superciliosus,0.5,AWC 135,Blank,blank,pomatostomus superciliosus
c14435a6-e859-4765-83ce-c38ac41d3225,sequenceID:5a02173c-4771-48e7-8e45-3d7d04a44b21,5a02173c-4771-48e7-8e45-3d7d04a44b21,5a02173c-4771-48e7-8e45-3d7d04a44b21,c1e11e45-d623-4d7e-b523-276232ecb843,Amphibolurus muricatus,0.77,AWC 135,Blank,blank,amphibolurus muricatus
eecfab18-cd4a-4e87-8783-3287f551cef4,sequenceID:60e82266-8f35-4804-8466-4d2e23e811a0,60e82266-8f35-4804-8466-4d2e23e811a0,60e82266-8f35-4804-8466-4d2e23e811a0,c1e11e45-d623-4d7e-b523-276232ecb843,Amphibolurus muricatus,0.92,AWC 135,Blank,blank,amphibolurus muricatus
26f44464-00a2-42bd-a14e-495d03246370,sequenceID:afb3aea4-b7ef-4eeb-a257-3448d0c1fcb6,afb3aea4-b7ef-4eeb-a257-3448d0c1fcb6,afb3aea4-b7ef-4eeb-a257-3448d0c1fcb6,c1e11e45-d623-4d7e-b523-276232ecb843,Macropus dorsalis,0.67,AWC 135,Blank,blank,macropus dorsalis
247a71d7-c761-4b6e-92d4-c4c9dda2274b,sequenceID:80c86121-3468-4995-a277-4838e3d8c8e3,80c86121-3468-4995-a277-4838e3d8c8e3,80c86121-3468-4995-a277-4838e3d8c8e3,c1e11e45-d623-4d7e-b523-276232ecb843,,0.0,,Blank,blank,nan
a2e0a889-0027-4371-b894-f26bd5041cda,sequenceID:53f20cf1-f5d1-4149-b0fe-11ac9bd82d77,53f20cf1-f5d1-4149-b0fe-11ac9bd82d77,53f20cf1-f5d1-4149-b0fe-11ac9bd82d77,c1e11e45-d623-4d7e-b523-276232ecb843,Bettongia lesueur,0.85,AWC 135,Blank,blank,bettongia lesueur
fef951a6-a545-4097-ae06-3b93707d47d4,sequenceID:92204f8f-59b9-4b75-bdc6-a40619555f2e,92204f8f-59b9-4b75-bdc6-a40619555f2e,92204f8f-59b9-4b75-bdc6-a40619555f2e,c1e11e45-d623-4d7e-b523-276232ecb843,,0.5,AWC 135,Blank,blank,nan
e06c0199-ea83-431b-8bfe-86d21a9d17dc,sequenceID:df12913d-09d9-4cd4-ac7a-e75b623a3ff2,df12913d-09d9-4cd4-ac7a-e75b623a3ff2,df12913d-09d9-4cd4-ac7a-e75b623a3ff2,c1e11e45-d623-4d7e-b523-276232ecb843,,0.5,AWC 135,Blank,blank,nan
a0b85ad5-6d94-4372-bcd8-bb6b48d21f49,sequenceID:fd3c3ad6-6ab8-4545-a8aa-af271bbae841,fd3c3ad6-6ab8-4545-a8aa-af271bbae841,fd3c3ad6-6ab8-4545-a8aa-af271bbae841,c1e11e45-d623-4d7e-b523-276232ecb843,Capra hircus,0.55,AWC 135,Blank,blank,capra hircus
4b601403-f4c6-4f96-9fd3-c40aae812603,sequenceID:55484b64-2ff2-4b54-82b1-903d0961ad18,55484b64-2ff2-4b54-82b1-903d0961ad18,55484b64-2ff2-4b54-82b1-903d0961ad18,c1e11e45-d623-4d7e-b523-276232ecb843,,0.5,AWC 135,Blank,blank,nan
01304f78-aeaf-4361-9dce-62c9d46f5797,sequenceID:9c6fcd3b-4e3d-409b-a348-b0b4286b8fb6,9c6fcd3b-4e3d-409b-a348-b0b4286b8fb6,9c6fcd3b-4e3d-409b-a348-b0b4286b8fb6,c1e11e45-d623-4d7e-b523-276232ecb843,,0.0,,Blank,blank,nan
9830c993-ac60-4209-b50b-e57e247213d3,sequenceID:e86e730f-b668-44fd-95bf-424c63123038,e86e730f-b668-44fd-95bf-424c63123038,e86e730f-b668-44fd-95bf-424c63123038,c1e11e45-d623-4d7e-b523-276232ecb843,,0.0,,Blank,blank,nan
c6c2faef-2a22-41c6-987d-3cf23b151f67,sequenceID:407dbf5a-74a5-47a7-9b44-153311ea853f,407dbf5a-74a5-47a7-9b44-153311ea853f,407dbf5a-74a5-47a7-9b44-153311ea853f,c1e11e45-d623-4d7e-b523-276232ecb843,Amphibolurus muricatus,0.76,AWC 135,Blank,blank,amphibolurus muricatus
9e8dcf12-b03f-49e4-a1a4-1f76aac01cec,sequenceID:fdfd8cc2-d1b8-4f3d-919d-2cc3908831c8,fdfd8cc2-d1b8-4f3d-919d-2cc3908831c8,fdfd8cc2-d1b8-4f3d-919d-2cc3908831c8,c1e11e45-d623-4d7e-b523-276232ecb843,Capra hircus,0.94,AWC 135,Blank,blank,capra hircus
4f0aceb6-75fb-47b3-9d2e-8566b4d509f6,sequenceID:15b68a67-5cad-46b0-a9de-5bd97bd42465,15b68a67-5cad-46b0-a9de-5bd97bd42465,15b68a67-5cad-46b0-a9de-5bd97bd42465,c1e11e45-d623-4d7e-b523-276232ecb843,,0.0,,Blank,blank,nan
478d127e-7082-48fa-998a-d5082de3d2d4,sequenceID:d4a97f98-de67-4fbb-8c20-9d94e82969a3,d4a97f98-de67-4fbb-8c20-9d94e82969a3,d4a97f98-de67-4fbb-8c20-9d94e82969a3,c1e11e45-d623-4d7e-b523-276232ecb843,Capra hircus,0.75,AWC 135,Blank,blank,capra hircus
72f77e51-c89c-4dc8-bc4d-e2c63a24bb11,sequenceID:b4e24c5f-7e07-4925-9413-b43e1c129b8d,b4e24c5f-7e07-4925-9413-b43e1c129b8d,b4e24c5f-7e07-4925-9413-b43e1c129b8d,c1e11e45-d623-4d7e-b523-276232ecb843,,0.0,,Blank,blank,nan
da9695dd-9927-4380-8355-9e247ae5819e,sequenceID:a98cfaf8-dbcf-482d-8526-e59ce1e332d5,a98cfaf8-dbcf-482d-8526-e59ce1e332d5,a98cfaf8-dbcf-482d-8526-e59ce1e332d5,c1e11e45-d623-4d7e-b523-276232ecb843,Amphibolurus muricatus,0.75,AWC 135,Blank,blank,amphibolurus muricatus
40d89948-6716-474b-a207-20b25259fdcf,sequenceID:94bb4457-5ec1-4b7c-891b-0d2d7ef8afc7,94bb4457-5ec1-4b7c-891b-0d2d7ef8afc7,94bb4457-5ec1-4b7c-891b-0d2d7ef8afc7,c1e11e45-d623-4d7e-b523-276232ecb843,Bos taurus,0.83,AWC 135,Blank,blank,bos taurus
c55e3549-4d7e-4feb-a15a-1a7c762d5233,sequenceID:7090f764-bfe7-49f2-823b-23c5beeaa636,7090f764-bfe7-49f2-823b-23c5beeaa636,7090f764-bfe7-49f2-823b-23c5beeaa636,c1e11e45-d623-4d7e-b523-276232ecb843,Bos taurus,0.52,AWC 135,Blank,blank,bos taurus
c9896254-0037-4d0f-8981-b8f5bbc67f62,sequenceID:3951c45d-05e8-4245-91aa-b1bc8a03915b,3951c45d-05e8-4245-91aa-b1bc8a03915b,3951c45d-05e8-4245-91aa-b1bc8a03915b,c1e11e45-d623-4d7e-b523-276232ecb843,Amphibolurus muricatus,0.92,AWC 135,Blank,blank,amphibolurus muricatus
80494e28-1889-41d6-b1c7-f04c17433c39,sequenceID:4f29e75e-748b-4553-b1fa-9d83518b6063,4f29e75e-748b-4553-b1fa-9d83518b6063,4f29e75e-748b-4553-b1fa-9d83518b6063,c1e11e45-d623-4d7e-b523-276232ecb843,,0.0,,Blank,blank,nan
70f1497d-0014-4b02-b5b5-5edfe0a01c8f,sequenceID:ca9d919b-2b12-4eb6-ac35-410d562f3099,ca9d919b-2b12-4eb6-ac35-410d562f3099,ca9d919b-2b12-4eb6-ac35-410d562f3099,c1e11e45-d623-4d7e-b523-276232ecb843,,0.0,,Blank,blank,nan
c6fc4e30-b3b7-4a23-8306-7191076f66a6,sequenceID:a8f5e1bf-0803-497a-a74c-ed2c4aeaac70,a8f5e1bf-0803-497a-a74c-ed2c4aeaac70,a8f5e1bf-0803-497a-a74c-ed2c4aeaac70,c1e11e45-d623-4d7e-b523-276232ecb843,Bos taurus,0.96,AWC 135,Blank,blank,bos taurus
625e8e91-ad58-4cb0-abdd-15b1503f1505,sequenceID:59ce915a-8eb8-4632-8758-0844df626d98,59ce915a-8eb8-4632-8758-0844df626d98,59ce915a-8eb8-4632-8758-0844df626d98,c1e11e45-d623-4d7e-b523-276232ecb843,Capra hircus,0.69,AWC 135,Blank,blank,capra hircus
99490d56-4b27-44b1-8706-854418d7d23d,sequenceID:fe0fe1e3-89dd-48ac-bb82-59f8d74581b3,fe0fe1e3-89dd-48ac-bb82-59f8d74581b3,fe0fe1e3-89dd-48ac-bb82-59f8d74581b3,c1e11e45-d623-4d7e-b523-276232ecb843,Bos taurus,0.9,AWC 135,Blank,blank,bos taurus
d7d43e65-6d4d-42c0-86fe-5397887282fb,sequenceID:40968d42-4f3d-4276-9495-c323f6262dab,40968d42-4f3d-4276-9495-c323f6262dab,40968d42-4f3d-4276-9495-c323f6262dab,c1e11e45-d623-4d7e-b523-276232ecb843,,0.0,,Blank,blank,nan
f3bf29ae-ccb3-4c58-b9a7-75c7aa07d1d1,sequenceID:80786aeb-05b9-41fb-9730-46712b109855,80786aeb-05b9-41fb-9730-46712b109855,80786aeb-05b9-41fb-9730-46712b109855,c1e11e45-d623-4d7e-b523-276232ecb843,,0.5,AWC 135,Blank,blank,nan
340ee4f1-a862-4dae-a7fb-f7640ebb37df,sequenceID:74970cd7-0d6c-4aba-a458-6eae119d00d3,74970cd7-0d6c-4aba-a458-6eae119d00d3,74970cd7-0d6c-4aba-a458-6eae119d00d3,c1e11e45-d623-4d7e-b523-276232ecb843,Amphibolurus muricatus,0.98,AWC 135,Blank,blank,amphibolurus muricatus
a4f7fed8-6a01-49db-9671-c2570db9788a,sequenceID:7c59194c-3a2d-42e3-8935-c13e68acd955,7c59194c-3a2d-42e3-8935-c13e68acd955,7c59194c-3a2d-42e3-8935-c13e68acd955,c1e11e45-d623-4d7e-b523-276232ecb843,,0.5,AWC 135,Blank,blank,nan
3206b89e-f4a3-4e0b-8284-7f1bc5036eae,sequenceID:a47548da-8c4e-4654-9b54-a81f5eef45cf,a47548da-8c4e-4654-9b54-a81f5eef45cf,a47548da-8c4e-4654-9b54-a81f5eef45cf,c1e11e45-d623-4d7e-b523-276232ecb843,Amphibolurus muricatus,0.93,AWC 135,Blank,blank,amphibolurus muricatus
eae5ffd6-ca72-4135-b263-992995295113,sequenceID:06cf5647-70f9-49e0-9894-97f9640329e5,06cf5647-70f9-49e0-9894-97f9640329e5,06cf5647-70f9-49e0-9894-97f9640329e5,c1e11e45-d623-4d7e-b523-276232ecb843,Amphibolurus muricatus,0.66,AWC 135,Blank,blank,amphibolurus muricatus
edf06877-43ac-4d0a-be99-6c2ee802c1ed,sequenceID:a5996d4f-aff1-4bcf-b58f-e92f669702ee,a5996d4f-aff1-4bcf-b58f-e92f669702ee,a5996d4f-aff1-4bcf-b58f-e92f669702ee,c1e11e45-d623-4d7e-b523-276232ecb843,Amphibolurus muricatus,0.97,AWC 135,Blank,blank,amphibolurus muricatus
4dbd2a90-2a65-4d97-928d-8d92e0ff5284,sequenceID:5cbbe4db-c262-461e-890c-3a4e17275a10,5cbbe4db-c262-461e-890c-3a4e17275a10,5cbbe4db-c262-461e-890c-3a4e17275a10,c1e11e45-d623-4d7e-b523-276232ecb843,Amphibolurus muricatus,0.87,AWC 135,Blank,blank,amphibolurus muricatus
2ef3aa78-a900-45ad-81c8-65490438b3d8,sequenceID:67aee36d-f37f-44bb-8a50-15016fdf0bf3,67aee36d-f37f-44bb-8a50-15016fdf0bf3,67aee36d-f37f-44bb-8a50-15016fdf0bf3,c1e11e45-d623-4d7e-b523-276232ecb843,Amphibolurus muricatus,0.94,AWC 135,Blank,blank,amphibolurus muricatus
9486707e-25a9-4afe-bb7d-6a2222d4487c,sequenceID:9e8f8512-b1f3-4073-a72c-14e3571e427a,9e8f8512-b1f3-4073-a72c-14e3571e427a,9e8f8512-b1f3-4073-a72c-14e3571e427a,c1e11e45-d623-4d7e-b523-276232ecb843,Amphibolurus muricatus,0.97,AWC 135,Blank,blank,amphibolurus muricatus
8dac2ab1-ddb8-4d44-a51c-e6fe7cdb9f00,sequenceID:3dc6e46b-7067-406b-9a8e-a0025040d6af,3dc6e46b-7067-406b-9a8e-a0025040d6af,3dc6e46b-7067-406b-9a8e-a0025040d6af,c1e11e45-d623-4d7e-b523-276232ecb843,Amphibolurus muricatus,0.98,AWC 135,Blank,blank,amphibolurus muricatus
1b35e924-5fc3-448e-9838-f5558a2e56fd,sequenceID:290d16d4-8130-432b-bdde-bc30d72749e0,290d16d4-8130-432b-bdde-bc30d72749e0,290d16d4-8130-432b-bdde-bc30d72749e0,c1e11e45-d623-4d7e-b523-276232ecb843,,0.5,AWC 135,Blank,blank,nan
2cd44166-b47f-4041-9d07-11a611379617,sequenceID:9558ff28-a81f-44ab-bfcb-e1943b9897c9,9558ff28-a81f-44ab-bfcb-e1943b9897c9,9558ff28-a81f-44ab-bfcb-e1943b9897c9,c1e11e45-d623-4d7e-b523-276232ecb843,,0.5,AWC 135,Blank,blank,nan
ace175a0-60e3-4d56-8ffe-503eba194250,sequenceID:54809300-860c-4e63-b1b0-45d88532d872,54809300-860c-4e63-b1b0-45d88532d872,54809300-860c-4e63-b1b0-45d88532d872,c1e11e45-d623-4d7e-b523-276232ecb843,,0.5,AWC 135,Blank,blank,nan
0c39b988-9806-4fcc-b941-052323c8236a,sequenceID:bb5542c1-5c9d-4ae6-b0c8-26b8949b12e8,bb5542c1-5c9d-4ae6-b0c8-26b8949b12e8,bb5542c1-5c9d-4ae6-b0c8-26b8949b12e8,c1e11e45-d623-4d7e-b523-276232ecb843,Capra hircus,0.58,AWC 135,Blank,blank,capra hircus
a639310f-a4e3-4f92-ad4a-a54b4deefe4a,sequenceID:e9753400-740a-4564-8f7e-c039b56a671c,e9753400-740a-4564-8f7e-c039b56a671c,e9753400-740a-4564-8f7e-c039b56a671c,c1e11e45-d623-4d7e-b523-276232ecb843,,0.5,AWC 135,Blank,blank,nan
a904928d-18d7-4e31-adcd-58409b74d2a6,sequenceID:6af9043b-3fb5-403e-8367-b57959dc5511,6af9043b-3fb5-403e-8367-b57959dc5511,6af9043b-3fb5-403e-8367-b57959dc5511,c1e11e45-d623-4d7e-b523-276232ecb843,Amphibolurus muricatus,0.99,AWC 135,Blank,blank,amphibolurus muricatus
3a238f6a-8e62-4826-a23c-0f5c76cbd6ce,sequenceID:19eb2b7f-e043-4569-9d2b-4b4b64f9af1f,19eb2b7f-e043-4569-9d2b-4b4b64f9af1f,19eb2b7f-e043-4569-9d2b-4b4b64f9af1f,c1e11e45-d623-4d7e-b523-276232ecb843,Capra hircus,0.7,AWC 135,Blank,blank,capra hircus
737d86aa-2983-43e0-9d31-d1dbd2d92156,sequenceID:2b19f999-e93e-47c1-874e-f1645124edae,2b19f999-e93e-47c1-874e-f1645124edae,2b19f999-e93e-47c1-874e-f1645124edae,c1e11e45-d623-4d7e-b523-276232ecb843,,0.0,,Blank,blank,nan
cce24b9c-2fea-4f8d-9c6d-a6c6a0c33827,sequenceID:91bd1c0b-54e7-4d6c-932e-f5dfea419062,91bd1c0b-54e7-4d6c-932e-f5dfea419062,91bd1c0b-54e7-4d6c-932e-f5dfea419062,c1e11e45-d623-4d7e-b523-276232ecb843,Homo sapiens,0.75,AWC 135,Blank,blank,homo sapiens
b8b636e3-0b86-436d-914d-017a8caf3b14,sequenceID:920d6902-e3c8-431e-8b98-0873ca213280,920d6902-e3c8-431e-8b98-0873ca213280,920d6902-e3c8-431e-8b98-0873ca213280,c1e11e45-d623-4d7e-b523-276232ecb843,,0.0,,Blank,blank,nan
5ab42b59-db8b-440d-a1a7-72b89767ebdb,sequenceID:0af96e19-06c9-4d21-ac76-f6f9f2961550,0af96e19-06c9-4d21-ac76-f6f9f2961550,0af96e19-06c9-4d21-ac76-f6f9f2961550,c1e11e45-d623-4d7e-b523-276232ecb843,Amphibolurus muricatus,0.74,AWC 135,Blank,blank,amphibolurus muricatus
882b6424-32e4-43c7-bbd9-4e512ea37792,sequenceID:d670b985-a66f-4494-9ab7-f34373e3eef9,d670b985-a66f-4494-9ab7-f34373e3eef9,d670b985-a66f-4494-9ab7-f34373e3eef9,c1e11e45-d623-4d7e-b523-276232ecb843,,0.0,,Blank,blank,nan
32c799f9-c5d8-4fbf-9e58-3b66bf101131,sequenceID:7db76b99-53a2-4bb9-bcbb-570a658a0245,7db76b99-53a2-4bb9-bcbb-570a658a0245,7db76b99-53a2-4bb9-bcbb-570a658a0245,c1e11e45-d623-4d7e-b523-276232ecb843,Amphibolurus muricatus,0.96,AWC 135,Blank,blank,amphibolurus muricatus
7c81741c-6632-4905-86eb-2473f8def33c,sequenceID:56aee5f8-4a7a-4598-a773-ab6197380bad,56aee5f8-4a7a-4598-a773-ab6197380bad,56aee5f8-4a7a-4598-a773-ab6197380bad,c1e11e45-d623-4d7e-b523-276232ecb843,Capra hircus,0.72,AWC 135,Blank,blank,capra hircus
f6a69ff6-8d8a-4ca9-a154-32d4ea3ee353,sequenceID:b6545eb2-6e25-4ed8-9804-e464c59f08e4,b6545eb2-6e25-4ed8-9804-e464c59f08e4,b6545eb2-6e25-4ed8-9804-e464c59f08e4,c1e11e45-d623-4d7e-b523-276232ecb843,Amphibolurus muricatus,0.89,AWC 135,Blank,blank,amphibolurus muricatus
6ddbddd1-b026-4785-a233-9412f5bbb0a6,sequenceID:a3e624e0-8d62-4cfc-8e74-dcdacc8bc459,a3e624e0-8d62-4cfc-8e74-dcdacc8bc459,a3e624e0-8d62-4cfc-8e74-dcdacc8bc459,c1e11e45-d623-4d7e-b523-276232ecb843,Amphibolurus muricatus,0.96,AWC 135,Blank,blank,amphibolurus muricatus
0548ce89-9733-4b73-b43c-9302edbf285c,sequenceID:1276b372-9259-4bdf-aa3a-7f5acc71b3d0,1276b372-9259-4bdf-aa3a-7f5acc71b3d0,1276b372-9259-4bdf-aa3a-7f5acc71b3d0,c1e11e45-d623-4d7e-b523-276232ecb843,,0.5,AWC 135,Blank,blank,nan
eaac0c9c-9e65-4030-ab22-747f50483461,sequenceID:896ca28d-7dc1-47a8-b64f-de87dd941e4b,896ca28d-7dc1-47a8-b64f-de87dd941e4b,896ca28d-7dc1-47a8-b64f-de87dd941e4b,c1e11e45-d623-4d7e-b523-276232ecb843,,0.5,AWC 135,Blank,blank,nan
eb7717d9-2ff0-45b6-bb21-76c0d3b81c52,sequenceID:0e140c9f-04f2-42c7-a9b7-8f580d98e2df,0e140c9f-04f2-42c7-a9b7-8f580d98e2df,0e140c9f-04f2-42c7-a9b7-8f580d98e2df,c1e11e45-d623-4d7e-b523-276232ecb843,,0.5,AWC 135,Blank,blank,nan
a2ca6b68-58a0-4b24-8944-8f4ec5ac5052,sequenceID:6fa5fd92-bb7b-4133-b673-82695574e9bf,6fa5fd92-bb7b-4133-b673-82695574e9bf,6fa5fd92-bb7b-4133-b673-82695574e9bf,c1e11e45-d623-4d7e-b523-276232ecb843,,0.0,,Blank,blank,nan
00abf482-ef91-41ca-9f73-1d8ee3260ebf,sequenceID:c6df789e-c530-473c-9560-0bbca10c22ed,c6df789e-c530-473c-9560-0bbca10c22ed,c6df789e-c530-473c-9560-0bbca10c22ed,c1e11e45-d623-4d7e-b523-276232ecb843,Corcorax melanorhamphos,0.83,AWC 135,Blank,blank,corcorax melanorhamphos
a273e0e4-b3b4-4179-a9a8-4cb1a1c55369,sequenceID:ee310a84-154f-4988-b2e4-298c61fb3d7b,ee310a84-154f-4988-b2e4-298c61fb3d7b,ee310a84-154f-4988-b2e4-298c61fb3d7b,c1e11e45-d623-4d7e-b523-276232ecb843,Capra hircus,0.8,AWC 135,Blank,blank,capra hircus
3bcc8ad5-f243-407c-bc75-4c8db1008744,sequenceID:e4c0c61f-384a-4453-9616-f38408d3811c,e4c0c61f-384a-4453-9616-f38408d3811c,e4c0c61f-384a-4453-9616-f38408d3811c,c1e11e45-d623-4d7e-b523-276232ecb843,Amphibolurus muricatus,0.93,AWC 135,Blank,blank,amphibolurus muricatus
73908fc3-7460-4295-be1a-78fbf44d8aed,sequenceID:34a0805c-d527-40da-938b-c6309dcd20ec,34a0805c-d527-40da-938b-c6309dcd20ec,34a0805c-d527-40da-938b-c6309dcd20ec,c1e11e45-d623-4d7e-b523-276232ecb843,Amphibolurus muricatus,0.99,AWC 135,Blank,blank,amphibolurus muricatus
e1266a46-6756-4264-a7fc-12c68e2aefa6,sequenceID:4896d1c3-2646-40fd-aaad-d2fe366df217,4896d1c3-2646-40fd-aaad-d2fe366df217,4896d1c3-2646-40fd-aaad-d2fe366df217,c1e11e45-d623-4d7e-b523-276232ecb843,,0.0,,Blank,blank,nan
b42054a0-5a7e-4646-a606-eaecb1dec015,sequenceID:97f444ff-33e5-4ad3-9ea2-ac59ae6c1087,97f444ff-33e5-4ad3-9ea2-ac59ae6c1087,97f444ff-33e5-4ad3-9ea2-ac59ae6c1087,c1e11e45-d623-4d7e-b523-276232ecb843,Amphibolurus muricatus,0.98,AWC 135,Blank,blank,amphibolurus muricatus
c61e8a98-29aa-4b58-ae61-0e8062fbc6bc,sequenceID:b6eece65-40e1-4c61-b600-ae820931cb99,b6eece65-40e1-4c61-b600-ae820931cb99,b6eece65-40e1-4c61-b600-ae820931cb99,c1e11e45-d623-4d7e-b523-276232ecb843,Aves,0.5,AWC 135,Blank,blank,aves
414e62c1-0896-4781-ae0a-114059d1fb14,sequenceID:72116ad3-7cc5-4dff-88f0-2f72a95b29c8,72116ad3-7cc5-4dff-88f0-2f72a95b29c8,72116ad3-7cc5-4dff-88f0-2f72a95b29c8,c1e11e45-d623-4d7e-b523-276232ecb843,,0.5,AWC 135,Blank,blank,nan
2c823c84-4880-44eb-9a31-17e9fda8290b,sequenceID:c0dbb1ae-f755-47bf-b2d5-927dce3942c9,c0dbb1ae-f755-47bf-b2d5-927dce3942c9,c0dbb1ae-f755-47bf-b2d5-927dce3942c9,c1e11e45-d623-4d7e-b523-276232ecb843,Equus,0.74,AWC 135,Blank,blank,equus
e38ff0f4-da65-4d88-aa05-aec99f035284,sequenceID:c6b50f91-bc7a-4614-a485-440eec6cccb3,c6b50f91-bc7a-4614-a485-440eec6cccb3,c6b50f91-bc7a-4614-a485-440eec6cccb3,c1e11e45-d623-4d7e-b523-276232ecb843,varanus gouldii,0.99,AWC 135,Blank,blank,varanus gouldii
3a8282c7-0d52-42d1-bdf1-84c0af65a5bb,sequenceID:c72fd124-6292-400e-a2a0-a43f51507a9c,c72fd124-6292-400e-a2a0-a43f51507a9c,c72fd124-6292-400e-a2a0-a43f51507a9c,c1e11e45-d623-4d7e-b523-276232ecb843,,0.5,AWC 135,Blank,blank,nan
91cede05-494e-4e1e-ad2d-84b53d9f4bae,sequenceID:97c4d62b-0e49-4c4a-ac38-c3dcc9ff0e77,97c4d62b-0e49-4c4a-ac38-c3dcc9ff0e77,97c4d62b-0e49-4c4a-ac38-c3dcc9ff0e77,c1e11e45-d623-4d7e-b523-276232ecb843,Amphibolurus muricatus,0.96,AWC 135,Blank,blank,amphibolurus muricatus
dc6144bb-6969-446f-ba65-db8b408c00ae,sequenceID:2a0e83f0-a93e-4d02-8f66-612ed578ba09,2a0e83f0-a93e-4d02-8f66-612ed578ba09,2a0e83f0-a93e-4d02-8f66-612ed578ba09,c1e11e45-d623-4d7e-b523-276232ecb843,,0.5,AWC 135,Blank,blank,nan
fa9797ba-3b20-434c-bb2d-91779470b719,sequenceID:2df104e6-a0c3-4498-9c03-b793d5165923,2df104e6-a0c3-4498-9c03-b793d5165923,2df104e6-a0c3-4498-9c03-b793d5165923,c1e11e45-d623-4d7e-b523-276232ecb843,,0.5,AWC 135,Blank,blank,nan
a714d34b-e20e-4d03-a93f-f475650cb6ef,sequenceID:a1dd3c3c-8bd9-4fe8-ab88-8b2e5f42f152,a1dd3c3c-8bd9-4fe8-ab88-8b2e5f42f152,a1dd3c3c-8bd9-4fe8-ab88-8b2e5f42f152,c1e11e45-d623-4d7e-b523-276232ecb843,,0.5,AWC 135,Blank,blank,nan
ebcd3e0d-e605-4314-96e6-704a267cd62f,sequenceID:625cb56a-8df5-4ce6-94e0-96e3d6ce0590,625cb56a-8df5-4ce6-94e0-96e3d6ce0590,625cb56a-8df5-4ce6-94e0-96e3d6ce0590,c1e11e45-d623-4d7e-b523-276232ecb843,Amphibolurus muricatus,0.9,AWC 135,Blank,blank,amphibolurus muricatus
402eed05-9219-4f6d-b2ba-5ce55fd3c251,sequenceID:df9204a4-7a46-4f18-accd-d17fdd9b986d,df9204a4-7a46-4f18-accd-d17fdd9b986d,df9204a4-7a46-4f18-accd-d17fdd9b986d,c1e11e45-d623-4d7e-b523-276232ecb843,,0.5,AWC 135,Blank,blank,nan
4ff27e46-6679-4092-b2c0-f5302384efae,sequenceID:610b7e67-b515-467d-a1c0-f9d1d2b3926b,610b7e67-b515-467d-a1c0-f9d1d2b3926b,610b7e67-b515-467d-a1c0-f9d1d2b3926b,c1e11e45-d623-4d7e-b523-276232ecb843,,0.5,AWC 135,Blank,blank,nan
6742d5c6-5fc4-40f4-ad27-42951371265b,sequenceID:b539f9e3-a717-4f88-adb1-1aae20fd62eb,b539f9e3-a717-4f88-adb1-1aae20fd62eb,b539f9e3-a717-4f88-adb1-1aae20fd62eb,c1e11e45-d623-4d7e-b523-276232ecb843,,0.5,AWC 135,Blank,blank,nan
6552715c-fc1b-4087-a357-c038206227d3,sequenceID:e795b658-7315-4c25-ba25-0aca3902a06b,e795b658-7315-4c25-ba25-0aca3902a06b,e795b658-7315-4c25-ba25-0aca3902a06b,c1e11e45-d623-4d7e-b523-276232ecb843,,0.5,AWC 135,Blank,blank,nan
99003f8c-1d7f-469b-973e-65cc4db3d57b,sequenceID:6e833ba9-edf3-4e4f-a8d5-84622363c2e1,6e833ba9-edf3-4e4f-a8d5-84622363c2e1,6e833ba9-edf3-4e4f-a8d5-84622363c2e1,c1e11e45-d623-4d7e-b523-276232ecb843,,0.0,,Blank,blank,nan
272b8176-a6fb-4028-85e1-79acce3519ae,sequenceID:1e5bd6af-37e1-4c1d-bfee-a95cea98537d,1e5bd6af-37e1-4c1d-bfee-a95cea98537d,1e5bd6af-37e1-4c1d-bfee-a95cea98537d,c1e11e45-d623-4d7e-b523-276232ecb843,,0.5,AWC 135,Blank,blank,nan
fadea789-c6d1-44ea-aff5-46573c490561,sequenceID:5491aa7a-c8ae-47de-b97c-2b7574a1abfa,5491aa7a-c8ae-47de-b97c-2b7574a1abfa,5491aa7a-c8ae-47de-b97c-2b7574a1abfa,c1e11e45-d623-4d7e-b523-276232ecb843,,0.5,AWC 135,Blank,blank,nan
ce652a61-cc11-4e97-a256-b0c1849f9e15,sequenceID:0cf02214-fb04-4a6f-9e41-478ae3cfb28d,0cf02214-fb04-4a6f-9e41-478ae3cfb28d,0cf02214-fb04-4a6f-9e41-478ae3cfb28d,c1e11e45-d623-4d7e-b523-276232ecb843,,0.5,AWC 135,Blank,blank,nan
794ea27f-89ea-4d0d-a5da-b256c5dd2dbd,sequenceID:ac9b4455-6748-4ada-ac9a-a470d4ad997c,ac9b4455-6748-4ada-ac9a-a470d4ad997c,ac9b4455-6748-4ada-ac9a-a470d4ad997c,c1e11e45-d623-4d7e-b523-276232ecb843,,0.5,AWC 135,Blank,blank,nan
26051b11-d343-46d0-9a97-b888db74e2ab,sequenceID:8641493f-9a3e-4a0a-ab49-14a29cf66c76,8641493f-9a3e-4a0a-ab49-14a29cf66c76,8641493f-9a3e-4a0a-ab49-14a29cf66c76,c1e11e45-d623-4d7e-b523-276232ecb843,,0.5,AWC 135,Blank,blank,nan
da8d0c8b-0555-4cdc-9a69-fa8527e257ce,sequenceID:23f06220-66b8-4d2d-a6e4-c6bfe18986bc,23f06220-66b8-4d2d-a6e4-c6bfe18986bc,23f06220-66b8-4d2d-a6e4-c6bfe18986bc,c1e11e45-d623-4d7e-b523-276232ecb843,,0.5,AWC 135,Blank,blank,nan
a37cea1b-9284-413b-a27f-8520bd2615c4,sequenceID:0cea3bdb-b572-42c7-801c-4e023a9e6c7e,0cea3bdb-b572-42c7-801c-4e023a9e6c7e,0cea3bdb-b572-42c7-801c-4e023a9e6c7e,c1e11e45-d623-4d7e-b523-276232ecb843,,0.5,AWC 135,Blank,blank,nan
8679f2ed-fa53-4fac-8380-5ad6ca65c736,sequenceID:586ea7e0-3f26-431a-a233-f669a5daf328,586ea7e0-3f26-431a-a233-f669a5daf328,586ea7e0-3f26-431a-a233-f669a5daf328,c1e11e45-d623-4d7e-b523-276232ecb843,Amphibolurus muricatus,0.6,AWC 135,Blank,blank,amphibolurus muricatus
